time,magnitude,latitude,longitude,depth,event_id
2000-01-01 03:58:39.500000+00:00,3.04,34.801,-116.287,5.414,ci9132027
2000-01-01 06:08:31.150000+00:00,2.64,34.3716667,-116.1373333,2.946,ci9132039
2000-01-02 17:58:32.820000+00:00,3.14,34.309,-116.072,0.801,ci9132273
2000-01-03 00:40:56.990000+00:00,2.55,32.433,-115.331,5.998,ci9132305
2000-01-03 03:07:57.530000+00:00,2.81,34.379,-116.459,4.36,ci9132315
2000-01-03 03:48:18.910000+00:00,2.95,34.5348333,-116.0431667,2.03,ci9132330
2000-01-03 21:13:46.090000+00:00,2.54,34.6468333,-116.3223333,4.244,ci9132411
2000-01-03 21:35:06.870000+00:00,2.6,34.376,-116.446,1.37,ci9132417
2000-01-03 21:59:31.780000+00:00,3.49,34.101,-117.008,2.269,ci9132433
2000-01-05 11:46:01.120000+00:00,2.62,34.686,-116.293,0.004,ci9132632
2000-01-05 16:31:28.830000+00:00,2.81,34.5266667,-116.2763333,4.72,ci9132646
2000-01-06 10:32:02.770000+00:00,2.56,34.7,-116.3,3.689,ci9132770
2000-01-06 19:29:19.940000+00:00,2.79,34.5913333,-116.2673333,-0.9,ci9132804
2000-01-07 15:58:06.520000+00:00,2.6,36.985,-117.45,3.5,ci9132938
2000-01-07 17:51:13.620000+00:00,2.62,34.6503333,-116.291,3.094,ci9132971
2000-01-08 01:00:48.470000+00:00,2.8,36.0633333,-114.9533333,4.74,ci9133024
2000-01-08 08:23:40.690000+00:00,2.59,34.679,-116.334,1.624,ci9133087
2000-01-08 14:31:38.530000+00:00,2.74,34.8473333,-116.3591667,3.544,ci9133117
2000-01-08 20:36:01.080000+00:00,2.9,34.706,-116.366,0.604,ci9133177
2000-01-09 02:50:26.410000+00:00,2.52,34.6106667,-116.2315,-0.78,ci9133222
2000-01-09 05:09:55.810000+00:00,2.9,34.676,-116.346,1.924,ci9133240
2000-01-10 01:36:43.610000+00:00,2.7,34.667,-116.353,1.184,ci9133367
2000-01-10 15:06:52.930000+00:00,2.6,33.085,-117.977,5.529,ci9133463
2000-01-10 20:55:51.360000+00:00,2.95,34.8003333,-116.3701667,1.114,ci9133539
2000-01-10 23:31:37.110000+00:00,2.88,34.797,-116.262,2.229,ci9133573
2000-01-11 11:45:19.810000+00:00,2.71,36.0676667,-117.6495,0.897,ci7172377
2000-01-12 17:13:17.400000+00:00,3.13,34.665,-116.334,5.039,ci7172582
2000-01-13 08:15:03.574000+00:00,2.7,36.7323,-116.296,9.0,nn00000822
2000-01-13 10:07:14.840000+00:00,3.24,34.59,-116.273,0.249,ci9133957
2000-01-13 11:04:57.840000+00:00,3.4,34.43,-116.194,1.686,ci9133968
2000-01-13 11:18:03.400000+00:00,2.57,34.36,-116.135,5.094,ci9133954
2000-01-14 08:32:33.260000+00:00,2.67,32.092,-114.952,5.963,ci9134117
2000-01-14 11:04:37.400000+00:00,2.89,32.156,-116.525,5.595,ci9134151
2000-01-15 17:16:54.650000+00:00,3.06,34.669,-116.337,1.394,ci9134378
2000-01-16 06:59:42.670000+00:00,2.52,34.438,-116.258,2.821,ci9134469
2000-01-16 18:14:35.360000+00:00,2.69,34.4388333,-116.26,2.431,ci9134625
2000-01-16 18:31:12.840000+00:00,2.55,36.0653333,-120.107,8.617,nc21077966
2000-01-17 08:10:12.670000+00:00,2.52,32.48,-115.451,5.984,ci9134713
2000-01-17 11:23:36.130000+00:00,2.64,32.48,-115.451,5.977,ci9134750
2000-01-17 18:47:51.010000+00:00,2.9,36.2805,-120.4573333,8.917,nc21078100
2000-01-17 23:14:55.030000+00:00,2.6,33.286,-118.7038333,9.563,ci9134893
2000-01-19 16:16:10.360000+00:00,2.51,32.007,-115.746,5.726,ci9135140
2000-01-19 19:51:04.120000+00:00,2.79,34.69,-116.2988333,0.364,ci9135165
2000-01-20 08:03:39.530000+00:00,3.35,34.295,-116.765,1.478,ci9135287
2000-01-20 11:28:52.900000+00:00,2.68,34.361,-116.465,1.69,ci9135305
2000-01-20 13:45:48.640000+00:00,2.7,34.538,-116.304,-0.352,ci9135300
2000-01-21 04:40:01.050000+00:00,3.39,36.9701653,-118.5530014,-2.12,ci9529537
2000-01-21 13:56:12.450000+00:00,2.94,34.852,-116.388,5.604,ci9135512
2000-01-21 14:01:44.450000+00:00,2.87,32.585,-118.207,5.629,ci9135516
2000-01-21 17:08:00.430000+00:00,2.96,34.573,-116.264,-0.47,ci9135548
2000-01-22 07:04:41.100000+00:00,2.67,32.615,-118.175,5.629,ci9135706
2000-01-22 23:10:33.570000+00:00,2.93,34.326,-116.767,0.328,ci9135798
2000-01-23 04:28:49.430000+00:00,2.64,34.249,-116.439,4.218,ci9135851
2000-01-23 04:41:23.880000+00:00,2.64,34.322,-116.768,-1.092,ci9135843
2000-01-23 05:38:15.940000+00:00,2.97,34.25,-116.439,5.038,ci9135862
2000-01-23 06:00:02.720000+00:00,3.42,34.851,-116.323,4.124,ci9135869
2000-01-23 12:34:23.590000+00:00,3.15,32.571,-118.204,5.629,ci9135899
2000-01-24 02:59:54.610000+00:00,2.75,34.296,-116.075,-0.749,ci9136027
2000-01-24 03:47:19.920000+00:00,2.84,34.853,-116.433,0.634,ci9136037
2000-01-24 19:56:12.620000+00:00,3.33,35.75,-118.01,8.042,ci9136138
2000-01-25 16:43:37.900000+00:00,2.57,34.023,-118.93,11.689,ci9136256
2000-01-26 11:02:03.900000+00:00,3.6,35.747,-118.006,7.492,ci9136376
2000-01-26 16:53:23.870000+00:00,2.68,33.34,-116.802,9.469,ci9136401
2000-01-26 22:02:25+00:00,2.85,34.322,-116.766,0.378,ci9136449
2000-01-27 09:21:54.900000+00:00,2.79,33.7,-116.769,15.456,ci9136518
2000-01-27 09:48:22.370000+00:00,2.93,33.704,-116.768,14.086,ci9136524
2000-01-27 16:07:03.090000+00:00,3.55,34.3941667,-116.4495,1.63,ci9136577
2000-01-28 11:29:47.780000+00:00,3.1,34.609,-116.29,5.117,ci3321994
2000-01-28 20:14:39.040000+00:00,2.7,34.503,-116.254,-0.013,ci9136805
2000-01-30 03:16:37.890000+00:00,2.58,34.855,-116.4,3.168,ci9136976
2000-01-31 04:19:23.110000+00:00,2.62,34.322,-116.764,0.978,ci9137122
2000-01-31 21:07:39.260000+00:00,2.55,33.1728325,-115.6446686,10.862,ci9531069
2000-01-31 22:00:12.690000+00:00,3.48,34.364,-116.134,4.036,ci9137224
2000-02-01 07:40:27.860000+00:00,2.7,32.6151667,-116.173,5.178,ci9137254
2000-02-01 10:22:46.330000+00:00,2.69,34.0008333,-116.3133333,4.298,ci9137266
2000-02-04 16:18:20.800000+00:00,2.65,34.1023333,-116.9331667,5.679,ci9137728
2000-02-05 10:16:31.830000+00:00,2.57,34.363,-116.133,4.906,ci9137868
2000-02-05 14:18:21.960000+00:00,2.61,33.145,-115.97,2.848,ci9137892
2000-02-05 22:14:15.860000+00:00,2.5,34.497,-116.267,1.218,ci9137961
2000-02-06 00:19:13.980000+00:00,2.74,34.4151667,-116.1686667,5.456,ci9137987
2000-02-06 10:16:52.940000+00:00,3.07,32.676,-116.094,10.588,ci9138047
2000-02-06 18:17:44.260000+00:00,3.03,34.839,-116.3351667,3.711,ci9138093
2000-02-07 00:47:48.360000+00:00,2.8,34.845,-116.3268333,1.571,ci9138128
2000-02-07 02:37:37.730000+00:00,2.84,34.366,-116.132,4.876,ci9138148
2000-02-07 03:58:20.370000+00:00,2.61,34.5711667,-116.2656667,0.46,ci9138136
2000-02-07 05:39:21.720000+00:00,2.6,35.7478333,-118.0175,4.522,ci9138146
2000-02-09 09:22:20.760000+00:00,2.77,34.6013333,-116.3018333,0.174,ci9138450
2000-02-09 19:38:10.420000+00:00,2.57,34.584,-116.269,-0.54,ci9138547
2000-02-10 06:42:53.940000+00:00,2.82,34.107,-117.008,3.309,ci9138611
2000-02-10 08:31:15.040000+00:00,3.02,34.796,-116.286,4.131,ci9138624
2000-02-11 18:47:49.870000+00:00,2.77,34.4186667,-116.1648333,4.156,ci9138802
2000-02-12 10:58:20.240000+00:00,2.52,34.37,-116.138,4.536,ci9138944
2000-02-12 11:34:05.710000+00:00,2.62,34.616,-116.275,2.319,ci9138946
2000-02-12 20:08:26.760000+00:00,2.56,34.959,-120.7278333,0.145,nc21082723
2000-02-13 00:20:17.880000+00:00,2.5,33.2383333,-116.288,10.118,ci9138984
2000-02-13 13:02:14.260000+00:00,2.75,34.193,-116.4191667,3.68,ci9139030
2000-02-14 02:35:57.010000+00:00,2.75,33.2208333,-116.0883333,7.652,ci9139082
2000-02-14 04:19:10.770000+00:00,2.5,36.883,-116.388,5.07,ci7177705
2000-02-14 05:38:07.340000+00:00,2.52,34.307,-120.753,5.286,ci9139098
2000-02-14 09:57:42.020000+00:00,4.36,34.803,-116.372,1.261,ci7177729
2000-02-14 12:02:08.160000+00:00,2.83,34.8005,-116.3723333,1.213,ci7177735
2000-02-14 12:02:49.920000+00:00,3.03,34.7988333,-116.3733333,1.323,ci3322592
2000-02-14 12:38:16.060000+00:00,3.27,34.802,-116.37,1.941,ci9139139
2000-02-14 12:49:54.770000+00:00,2.66,34.7998333,-116.3706667,1.993,ci9139127
2000-02-15 19:30:38.870000+00:00,2.61,32.1131667,-116.472,5.836,ci9139325
2000-02-16 06:30:44.710000+00:00,2.68,34.8013333,-116.2801667,3.493,ci9139396
2000-02-17 04:39:14.230000+00:00,2.63,34.7066667,-116.2978333,1.761,ci9139522
2000-02-17 16:12:24.300000+00:00,2.71,36.0853333,-117.8905,1.167,ci9139556
2000-02-17 17:24:19.360000+00:00,2.53,36.4825,-120.4488333,7.391,nc21083281
2000-02-17 18:19:00.370000+00:00,2.77,34.321,-116.764,0.988,ci9139581
2000-02-18 05:16:36.610000+00:00,2.71,33.7385,-117.485,6.202,ci3322709
2000-02-18 15:06:45.230000+00:00,2.64,33.3356667,-116.389,4.586,ci9139666
2000-02-19 04:26:46.910000+00:00,2.8,36.084,-117.886,1.157,ci9139795
2000-02-19 15:44:14.060000+00:00,3.28,32.253,-115.809,5.791,ci9139842
2000-02-21 02:58:25.590000+00:00,2.65,35.666,-117.63,2.52,ci9139991
2000-02-21 03:15:38.950000+00:00,2.74,35.667,-117.627,1.67,ci9139999
2000-02-21 09:48:10.620000+00:00,2.95,35.667,-117.627,1.66,ci9140029
2000-02-21 13:49:43.130000+00:00,4.37,34.05,-117.2525,15.051,ci9140050
2000-02-21 19:35:39.560000+00:00,3.17,34.574,-115.963,2.549,ci9140087
2000-02-22 03:47:24.040000+00:00,3.18,34.0496667,-117.254,16.141,ci9140120
2000-02-23 09:18:50.460000+00:00,2.64,32.3073333,-115.1605,5.963,ci9140305
2000-02-23 13:26:47.730000+00:00,2.52,36.1255,-118.0543333,-1.429,ci9140322
2000-02-24 02:04:43.750000+00:00,2.53,34.496,-116.272,-0.192,ci9140391
2000-02-24 10:41:33.580000+00:00,3.94,34.792,-116.346,6.31,ci9140435
2000-02-24 21:04:50.380000+00:00,2.72,33.2531667,-116.3123333,13.994,ci9140469
2000-02-25 11:40:58.540000+00:00,2.74,32.9825,-115.548,9.976,ci9140540
2000-02-25 11:41:53.600000+00:00,3.01,32.9826667,-115.548,11.926,ci3322893
2000-02-25 12:02:09.680000+00:00,3.17,36.0795,-117.6066667,-0.503,ci9140544
2000-02-26 18:02:18.450000+00:00,2.52,34.556,-116.225,4.06,ci9140697
2000-02-27 03:52:53.600000+00:00,2.53,36.5755,-117.617,4.875,ci3323034
2000-02-27 23:26:45.850000+00:00,2.65,36.0845,-117.609,0.506,ci9140849
2000-02-27 23:29:46.300000+00:00,2.65,36.0828333,-117.6065,0.126,ci9140850
2000-02-28 20:44:47.030000+00:00,2.53,36.077,-117.603,-1.327,ci9140946
2000-02-28 23:08:42.010000+00:00,4.21,36.072,-117.601,-1.471,ci7179710
2000-02-29 04:23:22.180000+00:00,2.76,36.0785,-117.6063333,-0.019,ci9141019
2000-02-29 18:55:26.370000+00:00,3.65,36.0841667,-117.6045,-0.964,ci9141095
2000-02-29 19:08:02.340000+00:00,2.65,36.0913333,-117.6016667,0.166,ci9141088
2000-02-29 22:08:05.780000+00:00,4.05,36.085,-117.6008333,-1.294,ci9141142
2000-02-29 22:31:39.530000+00:00,2.85,36.0843333,-117.6015,-1.434,ci9141110
2000-03-02 15:00:34.050000+00:00,3.93,36.0823333,-117.6041667,-1.024,ci7180136
2000-03-02 17:09:27.910000+00:00,3.5,36.0838333,-117.6046667,0.546,ci9141361
2000-03-02 17:51:16.360000+00:00,2.53,32.18,-114.967,5.954,ci9141360
2000-03-03 08:55:48.280000+00:00,2.66,32.1046667,-114.9885,5.963,ci9141464
2000-03-03 19:31:58.350000+00:00,2.61,36.0761667,-117.6136667,-0.574,ci9141539
2000-03-04 03:10:53.800000+00:00,2.89,32.983,-115.556,10.524,ci9141582
2000-03-04 03:11:45.650000+00:00,2.68,32.976,-115.558,7.831,ci3323152
2000-03-05 18:26:07.830000+00:00,2.59,34.6498333,-116.3321667,1.891,ci9141807
2000-03-07 00:20:28.260000+00:00,3.92,33.809,-117.711,10.342,ci9141946
2000-03-07 10:35:39.870000+00:00,3.52,34.328,-116.768,0.078,ci9141994
2000-03-07 17:49:42.950000+00:00,3.06,33.811,-117.715,10.307,ci9142023
2000-03-08 03:43:01.470000+00:00,3.09,34.543,-116.308,-0.532,ci9142082
2000-03-08 05:57:08.900000+00:00,2.55,34.319,-116.765,0.658,ci9142092
2000-03-08 15:29:08.570000+00:00,2.65,34.689,-116.3,0.41,ci9142153
2000-03-08 22:45:24.380000+00:00,2.9,35.648,-117.6333333,4.67,ci9142186
2000-03-09 07:33:32.230000+00:00,2.84,34.272,-118.631,14.09,ci9142222
2000-03-09 12:17:07.310000+00:00,2.98,34.857,-116.403,4.591,ci9142243
2000-03-09 17:02:37.160000+00:00,3.03,34.112,-117.4746667,15.124,ci9142274
2000-03-10 08:42:22.930000+00:00,2.51,34.323,-116.764,0.948,ci9142376
2000-03-10 15:56:44.180000+00:00,3.33,34.015,-116.312,3.928,ci9142412
2000-03-11 21:46:07.950000+00:00,3.06,33.8443333,-117.737,3.295,ci9142593
2000-03-12 06:59:34.970000+00:00,3.78,34.9603333,-120.7278333,1.919,nc21086253
2000-03-12 07:05:16.910000+00:00,2.6,34.9591667,-120.7295,0.399,nc21086254
2000-03-12 09:36:13.500000+00:00,2.94,34.666,-116.211,5.1,ci9142647
2000-03-12 20:23:16.710000+00:00,2.78,34.8563333,-116.4073333,3.803,ci9142708
2000-03-13 14:11:32.749000+00:00,3.1,36.7619,-115.9109,4.8,nn00004227
2000-03-13 14:20:13.260000+00:00,2.67,34.9933333,-116.9456667,4.815,ci9142775
2000-03-13 17:37:35.150000+00:00,2.64,34.4331667,-116.2171667,0.356,ci9142808
2000-03-13 17:56:48.940000+00:00,2.52,34.436,-116.2121667,-0.094,ci9142812
2000-03-14 04:08:09.120000+00:00,2.53,34.6973333,-116.2873333,4.351,ci9142864
2000-03-14 11:06:33.530000+00:00,2.7,34.7945,-116.267,2.863,ci9142896
2000-03-14 23:39:25.700000+00:00,2.73,34.0065,-117.2148333,15.608,ci9142970
2000-03-15 14:21:06.510000+00:00,2.69,34.201,-116.849,0.038,ci9143035
2000-03-16 04:35:17.760000+00:00,3.37,34.044,-118.821,13.581,ci9143123
2000-03-16 21:42:36.120000+00:00,3.7,36.379,-120.3898333,7.464,nc21086982
2000-03-18 20:15:33.870000+00:00,2.5,34.716,-116.297,3.124,ci9143499
2000-03-19 01:49:57.500000+00:00,2.66,34.5323333,-116.2466667,1.81,ci9143534
2000-03-19 05:40:06.460000+00:00,2.54,33.9611667,-116.3751667,8.343,ci9143565
2000-03-20 08:52:12.730000+00:00,2.66,32.9763333,-115.5525,11.232,ci9143719
2000-03-20 08:53:35.620000+00:00,2.67,32.979,-115.554,9.114,ci9143705
2000-03-20 10:04:01.100000+00:00,2.57,34.628,-116.273,2.339,ci9143710
2000-03-21 03:28:28.830000+00:00,2.62,32.1746667,-115.8356667,5.959,ci9143812
2000-03-21 21:02:07.300000+00:00,2.5,36.925,-117.941,3.781,ci9143892
2000-03-22 04:35:34.650000+00:00,3.16,34.344,-116.465,5.596,ci9143990
2000-03-22 15:51:32.110000+00:00,2.91,34.6281667,-116.2713333,1.931,ci9144023
2000-03-23 14:09:34.850000+00:00,2.62,35.3546667,-116.8931667,1.017,ci9144213
2000-03-23 21:53:16.050000+00:00,2.89,34.6183333,-116.2678333,1.671,ci9144289
2000-03-24 18:55:52.930000+00:00,2.66,34.527,-116.289,-0.232,ci9144443
2000-03-25 01:12:32.290000+00:00,2.94,33.927,-116.313,3.113,ci7183281
2000-03-25 03:51:37.270000+00:00,2.81,32.172,-115.0685,5.963,ci7183296
2000-03-26 07:34:14.660000+00:00,2.99,35.8028333,-117.6501667,3.768,ci9144664
2000-03-26 13:04:29.090000+00:00,2.63,35.414,-117.0005,4.969,ci9144683
2000-03-26 20:03:32.730000+00:00,2.61,34.443,-116.211,4.686,ci9144726
2000-03-27 05:07:21.990000+00:00,3.82,32.979,-115.552,14.291,ci9144808
2000-03-27 05:15:55.990000+00:00,2.61,32.9786667,-115.5681667,13.926,ci9144795
2000-03-27 05:17:05.470000+00:00,3.78,32.9801667,-115.552,10.711,ci9144818
2000-03-27 06:25:51.830000+00:00,2.63,32.9655,-115.5686667,16.236,ci9144804
2000-03-28 05:28:20.170000+00:00,2.81,34.7825,-116.2983333,3.333,ci9144966
2000-03-28 15:16:15.810000+00:00,4.24,36.019,-117.8816667,-0.493,ci9145067
2000-03-28 15:18:17.190000+00:00,3.46,36.0158333,-117.8796667,1.674,ci9145053
2000-03-28 15:22:12.020000+00:00,2.85,36.0095,-117.8751667,1.964,ci9145054
2000-03-28 15:22:51.770000+00:00,3.2,36.0208333,-117.8781667,1.684,ci9145071
2000-03-28 17:59:16.170000+00:00,2.95,36.007,-117.8791667,1.489,ci9145098
2000-03-28 18:00:48.060000+00:00,2.54,36.0016667,-117.8855,2.234,ci9145086
2000-03-28 18:50:24.510000+00:00,3.07,36.0173333,-117.8778333,1.724,ci9145119
2000-03-28 21:30:59.590000+00:00,3.3,36.0068333,-117.88,1.444,ci9145145
2000-03-29 00:19:29.990000+00:00,2.7,34.0231667,-118.9403333,12.175,ci9145159
2000-03-29 02:06:39.510000+00:00,2.7,32.9791667,-115.5543333,12.096,ci9145192
2000-03-29 13:34:34.430000+00:00,2.77,34.3455,-118.5708333,12.871,ci3323669
2000-03-29 19:32:19.980000+00:00,2.74,34.3451667,-118.5741667,12.243,ci9145339
2000-03-30 00:59:35.540000+00:00,3.22,33.1501667,-115.6388333,5.572,ci9145394
2000-03-30 01:17:05.970000+00:00,3.01,36.021,-117.875,1.254,ci9145399
2000-03-30 01:30:29.210000+00:00,2.9,36.022,-117.871,1.434,ci9145405
2000-03-30 01:31:24.970000+00:00,3.09,36.0165,-117.8815,1.534,ci9145388
2000-03-30 09:54:21.950000+00:00,2.64,36.0115,-117.8765,1.724,ci7184276
2000-03-30 18:12:05.800000+00:00,2.79,34.3436667,-118.5688333,11.793,ci9145462
2000-03-31 18:06:07.460000+00:00,2.53,36.008,-117.865,2.099,ci9145598
2000-04-01 00:40:02.230000+00:00,2.65,34.2061667,-117.0255,7.081,ci9145630
2000-04-01 02:14:38.620000+00:00,2.54,33.077,-116.49,10.482,ci9145639
2000-04-01 11:10:12.380000+00:00,3.08,34.8568333,-116.4088333,3.863,ci9145683
2000-04-01 19:20:57.380000+00:00,2.61,36.0426667,-117.871,-0.186,ci9145719
2000-04-02 06:57:12.040000+00:00,2.79,33.9968333,-117.2188333,3.9,ci9145767
2000-04-02 11:29:25.360000+00:00,2.5,32.1335,-117.0808333,5.842,ci9145775
2000-04-02 11:35:14.190000+00:00,2.58,32.0876667,-117.0125,5.613,ci9145787
2000-04-02 11:36:14.050000+00:00,2.6,32.096,-117.072,5.664,ci3323721
2000-04-03 03:57:03.660000+00:00,2.55,36.0026667,-117.8791667,1.774,ci9145878
2000-04-03 18:59:54.590000+00:00,3.61,34.028,-116.324,4.338,ci9145960
2000-04-04 07:47:49.160000+00:00,2.52,32.117,-117.083,5.664,ci9146012
2000-04-05 20:38:08.770000+00:00,3.24,34.502,-116.285,-1.052,ci9146215
2000-04-07 12:26:12.570000+00:00,2.53,34.159,-115.824,1.901,ci9146421
2000-04-07 15:24:29.700000+00:00,3.19,34.447,-116.257,1.651,ci9146458
2000-04-07 21:47:03.380000+00:00,2.75,32.039,-116.303,5.675,ci9146478
2000-04-08 06:51:42.250000+00:00,2.89,35.8003333,-120.3471667,6.34,nc21091100
2000-04-08 17:48:03.140000+00:00,2.74,34.805,-116.264,3.831,ci9146581
2000-04-08 18:18:06.230000+00:00,3.01,34.801,-116.2696667,4.413,ci9146583
2000-04-09 02:15:33.900000+00:00,2.51,34.358,-116.145,4.406,ci3323776
2000-04-09 06:52:04.500000+00:00,3.53,34.1341667,-117.4683333,13.371,ci9146630
2000-04-09 10:48:09.720000+00:00,4.28,32.704,-115.393,10.002,ci9146641
2000-04-10 01:33:41.150000+00:00,3.59,34.835,-116.4053333,4.041,ci9146743
2000-04-10 05:26:35.660000+00:00,2.58,34.2425,-118.9988333,2.635,ci9146737
2000-04-10 08:37:40.310000+00:00,2.66,34.6771667,-116.3033333,3.721,ci9146748
2000-04-10 16:56:00.100000+00:00,2.74,34.695,-116.31,1.614,ci9146812
2000-04-10 17:03:06.160000+00:00,2.73,34.131,-117.471,12.763,ci9146801
2000-04-11 07:26:34.680000+00:00,2.51,34.6846667,-116.3048333,3.191,ci9146859
2000-04-11 07:47:45.680000+00:00,2.78,36.563,-120.6016667,14.123,nc21091530
2000-04-11 08:20:16.170000+00:00,3.16,36.18,-117.918,-0.751,ci9146865
2000-04-11 12:20:13.750000+00:00,2.79,36.003,-117.871,1.517,ci9146897
2000-04-11 21:54:51.260000+00:00,2.55,34.6918333,-116.3125,0.931,ci9146979
2000-04-12 06:55:08.360000+00:00,2.67,34.0153333,-116.9451667,15.552,ci9147017
2000-04-13 03:26:22.440000+00:00,2.74,36.0053333,-117.8753333,2.095,ci9147133
2000-04-13 07:22:52.600000+00:00,2.62,34.2678333,-118.4465,10.022,ci9147146
2000-04-13 18:41:38.390000+00:00,2.62,33.0095,-116.3923333,14.129,ci9147202
2000-04-14 00:37:10.900000+00:00,2.71,36.382,-117.773,4.476,ci9147241
2000-04-14 11:05:02.980000+00:00,2.5,32.0556667,-116.086,5.883,ci9147280
2000-04-14 20:41:48.720000+00:00,2.76,32.416,-115.3126667,5.997,ci9147321
2000-04-15 05:12:41.800000+00:00,2.75,34.052,-116.462,5.083,ci9147373
2000-04-15 07:19:04.810000+00:00,2.61,32.3995,-115.3096667,5.997,ci9147367
2000-04-15 10:18:03.580000+00:00,2.68,33.132,-115.6,4.559,ci9147374
2000-04-15 13:06:56.240000+00:00,2.82,36.1965,-120.7633333,7.726,nc21092235
2000-04-15 22:10:53.710000+00:00,2.75,36.002,-117.879,2.111,ci9147429
2000-04-16 00:49:51.680000+00:00,2.94,36.1963333,-120.2688333,11.709,nc21092323
2000-04-16 01:15:57.950000+00:00,3.82,34.795,-116.269,3.094,ci9147453
2000-04-16 17:57:12.920000+00:00,2.67,34.541,-116.262,4.747,ci9147510
2000-04-16 21:03:52.670000+00:00,2.73,34.312,-116.449,1.126,ci9147533
2000-04-16 21:32:52.500000+00:00,3.11,36.006,-117.831,1.375,ci9147537
2000-04-17 15:29:35.430000+00:00,2.88,33.942,-116.649,10.259,ci9147614
2000-04-18 01:22:56.850000+00:00,2.51,34.4896667,-118.036,8.066,ci9147641
2000-04-19 08:59:21.890000+00:00,2.79,34.4,-116.149,6.056,ci9147793
2000-04-20 22:33:24.570000+00:00,2.58,34.563,-119.142,-1.137,ci9147960
2000-04-21 02:04:19.880000+00:00,2.62,34.337,-116.737,2.244,ci9147990
2000-04-21 03:32:21.950000+00:00,3.26,34.339,-116.738,1.928,ci9148001
2000-04-22 10:25:05.870000+00:00,3.19,34.436,-116.255,2.661,ci9148135
2000-04-22 16:07:38.140000+00:00,2.74,35.687,-118.444,3.515,ci9148164
2000-04-22 19:08:51.330000+00:00,3.37,34.579,-116.257,4.61,ci9148179
2000-04-23 08:48:39.020000+00:00,3.34,35.283,-118.532,-0.041,ci9148228
2000-04-24 02:42:24.280000+00:00,3.44,34.691,-116.369,1.924,ci9148307
2000-04-24 19:44:36.960000+00:00,2.87,34.596,-116.302,0.434,ci9148370
2000-04-25 08:16:19.320000+00:00,3.09,34.651,-116.299,-0.016,ci9148436
2000-04-25 14:06:26.070000+00:00,4.5,32.1306667,-115.0958333,5.963,ci9148478
2000-04-25 17:08:17.240000+00:00,3.6,32.144,-115.115,12.2,usp0009rvj
2000-04-25 17:16:50.140000+00:00,2.69,32.168,-115.077,5.963,ci9148489
2000-04-25 18:36:07.880000+00:00,3.69,33.162,-115.637,4.955,ci9148510
2000-04-25 23:02:03.890000+00:00,2.85,32.154,-115.082,5.963,ci9148546
2000-04-26 01:20:17.750000+00:00,3.28,36.333,-118.058,2.735,ci9148563
2000-04-26 05:37:17.370000+00:00,3.34,33.169,-115.634,4.385,ci9148592
2000-04-26 05:39:05.200000+00:00,3.56,33.163,-115.632,6.079,ci9148580
2000-04-28 14:16:41.570000+00:00,2.6,36.0795,-119.6591667,18.691,nc21094327
2000-04-29 17:05:41.070000+00:00,2.87,35.7936667,-120.3451667,9.19,nc21094494
2000-04-30 09:50:12.860000+00:00,2.7,32.186,-115.07,5.963,ci9148991
2000-05-01 01:15:24.250000+00:00,2.57,32.2098333,-115.0581667,5.96,ci9149055
2000-05-01 09:15:52.330000+00:00,2.89,32.146,-115.069,5.981,ci9149074
2000-05-01 09:36:14.060000+00:00,2.63,32.155,-115.082,5.981,ci9149077
2000-05-01 09:41:18.980000+00:00,2.54,32.193,-115.063,5.963,ci9149064
2000-05-01 10:28:10.550000+00:00,2.84,32.185,-115.081,5.981,ci9149082
2000-05-01 22:04:38.830000+00:00,2.72,32.757,-118.252,5.924,ci9149130
2000-05-02 04:59:38.530000+00:00,3.16,32.172,-115.071,5.963,ci9149167
2000-05-02 06:23:40.390000+00:00,2.84,34.337,-116.831,4.718,ci9149174
2000-05-02 06:45:45.040000+00:00,4.73,32.111,-115.119,5.973,ci9149178
2000-05-02 06:52:03.970000+00:00,3.5,32.159,-115.089,5.963,ci9149163
2000-05-02 06:56:25.670000+00:00,2.55,32.1598333,-115.0455,6.973,ci9545897
2000-05-02 07:05:39.940000+00:00,2.85,32.165,-115.062,5.963,ci9149164
2000-05-02 07:06:26.760000+00:00,3.69,32.148,-115.137,5.973,ci9149193
2000-05-02 07:16:10.190000+00:00,4.18,32.16,-115.149,5.973,ci9149198
2000-05-02 07:24:28.600000+00:00,3.4,32.1858333,-115.104,5.963,ci9521994
2000-05-02 08:26:28.170000+00:00,2.62,32.144,-115.083,5.963,ci9149171
2000-05-02 08:31:19.670000+00:00,2.5,32.144,-115.088,5.963,ci9149172
2000-05-02 08:50:31.410000+00:00,2.52,32.173,-115.094,5.954,ci9149176
2000-05-02 09:13:39.890000+00:00,2.63,32.153,-115.069,5.963,ci9149191
2000-05-02 09:49:13.340000+00:00,3.73,32.118,-115.044,5.963,ci9149213
2000-05-02 10:33:22.410000+00:00,2.7,32.155,-115.086,5.963,ci7188203
2000-05-02 12:03:06.950000+00:00,2.81,32.161,-115.078,5.963,ci7188211
2000-05-02 13:03:37.580000+00:00,3.24,32.2178333,-115.0216667,5.963,ci9545961
2000-05-02 15:44:11.980000+00:00,2.74,33.1778333,-115.5931667,4.373,ci9149231
2000-05-02 16:16:29.130000+00:00,2.95,32.193,-115.068,5.963,ci9149235
2000-05-02 16:19:46.600000+00:00,2.56,32.132,-115.08,5.963,ci9149236
2000-05-02 21:24:17.130000+00:00,3.04,32.165,-115.089,5.963,ci7188285
2000-05-02 21:38:50.290000+00:00,2.51,32.143,-115.079,5.963,ci7188287
2000-05-03 07:47:33.180000+00:00,2.65,34.6851667,-116.3145,3.348,ci9149299
2000-05-03 08:12:30.780000+00:00,2.95,34.514,-116.272,-1.052,ci9149313
2000-05-03 11:28:27.060000+00:00,2.53,32.145,-115.069,5.963,ci9149314
2000-05-03 11:42:10.020000+00:00,3.17,32.182,-115.093,5.963,ci9149328
2000-05-03 14:54:06.580000+00:00,3.09,32.014,-116.864,5.471,ci9149336
2000-05-03 18:00:01.810000+00:00,2.5,32.1366667,-115.0733333,5.938,ci9149351
2000-05-03 19:58:43.770000+00:00,2.51,32.144,-115.083,5.963,ci9149364
2000-05-03 21:28:51.170000+00:00,2.89,35.095,-118.3086667,7.404,ci9149386
2000-05-04 02:02:20.760000+00:00,2.69,32.18,-115.097,5.963,ci9149395
2000-05-04 06:22:57.990000+00:00,2.77,32.148,-115.066,5.981,ci9149423
2000-05-04 06:26:35.670000+00:00,2.75,32.164,-115.071,5.981,ci9149427
2000-05-04 08:12:11.390000+00:00,3.0,32.187,-115.063,5.963,ci9149417
2000-05-04 17:01:40.400000+00:00,2.77,34.048,-117.256,16.111,ci9149480
2000-05-04 19:53:36.220000+00:00,2.67,33.9503333,-117.1995,13.307,ci9149489
2000-05-04 22:02:05.890000+00:00,2.82,32.154,-115.076,5.963,ci9149505
2000-05-04 23:30:54.840000+00:00,3.57,32.154,-115.107,5.963,ci9149517
2000-05-05 10:03:59.940000+00:00,2.61,32.174,-115.08,5.963,ci9149583
2000-05-05 10:27:00.200000+00:00,2.74,32.178,-115.077,5.981,ci9149597
2000-05-06 09:59:06.020000+00:00,2.51,32.146,-114.949,5.981,ci9149691
2000-05-06 10:03:00.230000+00:00,2.53,34.564,-116.494,2.341,ci9149681
2000-05-07 15:50:32.480000+00:00,2.77,36.2488333,-120.8156667,5.796,nc21096053
2000-05-07 16:50:40.490000+00:00,3.1,36.2501667,-120.8156667,5.786,nc21096061
2000-05-09 15:28:35.820000+00:00,2.84,32.162,-115.085,5.963,ci9149939
2000-05-10 05:01:18.810000+00:00,2.56,34.565,-116.232,-0.353,ci9149989
2000-05-10 07:17:40.423000+00:00,2.6,36.7969,-116.2274,6.0,nn00007644
2000-05-10 23:02:23.510000+00:00,2.69,36.464,-120.1775,18.709,nc21096712
2000-05-10 23:25:42.640000+00:00,3.89,33.16,-115.638,4.065,ci9150059
2000-05-10 23:28:53.730000+00:00,3.56,33.156,-115.643,2.953,ci3324245
2000-05-10 23:30:11.200000+00:00,3.05,33.153,-115.634,4.445,ci3324285
2000-05-10 23:33:25.300000+00:00,2.81,33.159,-115.632,2.399,ci9150048
2000-05-11 22:15:56.140000+00:00,2.7,35.727,-118.461,1.198,ci9150189
2000-05-12 18:26:04.080000+00:00,2.55,33.1646667,-115.6391667,4.793,ci9150306
2000-05-12 19:46:23.050000+00:00,2.57,34.7863333,-116.2933333,2.751,ci9150323
2000-05-12 23:39:50.560000+00:00,2.99,33.174,-115.6375,4.513,ci9150367
2000-05-13 23:04:35.290000+00:00,2.75,33.177,-115.97,6.838,ci9150508
2000-05-15 09:08:35.570000+00:00,2.6,34.8013333,-116.2681667,3.421,ci9150624
2000-05-16 03:53:29.740000+00:00,2.56,32.2398333,-115.0488333,5.963,ci9150692
2000-05-16 08:56:05.230000+00:00,3.07,36.324,-118.061,0.193,ci9150715
2000-05-16 13:51:58.790000+00:00,2.68,36.324,-118.058,-0.667,ci9150726
2000-05-16 18:58:06.200000+00:00,2.67,32.6818333,-115.9716667,2.919,ci9150743
2000-05-16 20:45:53.670000+00:00,3.42,34.6825,-116.3068333,3.271,ci9150751
2000-05-17 09:18:17.150000+00:00,2.58,33.261,-115.988,2.462,ci9150812
2000-05-17 09:28:38.310000+00:00,3.39,36.326,-118.046,-1.077,ci9150816
2000-05-17 10:12:34.370000+00:00,2.56,36.3255,-118.06,0.403,ci9150811
2000-05-17 13:22:41.210000+00:00,2.65,36.3298333,-118.0586667,1.983,ci9150841
2000-05-17 17:37:03.940000+00:00,3.5,36.325,-118.046,-0.487,ci9150885
2000-05-18 00:45:31.470000+00:00,2.53,32.112,-115.07,5.963,ci9150931
2000-05-18 01:31:24.810000+00:00,2.73,32.133,-115.061,5.963,ci7189955
2000-05-18 09:41:37.400000+00:00,3.89,35.0983333,-118.3026667,5.874,ci9151000
2000-05-18 15:41:46.700000+00:00,3.16,34.671,-116.309,1.984,ci9151064
2000-05-19 23:06:51.790000+00:00,2.72,36.335,-118.0623333,4.173,ci9151209
2000-05-19 23:07:27.330000+00:00,3.44,36.325,-118.05,-0.667,ci3324419
2000-05-19 23:15:47.490000+00:00,2.82,36.3388333,-118.0688333,4.323,ci9522170
2000-05-20 20:18:43.490000+00:00,2.62,33.1645,-115.6,4.573,ci9151314
2000-05-20 20:51:42.090000+00:00,2.84,34.673,-116.2903333,1.071,ci9151316
2000-05-21 03:40:52.570000+00:00,3.36,34.6908333,-116.3558333,1.124,ci9151348
2000-05-21 04:27:45.500000+00:00,2.54,34.4171677,-116.3164978,-1.029,ci9548473
2000-05-21 06:27:37.360000+00:00,3.65,34.294,-116.868,4.048,ci9151375
2000-05-22 07:36:09.900000+00:00,2.79,34.6028333,-116.296,4.521,ci9151479
2000-05-22 07:51:01.300000+00:00,3.01,32.6155,-116.1486667,10.369,ci7190547
2000-05-22 08:40:46.124000+00:00,2.5,36.774,-115.9736,8.8,nn00008620
2000-05-22 20:10:13.330000+00:00,2.77,36.014,-120.572,4.495,nc21099477
2000-05-22 20:51:33.420000+00:00,2.98,34.6143333,-116.248,-1.069,ci9151573
2000-05-23 04:42:43.960000+00:00,3.9,36.3215,-118.0661667,0.383,ci9151609
2000-05-23 11:11:48.340000+00:00,2.89,36.323,-118.046,-0.387,ci9151646
2000-05-24 06:41:18.390000+00:00,2.79,32.07,-116.739,5.474,ci9151734
2000-05-25 15:07:21.470000+00:00,2.63,34.1946667,-117.3855,11.845,ci9151868
2000-05-25 17:15:21.770000+00:00,2.96,34.6,-116.285,0.57,ci9151903
2000-05-27 03:35:34.370000+00:00,4.05,35.78,-117.651,0.0,ci9152038
2000-05-27 05:13:40.470000+00:00,2.6,35.7836667,-117.6555,2.898,ci9152043
2000-05-27 13:04:35.560000+00:00,2.67,34.3821667,-119.0178333,17.874,ci9152070
2000-05-27 13:14:47.890000+00:00,3.12,36.067,-117.643,-1.571,ci9152082
2000-05-28 05:31:22.940000+00:00,2.57,35.7315,-117.676,7.0,ci9152144
2000-05-28 08:04:52.200000+00:00,2.97,32.132,-116.412,5.653,ci9152162
2000-05-29 19:41:47.180000+00:00,2.5,35.095,-118.314,6.305,ci9152296
2000-05-31 03:15:08.330000+00:00,3.18,32.003,-116.336,5.583,ci9152468
2000-05-31 11:12:27.630000+00:00,2.92,34.657,-116.336,1.614,ci9152492
2000-05-31 16:55:11.550000+00:00,2.66,34.5813333,-116.2701667,-0.58,ci9152517
2000-06-02 11:33:49.680000+00:00,2.55,33.1771667,-115.6,1.743,ci9152723
2000-06-02 14:01:05.180000+00:00,2.85,34.6475,-116.3341667,0.611,ci9152722
2000-06-02 14:24:14.340000+00:00,3.52,33.177,-115.597,1.881,ci9152745
2000-06-02 14:25:54.830000+00:00,3.14,33.181,-115.598,1.769,ci9152727
2000-06-02 14:29:34.620000+00:00,2.66,33.1851667,-115.5961667,2.323,ci9152728
2000-06-03 06:00:41.510000+00:00,2.52,32.7503333,-118.21,5.534,ci9152815
2000-06-03 11:32:23.170000+00:00,2.69,33.2943333,-116.766,7.649,ci9152839
2000-06-04 03:37:04.940000+00:00,2.57,34.3361667,-116.47,6.897,ci9152912
2000-06-05 07:50:09.020000+00:00,2.67,33.5756667,-118.5633333,-0.239,ci9153027
2000-06-05 08:26:07.610000+00:00,2.73,33.5741667,-118.5548333,0.011,ci9153031
2000-06-05 11:06:42.090000+00:00,2.7,34.451,-116.216,2.496,ci9153041
2000-06-05 13:37:58.800000+00:00,2.62,34.08,-116.644,4.164,ci9153044
2000-06-06 06:39:00.760000+00:00,2.76,36.327,-118.06,-0.267,ci9153116
2000-06-07 02:08:56.450000+00:00,2.85,34.336,-116.469,5.136,ci9153199
2000-06-07 04:45:41.590000+00:00,3.4,33.18,-115.605,1.622,ci9153205
2000-06-07 08:55:36.160000+00:00,2.5,32.9405,-115.7441667,11.438,ci9153216
2000-06-08 08:19:17.180000+00:00,3.06,35.78,-117.647,1.788,ci9153349
2000-06-09 00:07:21.190000+00:00,2.51,35.2978333,-118.59,3.519,ci9153427
2000-06-09 06:42:07.860000+00:00,2.5,34.359,-118.8693333,19.761,ci9153446
2000-06-09 06:42:46.390000+00:00,2.78,34.3611667,-118.8636667,21.054,ci9153460
2000-06-09 23:55:26.080000+00:00,2.5,32.928,-118.754,4.44,ci9153550
2000-06-11 16:48:24.750000+00:00,2.52,33.974,-116.641,16.033,ci9153752
2000-06-11 17:26:56.360000+00:00,2.93,33.165,-115.605,0.942,ci9153764
2000-06-11 23:18:30.430000+00:00,2.64,34.3206667,-116.7658333,0.068,ci9153775
2000-06-12 02:16:22.440000+00:00,2.93,33.987,-116.564,10.638,ci9153796
2000-06-12 03:15:02.660000+00:00,3.9,34.683,-116.357,6.294,ci9153800
2000-06-12 04:59:39.910000+00:00,2.55,32.641,-118.073,5.89,ci9153792
2000-06-14 19:00:20.410000+00:00,4.11,32.896,-115.502,5.237,ci9154092
2000-06-14 19:05:39.840000+00:00,2.55,32.8891667,-115.5008333,9.991,ci9154083
2000-06-14 19:10:24.310000+00:00,2.64,32.8781667,-115.497,10.751,ci9154086
2000-06-14 19:20:42.320000+00:00,2.84,32.8955,-115.4986667,11.671,ci9154089
2000-06-14 19:23:03.070000+00:00,2.5,32.876,-115.504,4.484,ci9154090
2000-06-14 19:23:14.930000+00:00,2.74,32.9023333,-115.5025,10.351,ci3324471
2000-06-14 19:32:37.420000+00:00,2.6,32.886,-115.508,4.781,ci3324474
2000-06-14 19:41:48.590000+00:00,3.26,32.894,-115.503,6.037,ci9154120
2000-06-14 19:57:02.940000+00:00,2.97,32.897,-115.509,4.837,ci9154125
2000-06-14 19:57:35.920000+00:00,2.83,32.894,-115.506,4.247,ci3324484
2000-06-14 20:18:25.340000+00:00,2.66,32.8858333,-115.5058333,11.051,ci9154112
2000-06-14 20:20:26.300000+00:00,2.5,32.9075,-115.5061667,5.222,ci12152235
2000-06-14 20:36:02.410000+00:00,3.1,32.885,-115.507,4.957,ci9154136
2000-06-14 21:12:15.080000+00:00,2.76,32.8735,-115.5056667,13.641,ci9154131
2000-06-14 21:20:24.410000+00:00,3.16,32.876,-115.506,11.187,ci9154146
2000-06-14 21:29:02.690000+00:00,3.4,32.872,-115.512,4.707,ci9154150
2000-06-14 21:31:24.130000+00:00,2.85,32.905,-115.505,5.207,ci9154154
2000-06-14 21:32:31.430000+00:00,2.79,32.8835,-115.5025,14.771,ci9154135
2000-06-14 21:49:18.710000+00:00,4.51,32.8896667,-115.5091667,10.047,ci9154141
2000-06-14 21:53:26.720000+00:00,3.06,32.87,-115.502,5.984,ci9154142
2000-06-14 21:54:46.190000+00:00,2.62,32.8808333,-115.505,8.721,ci9154143
2000-06-14 22:11:35.600000+00:00,3.55,32.895,-115.517,4.297,ci9154173
2000-06-14 22:39:27.810000+00:00,3.65,32.869,-115.506,8.887,ci9154179
2000-06-14 22:53:16.810000+00:00,2.54,32.871,-115.5068333,12.105,ci9154160
2000-06-15 00:11:29.490000+00:00,2.5,32.865,-115.5076667,14.201,ci9154190
2000-06-15 04:08:15.200000+00:00,3.21,32.9006667,-115.5038333,14.861,ci9154229
2000-06-15 04:14:31.090000+00:00,3.53,32.911,-115.503,9.607,ci9154233
2000-06-15 04:23:57.470000+00:00,2.71,32.9075,-115.5055,10.781,ci9154237
2000-06-15 04:24:34.830000+00:00,3.1,32.905,-115.512,4.211,ci3324480
2000-06-15 04:32:06.540000+00:00,3.02,32.8975,-115.5065,12.631,ci9154242
2000-06-15 04:32:36.230000+00:00,3.01,32.882,-115.5,4.151,ci3324481
2000-06-15 04:35:17.820000+00:00,2.57,32.8741667,-115.501,13.551,ci7193460
2000-06-15 05:21:59.720000+00:00,2.55,32.9073333,-115.5053333,14.201,ci9154228
2000-06-16 11:06:37.300000+00:00,2.54,32.165,-115.067,5.963,ci9154379
2000-06-17 11:04:22.550000+00:00,2.85,32.878,-115.517,4.697,ci9154497
2000-06-17 12:01:21.380000+00:00,2.66,35.0861667,-120.7975,15.243,nc21104222
2000-06-20 21:10:23.220000+00:00,2.71,34.841,-116.402,3.601,ci9154902
2000-06-22 14:48:01.310000+00:00,2.61,34.53,-116.272,1.65,ci7194423
2000-06-22 18:31:03.920000+00:00,2.6,35.0385,-118.3241667,-1.093,ci9155161
2000-06-22 21:06:25.670000+00:00,2.82,36.051,-117.66,0.529,ci9155189
2000-06-23 20:10:42.740000+00:00,3.06,35.509,-116.264,5.209,ci9155267
2000-06-24 14:04:40.640000+00:00,2.91,34.835,-116.3838333,3.561,ci9155344
2000-06-26 15:43:07.550000+00:00,4.51,34.7821667,-116.2968333,3.234,ci9155518
2000-06-26 15:50:06.390000+00:00,3.66,34.789,-116.294,3.691,ci9155533
2000-06-26 23:48:07.830000+00:00,3.06,34.777,-116.299,3.584,ci9155584
2000-06-27 15:28:17.770000+00:00,2.73,36.072,-117.641,1.329,ci9155665
2000-06-27 20:52:51.670000+00:00,2.66,34.6593333,-116.2908333,2.671,ci9155684
2000-06-28 04:53:14.770000+00:00,2.86,33.9826667,-116.9643333,16.502,ci9155727
2000-06-28 10:32:27.670000+00:00,2.72,34.7861667,-116.2971667,2.343,ci9155725
2000-06-30 02:18:38.960000+00:00,2.71,34.798,-116.279,3.671,ci9155933
2000-06-30 09:41:00.620000+00:00,3.6,34.043,-116.636,11.92,ci9155952
2000-07-03 14:59:53.580000+00:00,2.88,34.805,-116.273,4.611,ci9156200
2000-07-03 22:36:42.960000+00:00,2.59,34.2938333,-118.4906667,10.216,ci9156242
2000-07-04 21:09:01.160000+00:00,2.64,32.131,-115.081,5.963,ci9156314
2000-07-05 11:27:20.510000+00:00,2.68,34.6031667,-116.2528333,-1.069,ci9156356
2000-07-07 06:03:24.290000+00:00,2.62,36.324,-118.033,-0.645,ci9156546
2000-07-08 23:58:15.070000+00:00,2.9,36.324,-118.049,-0.795,ci9156746
2000-07-09 01:08:38.900000+00:00,2.92,36.321,-118.049,-1.075,ci9156763
2000-07-09 02:41:42.840000+00:00,2.61,36.322,-118.0683333,0.595,ci9156757
2000-07-09 03:58:08.260000+00:00,2.85,36.324,-118.054,-0.945,ci9156779
2000-07-09 04:02:33.100000+00:00,3.34,36.323,-118.053,-0.775,ci9156783
2000-07-09 13:32:55.060000+00:00,3.08,36.327,-118.038,0.405,ci9156858
2000-07-09 13:58:20.120000+00:00,3.04,36.326,-118.038,0.455,ci9156863
2000-07-09 14:39:00.370000+00:00,2.64,36.325,-118.03,-0.425,ci9156874
2000-07-09 15:38:20.080000+00:00,2.67,36.325,-118.031,-1.095,ci9156891
2000-07-11 00:02:23.370000+00:00,2.57,36.2686667,-120.371,9.209,nc21108805
2000-07-11 05:02:43.760000+00:00,2.74,35.115,-117.015,-0.994,ci9157080
2000-07-11 07:13:02.300000+00:00,2.68,32.496,-115.251,6.015,ci9157084
2000-07-13 03:27:10.290000+00:00,2.51,34.2895,-116.8686667,5.588,ci9157306
2000-07-13 15:37:11.210000+00:00,3.19,34.312,-120.649,5.293,ci9157378
2000-07-14 12:56:55.930000+00:00,2.64,34.573,-118.729,13.446,ci9157464
2000-07-14 22:24:24.450000+00:00,3.73,34.819,-116.407,3.851,ci9157519
2000-07-14 22:39:57.300000+00:00,2.79,34.8211667,-116.405,4.033,ci9157511
2000-07-15 21:33:45.120000+00:00,2.79,34.802,-116.257,3.651,ci9157594
2000-07-17 06:50:34.870000+00:00,2.85,32.617,-116.0963333,7.399,ci9157686
2000-07-18 03:57:54.800000+00:00,3.29,34.2463333,-119.6276667,16.326,ci9157763
2000-07-19 01:22:00.610000+00:00,3.14,34.8206667,-116.4081667,4.204,ci9157857
2000-07-19 12:31:51.970000+00:00,2.74,34.6806667,-116.339,2.441,ci7197258
2000-07-19 20:04:12.460000+00:00,2.68,36.6865,-120.7031667,-0.605,nc21110920
2000-07-21 12:24:55.080000+00:00,2.91,32.189,-115.076,5.963,ci9158077
2000-07-23 13:57:20.910000+00:00,2.5,32.272,-114.92,5.954,ci9158263
2000-07-23 23:56:01.020000+00:00,3.48,34.716,-116.095,0.74,ci9158306
2000-07-24 06:32:49.150000+00:00,2.57,34.618,-116.237,4.25,ci9158336
2000-07-26 03:01:46.340000+00:00,3.81,32.154,-115.114,5.981,ci9158503
2000-07-26 09:27:27.920000+00:00,2.77,32.183,-115.078,5.963,ci9158515
2000-07-26 18:19:40.760000+00:00,2.66,32.183,-115.078,5.963,ci9158554
2000-07-28 00:46:49.940000+00:00,2.53,33.888,-120.138,5.348,ci9158645
2000-07-28 10:38:51.350000+00:00,2.95,32.0631667,-116.3208333,5.565,ci9158685
2000-07-28 16:40:58.920000+00:00,2.67,32.281,-115.606,5.791,ci9158709
2000-07-29 03:01:55.160000+00:00,2.94,34.663,-119.058,-0.017,ci9158762
2000-07-29 17:59:50.150000+00:00,2.7,34.729,-116.296,4.004,ci9158797
2000-07-30 09:21:58.820000+00:00,2.97,34.0528333,-116.9483333,13.052,ci9158858
2000-07-31 06:42:50.400000+00:00,2.88,32.245,-115.8101667,5.959,ci9158911
2000-08-01 12:26:16.050000+00:00,2.53,32.032,-114.958,5.972,ci9159001
2000-08-01 13:40:39.930000+00:00,3.19,34.8016667,-116.2661667,5.551,ci9159031
2000-08-01 19:53:18.210000+00:00,2.82,33.9238333,-118.3555,16.355,ci9159070
2000-08-02 16:18:49.540000+00:00,2.52,33.824,-116.997,14.434,ci7198536
2000-08-02 23:01:51.680000+00:00,2.86,34.8023333,-116.2748333,5.783,ci9159194
2000-08-03 07:06:36.300000+00:00,3.15,36.325,-118.037,-0.415,ci9159220
2000-08-08 19:42:03.430000+00:00,2.63,34.559,-116.274,6.66,ci9159766
2000-08-09 13:13:23.670000+00:00,2.98,34.677,-116.289,0.201,ci9159827
2000-08-09 13:30:36.230000+00:00,2.75,34.677,-116.293,1.074,ci9159811
2000-08-10 14:15:15.730000+00:00,3.53,35.1325,-120.752,1.503,nc21119242
2000-08-10 16:59:29.570000+00:00,2.54,34.5846667,-116.267,-0.67,ci9159919
2000-08-11 09:33:45.060000+00:00,2.61,34.803,-116.346,7.211,ci9159972
2000-08-11 14:09:18.670000+00:00,2.85,34.85,-118.952,8.284,ci9159980
2000-08-13 16:19:59.710000+00:00,2.65,34.799,-116.268,4.331,ci9160138
2000-08-13 19:46:44.660000+00:00,2.99,34.667,-116.296,4.174,ci9160152
2000-08-16 04:24:36.070000+00:00,2.77,32.153,-115.07,5.981,ci9160347
2000-08-17 04:43:47.080000+00:00,3.07,34.366,-116.454,1.597,ci9160476
2000-08-17 11:55:08.940000+00:00,2.78,32.226,-115.793,5.791,ci9160492
2000-08-17 13:41:39.600000+00:00,3.48,36.5103333,-120.66,6.76,nc21120369
2000-08-18 15:25:59.490000+00:00,2.68,32.2573333,-115.8173333,5.975,ci9160632
2000-08-19 01:01:43.360000+00:00,3.59,33.3016667,-116.314,12.845,ci9160677
2000-08-19 01:56:35.160000+00:00,2.78,36.0436667,-117.7116667,0.817,ci9160683
2000-08-21 01:03:21.580000+00:00,2.51,34.8003333,-116.2705,3.993,ci9160835
2000-08-21 21:28:49.170000+00:00,3.17,34.7286667,-116.2985,3.601,ci9160915
2000-08-22 14:27:02.650000+00:00,2.58,34.5253333,-116.2846667,-0.362,ci9160989
2000-08-23 01:31:14.460000+00:00,2.5,34.691,-115.735,-0.931,ci9161041
2000-08-23 04:41:11.090000+00:00,3.26,36.0888333,-117.6053333,0.836,ci9161065
2000-08-24 21:42:36.490000+00:00,3.04,32.3568333,-117.7066667,5.89,ci9161236
2000-08-25 18:57:44.060000+00:00,2.79,35.805,-118.454,9.235,ci9161292
2000-08-27 03:35:47.940000+00:00,2.59,33.7463333,-119.9831667,5.7,ci9161418
2000-08-27 12:26:51.450000+00:00,2.8,34.6923333,-116.3071667,0.901,ci9161461
2000-08-28 06:01:01.050000+00:00,2.88,34.799,-116.35,6.121,ci9161522
2000-08-29 02:31:48.550000+00:00,2.51,35.3826667,-117.8401667,2.25,ci9161613
2000-08-29 05:05:39.730000+00:00,2.51,33.263,-116.228,10.378,ci9161625
2000-08-29 08:51:27.560000+00:00,2.8,33.815,-117.006,13.017,ci9161643
2000-08-29 15:19:47.310000+00:00,3.09,32.221,-115.786,5.769,ci9161666
2000-08-30 03:52:48.780000+00:00,3.41,35.682,-117.616,2.86,ci9161719
2000-08-30 08:14:42.590000+00:00,2.63,34.317,-116.1075,-0.689,ci9161736
2000-09-01 19:03:34.860000+00:00,2.84,36.2408333,-117.3571701,-1.516,ci9559885
2000-09-04 10:27:29.010000+00:00,3.0,36.554,-120.354,5.719,ci9162135
2000-09-04 17:27:41.590000+00:00,2.71,34.2996667,-116.8326667,4.028,ci9162159
2000-09-07 19:34:18.210000+00:00,3.06,34.876,-116.35,2.103,ci9162401
2000-09-09 19:12:11.774000+00:00,2.8,36.7391,-116.2938,8.2,nn00015704
2000-09-10 19:51:41.100000+00:00,2.77,36.0936667,-117.8158333,1.105,ci9162692
2000-09-11 03:18:35.720000+00:00,2.74,32.643,-116.111,2.886,ci9162725
2000-09-11 14:29:06.640000+00:00,2.71,32.6501667,-116.1086667,3.216,ci9162776
2000-09-11 17:18:44.420000+00:00,2.83,35.7361667,-119.6913333,5.715,ci9162790
2000-09-12 00:22:33.120000+00:00,2.91,34.8638333,-116.4115,3.083,ci9162835
2000-09-12 01:07:59.450000+00:00,3.64,32.717,-115.819,4.799,ci9162844
2000-09-12 02:09:47.240000+00:00,2.78,34.591,-116.241,4.43,ci9162834
2000-09-12 04:12:32.290000+00:00,2.79,34.302,-116.8335,5.248,ci9162840
2000-09-14 08:26:20+00:00,3.18,32.1596667,-115.8248333,5.959,ci9163045
2000-09-14 11:17:14.240000+00:00,3.04,32.8308333,-115.9546667,12.506,ci9163055
2000-09-14 17:27:05.760000+00:00,2.85,35.9498333,-116.0088333,4.98,ci9163066
2000-09-15 23:28:54.390000+00:00,2.55,34.5626667,-116.2726667,0.92,ci9163232
2000-09-16 06:28:08.800000+00:00,3.57,34.9353333,-116.4166667,1.73,ci9163278
2000-09-16 10:30:19.340000+00:00,3.29,32.1021667,-115.848,5.959,ci9163300
2000-09-16 13:24:41.330000+00:00,3.08,33.976,-118.4195,12.737,ci9163314
2000-09-16 15:50:06.010000+00:00,2.62,36.0045,-120.5618333,4.645,nc21125505
2000-09-18 10:24:02.920000+00:00,2.52,33.1811667,-115.6063333,3.153,ci9163477
2000-09-19 00:25:25.340000+00:00,2.59,36.0441667,-117.873,1.885,ci9163515
2000-09-19 01:15:25.160000+00:00,2.56,33.1923333,-116.4006667,9.47,ci9163534
2000-09-19 03:46:33.730000+00:00,2.89,36.0441667,-117.8731667,1.645,ci9163547
2000-09-19 10:17:38.090000+00:00,2.96,33.9643333,-116.807,18.129,ci9163568
2000-09-20 16:10:33.430000+00:00,3.69,36.045,-117.8733333,1.515,ci9163702
2000-09-20 18:57:36.670000+00:00,2.81,34.4905,-116.2625,-0.302,ci9163716
2000-09-21 03:06:10.650000+00:00,3.06,34.5328333,-116.28,1.01,ci9163755
2000-09-21 18:07:34.150000+00:00,2.78,35.8468333,-120.3948333,6.341,nc30222216
2000-09-21 18:08:58.630000+00:00,3.28,35.8471667,-120.3955,6.411,nc30222214
2000-09-21 19:21:26.440000+00:00,2.95,32.2586667,-115.8328333,5.959,ci9163825
2000-09-23 18:50:12.070000+00:00,2.65,32.1138333,-115.1316667,5.963,ci9164002
2000-09-23 19:07:57.150000+00:00,2.52,32.148,-115.133,5.963,ci9164005
2000-09-23 19:34:09.160000+00:00,3.15,32.1375,-115.136,5.963,ci9164007
2000-09-24 18:34:40.640000+00:00,3.23,34.45,-116.2593333,4.401,ci9164126
2000-09-25 04:00:21.890000+00:00,3.01,34.1691667,-117.7336667,7.976,ci9164156
2000-09-26 16:58:17.920000+00:00,2.9,34.9353333,-116.4143333,1.993,ci9164336
2000-09-26 16:58:38.760000+00:00,3.12,34.9323333,-116.419,2.08,ci3326919
2000-09-26 16:58:52.530000+00:00,2.7,34.939,-116.4511667,2.996,ci12152575
2000-09-27 07:04:03.140000+00:00,2.61,34.9321667,-116.4121667,1.78,ci9164391
2000-09-29 09:57:31.850000+00:00,3.32,33.2978333,-116.2338333,12.068,ci9164642
2000-10-01 04:46:19.030000+00:00,3.9,32.125,-115.152,5.973,ci9164821
2000-10-01 20:16:52+00:00,2.83,32.139,-115.139,5.973,ci7204337
2000-10-02 04:38:06.060000+00:00,2.64,34.625,-116.648,4.913,ci9164919
2000-10-02 06:59:09.720000+00:00,2.54,32.7278333,-115.9598333,0.159,ci7204367
2000-10-02 12:17:02.800000+00:00,2.88,33.135,-116.459,10.874,ci9164964
2000-10-02 15:40:50.910000+00:00,2.64,36.0676667,-117.876,1.465,ci9164961
2000-10-03 02:44:02.990000+00:00,3.54,35.7835,-117.651,2.758,ci9165019
2000-10-03 03:29:15.230000+00:00,2.53,35.785,-117.6461667,3.038,ci9165025
2000-10-03 05:06:57.640000+00:00,2.72,34.4866667,-116.3263333,5.428,ci9165021
2000-10-03 12:47:26.180000+00:00,3.06,32.158,-115.138,5.973,ci9165086
2000-10-03 22:26:13.930000+00:00,2.54,34.665,-116.353,1.304,ci9165114
2000-10-05 05:30:04.380000+00:00,2.56,32.1671667,-115.4725,5.972,ci9165206
2000-10-05 11:15:52.030000+00:00,2.78,34.931,-116.425,-0.889,ci9165221
2000-10-08 00:17:50.880000+00:00,3.11,35.275,-119.033,20.157,ci9165420
2000-10-08 00:50:16.430000+00:00,3.12,34.796,-116.2721667,5.321,ci9165424
2000-10-11 06:36:14.500000+00:00,2.58,34.565,-116.265,0.587,ci9165622
2000-10-11 17:28:48.680000+00:00,2.51,34.5551667,-118.8966667,19.253,ci9165651
2000-10-11 17:47:18.480000+00:00,2.51,34.5483333,-118.9036667,20.423,ci9165655
2000-10-11 19:30:48.410000+00:00,2.93,35.6135,-119.5003333,5.415,ci9165664
2000-10-12 15:30:52.900000+00:00,2.56,33.3851667,-116.96,12.99,ci9165744
2000-10-12 16:51:19.190000+00:00,3.86,34.5598333,-118.9021667,25.063,ci9165761
2000-10-13 11:37:36.910000+00:00,2.89,33.1915,-115.5691667,4.011,ci9165834
2000-10-14 15:32:21.340000+00:00,3.01,32.001,-114.856,5.972,ci9165939
2000-10-15 03:32:44.300000+00:00,2.68,36.32,-118.045,-1.163,ci9165966
2000-10-17 13:21:21.050000+00:00,2.51,34.541,-118.8946667,20.099,ci9166154
2000-10-17 18:58:32.290000+00:00,2.7,33.8685,-117.859,9.304,ci9166187
2000-10-17 21:30:07.080000+00:00,2.66,34.5521667,-118.8991667,20.812,ci9166203
2000-10-17 21:51:35.180000+00:00,2.61,34.5441667,-118.9018333,20.292,ci7205686
2000-10-18 00:07:36.170000+00:00,2.51,36.3463333,-120.9136667,3.361,nc21130272
2000-10-18 10:53:30+00:00,2.6,33.98,-116.8365,16.361,ci9166227
2000-10-20 08:41:04.560000+00:00,2.6,33.193,-115.573,2.912,ci9166400
2000-10-20 14:02:49.559000+00:00,3.4,36.585,-116.2626,4.9,nn00017978
2000-10-22 08:47:48.990000+00:00,2.6,36.1346667,-120.2161667,8.642,nc21130945
2000-10-22 14:54:11.530000+00:00,3.42,35.4691667,-116.4388333,3.591,ci9166573
2000-10-22 14:54:25.880000+00:00,3.45,35.4721667,-116.4463333,5.08,ci3327302
2000-10-26 11:53:59.680000+00:00,2.99,34.1498333,-116.4216667,8.156,ci9166913
2000-10-28 04:18:58.890000+00:00,2.5,32.056,-116.305,5.675,ci9167045
2000-10-28 14:00:44.890000+00:00,2.99,33.9748333,-116.9576667,13.411,ci9167093
2000-10-28 21:00:53.260000+00:00,2.6,34.645,-116.2933333,1.634,ci9167129
2000-10-29 01:01:09.370000+00:00,2.65,34.5181667,-116.1955,3.51,ci9167138
2000-10-29 03:59:37.730000+00:00,2.71,32.4243333,-115.3428333,5.997,ci9167142
2000-10-29 04:02:48.230000+00:00,2.9,32.4021667,-115.329,6.007,ci9167156
2000-10-29 15:27:48.450000+00:00,2.62,34.5195,-116.192,3.9,ci9167197
2000-10-29 17:37:30.340000+00:00,2.61,33.4881667,-116.5093333,13.228,ci7206641
2000-10-29 17:37:44.960000+00:00,2.61,33.5,-116.506,12.419,ci3327615
2000-10-29 20:13:11.100000+00:00,3.24,32.418,-115.338,6.007,ci9167218
2000-10-30 18:32:30.500000+00:00,2.52,32.3888333,-115.328,5.997,ci9167266
2000-10-30 23:37:19.070000+00:00,3.16,34.9598333,-120.7258333,1.655,nc21131946
2000-11-01 18:23:50.930000+00:00,2.99,34.7983333,-116.2661667,3.573,ci9167406
2000-11-02 09:53:02.630000+00:00,3.4,32.4061667,-115.329,6.007,ci3327622
2000-11-02 09:59:55.580000+00:00,2.62,32.421,-115.337,5.997,ci9167450
2000-11-02 10:08:46.740000+00:00,2.7,32.4038333,-115.3321667,6.007,ci9167451
2000-11-02 10:45:43.010000+00:00,2.63,32.418,-115.3335,6.007,ci9167453
2000-11-02 10:48:49.030000+00:00,2.82,32.3801667,-115.3318333,6.007,ci9167472
2000-11-02 10:49:22.020000+00:00,3.56,32.38,-115.321,6.007,ci9167454
2000-11-02 11:01:45.510000+00:00,2.52,32.3915,-115.3356667,6.007,ci9167455
2000-11-02 11:30:53.230000+00:00,2.59,32.403,-115.329,5.997,ci9167457
2000-11-02 11:51:10.780000+00:00,2.71,32.4146667,-115.328,6.007,ci9167479
2000-11-02 11:57:46.560000+00:00,2.68,32.3975,-115.3308333,6.007,ci9167464
2000-11-03 16:18:18.080000+00:00,2.63,32.46,-115.329,5.997,ci9167574
2000-11-04 01:20:44.100000+00:00,2.88,32.3821667,-115.3281667,6.007,ci9167631
2000-11-04 01:21:14.410000+00:00,3.3,32.4136667,-115.3283333,6.007,ci9167643
2000-11-04 07:50:59.270000+00:00,2.59,32.4131667,-115.343,6.007,ci9167661
2000-11-04 08:13:27.420000+00:00,2.55,34.0343333,-116.435,9.668,ci9167674
2000-11-04 09:00:08.240000+00:00,2.56,32.4148333,-115.341,6.007,ci3327855
2000-11-06 14:44:08.310000+00:00,3.27,32.408,-115.336,6.007,ci9167829
2000-11-06 15:56:47.510000+00:00,2.75,32.399,-115.332,5.997,ci9167823
2000-11-07 12:55:06.010000+00:00,2.78,34.3531667,-116.9001667,2.899,ci9167896
2000-11-08 11:18:18.780000+00:00,2.5,32.4256667,-115.3375,5.987,ci9167985
2000-11-08 12:05:54.200000+00:00,2.69,34.3918333,-116.1718333,2.846,ci9168003
2000-11-09 13:01:39.550000+00:00,2.51,34.336,-116.4788333,3.797,ci9168119
2000-11-11 10:18:19.060000+00:00,2.82,32.8231667,-118.3573333,5.662,ci9168244
2000-11-12 07:27:06.290000+00:00,2.88,34.9598333,-116.8371667,2.439,ci9168297
2000-11-12 23:07:41.310000+00:00,2.5,32.431,-115.3423333,5.954,ci9168333
2000-11-13 08:27:02.980000+00:00,2.75,32.3925,-115.316,5.967,ci9168378
2000-11-13 09:22:54.460000+00:00,2.91,32.4111667,-115.3285,5.987,ci9168383
2000-11-13 09:52:18.370000+00:00,2.61,32.4228333,-115.3315,6.007,ci9168369
2000-11-13 23:06:03.110000+00:00,2.66,33.6426667,-117.946,5.1,ci9168424
2000-11-19 12:47:15.920000+00:00,2.82,34.5601667,-118.9058333,25.193,ci7208273
2000-11-21 04:26:00.920000+00:00,2.85,32.731,-115.939,2.209,ci9169032
2000-11-21 14:14:02.670000+00:00,2.83,34.512,-118.6816667,17.606,ci9169053
2000-11-21 20:39:42.059000+00:00,3.0,36.4892,-116.2175,5.3,nn00019844
2000-11-22 13:07:47.690000+00:00,2.79,34.064,-116.737,13.544,ci9169142
2000-11-22 22:21:03.560000+00:00,2.5,33.662,-117.953,5.189,ci9169173
2000-11-23 00:45:23.180000+00:00,2.83,33.495,-116.84,10.309,ci9169180
2000-11-23 22:58:16.370000+00:00,3.3,36.0,-120.0,5.435,ci9169225
2000-11-25 18:01:03.180000+00:00,3.12,32.347,-115.283,5.664,ci9169337
2000-11-27 16:48:51.410000+00:00,2.54,33.2738333,-116.0048333,3.871,ci9169449
2000-11-27 18:48:23+00:00,2.58,32.54,-115.304,5.094,ci9169453
2000-11-28 09:01:52.800000+00:00,2.58,34.145,-116.722,7.543,ci9169503
2000-11-28 18:13:42.630000+00:00,2.61,34.0983333,-117.3095,15.259,ci9169536
2000-11-28 22:36:11.850000+00:00,2.54,36.0661667,-117.6468333,0.179,ci9169568
2000-11-29 15:38:27.440000+00:00,2.73,34.6775,-117.2466667,4.554,ci9169623
2000-11-30 06:19:52.790000+00:00,3.54,32.279,-115.246,5.987,ci9169694
2000-11-30 14:08:04.120000+00:00,2.95,35.9055,-120.4488333,5.645,nc21136545
2000-11-30 19:31:50.520000+00:00,2.51,32.5203333,-117.4201667,5.571,ci9169737
2000-12-01 00:01:09.100000+00:00,3.0,36.051,-114.98,6.0,usp000a5a0
2000-12-02 08:28:07.470000+00:00,4.07,34.2656667,-116.7773333,1.305,ci9169867
2000-12-04 14:44:37.210000+00:00,4.06,32.278,-114.884,5.094,ci9169996
2000-12-05 21:18:46.860000+00:00,3.3,36.071,-117.892,5.4,usp000a5jn
2000-12-06 03:27:22.670000+00:00,2.64,35.87,-119.0703333,19.588,ci9170191
2000-12-06 04:04:25.360000+00:00,2.99,32.155,-115.098,5.963,ci9170193
2000-12-07 03:55:11.980000+00:00,2.89,34.792,-118.881,13.403,ci9170284
2000-12-07 15:37:26.040000+00:00,2.91,36.242,-120.8026667,6.126,nc21137763
2000-12-10 12:09:20.760000+00:00,2.8,34.096,-117.437,1.667,ci9170508
2000-12-10 18:27:09.150000+00:00,3.18,34.09,-116.425,6.866,ci9170521
2000-12-10 19:37:06.360000+00:00,2.75,34.0508333,-117.257,14.906,ci9170514
2000-12-11 11:23:49.540000+00:00,2.64,34.01,-116.697,10.238,ci9170565
2000-12-11 14:58:11.520000+00:00,2.84,35.2556667,-118.5713333,4.612,ci9170582
2000-12-11 18:04:27.920000+00:00,3.39,34.009,-116.698,11.128,ci9170603
2000-12-13 16:43:56.320000+00:00,2.65,34.3975,-116.159,5.966,ci9170752
2000-12-13 23:35:56.090000+00:00,2.53,33.856,-117.516,-0.642,ci9170798
2000-12-14 01:05:48.250000+00:00,2.52,33.3841667,-117.8236667,13.433,ci9170801
2000-12-14 06:50:50.570000+00:00,2.62,34.562,-116.273,-0.62,ci9170813
2000-12-14 07:43:19.180000+00:00,2.54,34.7253333,-117.0433333,2.963,ci9170814
2000-12-16 04:33:06.010000+00:00,2.61,32.583,-116.162,8.685,ci9170987
2000-12-16 10:33:13.470000+00:00,2.6,33.7196667,-116.1866667,5.094,ci9170989
2000-12-17 02:46:11.950000+00:00,3.24,35.5783333,-117.1626667,4.784,ci9171064
2000-12-17 11:19:41.720000+00:00,2.52,35.01,-118.453,7.437,ci9171071
2000-12-17 16:56:18+00:00,2.94,32.1428333,-115.0958333,5.963,ci9171093
2000-12-18 17:39:23.610000+00:00,3.18,32.557,-115.518,15.269,ci9171196
2000-12-18 18:42:17.380000+00:00,2.78,35.312,-119.4403333,5.282,ci9171215
2000-12-18 18:43:45.520000+00:00,2.61,35.327,-119.433,5.189,ci9171216
2000-12-19 02:21:22.720000+00:00,2.96,32.0275,-116.3391667,5.282,ci7210456
2000-12-19 06:42:44.770000+00:00,2.89,35.0878333,-117.0176667,2.797,ci7210459
2000-12-21 06:06:19.400000+00:00,2.91,32.936,-116.24,11.317,ci9171475
2000-12-22 12:06:43.410000+00:00,2.8,32.393,-115.3255,6.015,ci9171592
2000-12-22 13:40:21.480000+00:00,2.62,32.424,-115.335,6.015,ci9171588
2000-12-22 20:30:16.500000+00:00,2.91,32.406,-115.339,6.007,ci9171616
2000-12-22 23:58:00.160000+00:00,2.73,36.0771667,-120.6375,4.356,nc21140267
2000-12-23 09:08:53.170000+00:00,3.28,34.0511667,-117.2471667,15.211,ci9171641
2000-12-23 13:52:23.910000+00:00,3.1,34.436,-119.015,11.426,ci9171653
2000-12-24 01:04:21.870000+00:00,4.42,34.918,-119.02,12.876,ci9171679
2000-12-24 16:33:54.540000+00:00,2.58,34.9605,-120.7183333,3.119,nc21140549
2000-12-24 18:59:50.170000+00:00,2.88,32.026,-116.102,5.675,ci9171714
2000-12-25 05:20:59.120000+00:00,3.36,34.9288333,-116.9186667,1.778,ci9171773
2000-12-26 10:52:34.670000+00:00,3.05,33.552,-118.204,5.879,ci9171835
2000-12-26 21:27:56.330000+00:00,2.99,34.313,-116.864,2.318,ci7210940
2000-12-27 00:27:14.100000+00:00,4.0,32.726,-118.068,5.773,ci7210945
2000-12-27 00:46:03.810000+00:00,2.93,32.677,-118.191,5.924,ci9171864
2000-12-27 10:38:50.140000+00:00,2.81,32.612,-118.151,5.639,ci9171899
2000-12-27 11:27:49.100000+00:00,2.6,34.5845,-116.258,-0.9,ci9171901
2000-12-29 21:00:56.860000+00:00,3.01,33.1858333,-115.5993333,2.882,ci9172162
2000-12-30 11:14:13.580000+00:00,2.6,34.043,-117.2506667,15.29,ci9172187
2000-12-31 07:52:23.510000+00:00,2.58,34.424,-116.1973333,2.996,ci9172241
2000-12-31 13:39:11.310000+00:00,2.51,33.413,-117.232,12.14,ci9172247
2001-01-01 03:06:16.670000+00:00,2.84,34.06,-116.712,12.294,ci9172305
2001-01-01 03:22:45.080000+00:00,2.9,35.701,-118.231,12.116,ci9608509
2001-01-01 10:54:55.150000+00:00,2.99,33.157,-115.635,1.365,ci9608589
2001-01-02 03:09:58.670000+00:00,2.55,34.361,-116.139,4.246,ci9172375
2001-01-02 05:22:44.990000+00:00,2.69,35.3,-119.443,5.252,ci9172370
2001-01-02 17:37:13.920000+00:00,2.86,33.301,-116.204,0.67,ci9172415
2001-01-04 00:35:40.750000+00:00,2.51,32.472,-115.262,5.997,ci9609217
2001-01-04 12:22:49.360000+00:00,3.11,36.505,-117.909,4.427,ci9172626
2001-01-04 12:23:31.100000+00:00,3.4,36.494,-117.922,4.147,ci3329708
2001-01-04 18:39:19.640000+00:00,2.73,34.446,-116.259,1.291,ci9172635
2001-01-06 07:21:01.890000+00:00,2.5,36.0311667,-120.8815,11.792,nc21142522
2001-01-06 07:21:57.560000+00:00,2.78,36.03,-120.8798333,13.542,nc30222518
2001-01-06 08:13:32.210000+00:00,2.61,34.0045,-116.4166667,8.707,ci9610117
2001-01-07 07:19:19.470000+00:00,3.2,32.09,-114.991,5.981,ci7211677
2001-01-07 07:19:23.150000+00:00,3.2,32.3113333,-114.9235,5.981,ci9610589
2001-01-08 12:43:57.030000+00:00,2.56,32.806,-118.856,5.677,ci9172857
2001-01-09 02:51:22.260000+00:00,2.74,34.081,-117.8,4.392,ci9172915
2001-01-09 22:38:26.070000+00:00,2.54,36.241,-117.88,1.009,ci9172967
2001-01-10 21:45:32.200000+00:00,2.71,33.565,-118.327,5.849,ci9612109
2001-01-11 00:36:34.030000+00:00,2.74,32.072,-115.003,5.981,ci9612273
2001-01-14 02:26:14.060000+00:00,4.26,34.284,-118.404,8.545,ci9173365
2001-01-14 02:27:50.570000+00:00,2.6,34.2811667,-118.4031667,7.74,ci9613233
2001-01-14 02:38:47.320000+00:00,2.83,35.271,-118.583,1.291,ci9613253
2001-01-14 02:50:53.690000+00:00,4.05,34.289,-118.403,8.185,ci9173374
2001-01-14 12:05:35.670000+00:00,2.51,32.836,-116.12,9.588,ci9173404
2001-01-14 15:12:40.110000+00:00,2.64,32.968,-115.892,8.444,ci9613337
2001-01-15 19:40:21.580000+00:00,2.62,33.689,-116.728,17.901,ci9613569
2001-01-16 08:04:56.650000+00:00,2.87,34.0455,-117.251,15.779,ci9613629
2001-01-18 15:12:47.380000+00:00,3.83,36.9503333,-118.503,5.517,ci9614449
2001-01-18 19:21:16.770000+00:00,2.5,34.702,-120.7473333,5.203,ci9614537
2001-01-22 10:14:37.440000+00:00,2.5,33.1945,-115.5788333,3.932,ci9615649
2001-01-22 10:58:02.250000+00:00,2.77,33.1945,-115.5788333,3.122,ci9615661
2001-01-22 10:59:57.520000+00:00,2.61,33.2033333,-115.6151667,3.562,ci9615669
2001-01-25 01:53:38.790000+00:00,2.8,32.0781667,-114.8293333,6.975,ci9616661
2001-01-27 07:18:09.860000+00:00,2.99,34.7091667,-116.311,4.562,ci9617949
2001-01-27 18:38:09.970000+00:00,2.87,36.1683333,-120.7343333,8.717,nc21145031
2001-01-28 03:21:00.090000+00:00,2.62,34.0235,-117.258,15.669,ci9618721
2001-01-29 09:39:48.360000+00:00,2.5,34.974,-116.7978333,4.595,ci9619817
2001-01-29 19:49:32.640000+00:00,2.73,34.5586667,-116.2753333,4.286,ci9620189
2001-01-30 01:47:06.110000+00:00,2.96,33.8486667,-117.6496667,4.477,ci9620693
2001-01-31 01:41:24.170000+00:00,2.7,32.092,-115.397,6.962,ci9621325
2001-02-01 02:45:55.580000+00:00,2.56,33.1641667,-115.6436667,4.245,ci9621817
2001-02-01 02:49:50.820000+00:00,2.93,33.162,-115.6408333,2.725,ci9621821
2001-02-03 04:19:14.860000+00:00,2.71,33.9298333,-116.8281667,8.917,ci9622845
2001-02-03 17:11:11.570000+00:00,2.7,32.4075,-115.2055,7.001,ci9623161
2001-02-04 03:29:02.595000+00:00,3.3,36.1393,-115.3366,8.0,nn00023590
2001-02-04 03:57:32.240000+00:00,2.58,32.5901667,-116.188,5.033,ci9623521
2001-02-04 06:27:28.250000+00:00,2.67,32.167,-115.0831667,6.963,ci9623541
2001-02-04 09:15:23.290000+00:00,2.62,34.2706667,-118.4598333,9.151,ci9623577
2001-02-05 11:54:18.390000+00:00,3.44,32.3515,-117.6721667,5.804,ci9624197
2001-02-09 10:08:14.070000+00:00,2.78,35.8728333,-118.0896667,9.555,ci9626273
2001-02-09 21:51:46.030000+00:00,2.58,34.413,-118.4353333,8.57,ci9626517
2001-02-10 07:41:47.380000+00:00,2.87,34.2945,-116.9446667,4.839,ci9627073
2001-02-10 17:50:22.380000+00:00,3.89,33.8151667,-116.1463333,7.868,ci9627557
2001-02-10 19:42:54.170000+00:00,2.98,34.704,-116.306,4.489,ci9627649
2001-02-10 21:05:05.780000+00:00,4.66,34.2895,-116.9458333,7.611,ci9627721
2001-02-10 21:25:28.490000+00:00,2.79,34.2906667,-116.9436667,4.701,ci9627789
2001-02-10 21:32:58.450000+00:00,2.5,34.2968333,-116.9411667,4.239,ci9627801
2001-02-10 21:35:08.930000+00:00,3.03,34.302,-116.9313333,4.881,ci9627809
2001-02-10 23:34:15.830000+00:00,3.22,34.2838333,-116.9466667,5.309,ci9627873
2001-02-11 00:39:15.970000+00:00,4.22,34.2875,-116.9418333,6.611,ci9627953
2001-02-11 01:06:33.080000+00:00,2.93,34.2876667,-116.9418333,5.271,ci9627969
2001-02-11 02:17:40.720000+00:00,2.66,34.2848333,-116.954,6.089,ci9628049
2001-02-11 07:14:39.840000+00:00,3.19,34.2933333,-116.9366667,3.669,ci9628313
2001-02-11 10:41:15.810000+00:00,3.08,34.2951667,-116.9395,4.199,ci9628369
2001-02-11 13:30:26.530000+00:00,2.69,32.37,-115.287,5.997,ci3330277
2001-02-12 20:28:37.910000+00:00,2.67,34.2825,-116.9435,5.289,ci9628857
2001-02-13 03:04:35.640000+00:00,3.47,34.2886667,-116.9418333,4.659,ci9628901
2001-02-13 06:11:48.410000+00:00,3.56,34.2775,-116.9425,4.679,ci9628933
2001-02-13 09:16:37.930000+00:00,2.72,34.29,-116.9428333,5.179,ci9628961
2001-02-14 04:41:06.260000+00:00,2.78,34.2916667,-116.9455,5.599,ci9629117
2001-02-14 05:58:42.780000+00:00,2.95,34.2986667,-116.9413333,4.959,ci9629125
2001-02-14 14:29:27.400000+00:00,2.62,34.0548333,-119.0091667,14.048,ci9629165
2001-02-14 18:25:22.990000+00:00,2.86,34.481,-115.868,7.817,ci9629253
2001-02-14 19:25:03.790000+00:00,3.14,34.3006667,-116.9361667,3.449,ci9629261
2001-02-15 03:02:12.070000+00:00,2.54,35.9063333,-117.6841667,3.131,ci9629341
2001-02-15 06:27:00.910000+00:00,2.85,34.9631667,-120.729,1.609,nc21147931
2001-02-15 07:02:53.770000+00:00,2.54,34.6705,-116.3005,4.306,ci9629365
2001-02-15 17:55:38.230000+00:00,2.85,34.297,-116.9323333,7.339,ci9629449
2001-02-16 03:12:06.730000+00:00,2.99,36.014,-117.705,-0.768,ci9629585
2001-02-17 10:50:39.280000+00:00,2.94,34.5831667,-116.2741667,4.286,ci9629965
2001-02-18 02:27:41.740000+00:00,2.83,34.8621667,-116.4101667,2.811,ci9630081
2001-02-18 06:09:32.160000+00:00,3.29,33.6746667,-116.8088333,15.549,ci9630113
2001-02-19 17:21:19.060000+00:00,3.0,34.4868333,-116.2583333,4.286,ci9630405
2001-02-20 10:36:47.850000+00:00,3.06,33.7085,-116.7756667,15.161,ci9630517
2001-02-21 17:52:21.860000+00:00,2.96,34.4436667,-116.2831667,4.286,ci9630773
2001-02-22 13:41:07.690000+00:00,2.78,34.0546667,-117.2761667,9.173,ci9631017
2001-02-22 16:41:10.290000+00:00,2.62,36.1813333,-117.8826667,4.269,ci9631041
2001-02-24 06:09:59.830000+00:00,3.8,35.112,-117.525,2.707,ci9631385
2001-02-25 02:25:00.450000+00:00,2.72,36.377,-117.8355,4.056,ci9631557
2001-02-25 23:18:51.470000+00:00,3.26,36.6831665,-119.4331665,-0.211,ci9631733
2001-02-26 00:11:30.250000+00:00,3.26,34.7073333,-116.3006667,4.084,ci9631745
2001-02-27 23:04:13.340000+00:00,2.55,35.2465,-119.3246667,16.471,ci9632161
2001-03-01 18:38:19.510000+00:00,2.53,34.0076667,-116.691,10.52,ci9632741
2001-03-02 17:38:05.770000+00:00,3.06,34.3393333,-117.4468333,12.321,ci9632925
2001-03-02 19:34:12.250000+00:00,2.61,32.2518333,-115.6203333,5.656,ci9632945
2001-03-04 07:16:51.870000+00:00,3.18,34.0251667,-117.0033333,10.521,ci9633201
2001-03-05 19:00:34.970000+00:00,3.13,33.3748333,-116.3093333,12.869,ci9633361
2001-03-06 00:41:24.640000+00:00,2.56,34.3666667,-116.1291667,6.079,ci9633409
2001-03-06 18:52:06.010000+00:00,2.59,36.084,-117.6091667,0.729,ci9633569
2001-03-07 16:56:33+00:00,2.62,36.0858333,-117.893,2.362,ci9633789
2001-03-07 17:43:11.090000+00:00,2.58,36.0826667,-117.8945,1.163,ci9633797
2001-03-08 17:15:20.620000+00:00,2.54,35.9695,-118.2908333,10.338,ci9633961
2001-03-10 22:38:34.160000+00:00,2.56,35.1418333,-117.558,7.57,ci9634377
2001-03-11 12:10:52.720000+00:00,3.06,36.3528333,-117.4423333,4.029,ci9634469
2001-03-12 12:52:52.930000+00:00,2.62,34.63,-116.5491667,3.463,ci9634573
2001-03-13 10:04:46.830000+00:00,2.64,32.8405,-116.1415,4.765,ci9634813
2001-03-13 18:39:14.700000+00:00,2.84,33.4131667,-116.3863333,11.362,ci9634877
2001-03-14 01:19:42.090000+00:00,3.19,34.6466667,-116.2941667,4.406,ci9634937
2001-03-14 03:52:20.790000+00:00,2.68,33.218,-116.1111667,5.464,ci9634945
2001-03-15 21:01:51.380000+00:00,2.56,34.5668333,-116.2618333,4.286,ci9635209
2001-03-16 01:31:35.810000+00:00,2.59,35.1816667,-116.8043333,4.753,ci9635237
2001-03-16 10:11:59.950000+00:00,2.59,35.8463333,-118.4003333,4.132,ci9635297
2001-03-17 11:12:16.050000+00:00,3.1,32.9416667,-119.1151667,6.639,ci9635469
2001-03-17 12:43:45.750000+00:00,2.55,33.3973333,-116.4236667,11.326,ci9635477
2001-03-17 22:04:21.410000+00:00,3.45,35.7723333,-118.0343333,2.872,ci9635709
2001-03-19 04:52:04.830000+00:00,2.74,35.7628333,-118.0241667,5.202,ci9636105
2001-03-20 01:42:53.650000+00:00,2.63,35.7956667,-118.0506667,9.491,ci9636325
2001-03-20 02:07:48.560000+00:00,2.59,35.4633333,-118.5406667,7.392,ci9636329
2001-03-20 07:26:41.450000+00:00,2.5,35.5521667,-118.5138333,8.286,ci9636373
2001-03-20 13:25:36.410000+00:00,2.71,35.7865,-117.6631667,5.97,ci9636397
2001-03-21 19:39:13.180000+00:00,2.74,34.283,-116.9393333,6.609,ci9636865
2001-03-22 07:10:01.260000+00:00,3.03,36.0443333,-117.6778333,1.492,ci9636997
2001-03-22 07:12:52.830000+00:00,2.51,36.0548333,-117.6776667,1.152,ci9637005
2001-03-22 09:41:25.970000+00:00,2.63,36.0391667,-117.6795,0.572,ci9637037
2001-03-23 07:37:30.570000+00:00,2.6,34.3296667,-116.8641667,1.096,ci9637329
2001-03-23 14:34:16.640000+00:00,2.55,36.0711667,-117.644,3.069,ci9637345
2001-03-24 09:06:57.560000+00:00,3.05,34.8068333,-116.2721667,4.091,ci9638417
2001-03-25 00:41:25.210000+00:00,3.35,34.0476667,-117.5705,7.223,ci9639729
2001-03-27 02:10:17.130000+00:00,2.86,36.0853333,-117.6128333,1.529,ci9640205
2001-03-27 02:45:56.510000+00:00,2.52,33.2136667,-116.7401667,4.581,ci9640217
2001-03-28 01:02:32.400000+00:00,2.54,33.96,-117.0726667,11.773,ci11558760
2001-03-29 02:39:42.370000+00:00,2.89,34.6911667,-116.3033333,4.466,ci9640929
2001-03-29 15:54:35.460000+00:00,3.21,34.6911667,-116.3076667,4.346,ci9641025
2001-03-29 17:14:04.770000+00:00,2.51,34.7053333,-116.3098333,4.406,ci9641061
2001-03-30 04:19:57.770000+00:00,2.91,35.2833333,-118.5533333,5.299,ci9641293
2001-03-31 05:10:20+00:00,2.51,36.0498333,-117.6711667,1.372,ci9641481
2001-03-31 18:59:11.400000+00:00,2.83,32.912,-116.2465,14.304,ci9641561
2001-04-02 10:19:52.560000+00:00,3.47,33.2403333,-116.2553333,8.388,ci9641857
2001-04-03 09:02:39.360000+00:00,2.54,34.0415,-116.3305,11.225,ci9642029
2001-04-05 20:28:32.380000+00:00,3.16,33.8715,-117.0241667,12.297,ci9642449
2001-04-06 03:28:24.280000+00:00,2.66,33.3596667,-116.2471667,8.61,ci9642521
2001-04-07 23:52:43.130000+00:00,2.5,36.0153333,-117.8161667,3.482,ci9642929
2001-04-08 01:25:28.840000+00:00,3.75,36.0173333,-117.8116667,2.412,ci9642941
2001-04-08 18:26:23.500000+00:00,2.5,36.0256667,-117.8215,0.472,ci9643041
2001-04-09 00:47:29.400000+00:00,2.62,33.7805,-116.1165,5.478,ci9643121
2001-04-09 13:37:07.760000+00:00,2.52,33.7618333,-116.1543333,4.506,ci9643185
2001-04-09 14:06:24.890000+00:00,2.6,34.5353333,-116.262,4.286,ci9643197
2001-04-09 23:47:11.340000+00:00,2.88,33.8731667,-119.6778333,2.354,ci9643349
2001-04-10 00:00:58.500000+00:00,3.06,36.0446667,-117.675,0.672,ci9643353
2001-04-10 01:47:42.070000+00:00,3.17,34.5363333,-116.2668333,4.493,ci9643369
2001-04-11 11:19:20.570000+00:00,2.5,32.8855,-115.9771667,4.741,ci9643633
2001-04-11 19:53:57.880000+00:00,3.07,36.3798333,-117.8288333,4.056,ci9643685
2001-04-11 21:43:07.490000+00:00,2.64,35.9738333,-118.3215,3.882,ci9643689
2001-04-11 23:55:46.790000+00:00,3.09,36.3678333,-117.8446667,3.726,ci9643697
2001-04-12 00:04:20.830000+00:00,2.86,35.9726667,-118.321,4.025,ci9643701
2001-04-12 00:21:01.390000+00:00,3.08,35.9833333,-118.333,3.882,ci9643705
2001-04-13 02:48:42.890000+00:00,3.4,35.955,-120.5033333,9.223,nc21157989
2001-04-13 03:08:04.180000+00:00,2.87,36.0428333,-117.6733333,1.112,ci9644045
2001-04-13 11:50:12.490000+00:00,3.64,33.8776667,-117.6881667,3.197,ci9644101
2001-04-13 11:54:51.370000+00:00,3.08,34.0478333,-117.1061667,5.148,ci9644105
2001-04-14 05:47:37.440000+00:00,3.03,33.201,-115.5938333,2.505,ci9644281
2001-04-14 14:51:22.740000+00:00,3.77,35.9893333,-118.3311667,3.882,ci9644345
2001-04-14 14:54:00.370000+00:00,3.03,35.9896667,-118.3325,3.882,ci9644349
2001-04-14 14:54:45.460000+00:00,2.57,35.9761667,-118.34,3.882,ci9644353
2001-04-14 15:02:55.060000+00:00,2.69,35.9911667,-118.346,3.882,ci9644381
2001-04-14 15:03:29.340000+00:00,2.54,35.9851667,-118.3285,3.811,ci9644385
2001-04-14 15:04:46.620000+00:00,2.58,35.9856667,-118.3325,3.815,ci9644389
2001-04-14 15:07:02.560000+00:00,2.75,35.9753333,-118.3391667,3.882,ci9644393
2001-04-14 15:09:09.930000+00:00,2.54,35.9795,-118.333,3.831,ci9644397
2001-04-14 15:18:13.050000+00:00,2.73,35.9781667,-118.3231667,3.882,ci9644405
2001-04-14 15:45:21.060000+00:00,2.62,35.9895,-118.3336667,3.831,ci9644457
2001-04-14 15:45:51.210000+00:00,2.65,35.99,-118.3285,3.831,ci9644445
2001-04-14 15:51:30.800000+00:00,2.82,35.9923333,-118.3381667,3.882,ci9644465
2001-04-14 15:56:00.820000+00:00,2.64,35.9935,-118.3331667,3.882,ci9644473
2001-04-14 15:56:54.830000+00:00,2.6,35.9936667,-118.325,3.882,ci10736039
2001-04-14 15:56:57.260000+00:00,2.92,35.9883333,-118.3258333,3.831,ci9644477
2001-04-14 16:22:46.710000+00:00,2.73,35.9878333,-118.3366667,3.882,ci9644493
2001-04-14 16:25:15.990000+00:00,3.04,35.9865,-118.3311667,3.882,ci9644497
2001-04-14 16:42:53.460000+00:00,2.8,35.9888333,-118.3356667,3.882,ci9644533
2001-04-14 23:30:02.710000+00:00,2.64,35.9785,-118.3405,3.882,ci9644685
2001-04-15 01:26:05.190000+00:00,2.66,35.9785,-118.326,3.882,ci9644721
2001-04-15 08:57:55.330000+00:00,2.5,35.9883333,-118.3286667,3.882,ci9644797
2001-04-15 09:17:31.440000+00:00,2.51,34.7571667,-116.4391667,9.776,ci9644801
2001-04-15 10:46:00.890000+00:00,2.65,35.992,-118.347,3.882,ci9644813
2001-04-16 04:15:53.850000+00:00,2.55,35.9845,-118.3338333,3.882,ci9644993
2001-04-16 08:08:44.760000+00:00,3.06,36.2441667,-120.8003333,6.486,nc21158561
2001-04-16 10:43:16.740000+00:00,2.79,34.3273333,-116.4745,4.35,ci9645041
2001-04-16 16:39:12.400000+00:00,2.55,35.9825,-118.324,3.882,ci9645065
2001-04-17 05:42:55.310000+00:00,2.99,34.5668333,-115.9698333,5.056,ci9645173
2001-04-17 08:49:06.580000+00:00,3.01,35.9913333,-118.3395,3.882,ci9645193
2001-04-17 09:28:11.050000+00:00,2.83,35.9785,-118.3313333,3.882,ci9645213
2001-04-17 10:13:35.580000+00:00,2.58,35.9688333,-118.3296667,3.882,ci9645237
2001-04-17 19:39:23.450000+00:00,2.76,34.0048333,-116.8058333,18.805,ci9645333
2001-04-17 20:46:27.790000+00:00,2.94,33.1846667,-115.7106667,9.562,ci9645365
2001-04-17 23:47:46.560000+00:00,2.77,35.9831667,-118.3435,3.882,ci9645413
2001-04-18 02:23:30.690000+00:00,2.79,33.1445,-115.6396667,10.785,ci9645437
2001-04-18 03:21:08.300000+00:00,2.5,33.162,-115.6386667,9.236,ci9645465
2001-04-18 06:48:27.130000+00:00,2.62,33.224,-116.0865,11.624,ci9645497
2001-04-18 10:37:10.360000+00:00,2.7,33.015,-117.9381667,6.755,ci9645513
2001-04-19 00:59:42.650000+00:00,2.79,35.991,-118.3355,3.882,ci9645641
2001-04-19 02:20:24.840000+00:00,3.14,36.329,-118.3478333,3.762,ci9645677
2001-04-19 02:33:08.960000+00:00,2.52,35.9805,-118.329,3.882,ci9645681
2001-04-19 09:02:40.400000+00:00,3.24,34.7093333,-118.7153333,12.906,ci9645749
2001-04-20 09:52:12.270000+00:00,3.4,33.7045,-116.7761667,15.641,ci9645945
2001-04-20 23:36:56.950000+00:00,2.78,33.8765,-117.8478333,10.592,ci9646037
2001-04-21 01:45:54.740000+00:00,2.64,33.1395,-118.3995,5.832,ci9646061
2001-04-22 01:47:35.090000+00:00,2.57,36.419,-117.9068333,2.03,ci9646301
2001-04-22 10:16:31.770000+00:00,2.65,33.9188333,-118.3218333,15.025,ci9646353
2001-04-23 06:08:09.230000+00:00,2.58,34.8843333,-116.356,0.961,ci9646485
2001-04-23 16:33:48.940000+00:00,3.51,36.0248333,-117.8826667,3.331,ci9646589
2001-04-23 16:39:06.480000+00:00,2.63,36.024,-117.898,2.593,ci9646605
2001-04-23 16:44:11.450000+00:00,3.23,36.0255,-117.8953333,2.353,ci9646629
2001-04-23 19:59:52.540000+00:00,3.3,36.0258333,-117.8883333,2.573,ci9646797
2001-04-23 20:18:58.310000+00:00,2.64,36.0268333,-117.8848333,2.873,ci9646829
2001-04-23 20:32:18.050000+00:00,2.5,36.0336667,-117.8885,3.362,ci10768055
2001-04-23 20:32:22.930000+00:00,2.84,36.0205,-117.8933333,2.148,ci9646837
2001-04-23 20:34:47.580000+00:00,2.75,36.0248333,-117.8951667,2.593,ci9646841
2001-04-23 23:20:45.680000+00:00,2.81,36.0193333,-117.8946667,2.683,ci11578592
2001-04-24 01:55:43.620000+00:00,2.55,36.0241667,-117.8961667,2.513,ci9647045
2001-04-24 03:42:39.730000+00:00,2.69,36.0306667,-117.8856667,2.545,ci9647081
2001-04-24 08:56:32.090000+00:00,2.78,36.0311667,-117.8833333,3.355,ci9647217
2001-04-24 10:04:37.410000+00:00,2.83,36.025,-117.901,2.333,ci9647225
2001-04-24 11:57:00.410000+00:00,3.28,36.0156667,-119.9305,8.752,nc21160018
2001-04-24 14:37:07.020000+00:00,2.57,36.0228333,-117.8973333,2.313,ci9647337
2001-04-24 15:49:28.280000+00:00,2.84,36.031,-117.8838333,2.353,ci9647365
2001-04-24 18:38:41.910000+00:00,2.53,36.0215,-117.8986667,2.213,ci9647437
2001-04-25 01:13:42.790000+00:00,3.26,34.6478333,-116.2796667,4.854,ci9647549
2001-04-25 02:23:01.290000+00:00,2.5,36.0228333,-117.9021667,2.018,ci9647561
2001-04-26 09:05:56.940000+00:00,2.63,36.0116667,-119.9545,5.105,nc21160492
2001-04-27 05:20:52.420000+00:00,2.69,35.9425,-117.6856667,1.985,ci9648193
2001-04-27 05:36:18.860000+00:00,2.84,36.026,-117.8976667,2.253,ci9648201
2001-04-27 09:50:16.310000+00:00,2.54,33.858,-117.6608333,6.257,ci9648253
2001-04-27 12:18:04.060000+00:00,2.92,35.883,-120.4265,5.601,nc21160779
2001-04-28 05:54:26.720000+00:00,2.78,35.4635,-120.7701667,4.085,nc21160912
2001-04-28 09:30:09.380000+00:00,2.67,33.8753333,-117.692,3.222,ci9648541
2001-04-29 13:53:01+00:00,2.57,33.9933333,-117.1725,14.677,ci9648749
2001-04-29 14:07:25.010000+00:00,2.55,33.5893333,-117.6398333,7.029,ci9648761
2001-04-29 16:09:40.030000+00:00,2.61,35.6825,-118.453,9.125,ci9648773
2001-04-30 19:04:34.200000+00:00,2.69,34.302,-118.455,10.376,ci9648981
2001-05-01 07:07:51.620000+00:00,2.5,34.078,-117.856,13.571,ci9649073
2001-05-01 23:59:28.640000+00:00,2.67,36.0221667,-117.8935,3.433,ci9649281
2001-05-02 03:01:14.540000+00:00,2.81,35.1093333,-119.1125,5.72,ci9649297
2001-05-02 14:26:01.870000+00:00,2.8,35.383,-119.41,6.319,ci9649393
2001-05-03 02:35:40.780000+00:00,2.57,36.5668333,-118.1935,4.078,ci9649517
2001-05-03 07:32:36.620000+00:00,2.74,34.2815,-118.3981667,9.712,ci9649557
2001-05-04 23:26:13.820000+00:00,2.75,36.2468333,-120.3285,8.659,nc21162100
2001-05-06 03:54:40.170000+00:00,2.86,34.2951667,-116.4595,3.567,ci9650133
2001-05-06 16:10:25.030000+00:00,2.74,35.9668333,-118.3446667,3.882,ci9650301
2001-05-06 16:40:38.090000+00:00,2.66,34.0275,-117.5666667,7.953,ci9650309
2001-05-06 23:23:16.520000+00:00,2.63,34.3003333,-118.4531667,9.876,ci9650389
2001-05-07 04:42:02.860000+00:00,2.54,34.879,-116.3715,3.341,ci9650433
2001-05-07 08:00:57.590000+00:00,2.77,33.2138333,-116.0673333,10.634,ci9650513
2001-05-08 13:28:46.100000+00:00,2.93,35.9921667,-118.3456667,3.882,ci9650917
2001-05-11 13:29:45.410000+00:00,2.73,36.0696667,-117.8548333,0.468,ci9651769
2001-05-11 16:52:27.440000+00:00,2.6,34.4023333,-120.2891667,4.641,ci9651813
2001-05-12 13:51:32.340000+00:00,2.53,36.0675,-117.8548333,1.594,ci9652109
2001-05-13 23:36:46.240000+00:00,2.56,33.664,-116.773,12.141,ci9652369
2001-05-14 17:13:30.290000+00:00,3.84,34.2261667,-117.4396667,8.218,ci9652545
2001-05-14 19:27:36.330000+00:00,2.62,34.0051667,-117.1843333,8.054,ci9652573
2001-05-15 20:50:36.960000+00:00,2.58,36.0225,-117.9,2.338,ci9652929
2001-05-17 19:49:46.630000+00:00,3.02,35.7988333,-118.0446667,6.83,ci9653261
2001-05-17 20:47:58.940000+00:00,3.57,35.7985,-118.0398333,4.344,ci9653293
2001-05-17 20:53:47.860000+00:00,2.68,35.8001667,-118.0438333,8.134,ci9653301
2001-05-17 21:14:30.630000+00:00,3.0,35.7948333,-118.0428333,6.702,ci9653329
2001-05-17 21:53:45.570000+00:00,4.25,35.799,-118.0436667,7.54,ci9653349
2001-05-17 21:56:38.600000+00:00,2.92,35.8043333,-118.0435,10.089,ci9653353
2001-05-17 22:29:08.510000+00:00,2.99,35.8028333,-118.0435,8.47,ci9653441
2001-05-17 22:31:37.550000+00:00,2.88,35.8003333,-118.044,8.54,ci9653457
2001-05-17 22:55:55.710000+00:00,2.57,35.8,-118.0418333,8.74,ci9653489
2001-05-17 22:56:45.850000+00:00,4.1,35.796,-118.0461667,7.192,ci9653493
2001-05-17 23:00:15.710000+00:00,2.77,35.7935,-118.047,6.292,ci9653501
2001-05-17 23:02:55.920000+00:00,2.54,35.8036667,-118.0568333,7.201,ci9653509
2001-05-17 23:03:55.840000+00:00,2.73,35.797,-118.0425,7.412,ci9653513
2001-05-17 23:06:37+00:00,2.7,35.788,-118.047,3.082,ci9653517
2001-05-17 23:23:38.460000+00:00,3.15,35.794,-118.0486667,7.882,ci9653565
2001-05-17 23:33:49.030000+00:00,2.79,35.7938333,-118.0485,7.592,ci9653577
2001-05-17 23:37:21.210000+00:00,2.58,35.7966667,-118.0463333,7.836,ci9653589
2001-05-18 00:09:53.080000+00:00,2.54,35.8028333,-118.0453333,8.55,ci9653617
2001-05-18 01:24:24.600000+00:00,3.14,35.7981667,-118.045,6.59,ci10856059
2001-05-18 02:17:10.790000+00:00,2.63,35.799,-118.0476667,7.542,ci9653725
2001-05-18 02:27:55.660000+00:00,3.03,35.8021667,-118.0445,8.0,ci9653733
2001-05-18 04:19:29.870000+00:00,2.61,35.7908333,-118.0451667,6.652,ci9653769
2001-05-18 09:39:12.330000+00:00,2.75,35.8015,-118.046,7.69,ci9653857
2001-05-18 18:56:32.800000+00:00,2.5,35.7951667,-118.05,6.736,ci10856055
2001-05-18 22:49:44.070000+00:00,2.63,35.8,-118.0455,7.281,ci9654081
2001-05-19 16:41:12.550000+00:00,2.64,36.0653333,-117.856,1.444,ci9654281
2001-05-20 13:20:33.880000+00:00,2.51,33.0131667,-115.998,8.142,ci9654521
2001-05-20 14:54:06.740000+00:00,2.92,35.0205,-119.14,1.931,ci9654541
2001-05-22 01:25:46.960000+00:00,2.68,35.8111667,-120.5426667,6.161,ci9654805
2001-05-22 14:38:55.640000+00:00,2.66,32.031,-115.7981667,6.104,ci9654937
2001-05-23 07:03:00.530000+00:00,2.96,34.7248333,-116.301,3.939,ci9655053
2001-05-23 17:52:48.890000+00:00,2.75,35.9886667,-118.3326667,3.882,ci9655177
2001-05-23 19:10:34.500000+00:00,3.78,34.0238333,-116.7571667,13.185,ci9655209
2001-05-23 19:26:10.580000+00:00,2.67,34.0215,-116.752,14.455,ci9655221
2001-05-23 19:32:22.740000+00:00,2.55,34.0263333,-116.7615,12.565,ci9655233
2001-05-23 23:59:48.760000+00:00,2.51,35.8001667,-118.0441667,7.01,ci9655289
2001-05-24 12:32:49.050000+00:00,2.89,34.7196667,-116.3031667,2.869,ci9655473
2001-05-24 18:36:29.050000+00:00,2.64,35.7956667,-118.049,7.732,ci9655537
2001-05-24 21:52:41.400000+00:00,2.73,34.6616667,-116.3236667,4.489,ci9655597
2001-05-25 08:21:57.380000+00:00,2.52,35.7953333,-118.0453333,6.232,ci9655709
2001-05-25 08:44:10.580000+00:00,2.8,35.7936667,-118.0501667,7.182,ci9655717
2001-05-25 18:35:32.920000+00:00,2.57,34.6151667,-116.5933333,7.429,ci9655817
2001-05-25 19:21:43.780000+00:00,2.61,33.6328333,-117.8268333,16.714,ci9655829
2001-05-26 00:37:09.840000+00:00,3.09,33.9976667,-116.5606667,11.368,ci9655873
2001-05-26 07:29:24.790000+00:00,2.5,33.7206667,-116.8716667,2.616,ci9655925
2001-05-28 23:30:50.460000+00:00,2.58,35.8015,-118.0475,7.62,ci9656997
2001-05-28 23:46:04.630000+00:00,2.5,35.8046667,-118.0468333,7.75,ci9657005
2001-05-30 21:18:20.660000+00:00,2.62,35.8856667,-118.0045,1.811,ci11598268
2001-05-31 13:10:12.450000+00:00,2.5,33.5425,-116.5675,11.259,ci11598664
2001-05-31 17:23:14.310000+00:00,2.7,34.0043333,-117.2175,15.995,ci11598712
2001-05-31 21:14:13.550000+00:00,2.82,35.0375,-119.1705,4.434,ci11598724
2001-05-31 23:14:55.220000+00:00,2.66,36.5396667,-120.691,8.403,nc21167522
2001-06-02 08:37:00.580000+00:00,2.64,33.991,-118.8518333,13.817,ci9658161
2001-06-02 17:36:42.110000+00:00,2.52,32.992,-116.3611667,11.644,ci9658217
2001-06-04 20:21:28.180000+00:00,2.55,35.9893333,-118.3341667,3.882,ci9658597
2001-06-04 20:21:48.090000+00:00,2.8,35.9886667,-118.3246667,3.882,ci10896055
2001-06-04 20:22:47.020000+00:00,2.51,35.9825,-118.328,3.882,ci9658593
2001-06-04 20:46:53.240000+00:00,2.69,35.9825,-118.3315,3.882,ci9658601
2001-06-05 09:38:46.080000+00:00,3.15,33.6776667,-116.7603333,15.101,ci9658681
2001-06-06 04:12:43.210000+00:00,3.0,35.7991667,-118.0451667,8.62,ci11610848
2001-06-07 18:21:03.990000+00:00,2.76,36.0788333,-120.6426667,2.596,nc21168939
2001-06-07 18:28:30.410000+00:00,3.06,33.0316667,-115.5948333,12.391,ci9659133
2001-06-07 19:00:24.610000+00:00,2.56,35.5743333,-118.3925,0.752,ci9659145
2001-06-08 06:42:06.980000+00:00,2.74,34.0405,-117.0918333,10.823,ci9659241
2001-06-08 23:15:27.660000+00:00,3.12,34.5686667,-116.2313333,6.077,ci9659389
2001-06-09 02:34:00.810000+00:00,3.16,34.2256667,-117.4641667,13.942,ci9659437
2001-06-09 03:18:17.280000+00:00,2.77,34.3368333,-116.47,2.707,ci9659441
2001-06-10 04:23:32.830000+00:00,3.01,36.0295,-117.8858333,2.104,ci9659661
2001-06-10 22:13:10.530000+00:00,2.58,36.0276667,-117.7768333,1.17,ci9659897
2001-06-12 05:37:24.310000+00:00,2.67,36.0286667,-117.8846667,3.814,ci9660165
2001-06-12 12:08:23.810000+00:00,3.07,33.6875,-116.8163333,14.159,ci9660205
2001-06-13 07:44:14.480000+00:00,3.35,32.7293333,-115.4138333,16.916,ci9660449
2001-06-13 09:43:59.910000+00:00,2.53,32.1911667,-116.511,6.285,ci9660457
2001-06-13 18:43:28.120000+00:00,2.85,33.3448333,-116.345,13.362,ci9660589
2001-06-13 18:50:35.890000+00:00,2.83,33.3413333,-116.34,12.782,ci9660597
2001-06-13 21:36:32.890000+00:00,2.52,35.805,-120.5956667,6.243,ci9660665
2001-06-15 02:25:24.870000+00:00,2.53,35.8438333,-117.6228333,3.325,ci9661105
2001-06-15 06:30:13.550000+00:00,2.7,33.3265,-118.7301667,5.425,ci9661153
2001-06-15 21:17:26.130000+00:00,2.67,34.66,-116.2918333,4.529,ci9661445
2001-06-16 23:49:58.400000+00:00,2.69,35.8425,-117.6203333,3.675,ci9661949
2001-06-17 18:21:34.010000+00:00,2.54,33.3848333,-116.3626667,5.232,ci9662433
2001-06-17 23:46:25.400000+00:00,2.67,32.4373333,-115.2855,7.001,ci9662513
2001-06-18 00:24:18.570000+00:00,2.65,35.935,-117.6823333,2.111,ci9662589
2001-06-18 05:52:32.960000+00:00,2.58,35.798,-118.0393333,6.2,ci9662697
2001-06-18 09:22:17.930000+00:00,2.73,34.3041667,-116.9323333,5.779,ci9662841
2001-06-18 11:24:07.610000+00:00,2.6,32.3778333,-115.2818333,7.006,ci9662917
2001-06-18 17:27:31.590000+00:00,2.56,32.0015,-115.7645,6.951,ci9662981
2001-06-19 00:10:13.960000+00:00,3.0,32.2615,-116.4211667,5.554,ci9663033
2001-06-19 01:42:23.810000+00:00,2.56,33.3056667,-116.2703333,2.091,ci9663069
2001-06-19 03:56:37.160000+00:00,3.07,32.3351667,-115.2258333,6.674,ci9663085
2001-06-19 04:37:40.580000+00:00,2.66,34.42,-116.4771667,4.23,ci9663093
2001-06-19 15:11:46.970000+00:00,2.61,32.166,-115.8341667,4.863,ci9663553
2001-06-19 19:28:02.370000+00:00,2.95,33.9736667,-117.2258333,13.226,ci9663641
2001-06-20 01:47:13.180000+00:00,2.52,35.5726667,-118.3873333,0.002,ci9663737
2001-06-20 13:56:35.560000+00:00,2.6,32.7971667,-116.1395,7.592,ci9663973
2001-06-20 22:30:43.850000+00:00,3.01,35.799,-118.0413333,5.98,ci9664317
2001-06-22 01:17:02.080000+00:00,2.64,33.3995,-118.0435,11.374,ci11614252
2001-06-22 03:20:28.240000+00:00,2.75,32.4163333,-115.3113333,6.963,ci11614260
2001-06-22 22:00:53.720000+00:00,2.68,34.052,-117.2626667,16.72,ci11614420
2001-06-23 11:02:40.740000+00:00,2.58,32.4063333,-115.2735,6.748,ci11614600
2001-06-23 19:43:30.740000+00:00,2.69,35.8416667,-117.6191667,3.635,ci11614672
2001-06-27 19:01:25.720000+00:00,2.74,34.1503333,-116.6976667,10.263,ci9665593
2001-06-30 02:50:59.230000+00:00,2.58,34.888,-116.419,-0.959,ci9666173
2001-06-30 06:05:49.510000+00:00,2.63,32.0881667,-117.444,5.764,ci9666205
2001-06-30 14:21:20.620000+00:00,2.62,34.2973333,-116.7743333,3.218,ci9666289
2001-06-30 22:30:54.770000+00:00,2.68,35.7996667,-118.0511667,6.832,ci9666345
2001-07-01 05:14:38.650000+00:00,3.3,36.0983333,-118.4003333,8.839,ci9666401
2001-07-01 16:57:08.640000+00:00,2.74,32.7931667,-116.1428333,6.232,ci9666489
2001-07-02 08:44:19.420000+00:00,2.54,34.1238333,-117.4373333,8.326,ci9666653
2001-07-02 10:44:52.300000+00:00,2.88,32.7868333,-116.1475,5.292,ci9666669
2001-07-02 15:25:26.510000+00:00,2.76,33.2565,-117.4718333,11.984,ci9666705
2001-07-02 17:32:55.920000+00:00,2.57,34.3683333,-118.7748333,16.206,ci9666725
2001-07-03 02:00:20.570000+00:00,2.67,35.9348333,-117.6855,2.109,ci9666805
2001-07-03 11:40:48.110000+00:00,3.92,34.2635,-116.7641667,1.528,ci9666905
2001-07-03 11:43:13.970000+00:00,3.02,34.2628333,-116.7665,2.548,ci9666909
2001-07-04 22:27:53.840000+00:00,2.53,33.196,-115.6036667,3.141,ci9667281
2001-07-05 23:31:18.150000+00:00,2.58,34.2761667,-116.4806667,1.616,ci9667481
2001-07-07 02:28:36.670000+00:00,2.75,33.533,-117.9195,15.92,ci9667761
2001-07-07 23:00:02.780000+00:00,2.72,34.6921667,-116.3041667,4.834,ci9668197
2001-07-08 17:04:27.740000+00:00,2.98,34.258,-116.7595,2.035,ci9668609
2001-07-09 04:14:31.660000+00:00,2.57,32.0565,-114.986,7.0,ci9668833
2001-07-09 22:43:53.130000+00:00,2.75,32.9405,-115.8263333,4.889,ci9669341
2001-07-10 14:40:24.710000+00:00,2.52,33.5633333,-116.667,11.336,ci9669789
2001-07-10 23:11:24.540000+00:00,2.72,34.613,-116.2358333,3.91,ci9669961
2001-07-11 02:32:01.790000+00:00,2.58,34.0055,-116.806,17.351,ci9670029
2001-07-11 20:37:40.150000+00:00,2.92,34.0196667,-116.8663333,13.92,ci9670757
2001-07-11 22:44:29.080000+00:00,2.55,35.8056667,-118.0448333,7.53,ci9670785
2001-07-11 22:53:37.650000+00:00,2.56,35.804,-118.0455,7.59,ci9670789
2001-07-12 01:02:47.760000+00:00,2.95,35.75,-118.3445,1.596,ci9670845
2001-07-13 15:29:23.730000+00:00,2.52,35.7508333,-118.3425,0.016,ci9671741
2001-07-14 00:23:49.750000+00:00,3.17,36.273,-120.8363333,6.751,nc21181133
2001-07-14 14:51:56.810000+00:00,2.79,36.0328333,-117.8771667,1.868,ci9671909
2001-07-14 17:30:28.900000+00:00,3.6,36.0303333,-117.8778333,1.574,ci9671933
2001-07-14 17:30:39.570000+00:00,3.8,36.0228333,-117.8708333,2.108,ci10964587
2001-07-14 17:32:49.400000+00:00,3.91,36.0266667,-117.874,2.544,ci9671937
2001-07-14 17:55:45.120000+00:00,3.36,36.026,-117.8751667,2.214,ci9672013
2001-07-14 18:44:21.250000+00:00,2.76,36.0378333,-117.8745,2.374,ci9672121
2001-07-14 19:13:43.210000+00:00,2.55,36.039,-117.8783333,2.804,ci9672165
2001-07-14 23:34:29.670000+00:00,2.67,36.0358333,-117.8783333,1.894,ci9672393
2001-07-15 00:20:11.180000+00:00,2.56,36.0321667,-117.8773333,2.124,ci9672413
2001-07-15 03:02:46+00:00,2.58,36.027,-117.8786667,1.684,ci9672485
2001-07-15 03:33:58.940000+00:00,2.66,36.0266667,-117.877,1.484,ci9672505
2001-07-15 08:35:21.430000+00:00,2.62,34.6063333,-116.2978333,2.274,ci9672625
2001-07-15 16:24:06.460000+00:00,2.57,36.0323333,-117.8775,2.534,ci9672885
2001-07-15 17:48:34.830000+00:00,2.6,33.1615,-115.6396667,4.086,ci9672957
2001-07-15 19:00:06.540000+00:00,2.81,36.0421667,-117.8783333,1.824,ci9673005
2001-07-15 19:32:14.210000+00:00,2.61,36.029,-117.8786667,0.494,ci9673045
2001-07-15 20:19:48.530000+00:00,2.79,36.0385,-117.8778333,2.074,ci9673073
2001-07-16 03:21:39.570000+00:00,3.02,33.4618333,-116.4168333,13.405,ci9673237
2001-07-16 11:55:40.840000+00:00,2.98,36.0375,-117.8791667,2.004,ci9673417
2001-07-16 13:05:06.400000+00:00,3.02,36.0215,-117.8728333,2.364,ci9673461
2001-07-16 13:55:15.970000+00:00,2.89,36.0208333,-117.877,1.794,ci9673489
2001-07-16 15:55:28.330000+00:00,3.5,36.0178333,-117.8776667,1.774,ci9673577
2001-07-16 15:57:14.880000+00:00,3.18,36.0096667,-117.879,2.018,ci9673581
2001-07-16 15:57:22.630000+00:00,3.18,36.0098333,-117.8856667,0.888,ci10968851
2001-07-16 16:40:16.140000+00:00,2.69,36.015,-117.88,1.964,ci9673609
2001-07-16 17:33:32.830000+00:00,2.57,36.021,-117.8768333,2.054,ci9673657
2001-07-16 18:27:17.930000+00:00,2.51,36.1615,-120.7318333,8.087,nc21181698
2001-07-16 18:36:33.510000+00:00,2.6,36.0156667,-117.8735,2.314,ci9673681
2001-07-16 20:08:02.730000+00:00,2.9,35.7966667,-120.3485,10.06,nc21181714
2001-07-16 20:10:59.830000+00:00,2.54,36.0175,-117.8745,2.298,ci9673717
2001-07-16 20:30:53.440000+00:00,2.97,36.0186667,-117.8783333,1.784,ci9673737
2001-07-16 21:00:54.320000+00:00,2.53,36.0353333,-117.8795,2.384,ci9673757
2001-07-17 12:07:26.100000+00:00,5.17,36.0163333,-117.8743333,1.864,ci9674049
2001-07-17 12:14:48.590000+00:00,2.89,36.0491667,-117.8908333,-0.728,ci9674065
2001-07-17 12:16:27.730000+00:00,3.06,36.0351667,-117.8751667,3.282,ci9674069
2001-07-17 12:18:31.570000+00:00,2.5,36.0171667,-117.8868333,2.052,ci9674073
2001-07-17 12:19:20.570000+00:00,2.69,36.0265,-117.8876667,2.292,ci9674081
2001-07-17 12:19:37.550000+00:00,2.7,36.0365,-117.8855,3.713,ci10970619
2001-07-17 12:20:09.740000+00:00,2.97,36.03,-117.8745,3.772,ci9674085
2001-07-17 12:21:11.350000+00:00,3.0,36.0333333,-117.8773333,0.589,ci9674089
2001-07-17 12:22:19.830000+00:00,3.79,36.0256667,-117.881,0.699,ci10970835
2001-07-17 12:22:28.620000+00:00,3.75,36.0268333,-117.865,4.242,ci9674093
2001-07-17 12:23:56.320000+00:00,3.0,36.0181667,-117.8753333,4.908,ci10970931
2001-07-17 12:25:02.880000+00:00,2.8,36.0288333,-117.8816667,3.058,ci10970327
2001-07-17 12:25:18.950000+00:00,4.07,36.043,-117.8721667,4.1,ci9674097
2001-07-17 12:25:59.590000+00:00,3.1,36.006,-117.8923333,-1.272,ci10970503
2001-07-17 12:26:42.860000+00:00,3.0,36.0391667,-117.8801667,3.504,ci10970999
2001-07-17 12:36:38.250000+00:00,3.16,36.0303333,-117.8848333,2.014,ci9674141
2001-07-17 12:37:59.880000+00:00,2.5,36.0493333,-117.8691667,0.952,ci11904067
2001-07-17 12:38:47.380000+00:00,2.9,36.0278333,-117.8676667,3.872,ci9674145
2001-07-17 12:42:42.130000+00:00,2.67,36.034,-117.8743333,2.432,ci9674161
2001-07-17 12:43:46.050000+00:00,2.85,36.0308333,-117.8803333,2.362,ci9674165
2001-07-17 12:56:31.430000+00:00,3.69,36.0285,-117.8828333,1.614,ci9674205
2001-07-17 12:59:59.170000+00:00,4.93,36.017,-117.8823333,-0.706,ci9674213
2001-07-17 13:04:10.770000+00:00,2.68,35.9896667,-117.8705,2.194,ci9674217
2001-07-17 13:05:49.740000+00:00,2.8,36.0163333,-117.8743333,2.039,ci9674221
2001-07-17 13:06:56.130000+00:00,2.81,36.025,-117.8761667,3.915,ci9674229
2001-07-17 13:11:57.880000+00:00,2.62,36.0066667,-117.874,2.228,ci9674241
2001-07-17 13:12:43.700000+00:00,2.78,36.0281667,-117.8691667,4.204,ci9674245
2001-07-17 13:19:59.950000+00:00,2.9,36.0285,-117.8753333,3.804,ci9674269
2001-07-17 13:24:09.270000+00:00,2.53,36.036,-117.8765,3.114,ci9674285
2001-07-17 13:31:12.300000+00:00,2.62,36.0023333,-117.878,1.942,ci9674317
2001-07-17 13:31:40.930000+00:00,2.68,36.0511667,-117.8933333,-0.578,ci9674321
2001-07-17 13:32:59.170000+00:00,2.55,35.9866667,-117.869,2.292,ci9674325
2001-07-17 13:43:20.710000+00:00,2.51,36.0256667,-117.8815,1.44,ci9674357
2001-07-17 14:12:27.490000+00:00,2.85,36.0498333,-117.881,1.524,ci9674477
2001-07-17 14:14:27.560000+00:00,2.59,36.0546667,-117.8825,0.44,ci9674485
2001-07-17 14:15:12.170000+00:00,2.53,36.0275,-117.8893333,2.474,ci9674489
2001-07-17 14:35:45.920000+00:00,2.72,36.0303333,-117.8796667,3.746,ci9674569
2001-07-17 14:59:50.320000+00:00,3.68,36.0325,-117.8835,1.504,ci9674653
2001-07-17 15:00:04.130000+00:00,3.0,36.0306667,-117.8878333,-1.571,ci10972583
2001-07-17 16:11:35.280000+00:00,2.78,36.008,-117.8711667,2.874,ci9674885
2001-07-17 16:27:40.090000+00:00,2.77,36.0511667,-117.8773333,1.914,ci9674953
2001-07-17 16:38:46.940000+00:00,2.54,36.0328333,-117.8783333,3.694,ci9674997
2001-07-17 16:48:20.350000+00:00,2.56,35.9998333,-117.8713333,4.484,ci9675029
2001-07-17 16:57:46.540000+00:00,2.51,36.0113333,-117.8755,3.164,ci9675065
2001-07-17 17:30:58.350000+00:00,3.27,35.9985,-117.8715,4.13,ci9675181
2001-07-17 17:42:01.500000+00:00,2.52,35.9956667,-117.8741667,1.924,ci9675205
2001-07-17 18:12:43.430000+00:00,2.9,35.9868333,-117.8701667,2.954,ci9675305
2001-07-17 19:03:21.260000+00:00,2.61,35.9948333,-117.8638333,2.574,ci9675441
2001-07-17 19:09:49.710000+00:00,2.82,35.9875,-117.874,1.824,ci9675461
2001-07-17 19:20:42.430000+00:00,2.66,35.9886667,-117.8701667,2.504,ci9675481
2001-07-17 20:53:09.550000+00:00,2.93,35.9873333,-117.8713333,2.034,ci9675733
2001-07-17 20:53:40.400000+00:00,2.82,36.0048333,-117.8751667,1.628,ci10968555
2001-07-18 00:17:21.320000+00:00,2.87,36.0055,-117.8731667,2.092,ci10968791
2001-07-18 01:02:11.050000+00:00,2.97,36.0491667,-117.8895,0.934,ci10968887
2001-07-18 01:32:33.560000+00:00,2.94,36.0446667,-117.8833333,1.854,ci10968927
2001-07-18 02:32:13.650000+00:00,2.5,35.998,-117.8651667,1.574,ci9676417
2001-07-18 03:45:35.200000+00:00,2.65,36.0386667,-117.8775,2.364,ci9676537
2001-07-18 06:28:43.860000+00:00,2.64,36.0165,-117.8918333,4.788,ci9676841
2001-07-18 06:29:01.730000+00:00,2.81,35.998,-117.8711667,2.794,ci9676845
2001-07-18 07:08:20.390000+00:00,2.87,35.9901667,-117.8636667,2.874,ci9676945
2001-07-18 12:05:35.810000+00:00,2.84,36.0283333,-117.8801667,3.434,ci9677413
2001-07-18 14:15:55.530000+00:00,2.93,36.0033333,-117.874,2.534,ci9677637
2001-07-18 18:24:54.890000+00:00,2.54,36.0593333,-117.8721667,1.194,ci9677945
2001-07-18 20:24:23.930000+00:00,2.86,35.9991667,-117.8693333,3.074,ci9678081
2001-07-19 01:30:59.460000+00:00,2.58,35.9901667,-117.8726667,2.234,ci9678429
2001-07-19 04:01:57.150000+00:00,2.7,36.069,-120.1166667,8.926,nc21182318
2001-07-19 08:23:47.530000+00:00,2.87,36.0308333,-117.878,0.584,ci9678845
2001-07-19 10:56:24.790000+00:00,3.48,36.0138333,-117.8751667,2.044,ci9678997
2001-07-19 15:01:08.300000+00:00,3.25,35.9956667,-117.8676667,1.97,ci9679285
2001-07-19 18:30:26.310000+00:00,2.64,36.012,-117.8693333,3.164,ci9679529
2001-07-19 19:07:35.060000+00:00,3.15,36.0095,-117.8755,3.634,ci9679573
2001-07-19 19:09:07.650000+00:00,2.75,36.0068333,-117.8775,3.714,ci9679577
2001-07-19 20:42:36.720000+00:00,3.79,34.2655,-117.4641667,9.813,ci10972299
2001-07-19 22:23:29.140000+00:00,2.78,36.0098333,-117.8761667,3.744,ci10972423
2001-07-19 22:47:24.540000+00:00,2.5,36.0138333,-117.8795,4.134,ci10972471
2001-07-20 00:39:21.890000+00:00,2.76,36.0505,-117.8838333,1.094,ci10972603
2001-07-20 00:45:52.830000+00:00,2.74,35.9836667,-117.8691667,2.184,ci10972611
2001-07-20 01:04:00.630000+00:00,3.46,35.9973333,-117.8751667,2.844,ci10976071
2001-07-20 01:09:52.750000+00:00,2.68,36.0076667,-117.8646667,2.824,ci10976087
2001-07-20 01:18:05.200000+00:00,2.56,36.0083333,-117.8651667,2.854,ci10976111
2001-07-20 02:21:28.490000+00:00,2.96,35.9868333,-117.8701667,2.024,ci10976199
2001-07-20 02:36:03.130000+00:00,2.58,36.0308333,-117.8815,1.804,ci10976227
2001-07-20 05:53:05.040000+00:00,3.45,36.006,-117.8778333,3.74,ci10980179
2001-07-20 06:31:30.750000+00:00,2.71,35.9871667,-117.8723333,1.924,ci10980211
2001-07-20 08:55:42.510000+00:00,2.7,36.0418333,-117.8663333,1.994,ci10984147
2001-07-20 12:53:07.530000+00:00,4.43,35.995,-117.8771667,2.314,ci10992159
2001-07-20 12:56:09.320000+00:00,2.59,35.9923333,-117.877,2.934,ci10992163
2001-07-20 13:07:26.570000+00:00,2.62,35.992,-117.8801667,3.263,ci10992187
2001-07-20 14:01:34.630000+00:00,2.62,35.9896667,-117.8733333,1.628,ci11792063
2001-07-20 14:40:15.210000+00:00,3.13,35.9933333,-117.8746667,2.21,ci10992311
2001-07-20 14:51:17.440000+00:00,3.11,35.7953333,-120.3466667,9.234,nc21241578
2001-07-20 14:52:52.920000+00:00,2.59,36.011,-117.8796667,2.894,ci10992331
2001-07-20 15:58:34+00:00,2.64,35.9865,-117.8706667,2.234,ci11004059
2001-07-20 16:22:10.380000+00:00,2.57,35.985,-117.8716667,1.864,ci11004107
2001-07-20 18:56:12.810000+00:00,2.68,36.0491667,-117.8805,2.034,ci11020067
2001-07-20 19:20:09.230000+00:00,2.63,33.6305,-116.7235,11.744,ci11028055
2001-07-20 20:47:00.200000+00:00,2.68,35.9913333,-117.8763333,3.534,ci11060063
2001-07-20 23:17:07.370000+00:00,2.52,34.004,-117.2035,14.815,ci11100059
2001-07-21 02:20:12.340000+00:00,2.69,33.8871667,-116.3058333,6.91,ci11156055
2001-07-21 11:06:07.520000+00:00,2.63,35.9908333,-117.8783333,2.814,ci11444055
2001-07-21 11:15:35.890000+00:00,3.4,35.9881667,-117.8733333,1.954,ci11464055
2001-07-21 11:31:14.960000+00:00,2.86,35.9876667,-117.872,2.174,ci11488055
2001-07-21 17:16:21.050000+00:00,2.83,35.9931667,-117.8766667,3.274,ci11788063
2001-07-21 19:57:53.240000+00:00,3.14,32.7096667,-116.0636667,-0.239,ci9682377
2001-07-21 22:07:01.750000+00:00,3.09,35.9923333,-117.8766667,3.084,ci9682457
2001-07-22 08:13:58.030000+00:00,3.02,34.2875,-116.9878333,6.488,ci9682745
2001-07-22 16:29:55.790000+00:00,2.62,35.9888333,-117.8761667,3.074,ci9683009
2001-07-23 00:42:28.810000+00:00,2.66,36.0113333,-117.8898333,2.46,ci9683253
2001-07-23 03:57:09.400000+00:00,2.97,35.9338333,-117.6811667,2.071,ci9683349
2001-07-23 11:29:59.460000+00:00,2.57,35.9851667,-117.87,1.934,ci9683585
2001-07-23 21:02:47.200000+00:00,3.7,35.99,-117.879,2.884,ci9683913
2001-07-23 21:37:52.800000+00:00,2.6,35.9881667,-117.876,3.004,ci9683957
2001-07-24 05:36:13.240000+00:00,2.73,32.823,-116.1285,2.375,ci9684201
2001-07-24 07:22:50.610000+00:00,2.86,36.0596667,-117.8753333,1.024,ci11671144
2001-07-24 08:37:28.980000+00:00,2.93,35.8041667,-118.0475,6.232,ci11671208
2001-07-24 08:54:50.820000+00:00,3.25,35.9821667,-117.8686667,2.004,ci11671240
2001-07-24 13:43:17.580000+00:00,3.29,35.9833333,-117.8613333,0.254,ci11671476
2001-07-24 13:45:25.250000+00:00,2.97,35.973,-117.8663333,1.624,ci11671480
2001-07-24 14:24:31.270000+00:00,2.78,36.0423333,-117.8788333,2.654,ci11671512
2001-07-24 15:12:03.310000+00:00,2.63,36.2003333,-120.3305,9.963,nc21183071
2001-07-24 16:10:50.470000+00:00,2.52,35.907,-116.9753333,3.017,ci11671608
2001-07-24 16:43:22.580000+00:00,2.59,35.9123333,-116.967,4.227,ci11671624
2001-07-24 17:10:07.660000+00:00,2.69,35.9111667,-116.969,4.247,ci11671652
2001-07-25 07:50:57.330000+00:00,2.71,35.989,-117.876,3.234,ci11672080
2001-07-25 10:20:13.490000+00:00,2.61,36.0253333,-117.8848333,3.648,ci11672120
2001-07-25 19:10:16.420000+00:00,2.82,36.0126667,-117.8786667,4.554,ci11672332
2001-07-25 23:46:50.130000+00:00,2.96,34.2881667,-116.9865,9.889,ci11672460
2001-07-26 01:33:11.130000+00:00,2.56,35.9858333,-117.8731667,2.154,ci11672508
2001-07-26 20:11:02.350000+00:00,2.5,35.9813333,-117.8785,2.378,ci11673064
2001-07-27 05:24:44.260000+00:00,2.99,35.9843333,-117.8766667,2.864,ci11674744
2001-07-27 17:45:02.860000+00:00,2.52,36.0526667,-117.8695,1.854,ci9686281
2001-07-27 17:53:19.300000+00:00,3.07,36.0605,-117.8741667,0.994,ci9686289
2001-07-27 20:59:31.250000+00:00,2.54,36.05,-117.8748333,1.674,ci9686417
2001-07-28 01:09:29.110000+00:00,4.01,36.0581667,-117.8715,0.27,ci9686565
2001-07-28 01:12:07.430000+00:00,2.5,36.0558333,-117.878,2.154,ci9686569
2001-07-28 09:41:29.310000+00:00,3.12,36.0501667,-117.8775,1.744,ci9686897
2001-07-28 11:46:13.580000+00:00,2.92,36.0205,-117.8713333,2.094,ci9686953
2001-07-28 17:53:06.780000+00:00,2.83,35.9856667,-117.879,2.364,ci9687105
2001-07-28 20:19:29.450000+00:00,2.97,35.9805,-117.8653333,1.094,ci9687169
2001-07-28 20:20:55.150000+00:00,2.69,35.9798333,-117.865,1.304,ci9687173
2001-07-29 00:52:59.990000+00:00,2.58,35.983,-117.863,1.804,ci9687277
2001-07-30 00:56:59.710000+00:00,2.76,32.2443333,-115.236,7.061,ci9687665
2001-07-30 23:34:17.900000+00:00,3.66,36.0486667,-117.8828333,1.644,ci9688025
2001-07-31 00:47:34.670000+00:00,3.49,36.0511667,-117.8835,1.984,ci9688073
2001-07-31 09:08:26.690000+00:00,3.26,36.0275,-117.884,2.664,ci9688281
2001-08-01 03:05:15.640000+00:00,3.62,35.9893333,-117.8781667,2.374,ci9688709
2001-08-01 03:22:23.860000+00:00,2.52,35.9731667,-117.8685,1.164,ci9688741
2001-08-01 03:37:46.490000+00:00,2.61,35.9856667,-117.8756667,1.408,ci9688761
2001-08-01 03:57:25.780000+00:00,2.57,35.9931667,-117.8758333,2.668,ci9688785
2001-08-01 17:48:39.780000+00:00,2.52,35.8015,-118.0455,7.97,ci9689169
2001-08-01 21:31:42.620000+00:00,3.06,36.062,-117.8966667,0.467,ci9689253
2001-08-02 17:05:34.480000+00:00,2.56,36.0686667,-117.8933333,1.165,ci9689733
2001-08-03 17:35:37.860000+00:00,2.88,35.5803333,-117.6181667,9.944,ci9690373
2001-08-03 19:12:38.940000+00:00,2.71,36.0441667,-117.8928333,1.175,ci9690413
2001-08-04 07:44:00.350000+00:00,2.52,36.0215,-117.8833333,2.315,ci9690617
2001-08-04 19:05:55.460000+00:00,3.16,35.7305,-118.4823333,3.855,ci9690797
2001-08-04 20:01:39.480000+00:00,2.52,35.7295,-118.4851667,4.625,ci9690821
2001-08-05 16:23:08.110000+00:00,2.72,35.9791667,-117.8855,1.403,ci9691145
2001-08-06 23:52:05.550000+00:00,2.85,32.1221667,-116.4165,6.493,ci9691761
2001-08-07 03:34:09.370000+00:00,2.54,34.3193333,-116.1108333,1.083,ci9691837
2001-08-07 16:52:54.250000+00:00,3.47,32.1056667,-116.4235,6.473,ci9692049
2001-08-07 19:06:14.700000+00:00,2.76,34.8601667,-116.312,1.901,ci9692121
2001-08-07 19:32:48.230000+00:00,2.83,36.04,-117.8906667,1.025,ci9692145
2001-08-08 20:52:51.220000+00:00,2.56,34.0241667,-117.2401667,10.992,ci9692629
2001-08-09 01:13:06.650000+00:00,3.03,32.7678333,-118.2055,6.693,ci9692689
2001-08-10 17:25:36.090000+00:00,2.55,35.9458333,-120.2248333,6.308,ci9693281
2001-08-11 01:12:11.700000+00:00,2.6,34.1855,-116.9738333,11.696,ci9693441
2001-08-12 08:57:47.810000+00:00,3.41,32.4893333,-116.2981667,9.194,ci9693833
2001-08-13 10:40:52.350000+00:00,2.7,35.9931667,-117.8786667,2.495,ci9694201
2001-08-15 02:35:24.030000+00:00,2.53,35.5835,-118.3788333,3.419,ci9694781
2001-08-15 08:25:22.940000+00:00,2.6,36.0835,-117.898,0.631,ci9694845
2001-08-15 23:58:01.600000+00:00,2.66,32.0748333,-116.2541667,6.473,ci9695121
2001-08-16 18:04:33.770000+00:00,4.36,32.7595,-118.2881667,6.71,ci9695397
2001-08-16 20:04:19.390000+00:00,3.26,32.7811667,-118.2536667,5.693,ci9695445
2001-08-16 20:37:00.320000+00:00,3.06,32.7458333,-118.2701667,5.693,ci9695457
2001-08-16 22:06:27.870000+00:00,4.17,32.7341667,-118.3176667,9.662,ci9695549
2001-08-16 23:33:21.530000+00:00,2.52,32.8231667,-118.2225,18.652,ci9695601
2001-08-17 06:02:33.930000+00:00,2.74,36.023,-117.8925,2.415,ci9695677
2001-08-18 14:42:18.620000+00:00,2.58,35.3586667,-117.8011667,2.648,ci9696081
2001-08-19 13:12:20.690000+00:00,2.78,35.9971667,-117.876,3.483,ci9696313
2001-08-20 01:25:19.450000+00:00,2.83,34.6366667,-116.3136667,3.569,ci9696425
2001-08-20 01:26:31.770000+00:00,3.22,34.6363333,-116.3145,4.549,ci9696429
2001-08-20 01:27:45.990000+00:00,2.67,34.6456667,-116.322,3.639,ci9696433
2001-08-20 07:34:23.140000+00:00,3.05,34.0435,-117.2501667,15.304,ci9696461
2001-08-22 07:50:32.640000+00:00,2.91,32.5473333,-115.5591667,15.906,ci9697097
2001-08-22 13:06:25.830000+00:00,3.12,34.5951667,-116.2706667,4.7,ci9697153
2001-08-23 11:25:39.720000+00:00,3.06,36.0471667,-117.8721667,1.675,ci9697481
2001-08-23 11:52:50.880000+00:00,2.61,36.0445,-117.8833333,1.285,ci9697513
2001-08-23 11:55:52.230000+00:00,2.61,36.0455,-117.8825,0.815,ci9697517
2001-08-26 00:16:06.900000+00:00,2.55,32.3618333,-115.3383333,7.025,ci9698153
2001-08-26 04:43:11.410000+00:00,2.82,34.9381667,-119.0118333,6.277,ci9698177
2001-08-26 05:39:39.660000+00:00,2.82,32.3235,-115.2278333,7.025,ci9698189
2001-08-26 23:25:00.700000+00:00,2.67,35.9848333,-118.6345,4.516,ci9698389
2001-08-27 16:44:46.270000+00:00,2.52,32.4991667,-115.5671667,5.331,ci9698589
2001-08-28 21:30:12.220000+00:00,3.39,33.647,-116.7418333,12.774,ci9698857
2001-08-29 02:54:27.370000+00:00,2.65,33.6488333,-116.7413333,11.894,ci9698909
2001-08-29 04:42:07.110000+00:00,2.9,33.378,-116.4133333,7.862,ci9698917
2001-08-30 21:03:02.620000+00:00,2.65,33.4843333,-116.4735,13.091,ci9699357
2001-08-31 00:13:38.330000+00:00,2.65,34.5643333,-116.2481667,3.85,ci9699461
2001-09-01 22:41:27.040000+00:00,2.71,36.0311667,-117.8765,2.805,ci9700037
2001-09-01 23:05:58.770000+00:00,3.49,33.3716667,-116.4166667,8.242,ci9700049
2001-09-02 14:11:11.190000+00:00,3.66,36.214,-120.2838333,8.719,nc21192272
2001-09-02 14:18:08.270000+00:00,2.93,36.22,-120.2805,7.519,nc21192274
2001-09-02 14:19:39.570000+00:00,2.58,36.2128333,-120.2723333,7.219,nc30223589
2001-09-02 16:28:42.280000+00:00,2.76,36.2086667,-120.2743333,8.079,nc21192290
2001-09-02 20:45:25.980000+00:00,2.68,36.2103333,-120.2845,8.519,nc21192330
2001-09-03 00:14:33.280000+00:00,2.86,33.3715,-116.4176667,8.482,ci9700397
2001-09-03 09:55:33.520000+00:00,3.11,33.3766667,-116.4195,9.882,ci9700593
2001-09-03 13:19:50.060000+00:00,2.82,33.3286667,-119.186,6.722,ci9700677
2001-09-03 18:13:49.800000+00:00,2.91,34.3695,-118.5901667,5.051,ci9700705
2001-09-03 20:22:47.210000+00:00,2.68,36.0708333,-117.8915,0.925,ci9700729
2001-09-04 15:59:05.380000+00:00,2.77,36.6388333,-119.3355,24.722,nc21192627
2001-09-05 08:03:52.410000+00:00,2.51,33.7991667,-116.089,3.34,ci9701461
2001-09-06 04:34:22.740000+00:00,2.76,33.4593333,-116.443,4.636,ci9701861
2001-09-06 10:50:06.200000+00:00,2.52,32.3473333,-115.3161667,6.827,ci9702109
2001-09-07 08:26:04.460000+00:00,2.8,33.049,-117.8365,6.77,ci9702513
2001-09-07 23:00:20.050000+00:00,2.58,35.4483333,-118.3078333,9.841,ci9702993
2001-09-07 23:15:08.880000+00:00,2.6,35.9803333,-117.8785,3.315,ci9703005
2001-09-08 04:25:13.870000+00:00,3.08,34.2761667,-117.4998333,12.298,ci9703061
2001-09-09 23:59:18.040000+00:00,4.24,34.059,-118.3885,7.797,ci9703873
2001-09-10 00:01:01.130000+00:00,2.88,34.0731667,-118.398,9.52,ci9703881
2001-09-10 17:40:08.590000+00:00,3.04,33.4518333,-116.63,7.683,ci9704437
2001-09-12 11:13:40.170000+00:00,2.62,32.4296667,-115.357,7.033,ci9705541
2001-09-13 02:21:30.560000+00:00,2.77,34.281,-117.0591667,3.837,ci9705925
2001-09-15 03:57:46.840000+00:00,2.66,33.562,-117.0565,12.31,ci9706525
2001-09-17 01:14:49.010000+00:00,3.1,33.9225,-117.7738333,11.675,ci9706897
2001-09-20 17:15:19.750000+00:00,2.85,36.0323333,-117.8778333,2.335,ci9707629
2001-09-20 23:43:23.660000+00:00,3.17,32.9255,-117.7703333,6.798,ci9707757
2001-09-21 01:09:40.990000+00:00,2.91,32.9291667,-117.7575,6.745,ci9707785
2001-09-23 22:44:32.960000+00:00,3.01,33.5086667,-116.5131667,13.558,ci9708393
2001-09-24 11:34:58.340000+00:00,2.53,34.3135,-116.8661667,2.302,ci9708497
2001-09-24 23:02:26.690000+00:00,2.57,35.3866667,-120.6693333,5.101,nc21195693
2001-09-25 11:35:14.240000+00:00,3.07,36.0878333,-117.8935,-1.225,ci9708729
2001-09-25 18:34:08.900000+00:00,3.03,36.4428333,-117.8651667,4.538,ci9708813
2001-09-26 13:37:55.090000+00:00,2.81,34.3711667,-116.143,4.531,ci9709061
2001-09-26 17:52:11.150000+00:00,3.14,36.1845,-120.3061667,10.759,nc21196276
2001-09-26 19:07:42.940000+00:00,2.61,33.1968333,-115.6205,0.698,ci9709145
2001-09-27 01:49:07.800000+00:00,2.79,34.1121667,-118.1098333,8.746,ci9709213
2001-09-27 19:22:55.010000+00:00,2.79,32.1823333,-115.5935,6.802,ci9709337
2001-09-29 00:52:52.820000+00:00,2.54,32.742,-118.0583333,9.224,ci9709517
2001-09-29 06:51:05.790000+00:00,3.08,34.0483333,-116.7703333,12.515,ci9709553
2001-09-29 11:50:01.040000+00:00,3.01,34.9895,-119.4578333,13.92,ci9709589
2001-09-29 12:32:25.590000+00:00,2.95,33.1873333,-115.6025,3.266,ci9709601
2001-09-29 13:50:27.310000+00:00,2.7,34.1341667,-116.9171667,7.475,ci9709617
2001-10-01 03:29:37.340000+00:00,2.6,35.9978333,-117.8726667,2.185,ci9709913
2001-10-01 15:26:57.090000+00:00,2.69,34.3285,-116.8783333,0.579,ci9709989
2001-10-02 06:46:29.380000+00:00,2.96,34.8648333,-116.4018333,3.863,ci9710161
2001-10-03 08:34:01.740000+00:00,2.58,36.09,-117.894,-0.625,ci9710445
2001-10-03 20:35:59.080000+00:00,2.7,32.9781667,-115.9083333,9.01,ci9710585
2001-10-03 20:42:19.855000+00:00,2.6,36.4398,-114.3744,0.0,nn00037815
2001-10-05 20:03:24.540000+00:00,2.75,33.7051667,-116.8045,14.736,ci9711073
2001-10-06 23:13:17.810000+00:00,2.62,36.0833333,-117.8921667,1.055,ci9711373
2001-10-07 17:29:07.850000+00:00,2.99,34.094,-118.262,6.701,ci9711513
2001-10-08 04:31:07.120000+00:00,2.5,33.8908333,-119.6528333,13.253,ci9711625
2001-10-09 15:30:54.490000+00:00,3.25,33.9963333,-120.0695,6.407,ci9712073
2001-10-09 17:02:51.270000+00:00,2.54,34.0916667,-118.2628333,5.105,ci9712093
2001-10-09 21:53:39.390000+00:00,2.55,36.0148333,-117.8176667,-0.365,ci9712713
2001-10-10 09:11:33.410000+00:00,2.66,32.363,-115.2231667,6.997,ci9712933
2001-10-10 19:05:22.230000+00:00,2.65,36.191,-120.3046667,10.579,nc21198255
2001-10-10 22:11:01.730000+00:00,2.97,36.0881667,-117.8996667,-1.175,ci9713037
2001-10-11 00:15:04.670000+00:00,2.76,36.0853333,-117.8978333,0.555,ci9713057
2001-10-11 18:56:50.250000+00:00,3.07,34.8195,-116.3535,1.91,ci9713157
2001-10-12 16:08:40.460000+00:00,3.06,33.5013333,-116.5205,11.058,ci9713401
2001-10-14 20:41:17.520000+00:00,2.51,36.5481667,-120.73,6.043,nc21198704
2001-10-17 05:53:58.270000+00:00,3.47,34.6355,-116.2336667,1.271,ci9714385
2001-10-17 20:02:51.380000+00:00,2.84,33.5053333,-116.464,4.576,ci9714561
2001-10-22 00:28:57.190000+00:00,2.97,34.0568333,-118.3975,10.675,ci9715413
2001-10-22 21:57:41.450000+00:00,2.86,32.0975,-117.4118333,6.694,ci9715641
2001-10-23 20:57:04.560000+00:00,3.34,32.097,-117.4026667,6.731,ci11739600
2001-10-23 22:25:13.190000+00:00,2.51,34.0685,-118.4038333,9.649,ci11739624
2001-10-24 18:27:56.740000+00:00,2.6,34.0411667,-117.251,13.772,ci9716013
2001-10-24 19:57:13.440000+00:00,2.66,34.1523333,-117.7145,11.823,ci9716029
2001-10-25 02:01:39.740000+00:00,2.73,32.5801667,-116.086,6.241,ci9716117
2001-10-25 06:41:45.870000+00:00,3.09,33.2863333,-118.682,5.402,ci9716177
2001-10-25 17:29:24.760000+00:00,2.92,35.1571667,-117.0963333,2.793,ci9716245
2001-10-26 00:00:08.490000+00:00,2.95,32.1071667,-114.9726667,6.981,ci9716325
2001-10-28 16:27:45.550000+00:00,3.98,33.922,-118.2701667,21.095,ci9716853
2001-10-28 16:29:54.520000+00:00,2.5,33.9278333,-118.2985,25.265,ci9716861
2001-10-28 16:39:28.070000+00:00,2.63,33.9253333,-118.2808333,22.777,ci9716893
2001-10-28 17:21:45.270000+00:00,2.85,33.9236667,-118.307,25.931,ci9717013
2001-10-29 00:05:49.070000+00:00,2.97,35.9061667,-117.5958333,2.824,ci9717241
2001-10-30 01:13:20.170000+00:00,2.81,33.8546667,-120.5918333,7.154,ci11743512
2001-10-30 02:33:18.250000+00:00,2.63,36.5393333,-120.6065,17.195,nc21200582
2001-10-30 12:58:32.730000+00:00,3.44,34.3515,-116.4715,8.286,ci11743612
2001-10-30 19:34:06.590000+00:00,2.52,33.159,-115.6383333,4.145,ci9717821
2001-10-30 20:55:15.150000+00:00,2.57,32.169,-117.3553333,6.694,ci9717869
2001-10-31 01:46:01.510000+00:00,2.95,35.799,-120.3478333,10.32,nc21200721
2001-10-31 02:17:06.740000+00:00,3.08,32.6098333,-116.1548333,6.794,ci9717965
2001-10-31 07:56:16.630000+00:00,5.02,33.5083333,-116.5143333,13.678,ci9718013
2001-10-31 08:00:45.310000+00:00,2.5,33.5056667,-116.499,14.218,ci9718017
2001-10-31 09:41:00.940000+00:00,2.81,33.5108333,-116.4918333,15.698,ci9718377
2001-10-31 09:41:05.480000+00:00,2.8,33.5008333,-116.5073333,13.418,ci9718373
2001-10-31 10:27:25.780000+00:00,2.9,33.4985,-116.5106667,12.938,ci9718461
2001-11-01 00:31:39.380000+00:00,2.75,35.3773333,-118.8306667,6.91,ci9719157
2001-11-01 06:06:08.710000+00:00,2.75,33.5056667,-116.5076667,14.178,ci9719325
2001-11-01 06:08:42.150000+00:00,2.57,33.5071667,-116.5061667,14.598,ci9719329
2001-11-01 23:41:33.340000+00:00,2.95,32.1183333,-115.8225,6.792,ci9719757
2001-11-03 14:12:29.610000+00:00,2.51,32.0253333,-115.8056667,6.594,ci9720113
2001-11-03 16:37:08.520000+00:00,2.55,36.2123333,-120.371,8.867,nc21201096
2001-11-03 19:53:56.870000+00:00,3.27,34.1616667,-116.4341667,8.533,ci9720205
2001-11-03 20:37:54.350000+00:00,3.03,34.1545,-116.4336667,4.456,ci9720229
2001-11-06 03:54:13.110000+00:00,2.8,36.1966667,-120.3248333,9.624,nc30505076
2001-11-06 04:38:36.470000+00:00,2.75,36.1986667,-120.323,9.634,nc30505632
2001-11-06 20:40:29.770000+00:00,2.57,33.4446667,-118.8216667,5.783,ci9720981
2001-11-07 02:08:38.080000+00:00,2.62,32.8853333,-116.0801667,4.05,ci9721057
2001-11-07 02:55:33.130000+00:00,2.71,32.1986667,-115.3101667,7.012,ci9721073
2001-11-10 11:05:35.140000+00:00,3.01,32.3778333,-115.3725,7.021,ci9721857
2001-11-10 11:06:18.600000+00:00,2.5,32.3701667,-115.3615,7.017,ci9503834
2001-11-10 11:29:38.350000+00:00,2.71,32.355,-115.3683333,6.996,ci9721861
2001-11-12 03:35:25.640000+00:00,2.5,32.7961667,-115.5876667,14.526,ci9503894
2001-11-12 09:49:45.170000+00:00,2.9,32.329,-115.2571667,6.987,ci9722205
2001-11-12 13:45:08.440000+00:00,2.55,32.5943333,-118.0336667,6.76,ci9722233
2001-11-12 17:12:21.840000+00:00,2.84,33.248,-118.7078333,7.37,ci9722261
2001-11-12 20:45:01.580000+00:00,2.5,36.5208333,-118.4841667,21.313,ci9722297
2001-11-12 23:53:01.720000+00:00,2.79,36.1731667,-120.166,9.07,nc21202315
2001-11-13 16:03:42.790000+00:00,3.03,33.3253333,-115.6915,6.323,ci9722481
2001-11-13 16:08:37.230000+00:00,3.24,33.3176667,-115.698,3.99,ci9722489
2001-11-13 16:45:04.870000+00:00,3.44,33.311,-115.7038333,3.65,ci9722529
2001-11-13 18:50:49.540000+00:00,2.82,33.3215,-115.7083333,3.638,ci9722569
2001-11-13 18:57:07.840000+00:00,3.14,33.3073333,-115.7113333,3.832,ci9722577
2001-11-13 20:43:14.950000+00:00,4.11,33.3171667,-115.7001667,5.55,ci9722633
2001-11-13 20:46:40.290000+00:00,3.22,33.3058333,-115.7215,2.663,ci9722637
2001-11-13 20:50:21.660000+00:00,2.96,33.3103333,-115.7036667,4.42,ci9722645
2001-11-13 21:00:40.020000+00:00,3.18,33.3116667,-115.7056667,3.682,ci9722669
2001-11-14 10:21:00.440000+00:00,2.8,33.7128333,-116.856,16.541,ci9723029
2001-11-14 12:40:43.530000+00:00,2.94,36.0181667,-117.8898333,3.768,ci9723053
2001-11-15 12:35:06.040000+00:00,2.72,35.7975,-118.0428333,6.22,ci9723345
2001-11-15 23:02:45.630000+00:00,2.83,35.7603333,-118.4465,4.376,ci9723469
2001-11-17 10:14:01.630000+00:00,2.57,33.1691667,-115.6536667,3.545,ci9723705
2001-11-17 15:01:30.140000+00:00,2.57,32.7895,-115.5876667,15.86,ci9723753
2001-11-19 17:24:43.430000+00:00,2.67,34.3948333,-116.2095,1.783,ci9724081
2001-11-21 09:09:26.150000+00:00,2.88,35.343,-118.6683333,2.438,ci9724365
2001-11-21 18:34:03.450000+00:00,3.0,34.6735,-116.2911667,4.931,ci9724453
2001-11-23 17:06:43.490000+00:00,3.23,34.6133333,-116.2781667,4.531,ci9724801
2001-11-25 00:02:45.650000+00:00,2.77,35.344,-118.668,4.748,ci9725161
2001-11-26 14:06:14.629000+00:00,2.5,36.7537,-115.9866,4.3,nn00040497
2001-11-26 19:52:58.210000+00:00,2.85,35.9233333,-120.4695,4.593,nc21203954
2001-11-30 14:07:10.160000+00:00,2.7,36.0933333,-117.8963333,4.415,ci9727565
2001-12-02 05:07:35.530000+00:00,2.79,32.3248333,-115.2301667,6.997,ci9728441
2001-12-02 13:13:06.680000+00:00,2.99,35.9366667,-119.6961667,6.127,ci9728661
2001-12-03 01:34:29.220000+00:00,2.76,32.9756667,-115.901,4.36,ci9729025
2001-12-03 06:00:29.820000+00:00,2.53,33.1653333,-115.6395,2.405,ci9729061
2001-12-06 03:38:12.800000+00:00,2.62,34.9523333,-119.2776667,0.534,ci9730449
2001-12-06 16:38:44.320000+00:00,2.78,36.5265,-120.7795,7.29,nc21204767
2001-12-06 20:18:00.670000+00:00,2.56,36.0176667,-117.6921667,2.387,ci9730649
2001-12-07 03:00:22.990000+00:00,2.54,33.8993333,-116.2416667,4.765,ci9730901
2001-12-07 20:47:49.670000+00:00,3.38,34.4095,-116.4655,7.499,ci9731517
2001-12-09 00:06:45.190000+00:00,3.4,32.0783333,-114.9476667,6.963,ci9732745
2001-12-09 00:27:13+00:00,2.62,32.0856667,-114.9545,7.041,ci9732765
2001-12-09 00:54:31.660000+00:00,2.96,32.7475,-118.3331667,6.692,ci9732825
2001-12-09 01:41:31.720000+00:00,2.91,32.1436667,-114.9896667,6.993,ci9732905
2001-12-09 01:42:26.450000+00:00,4.89,32.0035,-115.01,7.041,ci9732973
2001-12-09 01:56:35.700000+00:00,2.58,32.1133333,-114.968,6.962,ci9732981
2001-12-09 02:04:17.380000+00:00,2.78,32.1581667,-114.9805,7.001,ci9732989
2001-12-09 02:04:31.890000+00:00,2.78,32.1888333,-115.6095,6.937,ci9732993
2001-12-09 02:26:51.020000+00:00,2.59,32.1293333,-115.0081667,6.991,ci9733005
2001-12-09 05:03:33+00:00,2.62,32.1013333,-114.984,6.962,ci9733069
2001-12-09 07:06:39.620000+00:00,2.53,32.1275,-114.986,6.982,ci9733113
2001-12-09 11:07:13.140000+00:00,3.19,32.0835,-114.9785,6.981,ci9733233
2001-12-09 12:51:07.410000+00:00,2.96,32.1183333,-114.9885,6.973,ci9733325
2001-12-09 14:11:04.900000+00:00,3.0,32.1378333,-114.9425,6.981,ci9733337
2001-12-09 14:35:09.110000+00:00,2.61,32.1305,-114.9885,6.973,ci9733345
2001-12-10 07:13:49.140000+00:00,2.64,34.505,-116.2833333,-0.577,ci9733605
2001-12-10 19:10:22.360000+00:00,2.69,32.2933333,-114.8796667,6.791,ci9733737
2001-12-11 09:23:44.210000+00:00,3.14,32.0925,-114.9785,6.963,ci9733897
2001-12-11 17:34:08.340000+00:00,2.79,35.7368333,-118.059,4.919,ci9733965
2001-12-11 21:40:35.420000+00:00,3.62,34.1078333,-116.7233333,7.795,ci9734033
2001-12-12 00:24:27.430000+00:00,2.5,32.1095,-115.006,7.066,ci9734141
2001-12-12 02:09:24.040000+00:00,2.62,32.1411667,-114.9831667,7.063,ci9734153
2001-12-13 17:16:45.460000+00:00,3.05,36.0103333,-117.8766667,1.655,ci9734797
2001-12-14 12:01:35.520000+00:00,3.97,33.9545,-117.7463333,13.627,ci9735129
2001-12-14 16:58:26.160000+00:00,2.72,32.7726667,-115.4438333,20.178,ci9735209
2001-12-14 21:30:01.610000+00:00,2.66,32.0556667,-114.9436667,6.973,ci9735409
2001-12-14 22:19:30.590000+00:00,2.6,32.1433333,-115.0028333,6.963,ci9735417
2001-12-15 07:17:57.300000+00:00,2.7,32.0933333,-114.9755,6.962,ci9735549
2001-12-15 19:21:22.580000+00:00,2.67,35.3883333,-118.5325,4.625,ci9735945
2001-12-19 22:57:03.900000+00:00,2.87,34.1693333,-117.6211667,12.391,ci9737725
2001-12-20 08:25:16.500000+00:00,3.4,36.0953333,-120.1973333,8.432,nc21206532
2001-12-20 12:14:46.440000+00:00,2.88,32.4055,-115.7718333,5.382,ci9737833
2001-12-20 16:04:07.860000+00:00,3.37,32.0011667,-117.3818333,6.828,ci9737857
2001-12-20 17:17:45.280000+00:00,2.6,32.022,-117.3838333,21.053,ci9737869
2001-12-21 23:21:24.620000+00:00,2.88,32.0053333,-117.3798333,6.851,ci9738157
2001-12-22 00:52:16.470000+00:00,2.71,32.0721667,-117.3571667,19.164,ci9738181
2001-12-23 04:53:57.940000+00:00,2.59,33.6606667,-116.743,13.441,ci9738925
2001-12-25 11:15:02.300000+00:00,2.8,36.2166667,-120.4188333,9.214,nc40129777
2001-12-25 21:27:11.560000+00:00,2.55,32.0233333,-117.3565,6.772,ci9740029
2001-12-26 00:53:11.700000+00:00,2.58,32.3078333,-115.0221667,6.99,ci9740077
2001-12-26 01:45:22.120000+00:00,2.6,32.3118333,-115.019,6.981,ci9740089
2001-12-26 05:30:18.130000+00:00,2.68,32.3498333,-117.7388333,6.865,ci9740141
2001-12-26 23:08:27.800000+00:00,2.82,32.1773333,-114.9926667,7.103,ci9740377
2001-12-27 10:42:57.040000+00:00,3.13,36.3938333,-120.418,7.249,nc21207111
2001-12-27 13:42:25.730000+00:00,2.56,34.1405,-119.5343333,5.883,ci9740589
2001-12-28 13:28:45.870000+00:00,2.61,33.4661667,-116.5151667,10.823,ci9740733
2001-12-29 07:40:03.120000+00:00,3.14,32.1115,-115.0058333,5.963,ci9740977
2001-12-29 13:10:33.040000+00:00,2.57,32.3915,-115.1043333,7.0,ci9741009
2001-12-29 14:49:44.800000+00:00,2.52,32.3916667,-115.113,7.0,ci9741045
2001-12-29 19:17:12.010000+00:00,2.79,32.3986667,-115.099,6.981,ci9741081
2001-12-29 20:15:55.190000+00:00,2.97,32.3931667,-115.094,6.981,ci9741101
2001-12-29 20:58:21.950000+00:00,2.69,32.3161667,-115.0813333,7.011,ci9741129
2002-01-01 21:23:57.560000+00:00,3.03,33.2645,-116.1418333,5.495,ci9742149
2002-01-02 12:11:28.680000+00:00,4.21,33.3793333,-116.4345,11.224,ci9742277
2002-01-03 16:27:13.950000+00:00,2.56,35.2603333,-118.5636667,6.497,ci9743505
2002-01-04 17:35:12.150000+00:00,2.82,32.4268333,-115.0955,6.991,ci9743945
2002-01-04 18:02:33.490000+00:00,2.61,32.4446667,-115.087,6.996,ci9743961
2002-01-04 19:24:01.070000+00:00,2.83,32.3105,-115.0456667,6.993,ci9743981
2002-01-04 19:29:30.270000+00:00,3.51,32.4081667,-115.105,6.981,ci9743989
2002-01-04 19:37:41.910000+00:00,2.54,32.3998333,-115.0838333,6.973,ci9744001
2002-01-04 19:38:07.520000+00:00,3.26,32.429,-115.084,6.991,ci9744005
2002-01-04 19:52:14.320000+00:00,2.77,32.4085,-115.0776667,6.981,ci9744009
2002-01-04 19:55:54.640000+00:00,2.99,32.4305,-115.0888333,6.981,ci9744017
2002-01-04 19:59:55.270000+00:00,2.58,32.4533333,-115.0855,7.0,ci9744025
2002-01-04 20:19:46.870000+00:00,2.51,32.4445,-115.0795,7.0,ci9744037
2002-01-04 20:21:21.200000+00:00,3.03,32.418,-115.0778333,6.981,ci9744041
2002-01-04 21:24:39.970000+00:00,2.72,32.4271667,-115.0773333,6.991,ci9744085
2002-01-04 21:48:55.970000+00:00,3.01,32.424,-115.0991667,6.981,ci9744097
2002-01-04 21:52:20.810000+00:00,3.44,32.3876667,-115.04,6.847,ci9744101
2002-01-04 22:58:44.370000+00:00,3.41,32.3973333,-115.0278333,6.847,ci9744193
2002-01-04 23:02:40.020000+00:00,3.18,32.5395,-115.087,6.877,ci9744197
2002-01-04 23:14:38.720000+00:00,2.83,32.4053333,-115.0636667,6.847,ci9744201
2002-01-04 23:55:51.320000+00:00,2.52,32.4208333,-115.0908333,7.0,ci9744225
2002-01-05 00:01:04.280000+00:00,2.74,32.3816667,-115.0565,6.993,ci9744229
2002-01-05 02:28:00.230000+00:00,3.48,32.3796667,-115.0285,6.847,ci9744377
2002-01-05 04:00:04.470000+00:00,3.32,32.3558333,-115.0126667,6.867,ci9744393
2002-01-05 04:19:05.020000+00:00,3.16,32.3125,-114.995,6.712,ci9744405
2002-01-05 04:24:13.280000+00:00,3.58,32.3941667,-115.0321667,6.847,ci9744409
2002-01-05 04:32:07.660000+00:00,3.22,32.3738333,-115.0333333,6.847,ci9744413
2002-01-05 04:39:00.460000+00:00,3.03,32.3553333,-115.0101667,6.887,ci9744417
2002-01-05 04:44:28.100000+00:00,3.41,32.3395,-114.9903333,6.843,ci9744421
2002-01-05 07:36:45.220000+00:00,2.86,32.3948333,-115.026,6.806,ci9744457
2002-01-05 08:48:42.250000+00:00,3.2,32.3998333,-115.0438333,6.847,ci9744473
2002-01-05 08:51:31.190000+00:00,3.18,32.306,-114.9685,6.863,ci9744477
2002-01-05 09:35:01.910000+00:00,2.7,34.1573333,-116.8541667,5.156,ci9744489
2002-01-05 14:10:29.890000+00:00,2.69,32.4146667,-115.0571667,6.847,ci9744589
2002-01-05 20:17:49.950000+00:00,2.65,32.0801667,-115.7573333,6.729,ci9744653
2002-01-05 21:02:29.020000+00:00,2.67,32.4088333,-115.0955,7.0,ci9744665
2002-01-05 21:09:59.840000+00:00,2.52,32.382,-115.0808333,6.988,ci9744741
2002-01-05 21:13:19.060000+00:00,2.55,32.353,-115.0628333,7.01,ci9744749
2002-01-05 21:56:52.430000+00:00,2.69,32.407,-115.1016667,6.99,ci9744761
2002-01-06 00:37:10.800000+00:00,2.94,32.4013333,-115.0915,6.981,ci9744873
2002-01-06 00:38:16.910000+00:00,3.08,32.4188333,-115.0745,6.981,ci9504422
2002-01-06 00:43:56.330000+00:00,3.25,32.2963333,-115.0375,7.121,ci9744877
2002-01-06 01:04:27.710000+00:00,2.87,32.4276667,-115.0831667,6.981,ci9744885
2002-01-06 01:25:11.360000+00:00,3.43,32.3785,-115.055,6.981,ci9744905
2002-01-06 01:25:37.880000+00:00,3.47,32.413,-115.0661667,6.981,ci9504418
2002-01-06 12:03:01.520000+00:00,2.71,32.3591667,-115.06,6.993,ci9745317
2002-01-06 13:40:13.120000+00:00,2.92,32.3683333,-115.057,7.001,ci9745381
2002-01-06 14:23:14.500000+00:00,2.69,32.4295,-115.0965,6.942,ci9745389
2002-01-06 15:30:00.090000+00:00,2.54,32.429,-115.1036667,6.941,ci9745405
2002-01-06 22:48:33.170000+00:00,2.81,33.3015,-116.2376667,10.378,ci9745573
2002-01-07 02:02:59.150000+00:00,2.81,32.3865,-115.0855,7.0,ci9745713
2002-01-07 03:22:02.710000+00:00,3.15,34.462,-116.4826667,2.689,ci9745753
2002-01-07 05:01:54.340000+00:00,2.72,32.4378333,-115.0913333,6.996,ci9745777
2002-01-07 08:33:36.510000+00:00,2.64,32.4296667,-115.0955,7.0,ci9745965
2002-01-07 14:57:12.860000+00:00,2.94,32.3871667,-115.0963333,6.988,ci9746033
2002-01-07 15:13:24.620000+00:00,2.56,32.4303333,-115.0966667,6.973,ci9746037
2002-01-08 14:22:48.730000+00:00,2.51,35.3823333,-117.7258333,7.756,ci9746233
2002-01-09 17:24:10.480000+00:00,2.56,32.42,-115.0968333,6.981,ci9746549
2002-01-09 17:33:01.580000+00:00,2.52,32.4043333,-115.0913333,6.981,ci9746557
2002-01-09 20:19:19.860000+00:00,2.82,32.4245,-115.092,6.981,ci9746597
2002-01-09 21:25:44.930000+00:00,2.53,32.7603333,-115.4251667,16.647,ci9746605
2002-01-09 22:35:02.470000+00:00,2.51,32.7616667,-115.427,13.326,ci9746741
2002-01-09 22:59:59.770000+00:00,2.98,32.4255,-115.1051667,6.981,ci9746749
2002-01-10 11:39:35.440000+00:00,2.83,32.7036667,-115.4085,15.12,ci9746797
2002-01-10 11:51:58.090000+00:00,2.8,32.7341667,-115.4075,12.69,ci9746801
2002-01-10 12:30:10.900000+00:00,2.69,33.4631667,-116.4998333,6.963,ci9746809
2002-01-11 14:01:23.360000+00:00,2.85,32.3945,-115.0758333,6.767,ci9747073
2002-01-11 23:40:52.830000+00:00,3.11,32.3816667,-115.0701667,6.991,ci9747397
2002-01-12 16:31:51.990000+00:00,2.53,32.3755,-115.0938333,6.99,ci9747833
2002-01-12 17:44:40.520000+00:00,3.14,32.314,-115.023,6.993,ci9747849
2002-01-13 00:27:59.200000+00:00,2.53,33.3861667,-116.4318333,9.234,ci9747889
2002-01-13 13:10:04.850000+00:00,3.01,32.4038333,-115.093,6.99,ci9748061
2002-01-13 17:33:23.510000+00:00,2.78,32.4263333,-115.097,6.976,ci9748141
2002-01-14 05:33:58.620000+00:00,3.29,32.419,-115.1026667,6.97,ci9748381
2002-01-15 04:28:25.490000+00:00,2.78,34.8603333,-116.3993333,4.106,ci9748589
2002-01-16 17:32:40.920000+00:00,2.6,36.8861,-116.1122,8.2,nn00043282
2002-01-18 09:23:49.940000+00:00,3.47,32.4213333,-115.0801667,14.981,ci9749669
2002-01-18 09:28:53.060000+00:00,2.84,32.2541667,-115.0188333,6.981,ci9749673
2002-01-18 09:46:42.440000+00:00,2.65,32.4251667,-115.1026667,6.976,ci9749685
2002-01-18 17:52:04.850000+00:00,2.7,32.1621667,-115.4285,6.966,ci9749781
2002-01-19 06:12:52.800000+00:00,2.7,32.4196667,-115.1073333,6.97,ci9749941
2002-01-19 15:06:38.485000+00:00,2.6,36.8164,-116.0745,7.2,nn00043426
2002-01-20 07:38:22.160000+00:00,2.62,32.217,-115.3176667,7.006,ci9750361
2002-01-20 15:08:52.270000+00:00,2.79,34.4773333,-117.787,0.534,ci9750829
2002-01-20 16:28:59.040000+00:00,2.92,32.4081667,-115.1078333,6.981,ci9750841
2002-01-20 16:48:04.590000+00:00,2.55,36.2901667,-119.8636667,23.2,nc21209675
2002-01-21 18:23:15.140000+00:00,2.78,33.1813333,-116.0435,5.094,ci9751393
2002-01-22 08:39:30.660000+00:00,3.3,34.5423333,-118.9768333,21.561,ci9751769
2002-01-24 19:49:35.031000+00:00,2.5,36.8152,-116.0759,6.6,nn00043681
2002-01-24 21:01:36.490000+00:00,2.76,32.5343333,-115.7488333,5.273,ci12279448
2002-01-26 11:35:18.520000+00:00,2.52,32.2778333,-115.6035,6.926,ci12295492
2002-01-27 07:01:14.180000+00:00,3.08,36.0236667,-119.826,15.311,nc21210477
2002-01-27 08:31:38.560000+00:00,2.55,32.0871667,-114.9861667,6.96,ci12311484
2002-01-28 16:30:17.060000+00:00,3.04,36.0438333,-117.8771667,2.155,ci12319564
2002-01-29 05:53:08.500000+00:00,3.09,34.354,-118.6508333,12.56,ci9753481
2002-01-29 05:53:28.930000+00:00,4.18,34.3613333,-118.6571667,13.74,ci9753485
2002-01-29 06:00:39.820000+00:00,3.9,34.3705,-118.6678333,13.746,ci9753489
2002-01-29 06:08:01.890000+00:00,3.8,34.3653333,-118.6643333,14.04,ci9753497
2002-01-29 06:09:09.420000+00:00,2.78,34.3576667,-118.6688333,14.47,ci9753501
2002-01-29 06:12:05.380000+00:00,2.75,34.3588333,-118.6645,13.655,ci9753505
2002-01-29 06:26:31.050000+00:00,2.91,34.3638333,-118.6531667,12.725,ci9753549
2002-01-29 12:28:30.800000+00:00,2.78,34.3628333,-118.663,14.595,ci9753757
2002-01-29 13:18:21.030000+00:00,2.97,32.2323333,-117.0,6.789,ci9753761
2002-01-29 15:31:27.400000+00:00,2.93,33.7823333,-119.4581667,6.72,ci9753793
2002-01-29 19:20:54.950000+00:00,2.69,34.3573333,-118.6653333,11.159,ci9753929
2002-01-29 20:23:07.060000+00:00,3.59,34.3628333,-118.6668333,12.005,ci9753949
2002-01-29 20:27:27.130000+00:00,3.07,34.3675,-118.6613333,12.399,ci9753965
2002-01-30 02:34:44.550000+00:00,2.7,34.3593333,-118.6648333,12.389,ci9754093
2002-01-30 18:47:57.370000+00:00,3.47,34.3661667,-118.6606667,12.22,ci9755013
2002-01-30 18:57:58.970000+00:00,2.99,34.3618333,-118.6613333,11.599,ci9755037
2002-02-01 22:33:02.370000+00:00,2.59,32.3976667,-115.0975,7.0,ci12359428
2002-02-02 12:35:17.250000+00:00,2.63,34.3621667,-116.6783333,2.812,ci12379440
2002-02-02 16:18:03.640000+00:00,2.66,34.7263333,-116.3036667,2.661,ci12379476
2002-02-02 19:00:53.240000+00:00,2.65,34.4246667,-116.474,3.439,ci12379532
2002-02-02 23:07:25.050000+00:00,2.9,36.516,-116.578,10.5,usp000axnn
2002-02-04 02:10:31.190000+00:00,2.7,35.341,-118.1526667,5.914,ci12411464
2002-02-04 04:39:10.160000+00:00,3.58,33.0466667,-116.4401667,14.884,ci12415448
2002-02-05 06:16:28.300000+00:00,2.56,33.7043333,-116.765,15.631,ci9757301
2002-02-07 05:29:31.650000+00:00,3.38,34.1018333,-116.7086667,5.883,ci9758113
2002-02-07 08:10:55.930000+00:00,2.59,34.3608333,-118.6731667,14.965,ci9758141
2002-02-07 08:11:07.750000+00:00,2.78,34.362,-118.6758333,15.075,ci9758145
2002-02-07 08:22:39.670000+00:00,2.75,34.362,-118.6665,14.315,ci9758149
2002-02-07 08:31:41.320000+00:00,2.85,34.3625,-118.667,13.415,ci9758157
2002-02-07 13:58:02.560000+00:00,2.61,36.382,-116.8826667,3.409,ci9758265
2002-02-07 15:57:40.010000+00:00,2.83,36.0295,-120.5843333,4.683,nc21211956
2002-02-08 18:52:09.250000+00:00,2.52,36.4471667,-117.8686667,6.383,ci9758677
2002-02-08 21:15:11.260000+00:00,2.59,35.9781667,-118.3436667,3.882,ci12443932
2002-02-09 02:42:20.250000+00:00,3.67,32.3006667,-117.704,6.862,ci12447436
2002-02-11 10:20:55.780000+00:00,2.57,32.5118333,-115.741,2.797,ci12447868
2002-02-11 21:36:27.280000+00:00,2.55,32.1045,-116.4251667,6.292,ci12447976
2002-02-11 22:54:17.350000+00:00,2.64,34.6338333,-117.1218333,-1.595,ci12448008
2002-02-16 19:36:15.700000+00:00,2.88,35.6356667,-116.289,5.973,ci12451620
2002-02-16 20:10:34.430000+00:00,2.87,35.1698333,-119.3983333,20.177,ci12451628
2002-02-18 23:05:34.270000+00:00,3.04,32.2841667,-115.2738333,5.639,ci12455464
2002-02-19 00:30:39.550000+00:00,3.27,32.2595,-115.2481667,6.798,ci12455484
2002-02-20 13:06:37.300000+00:00,2.67,34.3576667,-118.6735,12.529,ci12455852
2002-02-21 04:00:31.040000+00:00,2.66,33.9978333,-118.3548333,12.861,ci12456028
2002-02-21 18:27:25.700000+00:00,3.16,32.565,-115.7748333,5.219,ci12456160
2002-02-22 01:51:13.220000+00:00,2.51,32.6866667,-115.6041667,16.986,ci12456280
2002-02-22 16:27:54.170000+00:00,2.92,34.5233333,-116.251,4.548,ci12456356
2002-02-22 19:32:41.750000+00:00,5.7,32.3188333,-115.3215,7.007,ci12456384
2002-02-22 19:42:33.940000+00:00,3.37,32.3246667,-115.3201667,7.017,ci12456388
2002-02-22 19:45:51.240000+00:00,3.24,32.3721667,-115.3166667,6.97,ci12456400
2002-02-22 19:47:59.320000+00:00,3.14,32.3008333,-115.313,7.005,ci12456396
2002-02-22 19:49:19.040000+00:00,3.04,32.2968333,-115.3136667,6.996,ci12456404
2002-02-22 19:50:09.430000+00:00,3.17,32.3175,-115.3023333,6.997,ci12456408
2002-02-22 19:54:20.760000+00:00,2.89,32.2685,-115.319,7.015,ci12456416
2002-02-22 19:55:18.690000+00:00,3.12,32.2913333,-115.3221667,7.005,ci12456420
2002-02-22 19:57:40.260000+00:00,2.64,32.2466667,-115.3226667,7.015,ci12456424
2002-02-22 19:58:47.560000+00:00,2.58,32.2738333,-115.3118333,7.017,ci12456428
2002-02-22 20:05:56.560000+00:00,2.96,32.3156667,-115.3176667,7.005,ci12456440
2002-02-22 20:09:53.830000+00:00,3.19,32.3158333,-115.3191667,7.007,ci12456448
2002-02-22 20:17:53.950000+00:00,2.5,32.2896667,-115.3358333,7.006,ci12456452
2002-02-22 20:19:59.760000+00:00,3.52,32.3065,-115.3201667,7.031,ci12456460
2002-02-22 20:33:49.140000+00:00,4.13,32.3043333,-115.3331667,7.025,ci12456476
2002-02-22 20:39:28.360000+00:00,3.05,32.3245,-115.3215,7.006,ci12456480
2002-02-22 20:44:54.490000+00:00,2.61,32.3036667,-115.3211667,15.97,ci12456496
2002-02-22 20:49:10.890000+00:00,2.65,32.3155,-115.326,7.006,ci12456500
2002-02-22 20:50:55.320000+00:00,2.71,32.3076667,-115.2961667,6.997,ci12456504
2002-02-22 20:54:27.060000+00:00,2.81,32.3256667,-115.3305,6.987,ci12456508
2002-02-22 20:57:25.950000+00:00,2.79,32.3691667,-115.3355,7.017,ci12456516
2002-02-22 21:20:11.220000+00:00,3.04,32.2973333,-115.3233333,7.007,ci12456548
2002-02-22 21:34:46.640000+00:00,3.19,32.3115,-115.3228333,7.017,ci12456560
2002-02-22 21:44:24.980000+00:00,2.64,32.3288333,-115.3491667,6.967,ci12456568
2002-02-22 21:53:21.150000+00:00,2.78,32.2793333,-115.3208333,6.947,ci12456572
2002-02-22 22:59:24.350000+00:00,2.67,32.3101667,-115.3331667,7.007,ci12456664
2002-02-22 23:06:16.680000+00:00,3.0,32.2626667,-115.3248333,7.006,ci12456676
2002-02-22 23:20:34.780000+00:00,3.59,32.2913333,-115.3288333,7.017,ci12456696
2002-02-22 23:23:48.860000+00:00,3.19,32.2735,-115.3115,7.007,ci12456700
2002-02-22 23:45:06.610000+00:00,2.54,32.1866667,-115.3126667,7.035,ci12456720
2002-02-22 23:46:53.920000+00:00,2.66,32.2005,-115.5823333,6.782,ci12456716
2002-02-23 00:03:47.970000+00:00,2.53,32.2048333,-115.33,7.015,ci12456740
2002-02-23 00:19:54.880000+00:00,2.93,32.278,-115.3186667,7.005,ci12456752
2002-02-23 00:23:05.020000+00:00,2.92,32.2541667,-115.3223333,7.006,ci12456764
2002-02-23 01:03:44.580000+00:00,2.67,32.199,-115.3063333,7.015,ci12456808
2002-02-23 01:04:40.770000+00:00,2.64,32.358,-115.3268333,7.017,ci12456812
2002-02-23 02:11:40.270000+00:00,2.83,32.306,-115.3213333,6.97,ci12456884
2002-02-23 03:27:41.690000+00:00,2.5,32.2286667,-115.3271667,7.016,ci9504618
2002-02-23 04:06:09.180000+00:00,2.66,32.3881667,-115.3306667,6.997,ci12456952
2002-02-23 04:34:21.410000+00:00,2.88,32.2786667,-115.3186667,7.007,ci12457008
2002-02-23 05:29:45.440000+00:00,2.64,32.2756667,-115.3365,6.996,ci12457048
2002-02-23 06:07:40.300000+00:00,2.82,32.256,-115.3315,6.996,ci12457064
2002-02-23 06:23:38.960000+00:00,3.36,32.279,-115.325,6.996,ci12457084
2002-02-23 06:29:40.020000+00:00,3.68,32.2861667,-115.3336667,6.996,ci12457092
2002-02-23 06:37:00.280000+00:00,2.62,32.2623333,-115.3278333,7.006,ci12457100
2002-02-23 06:43:12.810000+00:00,2.58,32.2535,-115.3283333,6.996,ci12457112
2002-02-23 06:48:57.720000+00:00,2.62,32.3158333,-115.3116667,6.997,ci12457120
2002-02-23 07:05:01.650000+00:00,2.61,32.291,-115.3276667,7.007,ci12457132
2002-02-23 07:11:20.540000+00:00,2.66,32.366,-115.2913333,6.997,ci12457140
2002-02-23 07:35:40.280000+00:00,2.9,32.3181667,-115.333,7.007,ci12457152
2002-02-23 07:38:15.020000+00:00,2.73,32.375,-115.3358333,7.007,ci12457156
2002-02-23 07:48:55.940000+00:00,2.94,32.3076667,-115.3251667,7.007,ci12457164
2002-02-23 07:51:56.760000+00:00,2.59,32.3551667,-115.296,6.997,ci12457172
2002-02-23 08:21:52.110000+00:00,2.82,32.2935,-115.327,7.007,ci12457184
2002-02-23 08:33:00.580000+00:00,2.97,32.3095,-115.3325,7.007,ci12457188
2002-02-23 08:48:07.860000+00:00,2.85,32.2283333,-115.3263333,6.996,ci12457196
2002-02-23 10:39:34.630000+00:00,2.8,32.2418333,-115.3216667,7.016,ci12457280
2002-02-23 10:47:00.400000+00:00,2.81,32.336,-115.317,7.007,ci12457284
2002-02-23 11:10:37.620000+00:00,2.56,32.2718333,-115.3271667,7.006,ci12457300
2002-02-23 11:49:31.920000+00:00,2.96,32.3065,-115.3203333,7.007,ci12457340
2002-02-23 14:13:55.100000+00:00,2.51,32.231,-115.3236667,7.026,ci12457420
2002-02-23 15:26:22.070000+00:00,2.54,32.2378333,-115.352,6.972,ci12457456
2002-02-23 16:29:21.770000+00:00,3.42,32.2725,-115.3228333,7.016,ci12457484
2002-02-23 18:05:15.040000+00:00,3.14,32.255,-115.3275,7.016,ci12457508
2002-02-23 18:12:38.280000+00:00,2.85,32.2151667,-115.3361667,7.006,ci12457512
2002-02-23 18:40:34.740000+00:00,2.74,32.3248333,-115.3068333,7.007,ci12457528
2002-02-23 18:43:00.570000+00:00,2.64,32.3183333,-115.3058333,7.007,ci12457532
2002-02-23 18:59:32.840000+00:00,2.64,32.2915,-115.325,7.007,ci12457552
2002-02-23 20:01:08.040000+00:00,2.85,32.3391667,-115.3366667,7.027,ci12457596
2002-02-23 21:29:40.310000+00:00,2.82,32.2818333,-115.3201667,7.007,ci12457636
2002-02-23 22:37:54.160000+00:00,2.86,32.2948333,-115.314,7.007,ci12457656
2002-02-24 00:02:19.560000+00:00,2.58,32.2658333,-115.3226667,7.006,ci12457672
2002-02-24 04:57:34.080000+00:00,2.87,32.2656667,-115.3193333,6.996,ci12457816
2002-02-24 06:09:40.310000+00:00,2.95,32.3651667,-115.3175,5.987,ci12457836
2002-02-24 06:21:49.420000+00:00,2.98,35.9601667,-117.6905,3.309,ci12457844
2002-02-24 07:48:08.700000+00:00,2.8,32.2325,-115.3343333,6.996,ci12457876
2002-02-24 11:58:26.630000+00:00,2.59,32.3288333,-115.3175,7.007,ci12457964
2002-02-24 12:18:47.990000+00:00,2.55,32.2886667,-115.3306667,7.006,ci12457980
2002-02-24 13:11:47.370000+00:00,3.17,32.2808333,-115.3398333,6.996,ci12457988
2002-02-24 13:29:58.540000+00:00,2.71,32.227,-115.347,7.006,ci12458008
2002-02-24 16:42:25.400000+00:00,2.68,33.2971667,-115.6763333,6.571,ci12458100
2002-02-24 20:17:13.920000+00:00,2.94,32.2893333,-115.3271667,6.997,ci12458216
2002-02-24 23:27:22.470000+00:00,2.51,32.285,-115.332,7.006,ci12458288
2002-02-24 23:37:23.680000+00:00,2.57,36.0565,-117.8658333,1.895,ci12458296
2002-02-25 01:24:23.820000+00:00,2.55,32.2551667,-115.3245,6.996,ci12458376
2002-02-25 01:28:09.400000+00:00,3.26,33.1406667,-115.6253333,7.393,ci12458380
2002-02-25 01:29:11.700000+00:00,3.97,32.3325,-115.3095,6.007,ci12458384
2002-02-25 03:42:39.980000+00:00,3.01,32.2983333,-115.3241667,7.017,ci12458480
2002-02-25 03:45:03.330000+00:00,3.26,32.2946667,-115.3341667,7.016,ci12458484
2002-02-25 03:49:34.160000+00:00,3.17,32.2991667,-115.326,7.007,ci12458488
2002-02-25 06:44:19.300000+00:00,3.32,32.3248333,-115.339,7.017,ci12458580
2002-02-25 12:17:58.260000+00:00,2.61,32.2915,-115.3415,6.978,ci12458696
2002-02-25 13:37:13.220000+00:00,2.58,32.468,-115.3158333,6.958,ci12458720
2002-02-25 14:20:40.640000+00:00,2.77,32.4551667,-115.2676667,6.991,ci12458744
2002-02-25 14:24:58.330000+00:00,3.01,32.4631667,-115.268,6.991,ci12458748
2002-02-25 14:26:12.860000+00:00,2.99,32.456,-115.2638333,6.991,ci12458756
2002-02-25 15:08:35.930000+00:00,2.81,32.4636667,-115.2681667,6.991,ci12458772
2002-02-25 15:22:26.420000+00:00,2.54,32.2583333,-115.323,7.006,ci12458788
2002-02-25 16:25:28.070000+00:00,2.66,32.4536667,-115.2695,7.017,ci12458800
2002-02-25 17:12:57.910000+00:00,2.82,32.4461667,-115.3211667,6.976,ci12458828
2002-02-25 17:15:11.020000+00:00,2.63,32.4741667,-115.3196667,6.997,ci12458832
2002-02-25 18:22:38.620000+00:00,2.8,32.4391667,-115.2718333,6.991,ci12458884
2002-02-25 19:48:36.530000+00:00,3.23,36.2445,-116.855,7.089,ci12458932
2002-02-25 21:42:38.310000+00:00,2.61,32.252,-115.3333333,7.017,ci12459004
2002-02-26 02:11:28.790000+00:00,2.69,32.2073333,-115.2468333,6.545,ci12459084
2002-02-26 02:50:24.370000+00:00,3.0,32.2845,-115.3043333,6.649,ci12459088
2002-02-26 06:05:05.670000+00:00,2.72,32.2995,-115.3406667,6.618,ci12459124
2002-02-26 09:42:54.970000+00:00,2.69,32.3905,-115.3348333,6.504,ci12459152
2002-02-26 12:47:43.260000+00:00,2.58,32.463,-115.2495,6.524,ci12459428
2002-02-27 01:18:45.720000+00:00,3.19,32.3385,-115.3236667,6.961,ci12459580
2002-02-27 02:44:56.290000+00:00,2.66,32.354,-115.3188333,6.951,ci12459596
2002-02-27 03:03:02.310000+00:00,2.76,32.3626667,-115.333,6.759,ci12459616
2002-02-27 04:23:40.990000+00:00,2.73,32.3593333,-115.3128333,6.961,ci12459636
2002-02-27 11:25:38.740000+00:00,2.77,32.2365,-115.317,6.996,ci12459716
2002-02-27 22:22:10.400000+00:00,2.55,32.3758333,-115.3223333,6.987,ci12467452
2002-02-27 22:45:51.710000+00:00,2.72,32.2168333,-115.3343333,6.996,ci12467460
2002-02-28 00:02:10.400000+00:00,2.57,32.2988333,-115.3196667,6.997,ci12467484
2002-02-28 03:24:46.260000+00:00,2.9,32.1926667,-115.3458333,6.996,ci12467540
2002-02-28 04:25:24.670000+00:00,3.04,32.2495,-115.3258333,6.996,ci12467560
2002-02-28 11:12:12.820000+00:00,2.74,32.2245,-115.3233333,6.996,ci12467652
2002-02-28 11:12:45.350000+00:00,3.02,32.2643333,-115.3191667,6.996,ci9504662
2002-02-28 11:18:59.780000+00:00,2.95,32.2675,-115.3145,7.007,ci12467656
2002-02-28 13:29:53.910000+00:00,2.9,32.3138333,-115.294,7.007,ci12467692
2002-02-28 14:36:43.810000+00:00,2.84,32.2886667,-115.3366667,6.996,ci12467704
2002-02-28 22:04:54.190000+00:00,3.19,32.2351667,-115.3113333,7.006,ci12467780
2002-02-28 23:37:45.400000+00:00,2.54,32.2835,-115.3245,7.007,ci12467804
2002-03-01 00:18:13.810000+00:00,2.71,32.2948333,-115.3446667,7.006,ci12467828
2002-03-02 01:27:32.700000+00:00,2.56,32.2738333,-115.3126667,7.027,ci12471540
2002-03-02 04:18:15.350000+00:00,2.57,32.7141667,-116.0578333,6.141,ci12471576
2002-03-02 11:11:30.870000+00:00,2.71,32.2271667,-115.3156667,7.006,ci12471636
2002-03-02 23:38:18.210000+00:00,2.95,32.2368333,-115.3153333,6.962,ci12471764
2002-03-03 00:09:00.640000+00:00,3.23,35.4216667,-116.454,5.819,ci12471776
2002-03-03 11:55:25.620000+00:00,2.58,32.3221667,-115.3413333,6.951,ci12471896
2002-03-03 14:12:47.830000+00:00,2.68,32.3026667,-115.3153333,6.933,ci12471916
2002-03-03 14:13:08.360000+00:00,2.8,32.3893333,-115.3148333,6.759,ci9504722
2002-03-03 15:20:56.140000+00:00,2.71,35.6176667,-116.2508333,6.115,ci12471932
2002-03-03 20:07:17.820000+00:00,3.11,32.263,-115.3245,7.016,ci12471992
2002-03-04 02:18:42.410000+00:00,2.5,32.3483333,-115.3283333,6.972,ci12472072
2002-03-04 03:48:49.620000+00:00,2.56,32.2595,-115.3245,6.996,ci12472108
2002-03-04 05:35:26.410000+00:00,2.55,35.6191667,-116.2593333,6.135,ci12472132
2002-03-04 08:28:16.050000+00:00,2.75,32.3178333,-115.3245,6.951,ci12472156
2002-03-04 10:29:02.530000+00:00,2.89,32.3023333,-115.326,6.968,ci12472168
2002-03-04 13:12:22.200000+00:00,3.44,32.2416667,-115.3231667,7.026,ci12472200
2002-03-04 13:32:42.010000+00:00,2.65,32.3386667,-115.3176667,6.933,ci12472208
2002-03-05 11:54:16.280000+00:00,2.89,32.366,-115.2576667,5.793,ci12472496
2002-03-05 12:02:56.760000+00:00,2.94,32.381,-115.2815,6.793,ci12472500
2002-03-05 14:36:01.420000+00:00,2.7,32.3491667,-115.3375,6.683,ci12472528
2002-03-05 16:44:18.290000+00:00,2.58,32.49,-115.3095,6.673,ci12472572
2002-03-05 18:13:44.670000+00:00,2.8,32.3188333,-115.3616667,6.699,ci12472588
2002-03-05 22:19:26.220000+00:00,2.64,32.3221667,-115.3246667,7.007,ci12472652
2002-03-06 01:39:54.500000+00:00,2.9,32.2815,-115.3321667,7.006,ci12472696
2002-03-06 01:40:17.590000+00:00,2.81,32.2626667,-115.3358333,7.016,ci9504802
2002-03-06 03:26:56.590000+00:00,2.72,32.2946667,-115.3368333,7.036,ci12472720
2002-03-06 03:27:37.640000+00:00,2.89,32.2395,-115.3335,7.006,ci9504806
2002-03-06 12:32:40.500000+00:00,3.19,32.2996667,-115.3246667,7.007,ci12472836
2002-03-06 19:50:41+00:00,3.35,32.2795,-115.3405,7.006,ci12472908
2002-03-06 21:31:41.870000+00:00,2.72,32.454,-115.3153333,6.997,ci12472948
2002-03-07 06:58:34.440000+00:00,3.06,32.2705,-115.3348333,7.046,ci12473068
2002-03-07 09:13:18.050000+00:00,2.9,32.2006667,-115.348,7.006,ci12473108
2002-03-08 00:00:42.810000+00:00,2.67,32.4263333,-115.3288333,6.996,ci12475464
2002-03-08 02:10:37.100000+00:00,2.64,36.0226667,-120.5751667,4.653,nc21215674
2002-03-08 04:54:31.010000+00:00,2.77,33.8823333,-116.3061667,3.901,ci12475492
2002-03-08 16:01:41.220000+00:00,2.53,33.4338333,-116.466,12.413,ci12475588
2002-03-08 19:32:20.550000+00:00,2.72,32.4491667,-115.3206667,7.007,ci12475624
2002-03-09 02:02:32.870000+00:00,2.65,32.4055,-115.3283333,7.007,ci12475712
2002-03-09 03:25:25.990000+00:00,2.62,32.419,-115.316,7.007,ci12475732
2002-03-10 11:03:06.070000+00:00,2.73,35.202,-118.5731667,5.47,ci12491444
2002-03-10 21:47:48.230000+00:00,2.58,36.0135,-120.5723333,4.363,nc21216005
2002-03-11 01:57:14.100000+00:00,2.7,32.2656667,-115.3286667,6.996,ci12503436
2002-03-13 12:06:37.390000+00:00,2.5,32.2071667,-115.3483333,6.996,ci12567428
2002-03-14 17:41:33.340000+00:00,2.79,32.3043333,-115.3193333,7.017,ci12583544
2002-03-14 18:41:27.420000+00:00,3.28,34.845,-116.3523333,6.47,ci12583548
2002-03-15 10:30:38.420000+00:00,2.87,32.2396667,-115.3818333,6.699,ci12607432
2002-03-15 16:57:56.580000+00:00,3.43,34.5185,-116.2913333,4.548,ci12615428
2002-03-15 17:39:25.660000+00:00,3.07,34.5215,-116.293,4.548,ci12619436
2002-03-16 21:33:23.820000+00:00,4.6,33.666,-119.33,6.765,ci12659440
2002-03-17 05:46:14.280000+00:00,3.17,33.6673333,-119.3263333,6.658,ci12663480
2002-03-17 05:50:43.140000+00:00,3.21,33.8728333,-117.8558333,9.402,ci12663484
2002-03-18 02:40:33.480000+00:00,2.53,33.2271667,-115.6266667,5.627,ci12687464
2002-03-20 04:07:58.880000+00:00,2.5,35.1271667,-118.7535,4.439,ci12759428
2002-03-20 15:18:50.110000+00:00,2.74,34.8205,-116.418,2.56,ci12783436
2002-03-20 17:49:57.740000+00:00,2.51,33.6621667,-119.305,6.602,ci12787456
2002-03-21 03:42:09.930000+00:00,2.88,34.0006667,-117.1618333,13.341,ci12811428
2002-03-21 12:24:04.500000+00:00,2.78,32.3308333,-115.3835,-0.874,ci12831428
2002-03-21 17:26:52.620000+00:00,2.57,33.6088333,-119.376,6.582,ci12843452
2002-03-22 06:55:11.460000+00:00,2.52,33.9666667,-117.7348333,12.807,ci9772789
2002-03-22 21:15:03.600000+00:00,2.9,33.6435,-119.302,6.765,ci9772861
2002-03-22 23:37:53.570000+00:00,2.94,35.7805,-118.0428333,5.502,ci9772897
2002-03-23 12:27:32.700000+00:00,3.4,34.2668333,-116.7743333,1.128,ci9772973
2002-03-24 03:00:05.800000+00:00,2.56,32.414,-115.1091667,7.0,ci9773069
2002-03-24 03:48:19.160000+00:00,2.67,32.3218333,-115.3048333,7.007,ci9773081
2002-03-25 11:25:12.090000+00:00,2.82,34.7783333,-116.3878333,9.983,ci9773269
2002-03-25 12:10:51.760000+00:00,2.57,34.866,-116.389,1.516,ci9773277
2002-03-26 09:10:12.200000+00:00,3.04,32.3136667,-115.3273333,7.007,ci9773533
2002-03-26 11:28:33.700000+00:00,3.03,32.8123333,-115.6055,16.478,ci9773557
2002-03-26 18:20:47.430000+00:00,2.79,32.2855,-115.3053333,7.017,ci9773621
2002-03-26 19:44:27.610000+00:00,3.74,32.2926667,-115.3211667,7.017,ci9773629
2002-03-27 13:23:08.560000+00:00,3.0,34.5251667,-116.2913333,7.778,ci9773785
2002-03-27 13:23:18.720000+00:00,2.85,32.2653333,-115.3173333,6.996,ci9773789
2002-03-27 15:08:02.260000+00:00,2.9,32.311,-115.3203333,7.0,ci9773813
2002-03-28 06:56:08.030000+00:00,3.03,33.3501667,-115.752,5.133,ci9774045
2002-03-29 20:57:09.950000+00:00,2.92,32.2978333,-115.3123333,7.005,ci9774457
2002-03-30 02:01:55.860000+00:00,3.27,32.5058333,-115.2403333,7.007,ci9774505
2002-03-30 13:50:51.710000+00:00,3.84,33.1946667,-116.728,8.127,ci9774569
2002-03-30 21:11:09.070000+00:00,2.51,33.1953333,-116.7258333,8.907,ci9774641
2002-03-31 08:29:15.400000+00:00,2.54,34.0625,-116.722,9.235,ci9774713
2002-03-31 16:53:19.780000+00:00,2.52,32.7166667,-115.4031667,14.995,ci9774765
2002-04-01 21:05:08.120000+00:00,2.75,32.3368333,-115.3146667,7.005,ci9775021
2002-04-03 10:39:46.680000+00:00,2.78,33.8751667,-116.8471667,16.793,ci9775385
2002-04-05 08:02:56.050000+00:00,4.39,34.524,-116.2946667,4.548,ci9775765
2002-04-05 17:59:55.910000+00:00,2.68,32.4628333,-116.282,13.971,ci9775877
2002-04-07 08:01:10.530000+00:00,2.58,34.5183333,-116.2951667,4.512,ci9776201
2002-04-07 13:58:43.480000+00:00,3.3,32.1051667,-115.4556667,6.961,ci9776225
2002-04-08 03:10:37.210000+00:00,2.53,33.9588333,-116.9656667,11.673,ci9776385
2002-04-09 00:11:31.690000+00:00,2.53,35.7163333,-118.0743333,1.932,ci9776669
2002-04-09 17:15:03.700000+00:00,3.01,32.3441667,-115.313,6.968,ci9776853
2002-04-11 02:29:41.230000+00:00,2.52,34.4051667,-120.584,-0.454,ci9777181
2002-04-11 13:43:16.360000+00:00,3.3,32.2871667,-115.3163333,7.005,ci9777393
2002-04-12 05:50:27.140000+00:00,2.81,32.3315,-115.3216667,7.0,ci9777513
2002-04-13 00:20:30.050000+00:00,2.79,34.4955,-118.8455,14.256,ci9777745
2002-04-16 03:49:20.810000+00:00,2.69,32.8998333,-115.5213333,18.341,ci9778677
2002-04-17 20:50:17.030000+00:00,2.62,36.4936667,-120.3263333,4.224,nc21221833
2002-04-17 22:31:56.420000+00:00,2.84,36.4876667,-120.3528333,4.174,nc21221851
2002-04-22 23:35:44.950000+00:00,2.74,32.3465,-115.3146667,6.956,ci12880252
2002-04-25 14:37:49.780000+00:00,2.55,36.9686667,-120.0286667,15.885,nc21222932
2002-04-26 02:49:01.200000+00:00,2.6,33.6971667,-116.8281667,14.729,ci12880908
2002-04-26 04:23:39.330000+00:00,2.67,36.5248333,-120.713,7.914,nc21223125
2002-04-26 15:49:14.440000+00:00,2.6,33.0493333,-115.8438333,10.78,ci12881028
2002-04-28 16:25:29.570000+00:00,2.53,34.3566667,-116.7376667,0.882,ci12883620
2002-04-29 12:24:41.100000+00:00,4.1,32.0535,-114.9573333,6.008,ci12883788
2002-05-01 23:02:28.280000+00:00,3.01,35.7133333,-118.078,1.495,ci12887672
2002-05-01 23:03:41.040000+00:00,2.86,35.7125,-118.0768333,1.765,ci12887676
2002-05-02 06:00:15.060000+00:00,3.84,35.7096667,-118.0788333,1.655,ci12887732
2002-05-02 06:51:57.600000+00:00,2.71,35.7125,-118.0793333,1.849,ci12887760
2002-05-03 01:17:54.610000+00:00,2.71,33.0051667,-118.3355,11.354,ci12895488
2002-05-03 09:59:59.080000+00:00,2.98,35.6998333,-118.0853333,1.445,ci12895588
2002-05-05 07:26:44.240000+00:00,2.63,34.8036667,-116.2646667,4.92,ci12911456
2002-05-06 06:45:50.320000+00:00,2.52,32.1565,-114.9991667,6.973,ci12927512
2002-05-06 07:47:45.070000+00:00,2.56,33.1621667,-115.6503333,0.253,ci12927532
2002-05-06 11:54:53.180000+00:00,2.58,35.7215,-118.0698333,1.759,ci12927580
2002-05-07 02:02:23.760000+00:00,2.8,36.0986667,-117.9021667,1.935,ci12935440
2002-05-07 22:31:48.170000+00:00,3.42,35.7155,-118.0681667,1.705,ci12943648
2002-05-07 22:55:44.260000+00:00,2.5,32.7255,-115.4191667,11.004,ci12943660
2002-05-08 04:51:07.100000+00:00,2.56,32.7436667,-115.4233333,14.093,ci12947432
2002-05-08 16:18:11.010000+00:00,3.19,36.2361667,-120.3423333,9.393,nc21224941
2002-05-09 02:55:24.350000+00:00,2.75,32.2908333,-115.3248333,7.007,ci12951448
2002-05-10 21:33:12.570000+00:00,2.91,35.3796667,-118.472,6.073,ci12987436
2002-05-11 00:42:57.690000+00:00,2.55,36.4816667,-120.8646667,15.428,nc21225197
2002-05-11 05:16:34.580000+00:00,2.99,32.0396667,-116.3148333,6.473,ci12987528
2002-05-20 16:14:42.910000+00:00,2.54,35.5888333,-116.3136667,4.767,ci13287452
2002-05-21 02:58:42.120000+00:00,2.69,35.606,-116.3136667,6.177,ci13291460
2002-05-21 19:43:08.310000+00:00,3.88,33.1583333,-115.9771667,12.831,ci13303428
2002-05-22 15:35:29.350000+00:00,2.58,32.206,-115.372,6.962,ci13307504
2002-05-22 16:58:23.220000+00:00,2.72,33.1501667,-115.984,10.741,ci13307516
2002-05-25 00:05:17.710000+00:00,2.72,35.589,-116.31,5.936,ci13351496
2002-05-25 12:03:32.824000+00:00,2.9,36.7261,-116.2996,9.4,nn00048853
2002-05-27 13:50:20.180000+00:00,3.01,33.9076667,-119.5703333,14.233,ci13451432
2002-05-27 20:40:38.460000+00:00,2.51,34.3226667,-116.449,0.096,ci13467428
2002-06-01 12:42:14.300000+00:00,2.77,36.098,-120.1655,7.722,nc21228216
2002-06-05 11:04:54.670000+00:00,2.83,34.7993333,-116.2651667,4.98,ci13643432
2002-06-06 03:26:01.330000+00:00,2.5,32.6745,-116.0196667,8.632,ci13655964
2002-06-08 05:31:01.070000+00:00,3.0,36.2665,-120.335,8.579,nc21229272
2002-06-09 00:45:01.470000+00:00,2.78,35.0673333,-118.8935,7.934,ci13656276
2002-06-09 03:34:17.600000+00:00,2.61,36.0471667,-120.6078333,4.681,nc21229408
2002-06-09 07:55:39.770000+00:00,2.64,33.928,-116.8435,6.449,ci13656340
2002-06-09 10:13:10.830000+00:00,2.84,36.234,-120.7963333,7.956,nc21229439
2002-06-09 10:26:55.630000+00:00,3.94,32.2626667,-115.1335,6.981,ci13656376
2002-06-09 22:35:52.120000+00:00,2.57,34.4218333,-117.6461667,7.243,ci13656508
2002-06-10 07:14:45.470000+00:00,2.79,33.9741667,-117.238,13.126,ci13656540
2002-06-13 21:08:44.910000+00:00,2.57,32.1465,-115.3176667,6.96,ci13657428
2002-06-14 08:57:14.630000+00:00,2.66,32.6095,-116.1805,7.107,ci13657584
2002-06-14 12:40:44.706000+00:00,4.2,36.7139,-116.3006,12.3,nn00049993
2002-06-14 12:41:37.724000+00:00,3.3,36.7026,-116.3076,9.9,nn00049981
2002-06-15 06:03:23.397000+00:00,2.6,36.7187,-116.3127,8.6,nn00050329
2002-06-18 07:53:07.050000+00:00,3.03,36.1978333,-120.762,7.51,nc21231176
2002-06-18 15:40:26.580000+00:00,2.81,36.027,-117.8758333,3.625,ci9792733
2002-06-18 16:24:31.533000+00:00,2.8,36.715,-116.309,9.7,nn00050735
2002-06-19 00:26:25.830000+00:00,2.96,33.9978333,-118.3511667,13.29,ci9792905
2002-06-19 09:57:21.700000+00:00,2.56,32.5931667,-116.18,3.734,ci9792997
2002-06-21 02:28:40.370000+00:00,2.66,34.2368333,-119.6056667,11.429,ci9793457
2002-06-22 12:26:23.690000+00:00,2.63,36.2958333,-119.7146667,17.605,nc21231820
2002-06-27 03:48:21.330000+00:00,3.24,32.3348333,-115.217,6.997,ci9795445
2002-06-27 09:33:48.390000+00:00,2.98,32.1041667,-116.3701667,6.483,ci9795505
2002-06-29 09:51:26.330000+00:00,2.6,32.1303333,-114.9745,7.021,ci9796045
2002-06-29 11:27:06.220000+00:00,3.08,32.0173333,-117.1951667,6.801,ci9796049
2002-07-01 04:09:11.250000+00:00,2.57,32.1016667,-114.9881667,7.021,ci9796421
2002-07-01 22:03:59.660000+00:00,3.33,34.1033333,-116.651,8.77,ci9796589
2002-07-03 18:55:40.480000+00:00,2.94,34.0998333,-116.6491667,7.88,ci9797145
2002-07-05 07:38:46+00:00,2.71,36.1861667,-120.1246667,7.45,nc21233677
2002-07-09 09:18:08.480000+00:00,2.59,36.0708333,-119.3443333,21.218,ci9799221
2002-07-10 03:15:23.540000+00:00,2.94,34.8091667,-118.8926667,13.993,ci9799641
2002-07-10 04:22:17.660000+00:00,3.0,32.9433333,-115.5351667,6.016,ci9799665
2002-07-10 08:03:00.210000+00:00,2.59,35.8411667,-118.132,10.869,ci9799785
2002-07-10 18:36:32.210000+00:00,2.77,33.5598333,-119.3028333,6.702,ci9799985
2002-07-12 21:18:18.900000+00:00,2.59,36.4486667,-117.9596667,1.263,ci9800533
2002-07-14 23:21:46.120000+00:00,2.92,36.2896667,-120.406,10.294,nc21235437
2002-07-16 04:41:13.920000+00:00,2.74,33.3698333,-116.3875,2.962,ci13672572
2002-07-20 20:37:00.060000+00:00,2.81,36.1876667,-117.9876667,5.949,ci9802565
2002-07-21 05:03:33.060000+00:00,2.53,36.1831667,-117.9933333,4.043,ci9802613
2002-07-21 14:37:09.110000+00:00,2.53,35.7796667,-117.6573333,4.17,ci9802753
2002-07-22 04:33:27.880000+00:00,2.94,34.3231667,-116.8383333,2.549,ci9802925
2002-07-23 17:36:16.580000+00:00,2.59,32.3765,-115.033,6.985,ci9803433
2002-07-24 15:15:45.420000+00:00,2.93,36.2725,-116.361,6.517,ci13692444
2002-07-25 00:43:15.140000+00:00,3.74,34.1613333,-117.4288333,5.782,ci13692644
2002-07-26 07:17:56.320000+00:00,2.91,34.7438333,-119.0265,6.45,ci13692928
2002-07-27 00:08:57.560000+00:00,2.72,34.0413333,-118.9848333,16.639,ci13693056
2002-07-28 05:47:14.330000+00:00,2.55,34.1633333,-117.4353333,7.191,ci13693312
2002-07-29 01:02:20.580000+00:00,2.55,36.0195,-117.8001667,0.642,ci13695432
2002-07-29 17:37:12.510000+00:00,2.94,32.9145,-116.2438333,7.874,ci13695540
2002-07-31 08:31:47.980000+00:00,3.73,34.571,-116.4411667,1.986,ci9805021
2002-07-31 15:15:12.640000+00:00,2.71,35.3458333,-117.8911667,4.216,ci9805089
2002-07-31 18:53:39.860000+00:00,3.06,35.7915,-119.9923333,6.273,nc21238361
2002-08-02 05:00:11.150000+00:00,2.51,36.0045,-120.561,4.38,nc21238654
2002-08-02 05:44:49.030000+00:00,2.62,32.0126667,-116.2078333,6.5,ci9805505
2002-08-02 06:22:00.990000+00:00,2.65,34.3626667,-118.678,14.605,ci9805513
2002-08-03 03:19:33.820000+00:00,2.56,35.9633333,-117.9545,5.175,ci9805813
2002-08-03 18:11:29.070000+00:00,2.52,32.9386667,-115.529,18.181,ci9806017
2002-08-04 18:26:13.190000+00:00,2.57,34.2888333,-116.8801667,5.649,ci9806197
2002-08-04 18:27:04.970000+00:00,2.51,34.2895,-116.8791667,6.119,ci9806201
2002-08-05 06:41:33+00:00,3.11,35.931,-120.679,11.43,nc21239146
2002-08-05 07:23:09.940000+00:00,2.5,35.929,-120.679,11.58,nc21239151
2002-08-06 21:07:03.990000+00:00,2.51,33.129,-115.6028333,13.093,ci9806841
2002-08-08 10:25:26.810000+00:00,2.74,34.1678333,-117.6351667,12.752,ci9807405
2002-08-09 15:02:01.200000+00:00,2.78,36.1601667,-120.3048333,13.549,nc21239738
2002-08-12 05:21:25.750000+00:00,2.82,32.2833333,-115.1205,6.973,ci9808533
2002-08-13 10:09:49.650000+00:00,3.04,34.1668333,-117.4356667,6.451,ci9808837
2002-08-13 10:15:04.520000+00:00,2.74,34.1661667,-117.4338333,2.326,ci9808845
2002-08-13 18:03:25.610000+00:00,3.15,35.3118333,-119.4466667,13.567,ci9809025
2002-08-15 01:24:10.390000+00:00,2.52,34.1625,-117.4426667,9.001,ci9809645
2002-08-15 14:57:22.460000+00:00,2.76,34.0881667,-117.3186667,16.858,ci9809785
2002-08-17 10:11:37.810000+00:00,2.64,32.283,-115.2293333,6.989,ci9810485
2002-08-17 11:39:52.220000+00:00,2.91,32.2655,-115.2675,7.01,ci9810509
2002-08-18 08:09:53.990000+00:00,3.12,35.9386667,-120.4858333,9.823,nc21241088
2002-08-19 14:31:43.440000+00:00,2.57,36.0165,-117.8093333,1.045,ci9811465
2002-08-23 07:51:37.350000+00:00,2.94,33.1725,-117.6461667,14.249,ci9813529
2002-08-23 08:57:44.540000+00:00,2.54,35.761,-118.4855,4.699,ci9813573
2002-08-24 21:39:30.740000+00:00,2.92,36.0001667,-119.9528333,8.348,nc21242044
2002-08-28 15:11:48.580000+00:00,2.62,35.5783333,-117.1675,4.743,ci9816449
2002-08-31 14:55:52.140000+00:00,2.94,33.0461667,-115.6193333,14.755,ci9817561
2002-08-31 15:15:31.540000+00:00,2.58,33.052,-115.6085,13.535,ci9817573
2002-08-31 16:24:33.330000+00:00,3.75,33.0453333,-115.61,14.255,ci9817605
2002-08-31 16:51:47.200000+00:00,2.57,33.0411667,-115.6081667,11.805,ci9817629
2002-08-31 16:52:05.410000+00:00,2.85,33.0495,-115.6021667,5.665,ci9510134
2002-08-31 16:56:37.250000+00:00,2.82,33.0446667,-115.6085,15.665,ci9817633
2002-08-31 17:05:58.810000+00:00,2.57,33.0501667,-115.6048333,14.175,ci9817641
2002-08-31 17:13:04.300000+00:00,2.78,33.055,-115.6091667,15.615,ci9817645
2002-08-31 17:23:21.490000+00:00,2.59,33.0515,-115.6183333,15.245,ci9817653
2002-09-02 13:59:00.410000+00:00,2.51,34.3825,-116.4705,2.606,ci9818285
2002-09-03 04:50:48.330000+00:00,2.66,33.9236667,-117.773,13.442,ci9818413
2002-09-03 07:08:51.840000+00:00,4.78,33.9123333,-117.7833333,9.371,ci9818433
2002-09-03 07:15:51.480000+00:00,2.93,33.9231667,-117.7723333,11.553,ci9818441
2002-09-03 11:28:39.620000+00:00,2.85,33.9181667,-117.7723333,10.092,ci9818561
2002-09-03 11:49:32.520000+00:00,3.09,32.2828333,-115.3111667,6.216,ci9818565
2002-09-03 20:03:24.230000+00:00,2.71,33.9175,-117.7795,7.052,ci9818745
2002-09-04 14:44:17.680000+00:00,2.83,33.6196667,-116.6968333,12.722,ci9819237
2002-09-04 21:03:02.890000+00:00,2.78,36.2091667,-120.1933333,6.7,nc21243567
2002-09-04 21:18:11.280000+00:00,2.98,35.9478333,-120.0343333,9.241,nc21243572
2002-09-05 22:25:51.710000+00:00,2.69,34.3473333,-116.4575,7.115,ci9819705
2002-09-06 01:27:06.600000+00:00,2.97,33.9208333,-117.7688333,11.543,ci9819773
2002-09-06 07:28:22.590000+00:00,3.9,35.8651667,-120.4135,8.588,nc21243814
2002-09-06 18:06:13.400000+00:00,2.75,36.9481667,-120.6316667,10.317,nc21244021
2002-09-06 22:29:41.550000+00:00,2.7,33.9323333,-117.7648333,13.198,ci9820469
2002-09-07 00:02:10.910000+00:00,3.53,36.0505,-117.8766667,2.005,ci9820489
2002-09-07 13:24:39.910000+00:00,2.82,34.1633333,-117.4388333,4.701,ci9820929
2002-09-07 15:59:06.100000+00:00,2.84,34.4093333,-116.475,2.179,ci9821001
2002-09-08 20:23:23.820000+00:00,2.7,32.3458333,-115.2456667,6.993,ci9821749
2002-09-10 17:26:39.360000+00:00,2.71,34.5858333,-116.2741667,3.251,ci9822801
2002-09-14 19:35:28.490000+00:00,2.63,35.2698333,-118.547,5.998,ci13812836
2002-09-15 21:15:50.920000+00:00,3.31,34.0543333,-116.3201667,9.547,ci13813192
2002-09-17 15:00:05.170000+00:00,3.73,33.5031667,-116.7786667,14.722,ci13813696
2002-09-17 17:07:01.400000+00:00,2.75,33.5081667,-116.78,14.702,ci13813760
2002-09-18 22:50:53.170000+00:00,2.72,33.9265,-119.889,17.939,ci13820028
2002-09-19 03:00:25.790000+00:00,2.89,33.7826667,-118.506,14.675,ci13820052
2002-09-19 06:21:04.930000+00:00,3.84,34.8661667,-116.3953333,2.58,ci13820088
2002-09-19 15:59:55.350000+00:00,2.81,33.1635,-115.636,4.103,ci13820200
2002-09-20 11:38:36.430000+00:00,2.67,36.0496667,-117.8805,1.235,ci9826377
2002-09-21 03:11:29.740000+00:00,2.63,35.9925,-120.543,8.093,nc21246273
2002-09-21 21:26:16.640000+00:00,4.31,33.2248333,-116.1128333,14.436,ci9826789
2002-09-23 08:13:16.610000+00:00,3.59,32.1813333,-115.3836667,6.971,ci9827109
2002-09-23 10:08:44.520000+00:00,2.62,32.2671667,-115.391,7.031,ci9827157
2002-09-23 12:07:33.630000+00:00,2.72,32.2593333,-115.378,6.956,ci9827169
2002-09-23 15:41:26.920000+00:00,3.06,32.2063333,-115.377,7.035,ci9827229
2002-09-23 23:25:58.490000+00:00,2.5,32.2718333,-115.3905,6.966,ci9827329
2002-09-24 01:20:53.530000+00:00,3.0,32.2388333,-115.393,6.946,ci9827357
2002-09-24 10:48:01.380000+00:00,2.86,32.2715,-115.3953333,6.966,ci9827473
2002-09-24 12:01:03.470000+00:00,2.58,32.2521667,-115.3908333,6.956,ci9827489
2002-09-25 00:41:35.680000+00:00,2.54,33.7488333,-116.0248333,8.813,ci9827705
2002-09-27 15:20:10.880000+00:00,2.61,32.0928333,-115.3738333,6.961,ci9828489
2002-09-28 10:34:47.160000+00:00,4.13,35.9461667,-117.3035,2.624,ci9828889
2002-09-28 16:05:16.820000+00:00,3.58,32.3711667,-115.2498333,6.997,ci9829137
2002-09-28 18:11:29.720000+00:00,3.99,35.9455,-117.3051667,2.384,ci9829213
2002-09-28 18:12:57.490000+00:00,3.72,35.944,-117.3051667,2.014,ci9829217
2002-09-29 02:39:13.980000+00:00,2.6,34.2043333,-116.8651667,4.166,ci9829373
2002-09-29 17:45:23.770000+00:00,2.82,34.5783333,-116.2653333,2.57,ci9829561
2002-09-29 17:46:08.660000+00:00,3.08,34.5771667,-116.2656667,2.38,ci9829565
2002-10-01 01:43:17.320000+00:00,2.74,32.5895,-118.2306667,8.42,ci9829933
2002-10-01 22:40:26.420000+00:00,2.5,34.6173333,-116.277,2.833,ci9830173
2002-10-02 05:53:28.650000+00:00,2.61,33.7488333,-116.0271667,8.343,ci9830305
2002-10-04 14:23:27.190000+00:00,3.35,34.7095,-116.2978333,2.023,ci9831229
2002-10-05 07:16:22.540000+00:00,3.28,34.7188333,-116.291,4.593,ci13843616
2002-10-05 08:41:40.960000+00:00,2.71,34.715,-116.2823333,8.686,ci13843632
2002-10-07 02:49:38.200000+00:00,2.58,35.8316667,-117.6745,5.978,ci9832069
2002-10-09 03:20:58.980000+00:00,3.24,32.4478333,-115.4195,7.015,ci9848677
2002-10-09 08:46:07.460000+00:00,2.65,32.4738333,-115.422,6.978,ci9848749
2002-10-09 15:25:39.450000+00:00,2.7,36.0896667,-120.2096667,9.152,nc21248803
2002-10-09 16:48:56.070000+00:00,2.59,34.673,-116.2781667,2.933,ci9848857
2002-10-10 00:04:29.340000+00:00,2.65,34.2998333,-116.883,5.889,ci9849017
2002-10-10 16:58:59.980000+00:00,2.54,34.3176667,-116.6458333,2.576,ci9849293
2002-10-12 15:29:23.360000+00:00,2.96,33.7465,-116.0243333,8.317,ci9850105
2002-10-13 14:20:10.770000+00:00,2.64,32.49,-115.4056667,6.957,ci9850441
2002-10-14 11:26:09.680000+00:00,2.9,33.6335,-117.9901667,18.945,ci9850761
2002-10-14 15:16:33.840000+00:00,2.61,32.88,-116.2605,6.88,ci9850793
2002-10-16 20:22:00.370000+00:00,3.17,32.6531667,-118.0576667,5.727,ci9851457
2002-10-17 03:26:34.520000+00:00,3.09,33.4821667,-116.4998333,13.368,ci9851505
2002-10-17 03:42:06.580000+00:00,2.58,32.4416667,-115.4065,6.967,ci9851509
2002-10-18 04:45:42.110000+00:00,3.21,32.634,-118.0803333,6.778,ci9851749
2002-10-18 08:04:55.960000+00:00,2.96,34.7066667,-116.2946667,1.313,ci9851761
2002-10-20 10:50:25.040000+00:00,2.85,33.8646667,-119.3115,5.337,ci9852257
2002-10-22 07:15:26.070000+00:00,3.58,34.3015,-116.8838333,5.489,ci9852637
2002-10-24 17:18:32.910000+00:00,3.83,33.5056667,-116.581,13.256,ci9853417
2002-10-25 18:37:44.470000+00:00,2.86,34.3188333,-117.145,3.433,ci9853845
2002-10-29 10:58:01.430000+00:00,2.77,33.3446667,-116.3588333,12.578,ci9854557
2002-10-29 14:16:54.080000+00:00,4.77,34.8026667,-116.2665,3.67,ci9854597
2002-10-29 14:42:51.020000+00:00,2.7,33.4266667,-117.0268333,12.946,ci9854621
2002-10-29 15:01:03.670000+00:00,2.54,34.8011667,-116.2693333,5.78,ci9854637
2002-10-29 19:25:46.780000+00:00,2.56,34.803,-116.2728333,5.99,ci9854869
2002-10-31 14:01:03.540000+00:00,2.6,34.8096667,-116.2666667,4.88,ci9855281
2002-10-31 14:31:40.580000+00:00,2.74,32.1681667,-115.3561667,6.971,ci9855289
2002-10-31 23:59:37.200000+00:00,3.07,33.5333333,-116.9403333,5.205,ci9855477
2002-11-01 23:51:48.530000+00:00,2.78,34.801,-116.2741667,5.18,ci9855901
2002-11-03 04:30:11.180000+00:00,2.51,34.6718333,-116.2981667,2.643,ci9856245
2002-11-03 06:58:42.330000+00:00,3.25,33.1658333,-115.6416667,2.473,ci9856273
2002-11-03 07:02:20.090000+00:00,2.99,33.1625,-115.6293333,2.904,ci9856277
2002-11-03 07:03:13.690000+00:00,2.5,33.1761667,-115.6298333,1.702,ci9512694
2002-11-03 18:18:10.610000+00:00,2.69,34.8048333,-116.2705,6.01,ci9856433
2002-11-03 23:02:39.240000+00:00,2.5,32.6275,-118.0286667,6.84,ci9859009
2002-11-05 07:41:28.780000+00:00,2.52,32.363,-115.2363333,6.997,ci9856957
2002-11-05 21:13:28.840000+00:00,2.83,34.8026667,-116.2638333,3.35,ci9857145
2002-11-06 22:49:26.440000+00:00,2.78,32.9053333,-116.239,8.803,ci13908728
2002-11-07 03:13:55.930000+00:00,2.61,33.998,-117.184,16.669,ci13908844
2002-11-07 11:02:11.010000+00:00,3.08,34.8031667,-116.2748333,2.769,ci13908892
2002-11-08 04:46:56.180000+00:00,2.82,34.6783333,-116.2946667,4.597,ci13909088
2002-11-08 05:17:08.130000+00:00,2.65,34.4726667,-116.23,5.781,ci13909096
2002-11-08 23:19:06.820000+00:00,3.52,34.924,-119.0166667,11.205,ci13909220
2002-11-09 16:18:35.860000+00:00,2.69,35.2701667,-118.585,4.268,ci13909344
2002-11-09 21:06:31.250000+00:00,3.06,35.9488333,-117.2948333,4.249,ci13909360
2002-11-10 19:47:49.860000+00:00,2.59,33.9958333,-117.1823333,14.069,ci13909508
2002-11-11 00:39:15.930000+00:00,2.63,34.7953333,-116.2655,3.263,ci13909584
2002-11-11 15:02:45.990000+00:00,2.62,34.8096667,-116.2668333,5.49,ci13909652
2002-11-12 16:48:25.080000+00:00,4.1,35.9725,-120.5235,7.415,nc21254383
2002-11-14 13:01:46.560000+00:00,2.72,35.313,-118.6431667,2.271,ci13910372
2002-11-14 18:26:23.430000+00:00,2.65,34.4343333,-116.2498333,3.151,ci13910436
2002-11-16 13:33:57.880000+00:00,2.93,32.6363333,-116.1173333,1.633,ci13910800
2002-11-17 08:13:55.450000+00:00,2.96,32.3763333,-115.2196667,6.979,ci13911004
2002-11-18 10:19:06.990000+00:00,2.68,33.9118333,-119.302,6.191,ci13911144
2002-11-18 17:36:30.970000+00:00,2.66,36.0666667,-120.201,8.872,nc21255571
2002-11-22 03:57:57.570000+00:00,2.61,36.543,-120.6198333,13.912,nc21269406
2002-11-22 09:46:54.370000+00:00,2.85,34.8035,-116.2831667,6.65,ci13912008
2002-11-22 12:16:14.620000+00:00,2.65,33.8786667,-117.8621667,8.688,ci13912024
2002-11-24 17:24:27.410000+00:00,2.77,34.8071667,-116.2685,4.659,ci13912392
2002-11-24 18:15:09.020000+00:00,2.81,35.9718333,-120.5275,4.605,nc21256718
2002-11-26 13:45:51.930000+00:00,4.08,32.0996667,-115.0075,6.999,ci13912892
2002-11-27 18:48:00.950000+00:00,3.37,34.3833333,-116.4646667,1.859,ci13913212
2002-11-28 10:05:58.460000+00:00,3.03,34.8051667,-116.2696667,5.42,ci13913368
2002-11-28 12:31:46.530000+00:00,2.55,34.076,-117.8361667,11.45,ci13913388
2002-11-28 13:15:38.830000+00:00,2.62,32.1236667,-116.4101667,6.642,ci13913396
2002-12-01 15:47:03.940000+00:00,2.52,32.1115,-116.418,6.29,ci13914352
2002-12-01 17:49:17.780000+00:00,3.06,33.7848333,-116.1151667,2.187,ci13914388
2002-12-01 22:57:56.680000+00:00,2.56,36.2711667,-118.3096667,4.216,ci13914436
2002-12-02 13:19:36.080000+00:00,3.29,33.3246667,-115.6993333,4.093,ci13914552
2002-12-03 02:59:21.480000+00:00,3.02,33.9925,-116.8643333,13.099,ci13914868
2002-12-04 03:14:58.230000+00:00,2.64,33.0048333,-116.3613333,11.476,ci13915208
2002-12-05 12:10:43.950000+00:00,2.5,34.8261667,-116.383,4.58,ci13915584
2002-12-06 11:21:55.670000+00:00,2.92,36.2415,-120.367,9.759,nc21259159
2002-12-08 03:47:00.450000+00:00,2.87,32.691,-118.0215,6.778,ci13916504
2002-12-10 21:04:00.690000+00:00,4.84,32.2316667,-115.7981667,6.777,ci13917260
2002-12-10 21:47:15.260000+00:00,3.97,32.2248333,-115.795,6.757,ci13917272
2002-12-11 08:04:49.010000+00:00,2.6,34.3853333,-118.6233333,6.947,ci13917412
2002-12-11 11:35:08.360000+00:00,2.66,36.2891667,-120.8496667,9.727,nc21259891
2002-12-11 15:20:37.510000+00:00,3.17,33.9488333,-119.189,0.744,ci13917540
2002-12-12 02:47:03.970000+00:00,3.31,32.2298333,-115.787,6.777,ci9867737
2002-12-12 12:56:35.960000+00:00,2.59,34.7243333,-116.3061667,5.903,ci9867877
2002-12-12 21:03:43.200000+00:00,4.21,32.3671667,-115.2018333,7.019,ci9869697
2002-12-13 01:23:27.120000+00:00,2.52,32.9698333,-115.5273333,15.892,ci9869885
2002-12-13 01:53:04.740000+00:00,2.91,33.0306667,-117.8488333,6.803,ci9869901
2002-12-13 07:38:21.420000+00:00,2.53,33.8883333,-116.2036667,11.08,ci9870021
2002-12-14 01:46:33.970000+00:00,2.79,33.4511667,-116.553,8.113,ci9870369
2002-12-16 14:19:12.250000+00:00,2.82,32.2551667,-115.8046667,6.797,ci9870925
2002-12-16 21:43:48.940000+00:00,2.84,32.1596667,-115.7775,6.827,ci9870985
2002-12-18 15:42:57.990000+00:00,2.87,35.3153333,-118.6581667,2.491,ci9871341
2002-12-19 22:49:03.580000+00:00,2.7,35.3136667,-118.6608333,2.748,ci9871645
2002-12-22 12:55:32.870000+00:00,3.48,33.8851667,-116.2575,10.214,ci9872497
2002-12-22 16:09:56.090000+00:00,2.72,33.8795,-116.252,9.464,ci9872601
2002-12-22 16:59:55.920000+00:00,2.58,32.2246667,-115.3676667,6.781,ci9872621
2002-12-23 22:08:00.910000+00:00,2.64,35.3123333,-118.6495,2.468,ci9873093
2002-12-24 19:16:06.290000+00:00,2.69,35.3198333,-118.6605,2.368,ci9873357
2002-12-24 19:17:10.410000+00:00,2.64,35.3185,-118.6576667,1.768,ci9873361
2002-12-24 22:33:03.420000+00:00,2.73,32.1065,-115.3888333,6.961,ci9873441
2002-12-25 15:12:53.660000+00:00,2.56,32.0843333,-115.4001667,6.961,ci9873589
2002-12-27 11:33:22.280000+00:00,2.71,32.8723333,-115.9616667,3.054,ci9874013
2002-12-27 12:01:47.680000+00:00,3.17,32.1691667,-115.3368333,7.073,ci9874017
2002-12-27 19:39:35.780000+00:00,2.53,32.0945,-115.3311667,6.961,ci9874197
2002-12-28 14:08:20.520000+00:00,3.73,36.1448333,-120.1628333,10.869,nc21261534
2002-12-29 12:48:39.980000+00:00,2.61,36.0078333,-120.5641667,4.672,nc21261590
2002-12-29 19:36:07.230000+00:00,3.15,35.315,-118.6558333,1.688,ci9874701
2002-12-29 19:36:54.420000+00:00,2.5,35.3133333,-118.68,4.758,ci9874705
2002-12-31 03:29:01.160000+00:00,3.03,36.2386667,-120.287,11.799,nc21261750
2003-01-01 00:51:44.670000+00:00,3.49,33.3668333,-119.1311667,6.769,ci9875257
2003-01-01 15:45:20.210000+00:00,2.5,32.6201667,-115.4131667,10.548,ci9875381
2003-01-01 21:02:54+00:00,3.03,35.3198333,-118.6613333,4.671,ci9875457
2003-01-02 03:45:59.840000+00:00,2.56,34.0168333,-116.4346667,7.02,ci9875545
2003-01-02 15:55:15.570000+00:00,2.51,35.3211667,-118.6696667,4.329,ci9875637
2003-01-02 16:11:37.640000+00:00,3.64,35.3195,-118.6566667,3.106,ci9875657
2003-01-02 16:15:44.710000+00:00,3.59,35.313,-118.6566667,2.667,ci9875665
2003-01-02 17:49:28.770000+00:00,2.54,32.2466667,-115.7911667,6.777,ci9875677
2003-01-02 17:49:47.500000+00:00,2.55,32.2881667,-115.7946667,6.807,ci9513574
2003-01-03 01:03:21.250000+00:00,2.67,35.3216667,-118.6705,4.329,ci9875885
2003-01-03 01:06:10.870000+00:00,2.5,35.318,-118.6683333,4.671,ci9875889
2003-01-03 13:10:32.830000+00:00,2.74,36.0636667,-117.6881667,0.057,ci9876373
2003-01-03 16:26:36.090000+00:00,2.85,35.3245,-118.6715,4.87,ci9876501
2003-01-04 02:42:49.120000+00:00,2.53,34.1521667,-117.4491667,8.541,ci9876665
2003-01-04 15:31:00.010000+00:00,2.82,35.3141667,-118.6418333,1.898,ci9876785
2003-01-04 15:31:10.490000+00:00,2.88,35.3121667,-118.6366667,3.838,ci9876789
2003-01-04 21:31:03.800000+00:00,2.58,34.2563333,-117.678,9.109,ci9876849
2003-01-04 22:49:21.230000+00:00,2.73,35.3333333,-118.6663333,0.891,ci9876861
2003-01-05 15:17:18.890000+00:00,2.66,35.151,-118.7123333,-0.718,ci9877001
2003-01-05 17:31:37.830000+00:00,2.99,35.3168333,-118.6435,2.491,ci9877073
2003-01-05 18:12:47.360000+00:00,2.52,35.3196667,-118.6566667,1.958,ci9877089
2003-01-06 02:09:21.040000+00:00,2.73,34.7698333,-117.7201667,3.248,ci9877221
2003-01-06 12:10:01.190000+00:00,2.76,35.3188333,-118.6611667,1.818,ci9877329
2003-01-06 12:58:35.780000+00:00,2.86,35.3241667,-118.655,1.378,ci9877341
2003-01-06 13:09:44.270000+00:00,2.9,35.3175,-118.6626667,1.931,ci9877349
2003-01-06 13:49:11.430000+00:00,2.65,35.3185,-118.6613333,3.898,ci9877361
2003-01-06 13:49:21.260000+00:00,2.62,35.3223333,-118.64,4.679,ci9513742
2003-01-06 21:06:44.040000+00:00,2.53,36.091,-118.0006667,3.235,ci9877537
2003-01-07 18:25:37.540000+00:00,2.78,34.1231667,-116.9095,3.134,ci9877777
2003-01-08 05:54:45.890000+00:00,2.54,32.1158333,-116.4153333,6.451,ci9877981
2003-01-09 00:34:15.250000+00:00,2.87,33.1718333,-115.6495,3.243,ci9878209
2003-01-09 03:43:55.700000+00:00,2.81,35.3271667,-118.6716667,1.628,ci9878257
2003-01-09 03:44:45.740000+00:00,2.93,35.324,-118.6735,1.838,ci9878261
2003-01-09 03:46:46.340000+00:00,2.74,35.3256667,-118.6718333,1.418,ci9878265
2003-01-09 04:03:29.620000+00:00,2.75,35.3188333,-118.6626667,1.841,ci9878277
2003-01-09 15:20:45.220000+00:00,3.19,36.244,-120.8258333,1.357,nc21263091
2003-01-11 02:58:12.260000+00:00,2.61,34.0061667,-118.3656667,14.101,ci9878977
2003-01-11 07:54:32.930000+00:00,2.75,34.008,-118.368,14.623,ci9879025
2003-01-11 08:56:58.660000+00:00,2.77,35.3133333,-118.6608333,2.341,ci9879041
2003-01-11 21:35:54.760000+00:00,2.6,35.3278333,-118.6735,2.088,ci9879157
2003-01-11 21:42:37.420000+00:00,2.77,35.3261667,-118.6701667,2.411,ci9879161
2003-01-12 11:05:05.470000+00:00,2.99,35.323,-118.6685,1.531,ci9879333
2003-01-12 13:22:59.570000+00:00,2.78,32.3148333,-115.325,6.962,ci9879397
2003-01-13 14:28:27.550000+00:00,3.75,32.4041667,-115.2596667,6.996,ci9879733
2003-01-15 05:10:49.900000+00:00,2.53,35.5263333,-120.8218333,3.56,nc21263592
2003-01-15 05:18:08.640000+00:00,2.5,32.1435,-115.3706667,7.023,ci9880165
2003-01-15 09:46:53.240000+00:00,3.25,36.0948333,-117.9968333,4.285,ci9880217
2003-01-16 12:56:50.530000+00:00,2.71,35.3213333,-118.6426667,2.801,ci9880529
2003-01-17 10:05:34.020000+00:00,2.84,35.3146667,-118.6553333,0.875,ci9880781
2003-01-17 10:09:04.120000+00:00,2.7,35.3143333,-118.6601667,0.555,ci9880785
2003-01-18 10:43:37.630000+00:00,3.1,34.3,-118.5778333,1.587,ci9881041
2003-01-19 22:59:46.580000+00:00,3.12,32.2013333,-115.799,6.819,ci9881269
2003-01-20 14:57:02.720000+00:00,3.44,32.766,-115.5493333,21.748,ci9881373
2003-01-21 14:12:20.130000+00:00,2.52,36.2596667,-120.8206667,6.381,nc21264526
2003-01-21 17:07:21.680000+00:00,2.5,36.1813333,-118.022,4.253,ci9881613
2003-01-22 02:29:41.150000+00:00,2.58,34.004,-116.7625,21.034,ci9881689
2003-01-22 20:28:22.550000+00:00,3.03,33.8953333,-118.5508333,13.421,ci9881873
2003-01-25 08:01:48.100000+00:00,2.73,35.3305,-118.6628333,2.67,ci9882293
2003-01-25 08:10:58.650000+00:00,2.65,35.3341667,-118.6685,4.643,ci9882305
2003-01-25 09:11:02.890000+00:00,3.88,35.3248333,-118.661,4.868,ci9882325
2003-01-25 09:16:10.220000+00:00,4.54,35.3175,-118.6538333,4.868,ci9882329
2003-01-26 02:50:04.030000+00:00,2.56,33.2561667,-116.1111667,13.129,ci9882533
2003-01-26 05:30:22.570000+00:00,3.05,35.3151667,-118.651,3.498,ci9882545
2003-01-26 05:32:57.930000+00:00,2.75,35.3168333,-118.6543333,4.618,ci9882625
2003-01-26 06:29:11.030000+00:00,2.85,35.3123333,-118.6506667,2.211,ci9882757
2003-01-26 07:36:21.350000+00:00,2.55,35.3098333,-118.6436667,3.138,ci9882769
2003-01-26 16:01:05.700000+00:00,2.64,33.8723333,-119.4195,13.112,ci9882817
2003-01-27 19:15:33.330000+00:00,2.53,32.0036667,-116.2801667,6.287,ci9883301
2003-01-27 21:48:54.220000+00:00,2.65,34.8815,-120.4265,1.811,ci9883333
2003-01-28 23:04:34.840000+00:00,2.57,32.2996667,-115.3133333,7.035,ci9883577
2003-01-29 02:19:48.180000+00:00,2.89,35.3278333,-118.6681667,1.931,ci9883697
2003-01-29 02:20:15.350000+00:00,2.5,35.3206667,-118.6766667,4.491,ci12144203
2003-01-29 02:21:20.810000+00:00,2.99,35.3311667,-118.6695,1.431,ci9883701
2003-01-29 04:48:53.490000+00:00,2.59,35.307,-118.6371667,1.723,ci9883741
2003-01-29 05:17:18.270000+00:00,2.57,35.3351667,-118.6763333,2.025,ci9883749
2003-01-29 05:35:10.100000+00:00,2.86,35.3231667,-118.6933333,4.693,ci9883765
2003-01-30 19:28:12.210000+00:00,2.76,35.3043333,-118.6405,1.325,ci13930360
2003-01-31 22:23:48.800000+00:00,2.55,35.3333333,-118.6803333,0.975,ci13930672
2003-02-01 10:01:26.380000+00:00,3.32,32.1021667,-117.5061667,6.871,ci13930772
2003-02-01 17:26:52.430000+00:00,3.25,33.7451667,-116.0208333,10.563,ci13930844
2003-02-01 23:20:18.790000+00:00,2.89,35.313,-118.6601667,1.581,ci13930908
2003-02-03 03:42:41.260000+00:00,2.59,33.18,-115.6,4.463,ci13931064
2003-02-03 04:34:36.330000+00:00,2.56,32.1931667,-115.801,6.809,ci13931076
2003-02-03 08:42:16.780000+00:00,2.97,34.0515,-117.251,14.822,ci13931120
2003-02-05 09:11:55.890000+00:00,2.65,33.5131667,-116.566,13.746,ci13931828
2003-02-06 10:39:54.330000+00:00,2.79,32.6935,-115.9863333,7.866,ci13932100
2003-02-06 16:02:19.260000+00:00,2.62,33.8066667,-117.6253333,5.846,ci13932180
2003-02-08 18:01:22.300000+00:00,2.92,32.0331667,-115.9651667,6.737,ci9886881
2003-02-09 00:09:39.480000+00:00,2.96,35.3275,-118.6661667,0.901,ci9886953
2003-02-09 00:19:42.040000+00:00,2.65,35.318,-118.6625,1.035,ci9886961
2003-02-09 02:28:32.850000+00:00,2.88,32.0956667,-116.4281667,6.642,ci9886981
2003-02-09 07:05:11.930000+00:00,3.17,35.3285,-118.6691667,1.721,ci9887057
2003-02-11 12:51:59.420000+00:00,2.98,32.2473333,-115.7888333,6.809,ci9887581
2003-02-14 04:07:26.410000+00:00,2.51,34.0061667,-116.5818333,11.046,ci9888341
2003-02-19 03:09:49.050000+00:00,2.93,32.5043333,-115.752,3.047,ci9889601
2003-02-19 09:40:27.660000+00:00,2.81,33.379,-116.4371667,12.244,ci9889653
2003-02-19 17:10:24.460000+00:00,3.38,34.8928333,-119.3616667,10.359,ci13935208
2003-02-19 21:00:57.890000+00:00,3.13,34.895,-119.3571667,11.54,ci13935312
2003-02-20 02:03:03.340000+00:00,2.61,34.8501667,-116.4128333,3.04,ci13935400
2003-02-20 02:23:09.670000+00:00,2.5,32.2171667,-115.7931667,6.777,ci13935408
2003-02-21 11:39:49.170000+00:00,2.6,34.0168333,-116.7583333,15.814,ci13935712
2003-02-21 19:47:44.840000+00:00,2.71,34.8936667,-119.3581667,11.66,ci13935788
2003-02-22 01:29:20.670000+00:00,2.63,36.0491667,-117.7146667,0.067,ci13935916
2003-02-22 02:49:14.780000+00:00,2.64,32.6143333,-118.0111667,8.14,ci13935924
2003-02-22 12:19:10.920000+00:00,4.99,34.312,-116.8448333,5.589,ci13935988
2003-02-22 12:20:15.640000+00:00,4.0,34.311,-116.8473333,2.808,ci13935992
2003-02-22 12:21:33.130000+00:00,4.34,34.3108333,-116.8506667,2.769,ci13935996
2003-02-22 12:22:39.750000+00:00,3.72,34.3101667,-116.8475,3.909,ci13936000
2003-02-22 12:23:10.610000+00:00,3.09,34.3403333,-116.8525,-1.571,ci13936004
2003-02-22 12:25:00.320000+00:00,3.15,34.312,-116.8501667,3.229,ci13936072
2003-02-22 12:25:13.640000+00:00,4.01,34.326,-116.8571667,8.087,ci13936076
2003-02-22 12:28:36.500000+00:00,3.39,34.3098333,-116.8483333,3.839,ci13936152
2003-02-22 12:31:22.660000+00:00,2.84,34.3158333,-116.8513333,2.069,ci13936160
2003-02-22 12:32:02.320000+00:00,2.5,34.3176667,-116.8546667,3.119,ci9515046
2003-02-22 12:32:07.180000+00:00,2.74,34.3101667,-116.8473333,7.464,ci13936164
2003-02-22 12:33:37.870000+00:00,3.15,34.313,-116.8505,3.864,ci13936168
2003-02-22 12:44:37.320000+00:00,2.78,34.3101667,-116.8508333,3.449,ci13936196
2003-02-22 12:45:04.110000+00:00,2.57,34.3083333,-116.8421667,3.098,ci13936200
2003-02-22 12:47:21.360000+00:00,2.75,34.3175,-116.8493333,3.879,ci13936208
2003-02-22 12:48:43.930000+00:00,3.08,34.3165,-116.856,0.549,ci13936216
2003-02-22 12:51:01.850000+00:00,2.78,34.3076667,-116.8458333,3.339,ci13936224
2003-02-22 12:52:45.490000+00:00,2.56,34.3098333,-116.8453333,3.008,ci13936232
2003-02-22 12:53:52.680000+00:00,3.47,34.3063333,-116.8405,2.969,ci13936236
2003-02-22 12:56:04.890000+00:00,2.61,34.307,-116.8441667,3.919,ci13936248
2003-02-22 12:58:19.090000+00:00,2.61,34.312,-116.8466667,2.958,ci13936252
2003-02-22 13:02:25.620000+00:00,2.8,34.3078333,-116.8461667,3.709,ci13936268
2003-02-22 13:17:17.780000+00:00,2.67,34.3186667,-116.8551667,1.089,ci13936312
2003-02-22 13:24:11.220000+00:00,2.51,34.3043333,-116.8458333,4.388,ci9515226
2003-02-22 13:27:40.590000+00:00,2.87,34.3145,-116.8546667,1.709,ci13936344
2003-02-22 13:30:58.200000+00:00,2.79,34.3155,-116.8556667,4.209,ci13936348
2003-02-22 13:59:13.230000+00:00,2.5,34.3171667,-116.8503333,2.407,ci13936400
2003-02-22 14:16:08.420000+00:00,4.1,34.3241667,-116.858,2.549,ci13936432
2003-02-22 14:19:04.620000+00:00,2.98,34.3086667,-116.8438333,3.578,ci13936440
2003-02-22 14:36:10.900000+00:00,2.79,34.3078333,-116.8496667,2.468,ci13936476
2003-02-22 15:00:05.180000+00:00,2.56,34.3153333,-116.8463333,1.319,ci13936512
2003-02-22 15:49:32.550000+00:00,2.7,34.3078333,-116.8463333,3.968,ci13936564
2003-02-22 16:12:16.980000+00:00,3.87,34.3135,-116.8491667,2.709,ci13936596
2003-02-22 16:56:56.640000+00:00,2.6,34.3096667,-116.8481667,3.959,ci13936676
2003-02-22 17:50:13.320000+00:00,3.11,34.3198333,-116.8506667,1.779,ci13936736
2003-02-22 17:58:37.480000+00:00,2.53,34.3078333,-116.8458333,3.258,ci13936752
2003-02-22 19:33:45.800000+00:00,4.5,34.3096667,-116.8503333,1.409,ci13936812
2003-02-22 20:40:12.500000+00:00,2.99,34.3073333,-116.846,3.459,ci13936896
2003-02-22 22:29:38.220000+00:00,2.52,34.3246667,-116.8575,2.469,ci13937200
2003-02-23 09:24:23.410000+00:00,3.54,34.3126667,-116.8503333,2.109,ci13937492
2003-02-23 15:52:51.300000+00:00,3.44,34.3048333,-116.8466667,4.249,ci13937600
2003-02-23 15:54:27.860000+00:00,2.64,34.3063333,-116.8481667,3.418,ci13937604
2003-02-23 20:28:13.590000+00:00,3.3,34.317,-116.8418333,0.739,ci13937696
2003-02-23 21:42:07.770000+00:00,2.96,35.3323333,-118.661,1.481,ci13937724
2003-02-24 02:42:08.360000+00:00,3.02,34.307,-116.8325,2.039,ci13938172
2003-02-24 04:03:59.960000+00:00,3.27,34.3121667,-116.8523333,4.549,ci13938228
2003-02-24 08:27:00.720000+00:00,2.92,34.317,-116.8501667,3.009,ci13938300
2003-02-24 12:15:39.480000+00:00,2.74,34.3126667,-116.8531667,4.939,ci13938360
2003-02-24 23:06:44.600000+00:00,3.22,33.4453333,-116.4365,11.722,ci13938592
2003-02-25 02:26:18.900000+00:00,3.03,34.3143333,-116.8506667,3.599,ci13938688
2003-02-25 04:03:04.800000+00:00,4.61,34.3155,-116.8445,1.099,ci13938812
2003-02-25 04:12:51.940000+00:00,2.86,34.3151667,-116.8443333,0.809,ci13938828
2003-02-25 04:55:30.400000+00:00,2.78,34.3048333,-116.8456667,3.408,ci13938956
2003-02-26 01:45:28.650000+00:00,3.63,34.331,-116.8568333,1.424,ci13939456
2003-02-26 03:05:13.470000+00:00,2.64,34.3088333,-116.8466667,3.828,ci13939480
2003-02-27 05:00:21.700000+00:00,4.04,34.3043333,-116.843,2.989,ci13939856
2003-02-27 05:47:51.250000+00:00,2.57,34.3076667,-116.8488333,4.088,ci13939884
2003-02-27 05:48:54.640000+00:00,2.57,34.3071667,-116.8488333,4.008,ci13939888
2003-02-27 13:36:07.620000+00:00,3.02,32.1856667,-115.7865,6.807,ci13940064
2003-02-28 11:56:52.870000+00:00,2.6,34.3176667,-116.8513333,2.108,ci13940452
2003-02-28 20:53:02.740000+00:00,2.5,34.3138333,-116.8448333,1.718,ci13940564
2003-02-28 22:43:39.320000+00:00,2.74,34.3006667,-116.8548333,3.549,ci13940600
2003-03-01 04:17:25.410000+00:00,2.75,32.9008333,-115.5146667,15.955,ci13940720
2003-03-02 11:50:07.390000+00:00,3.16,32.202,-115.8008333,6.777,ci13941688
2003-03-02 17:59:02.410000+00:00,3.01,34.3258333,-116.8615,0.148,ci13941840
2003-03-03 09:57:54.160000+00:00,3.23,33.199,-115.5798333,3.731,ci13942084
2003-03-04 01:51:03.260000+00:00,2.5,35.3358333,-118.6638333,1.443,ci13942348
2003-03-04 05:58:04.670000+00:00,2.6,32.167,-114.9231667,6.964,ci13942412
2003-03-05 16:05:54.280000+00:00,3.04,34.6983333,-116.303,4.623,ci13942864
2003-03-05 16:34:49.920000+00:00,2.5,34.7011667,-116.2973333,4.623,ci13942872
2003-03-07 13:26:13.030000+00:00,3.06,36.6098333,-120.7453333,5.577,nc21270069
2003-03-08 09:39:25.210000+00:00,2.83,32.2551667,-115.5701667,6.859,ci13944140
2003-03-08 14:29:20.410000+00:00,2.67,32.0258333,-115.7163333,6.839,ci13944180
2003-03-09 16:06:59.460000+00:00,2.5,34.3011667,-116.8496667,3.048,ci13944460
2003-03-10 02:27:59.100000+00:00,2.85,35.7826667,-116.5808333,7.981,ci13944568
2003-03-10 22:34:40.790000+00:00,2.68,33.3436667,-116.3968333,13.634,ci13945272
2003-03-11 19:28:17.910000+00:00,4.64,34.3591667,-116.1331667,3.069,ci13945908
2003-03-11 19:31:31.550000+00:00,3.4,34.367,-116.132,2.479,ci13945912
2003-03-12 13:38:32.470000+00:00,2.91,34.362,-116.1356667,2.699,ci13946356
2003-03-15 03:22:58.657000+00:00,2.5,36.7216,-116.0057,9.7,nn00064811
2003-03-15 05:14:28.360000+00:00,2.91,36.6466667,-117.165,9.1,ci13947300
2003-03-15 05:57:39.730000+00:00,2.62,33.2613333,-116.444,1.308,ci13947348
2003-03-15 07:17:44.170000+00:00,2.52,34.8033333,-116.2656667,4.262,ci13947364
2003-03-15 10:01:47.620000+00:00,3.59,34.3056667,-116.8428333,1.979,ci13947424
2003-03-16 06:39:00.740000+00:00,2.81,36.6451667,-117.1673333,9.45,ci13947692
2003-03-16 14:33:28.890000+00:00,2.79,36.6416667,-117.1656667,11.183,ci13947736
2003-03-18 10:39:35.200000+00:00,2.68,32.2136667,-115.799,6.829,ci13948260
2003-03-20 06:49:54.160000+00:00,2.72,32.2496667,-115.8081667,6.859,ci13948712
2003-03-21 18:46:34.490000+00:00,3.47,36.6626667,-117.1865,8.32,ci13948988
2003-03-21 19:20:49.180000+00:00,2.96,36.6393333,-117.1595,13.199,ci13948996
2003-03-22 09:18:57.600000+00:00,2.88,34.3628333,-116.1265,5.139,ci13949100
2003-03-22 11:48:33.310000+00:00,2.54,36.6316667,-117.1708333,4.984,ci13949132
2003-03-24 08:38:07.560000+00:00,2.96,36.6321667,-117.166,4.845,ci13949516
2003-03-24 11:40:21.920000+00:00,2.67,36.6425,-117.162,4.845,ci13949540
2003-03-24 17:34:53.030000+00:00,3.14,33.2695,-117.895,9.867,ci13949584
2003-03-28 05:44:13.290000+00:00,2.91,34.1308333,-118.5036667,4.547,ci13950580
2003-03-28 21:11:03.770000+00:00,2.52,36.6411667,-117.1673333,4.524,ci13950672
2003-03-30 18:06:53.600000+00:00,2.61,36.636,-117.172,2.764,ci13951200
2003-03-30 20:40:47.570000+00:00,2.95,36.6288333,-117.1581667,1.434,ci13951224
2003-04-01 01:05:09.930000+00:00,3.03,35.8538333,-120.3966667,4.409,nc21273399
2003-04-01 09:00:32.680000+00:00,2.71,36.079,-120.1605,13.522,nc21273444
2003-04-01 09:08:15.600000+00:00,2.5,36.0563333,-120.1655,1.837,nc21273448
2003-04-01 20:54:36.450000+00:00,3.12,36.0518333,-120.6103333,9.056,nc21273511
2003-04-03 13:42:09.040000+00:00,2.71,33.1756667,-116.3263333,10.973,ci13952316
2003-04-04 05:53:57.680000+00:00,2.53,34.3236667,-116.8596667,3.138,ci13952484
2003-04-05 02:34:57.340000+00:00,2.74,32.4403333,-118.4491667,6.523,ci13952788
2003-04-05 04:25:53.590000+00:00,2.52,34.8021667,-116.2716667,5.32,ci13952796
2003-04-08 05:28:20.470000+00:00,2.57,35.1975,-119.384,7.455,ci9905953
2003-04-09 14:10:52.150000+00:00,2.6,35.0713333,-119.6041667,14.472,ci9906317
2003-04-10 08:48:09.460000+00:00,2.55,34.3101667,-116.8493333,4.149,ci9906481
2003-04-10 23:03:15.560000+00:00,3.28,34.3103333,-116.8511667,4.159,ci9906629
2003-04-11 03:12:59.050000+00:00,2.86,35.669,-117.4568333,4.315,ci9906697
2003-04-11 18:45:32.470000+00:00,2.6,32.9385,-115.5488333,17.126,ci9906881
2003-04-12 04:22:06.780000+00:00,2.71,32.1891667,-115.529,2.811,ci9906993
2003-04-12 14:27:29.780000+00:00,2.6,34.1186667,-116.9091667,2.339,ci9907077
2003-04-13 16:39:22.660000+00:00,3.27,33.1843333,-115.6016667,3.383,ci9907305
2003-04-13 16:49:32.330000+00:00,2.97,33.1733333,-115.6111667,3.843,ci9907313
2003-04-13 21:10:21.080000+00:00,2.5,33.1811667,-115.6051667,4.4,ci9907369
2003-04-13 23:11:33.830000+00:00,2.74,33.174,-115.6018333,4.573,ci9907377
2003-04-14 10:08:57.320000+00:00,3.14,33.8976667,-118.2175,13.995,ci9907437
2003-04-16 23:36:39.460000+00:00,2.8,33.1813333,-115.598,4.543,ci9517898
2003-04-17 16:50:27.910000+00:00,2.68,33.1816667,-115.6045,4.092,ci9908453
2003-04-18 04:15:04.210000+00:00,2.76,32.4335,-118.125,5.778,ci9908649
2003-04-18 14:15:31.640000+00:00,2.78,32.8766667,-117.6316667,9.782,ci9908769
2003-04-19 23:50:24.580000+00:00,3.17,33.7948333,-116.0881667,8.067,ci9909097
2003-04-21 15:46:45.670000+00:00,3.51,36.5621667,-120.7085,12.61,nc21276738
2003-04-21 15:59:40.950000+00:00,2.84,36.5621667,-120.7253333,10.03,nc21276745
2003-04-22 21:25:47.220000+00:00,2.52,33.9271667,-118.4265,6.626,ci13957876
2003-04-23 09:31:40.930000+00:00,2.65,35.5105,-118.3896667,4.664,ci13958024
2003-04-23 13:48:01.230000+00:00,2.69,34.5723333,-116.2635,2.84,ci13958048
2003-04-23 21:37:06.680000+00:00,2.66,36.953,-117.5428333,10.713,ci13958192
2003-04-25 22:00:28.860000+00:00,3.33,33.0153333,-118.9276667,5.771,ci13958784
2003-04-26 22:01:35.720000+00:00,2.5,34.8456667,-116.33,3.83,ci13958992
2003-04-28 05:07:47.870000+00:00,2.59,35.9866667,-120.0175,10.605,nc21277414
2003-04-28 07:37:30.530000+00:00,3.15,32.3338333,-117.862,5.848,ci13959492
2003-04-29 02:38:40.550000+00:00,3.34,33.1156667,-116.0736667,12.631,ci13959680
2003-04-29 15:15:57.810000+00:00,2.59,35.6355,-117.5611667,2.09,ci13959772
2003-04-30 16:19:33.840000+00:00,2.86,36.6635,-117.1973333,4.174,ci13960052
2003-05-03 09:28:58.420000+00:00,2.53,32.3875,-115.2636667,6.987,ci13960832
2003-05-03 14:18:15.300000+00:00,2.82,33.9725,-117.0836667,14.64,ci13960868
2003-05-04 21:58:51+00:00,2.86,36.344,-120.916,4.032,nc21278067
2003-05-06 23:52:46.410000+00:00,3.11,32.234,-115.8093333,5.846,ci13961740
2003-05-07 12:32:56.590000+00:00,2.52,35.4781667,-118.3113333,4.54,ci13961848
2003-05-09 13:23:55.940000+00:00,2.56,34.1421667,-117.0598333,7.246,ci13962384
2003-05-10 00:35:43.670000+00:00,2.85,34.8068333,-116.2645,4.662,ci13962600
2003-05-13 02:00:19.020000+00:00,2.52,34.8218333,-116.3,8.05,ci13963252
2003-05-14 03:24:01.380000+00:00,2.71,34.0138333,-116.3231667,10.735,ci9915385
2003-05-14 22:47:18.460000+00:00,3.87,33.7491667,-116.0235,7.743,ci9915709
2003-05-15 13:37:03.980000+00:00,2.82,34.8053333,-116.2646667,6.022,ci9915829
2003-05-15 17:58:02.230000+00:00,3.63,35.838,-118.1095,9.449,ci9915909
2003-05-17 00:35:14.550000+00:00,2.89,34.7896667,-118.9238333,13.097,ci9916233
2003-05-17 07:18:09.540000+00:00,2.72,34.4995,-116.2461667,7.321,ci9916309
2003-05-17 11:27:26.470000+00:00,3.11,33.1811667,-115.6046667,3.054,ci9916341
2003-05-19 01:33:32.960000+00:00,2.64,36.6423333,-120.3726667,4.404,nc30505769
2003-05-19 03:05:02.910000+00:00,2.69,34.3863333,-119.3246667,6.827,ci9916593
2003-05-19 03:06:20.700000+00:00,2.59,34.414,-119.3185,7.258,ci9916597
2003-05-19 03:13:55.650000+00:00,2.71,34.3948333,-119.3221667,8.531,ci9916601
2003-05-19 06:19:08.840000+00:00,2.88,34.5561667,-116.4953333,1.794,ci9916617
2003-05-20 10:06:17.420000+00:00,2.78,36.1308333,-117.3718333,0.288,ci9916941
2003-05-22 15:53:19.770000+00:00,2.51,34.1058333,-118.1055,7.956,ci13965816
2003-05-22 19:03:33.910000+00:00,2.79,35.7645,-118.0321667,2.382,ci13965884
2003-05-22 20:20:24.320000+00:00,2.85,35.7621667,-118.0323333,2.142,ci13965908
2003-05-23 18:35:41.750000+00:00,3.04,35.2083333,-118.1171667,3.948,ci13966128
2003-05-23 21:43:13.830000+00:00,2.55,32.95,-115.5581667,14.666,ci13966180
2003-05-23 21:55:14.210000+00:00,2.78,32.943,-115.5543333,16.856,ci13966192
2003-05-23 22:43:57.450000+00:00,2.77,32.9476667,-115.5515,15.261,ci13966220
2003-05-23 23:53:37.980000+00:00,3.54,32.9478333,-115.5541667,15.846,ci13966244
2003-05-24 00:20:52.140000+00:00,2.6,32.9431667,-115.5526667,15.531,ci9519018
2003-05-24 00:20:58.580000+00:00,3.11,32.9428333,-115.5535,15.206,ci13966288
2003-05-24 01:38:37.460000+00:00,2.61,32.9476667,-115.5485,12.876,ci13966348
2003-05-24 02:04:28.950000+00:00,4.17,32.9485,-115.5503333,16.016,ci13966396
2003-05-24 02:07:45+00:00,2.58,32.9506667,-115.5473333,14.966,ci13966400
2003-05-24 02:37:42.220000+00:00,2.68,32.954,-115.554,15.036,ci13966452
2003-05-24 02:50:12.720000+00:00,2.67,32.9468333,-115.5453333,14.706,ci13966480
2003-05-24 03:03:21.190000+00:00,2.5,32.9468333,-115.5443333,15.316,ci13966492
2003-05-24 04:51:49.710000+00:00,2.75,32.9468333,-115.5513333,14.556,ci13966576
2003-05-24 05:29:52.260000+00:00,2.52,32.9543333,-115.548,13.726,ci13966616
2003-05-24 06:51:10.460000+00:00,3.76,32.9615,-115.5445,16.746,ci13966672
2003-05-24 06:58:07.190000+00:00,2.66,32.9523333,-115.5503333,14.506,ci13966684
2003-05-24 07:01:27.900000+00:00,2.6,32.9583333,-115.5431667,14.406,ci13966692
2003-05-24 17:36:43.980000+00:00,2.71,34.6561667,-116.291,3.863,ci13966880
2003-05-25 02:27:37.560000+00:00,2.64,35.2083333,-118.1256667,3.339,ci13966988
2003-05-25 21:01:12.410000+00:00,2.56,35.335,-119.2211667,24.019,ci13967100
2003-05-26 10:38:30.480000+00:00,3.72,36.9833333,-120.165,7.459,nc30225834
2003-05-28 01:56:27.870000+00:00,2.58,36.4646667,-120.8491667,16.238,nc30225892
2003-06-04 01:27:01.810000+00:00,2.53,33.8623333,-118.0306667,15.829,ci13968792
2003-06-05 07:58:54.050000+00:00,2.89,33.8673333,-116.197,11.809,ci13969136
2003-06-05 14:16:19.360000+00:00,2.75,34.3451667,-116.4585,3.103,ci13969160
2003-06-06 11:45:05.740000+00:00,2.58,35.0503333,-116.9818333,4.385,ci13969424
2003-06-07 13:32:33.700000+00:00,3.16,32.8693333,-118.4961667,5.757,ci13970128
2003-06-09 23:41:45.480000+00:00,2.58,36.912,-119.1526667,45.208,nc21286913
2003-06-12 03:53:07.700000+00:00,3.57,32.9515,-115.5538333,17.036,ci13970876
2003-06-12 03:54:10.550000+00:00,3.39,32.9568333,-115.5495,15.796,ci9520294
2003-06-12 04:08:07.470000+00:00,2.56,32.964,-115.5493333,15.306,ci13970896
2003-06-13 07:07:20.620000+00:00,2.83,33.5518333,-117.9746667,16.049,ci13971160
2003-06-13 07:52:47.330000+00:00,3.15,34.305,-116.8348333,5.679,ci13971180
2003-06-15 23:54:03.240000+00:00,2.83,36.1856667,-118.0661667,2.993,ci13971656
2003-06-17 20:25:05.220000+00:00,3.14,34.1828333,-117.4793333,2.182,ci9520538
2003-06-17 20:25:14.550000+00:00,3.38,34.1773333,-117.4741667,3.347,ci9923613
2003-06-18 20:26:46.010000+00:00,2.56,34.154,-118.1065,4.527,ci9923837
2003-06-18 20:41:40.080000+00:00,2.5,33.4645,-118.1738333,5.409,ci9923849
2003-06-20 16:07:30.890000+00:00,3.45,32.6378333,-116.1385,9.713,ci9924373
2003-06-21 22:50:52.500000+00:00,2.63,33.2198333,-116.1505,10.216,ci9924621
2003-06-22 01:45:44.750000+00:00,2.6,36.249,-120.3341667,8.559,nc21288847
2003-06-22 19:10:15.630000+00:00,2.76,34.647,-116.2913333,3.448,ci9924765
2003-06-26 06:20:01.010000+00:00,4.06,32.0156667,-117.384,5.741,ci13974072
2003-06-27 11:29:34.040000+00:00,3.19,32.6686667,-118.1815,5.726,ci13974300
2003-06-28 13:54:54.730000+00:00,2.79,34.0113333,-117.2335,9.645,ci13974556
2003-06-30 19:03:30.940000+00:00,2.53,32.3495,-117.6355,6.697,ci13974924
2003-07-02 08:38:56.500000+00:00,2.78,36.5248333,-120.1381667,7.105,nc51129561
2003-07-04 17:29:04.580000+00:00,2.58,36.5118333,-120.6355,6.642,nc21290991
2003-07-04 20:54:16.200000+00:00,3.16,36.4066667,-119.4398333,7.364,ci9928213
2003-07-08 18:10:46.530000+00:00,2.61,35.0616667,-119.0821667,10.215,ci9929149
2003-07-08 18:52:36.790000+00:00,2.57,34.6788333,-116.3048333,2.933,ci9929173
2003-07-09 23:04:23.130000+00:00,2.85,36.15,-120.0661667,8.549,nc21291770
2003-07-12 13:23:52.870000+00:00,2.83,34.8098333,-116.2656667,6.932,ci9930073
2003-07-13 20:44:25.709000+00:00,2.5,36.8537,-116.0885,9.2,nn00069640
2003-07-15 06:15:50.750000+00:00,4.15,34.6216667,-116.6671667,6.475,ci9930549
2003-07-16 03:30:07.750000+00:00,2.57,36.2126667,-120.7803333,8.356,nc21292685
2003-07-17 23:15:29.420000+00:00,2.68,33.0433333,-116.4453333,7.78,ci13978736
2003-07-19 05:40:36.920000+00:00,2.78,36.1958333,-120.26,18.532,nc51130053
2003-07-21 19:21:58.810000+00:00,2.96,32.2331667,-115.2385,5.996,ci13979416
2003-07-22 18:20:18.310000+00:00,2.66,35.171,-119.0123333,20.882,ci13979580
2003-07-23 10:20:50.970000+00:00,2.72,36.316,-120.733,7.612,nc21294222
2003-07-28 20:08:28.760000+00:00,2.94,33.0258333,-116.015,5.436,ci9934069
2003-07-29 18:33:35.080000+00:00,2.8,32.284,-115.224,5.987,ci9934297
2003-07-30 11:49:21.990000+00:00,2.94,35.8706667,-120.3188333,11.279,nc21296131
2003-08-01 19:06:49.480000+00:00,3.04,33.3125,-115.7303333,7.373,ci9935153
2003-08-07 05:48:25.080000+00:00,2.87,34.928,-116.7535,2.715,ci9936313
2003-08-08 04:55:04.240000+00:00,3.03,33.3895,-118.665,2.565,ci9936525
2003-08-11 13:15:42.930000+00:00,2.54,32.0688333,-116.2916667,6.64,ci9937221
2003-08-11 14:18:44.080000+00:00,2.64,36.1268333,-120.6893333,7.359,nc21298828
2003-08-13 15:58:33.170000+00:00,2.98,36.1891667,-120.3016667,32.004,nc40145604
2003-08-16 02:53:43.770000+00:00,2.8,34.2618333,-117.5665,3.409,ci13985264
2003-08-19 03:03:05.480000+00:00,2.62,35.0336667,-117.1083333,4.295,ci13985924
2003-08-19 20:07:57.370000+00:00,3.03,32.724,-116.0208333,14.496,ci13986068
2003-08-19 22:02:08.910000+00:00,3.65,36.4651667,-118.2908333,8.019,ci13986104
2003-08-25 07:31:10.570000+00:00,3.23,34.395,-118.6506667,16.687,ci9940565
2003-08-25 09:30:22.150000+00:00,2.67,33.6591667,-118.0288333,18.278,ci9940605
2003-08-25 19:56:48.780000+00:00,2.64,36.0863333,-117.8931667,0.297,ci9940681
2003-08-27 06:00:59.470000+00:00,2.62,34.3996667,-118.6523333,18.425,ci9941077
2003-08-27 06:02:22.250000+00:00,3.9,34.4041667,-118.6476667,17.217,ci9941081
2003-08-28 00:11:12.690000+00:00,3.04,35.9241667,-120.4701667,5.393,nc21303302
2003-08-28 17:33:32.530000+00:00,2.97,36.2243333,-120.3338333,9.883,nc21303568
2003-08-30 20:01:33.080000+00:00,2.5,32.9536667,-115.8143333,4.229,ci9941889
2003-09-05 22:33:43.580000+00:00,2.7,36.53,-120.6675,8.484,nc30226256
2003-09-06 10:29:24.400000+00:00,2.55,34.0193333,-117.1053333,17.315,ci9943125
2003-09-06 16:50:08.170000+00:00,2.79,35.6431667,-117.561,4.734,ci9943249
2003-09-06 17:03:41.440000+00:00,2.91,35.6433333,-117.5725,1.798,ci9943257
2003-09-07 20:19:26.960000+00:00,2.66,32.3731667,-115.2235,7.007,ci9943501
2003-09-10 15:27:40.240000+00:00,3.12,33.3165,-116.3601667,13.655,ci9944001
2003-09-11 14:34:19.140000+00:00,2.85,36.5373333,-120.668,7.594,nc30226257
2003-09-11 16:06:42.900000+00:00,2.55,32.5743333,-115.289,6.798,ci9944273
2003-09-11 16:56:27.860000+00:00,2.59,32.4586667,-115.2636667,7.011,ci9944293
2003-09-11 17:03:40.390000+00:00,3.74,32.5173333,-115.2768333,6.001,ci9944301
2003-09-11 18:23:54.420000+00:00,2.71,32.5296667,-115.2893333,7.024,ci9944337
2003-09-13 00:59:26.620000+00:00,3.43,34.3396667,-118.7426667,14.939,ci9944637
2003-09-13 08:23:25.070000+00:00,2.9,34.8766667,-119.485,3.06,ci9944669
2003-09-14 02:32:30.580000+00:00,3.05,33.7601667,-116.0281667,5.087,ci9944785
2003-09-15 00:20:48.370000+00:00,2.95,33.1805,-115.6048333,1.683,ci9944941
2003-09-17 18:01:36.930000+00:00,2.7,35.9391,-114.6981,3.7,nn00072925
2003-09-21 07:43:25.280000+00:00,3.21,36.0785,-120.6355,5.701,nc21308308
2003-09-21 20:59:22.680000+00:00,2.91,35.4706667,-120.7728333,4.715,nc21308369
2003-10-03 11:29:03.970000+00:00,2.65,34.31,-116.8356667,6.079,ci9948721
2003-10-04 00:43:21.680000+00:00,2.69,32.1985,-115.4308333,6.976,ci9948853
2003-10-04 15:56:32.740000+00:00,2.55,32.1768333,-115.4266667,6.986,ci9948985
2003-10-04 19:26:23.120000+00:00,2.96,33.2171667,-116.1528333,11.838,ci9949009
2003-10-05 11:27:27.490000+00:00,2.91,34.3376667,-118.7385,14.868,ci9949153
2003-10-07 01:48:26.550000+00:00,2.59,34.8498333,-116.3353333,7.53,ci9949457
2003-10-07 17:35:50.530000+00:00,3.63,32.5278333,-117.1228333,15.151,ci9949649
2003-10-08 11:26:22.500000+00:00,4.29,32.168,-115.425,5.966,ci9949793
2003-10-09 07:33:55.430000+00:00,3.06,33.4098333,-116.4033333,11.112,ci9949961
2003-10-09 09:28:58.640000+00:00,2.74,32.2203333,-115.4318333,7.006,ci9949969
2003-10-10 02:27:35.880000+00:00,3.52,34.2268333,-116.4498333,0.653,ci9950169
2003-10-13 20:35:58.710000+00:00,2.66,32.1623333,-115.433,6.976,ci13997352
2003-10-15 03:04:49.860000+00:00,2.6,32.4346667,-115.303,6.991,ci13997516
2003-10-15 04:18:39.570000+00:00,3.36,34.0355,-116.3968333,11.242,ci13997524
2003-10-18 07:27:18.630000+00:00,3.44,35.2035,-120.8046667,3.786,nc21313413
2003-10-18 07:38:59.430000+00:00,3.42,35.2015,-120.805,3.776,nc21313416
2003-10-18 14:13:25.650000+00:00,2.74,36.0273333,-117.7875,1.495,ci13998156
2003-10-18 15:42:40.190000+00:00,2.88,32.1668333,-115.4408333,6.986,ci13998180
2003-10-20 20:53:51.210000+00:00,3.16,32.154,-115.4285,6.972,ci13998520
2003-10-21 13:43:36.640000+00:00,2.55,35.2081667,-120.8048333,3.446,nc21314116
2003-10-22 00:04:01.860000+00:00,3.59,32.2703333,-115.2805,6.001,ci13998768
2003-10-24 10:11:05+00:00,3.14,33.0591667,-115.9086667,2.937,ci13999244
2003-10-24 12:21:38+00:00,2.51,32.2063333,-115.4421667,6.976,ci13999260
2003-10-24 18:18:53.924000+00:00,2.9,35.9393,-114.7266,0.0,nn00074795
2003-10-25 05:49:52.370000+00:00,3.35,32.1925,-115.4201667,6.976,ci13999448
2003-10-25 15:24:01.290000+00:00,2.51,34.2908333,-116.826,2.829,ci13999516
2003-10-29 07:18:30.270000+00:00,2.99,34.6578333,-116.2953333,3.696,ci14000224
2003-10-29 16:36:19.900000+00:00,2.76,34.2735,-118.7385,9.505,ci14000284
2003-10-29 23:44:48.910000+00:00,3.59,34.2721667,-118.753,13.37,ci14000376
2003-10-30 13:50:39.880000+00:00,2.59,34.2791667,-118.7416667,10.155,ci14000432
2003-10-30 15:03:25.820000+00:00,2.7,33.2118333,-115.6091667,4.221,ci14000436
2003-10-31 01:07:18.710000+00:00,2.94,34.053,-118.8191667,3.764,ci14000560
2003-10-31 03:57:16.950000+00:00,2.51,32.6393333,-115.609,15.078,ci14000584
2003-10-31 13:57:04.259000+00:00,2.5,36.7016,-116.206,9.3,nn00075080
2003-11-01 14:52:35.880000+00:00,3.28,35.1331667,-118.9391667,14.213,ci14000872
2003-11-02 03:58:56.070000+00:00,2.55,34.1606667,-117.4175,11.878,ci14000940
2003-11-02 03:59:13.580000+00:00,3.27,34.1671667,-117.408,10.959,ci14000944
2003-11-04 06:22:13.620000+00:00,3.29,32.156,-115.4248333,5.994,ci14001236
2003-11-05 22:44:00.200000+00:00,2.74,34.1723333,-117.7263333,5.142,ci14002028
2003-11-06 09:36:36.080000+00:00,2.75,32.64,-115.9041667,10.427,ci14002104
2003-11-06 17:48:59.770000+00:00,2.6,32.2605,-115.0923333,5.948,ci14002184
2003-11-08 10:37:52.510000+00:00,2.81,35.6905,-118.4476667,3.194,ci14002572
2003-11-09 00:09:46.920000+00:00,2.55,32.1476667,-115.4348333,6.986,ci14002680
2003-11-10 23:18:38.830000+00:00,2.5,32.757,-115.4465,16.739,ci14002928
2003-11-12 02:12:24.470000+00:00,2.74,34.098,-116.9518333,5.429,ci14003116
2003-11-12 20:23:09.560000+00:00,3.26,33.9033333,-116.9011667,12.759,ci14003288
2003-11-13 05:17:56.980000+00:00,3.31,33.3623333,-116.4078333,12.348,ci14003372
2003-11-14 08:22:03.980000+00:00,2.92,36.4855,-120.657,8.431,nc30226568
2003-11-16 00:36:33.920000+00:00,3.49,32.1501667,-115.4111667,5.966,ci14004016
2003-11-16 02:08:47.230000+00:00,2.71,32.1266667,-115.42,5.966,ci14004040
2003-11-17 06:42:15.160000+00:00,2.53,35.7865,-117.6516667,2.506,ci14004224
2003-11-19 18:39:32.360000+00:00,2.99,32.1583333,-117.6461667,6.845,ci14004640
2003-11-23 03:06:23.380000+00:00,3.09,33.6943333,-116.0353333,12.285,ci14005408
2003-11-23 07:16:54.118000+00:00,2.6,36.6224,-116.4759,5.8,nn00076200
2003-11-24 14:32:37.580000+00:00,3.14,36.3366667,-120.8786667,11.72,nc21319915
2003-11-26 14:53:02.720000+00:00,2.95,32.8583333,-117.6485,5.788,ci14006084
2003-11-27 05:52:24.640000+00:00,2.67,32.1923333,-115.446,5.966,ci14006212
2003-11-27 14:38:17+00:00,3.47,33.8003333,-116.1831667,5.155,ci14006256
2003-11-27 21:46:24.970000+00:00,2.61,32.3465,-115.2583333,5.987,ci14006300
2003-11-28 14:16:08.480000+00:00,2.87,33.3803333,-116.9466667,9.599,ci14006400
2003-11-28 22:08:54.640000+00:00,3.33,36.4653333,-120.6435,9.111,nc21320728
2003-11-30 15:29:02.490000+00:00,3.09,34.4303333,-119.1438333,16.917,ci14006712
2003-12-01 01:27:38.480000+00:00,2.5,32.2185,-115.4341667,6.955,ci14006748
2003-12-04 06:15:52.430000+00:00,3.73,35.6355,-117.5765,1.872,ci14007388
2003-12-04 08:25:31.010000+00:00,2.98,33.7596667,-115.902,4.408,ci14007404
2003-12-04 18:08:16.190000+00:00,2.69,33.7603333,-115.901,4.068,ci14007560
2003-12-05 19:01:14.820000+00:00,2.91,33.3795,-116.317,12.379,ci14007832
2003-12-05 22:20:48.350000+00:00,2.68,33.7563333,-115.897,4.688,ci14007864
2003-12-06 13:49:16.980000+00:00,2.77,36.0013333,-120.5575,4.592,nc21321539
2003-12-06 13:50:28.350000+00:00,3.39,34.0968333,-117.308,16.689,ci14008004
2003-12-07 01:13:37.340000+00:00,2.55,36.055,-120.605,9.056,nc21321626
2003-12-07 14:49:57.790000+00:00,3.18,35.6323333,-117.5753333,1.08,ci14008156
2003-12-09 07:15:17.590000+00:00,2.55,35.4491667,-118.5865,4.499,ci9961837
2003-12-09 23:41:52.670000+00:00,2.79,33.1658333,-115.6501667,1.713,ci9962181
2003-12-11 02:50:29.740000+00:00,2.69,35.1165,-118.996,6.133,ci9962625
2003-12-11 17:33:57+00:00,3.47,32.2123333,-115.4211667,5.966,ci9962905
2003-12-11 18:28:21.400000+00:00,2.64,33.3053333,-116.8521667,12.736,ci9962949
2003-12-12 04:42:13.930000+00:00,2.68,33.3031667,-116.8505,12.446,ci9963181
2003-12-13 18:46:40.880000+00:00,2.66,34.1901667,-117.5481667,3.808,ci9963861
2003-12-17 10:01:36.300000+00:00,2.52,33.8001667,-116.1813333,5.235,ci9965357
2003-12-19 11:45:26.420000+00:00,2.95,34.0198333,-117.2248333,14.812,ci9965829
2003-12-19 11:50:35.940000+00:00,2.52,34.0205,-117.2301667,15.369,ci9965833
2003-12-20 12:52:43.950000+00:00,3.33,34.6916667,-116.2903333,0.933,ci9966017
2003-12-22 19:29:39.690000+00:00,3.89,35.5421667,-120.8503333,4.948,nc30500274
2003-12-22 19:31:05.190000+00:00,4.02,35.534,-120.832,3.587,nc68005767
2003-12-22 19:35:28.470000+00:00,3.3,35.5571667,-120.8798333,6.614,nc21323717
2003-12-22 19:36:12.270000+00:00,2.6,35.6008333,-120.864,7.99,nc30506030
2003-12-22 19:41:05.050000+00:00,3.36,35.5426667,-120.8531667,4.138,nc30500275
2003-12-22 19:46:39.030000+00:00,3.35,35.59,-120.8625,8.554,nc30500279
2003-12-22 19:49:23.750000+00:00,3.23,35.6408333,-120.9025,8.273,nc30226936
2003-12-22 20:01:32.070000+00:00,3.32,35.5886667,-120.8721667,2.367,nc68005791
2003-12-22 20:12:19.720000+00:00,2.57,35.5316667,-120.8243333,3.312,nc30500284
2003-12-22 20:14:48.160000+00:00,3.17,35.6676667,-120.8803333,0.061,nc21323743
2003-12-22 20:19:00.490000+00:00,2.54,35.5511667,-120.85,4.92,nc40148804
2003-12-22 20:36:33.910000+00:00,2.77,35.5501667,-120.848,8.499,nc30500290
2003-12-22 20:41:09.880000+00:00,4.28,35.5861667,-120.8871667,2.753,nc30500441
2003-12-22 20:46:16.530000+00:00,2.81,35.6048333,-120.791,0.063,nc68005832
2003-12-22 20:56:07.730000+00:00,3.49,35.5843333,-120.8943333,4.69,nc40148835
2003-12-22 21:01:00.250000+00:00,2.53,35.5441667,-120.846,4.928,nc40148841
2003-12-22 21:03:33.160000+00:00,3.06,35.5791667,-120.8785,3.093,nc40148844
2003-12-22 21:06:52.670000+00:00,2.97,35.5446667,-120.8508333,8.672,nc68005849
2003-12-22 21:10:34.320000+00:00,3.01,35.5945,-120.869,6.413,nc68005851
2003-12-22 21:19:44.840000+00:00,2.6,35.5765,-120.8825,3.86,nc21323920
2003-12-22 21:25:11.680000+00:00,3.21,35.533,-120.8351667,8.013,nc68005862
2003-12-22 21:46:40.460000+00:00,2.55,35.5735,-120.9201667,3.568,nc30500424
2003-12-22 21:47:36.960000+00:00,2.81,35.6103333,-120.911,7.688,nc30500425
2003-12-22 21:50:07.890000+00:00,2.72,35.5361667,-120.8935,7.414,nc30500426
2003-12-22 22:01:42.570000+00:00,3.08,35.6328333,-120.9195,0.363,nc21323978
2003-12-22 22:03:07.810000+00:00,2.88,35.7528333,-120.9005,25.61,nc30226812
2003-12-22 22:05:04.340000+00:00,2.71,35.5691667,-120.9235,3.648,nc21326686
2003-12-22 22:06:58.330000+00:00,2.95,35.5933333,-120.879,7.452,nc30500578
2003-12-22 22:25:10.940000+00:00,2.68,35.5651667,-120.8728333,8.993,nc68005911
2003-12-22 22:27:10.440000+00:00,2.66,35.7138333,-120.8563333,19.867,nc68005913
2003-12-22 22:33:02.410000+00:00,2.53,35.5836667,-120.8913333,8.328,nc21326651
2003-12-22 22:39:17.760000+00:00,3.22,35.5543333,-120.8745,8.994,nc30500573
2003-12-22 22:46:15.490000+00:00,2.58,35.5391667,-120.8631667,2.59,nc30500556
2003-12-22 22:54:09.300000+00:00,2.69,35.5756667,-120.8725,3.708,nc30500558
2003-12-22 23:00:40.180000+00:00,2.83,35.5811667,-120.8855,6.243,nc30500562
2003-12-22 23:08:40.890000+00:00,2.68,35.6063333,-120.9006667,6.668,nc21324609
2003-12-22 23:23:42.030000+00:00,2.77,35.5355,-120.886,6.352,nc30226832
2003-12-22 23:29:20.640000+00:00,2.59,35.5768333,-120.8583333,6.33,nc30500446
2003-12-22 23:52:36.810000+00:00,4.1,35.5366667,-120.886,3.473,nc30226891
2003-12-23 00:05:59.290000+00:00,3.36,35.5373333,-120.8848333,5.592,nc30500318
2003-12-23 00:09:58.220000+00:00,2.82,35.5358333,-120.842,5.84,nc30500320
2003-12-23 00:11:15.360000+00:00,2.65,35.5763333,-120.8428333,4.216,nc30500321
2003-12-23 00:18:47.050000+00:00,2.69,35.5351667,-120.8776667,2.273,nc30500456
2003-12-23 00:32:26.800000+00:00,2.53,35.5863333,-120.9055,6.168,nc21324101
2003-12-23 01:10:47.350000+00:00,2.88,35.5443333,-120.8483333,6.721,nc21325261
2003-12-23 01:16:08.630000+00:00,2.79,35.5715,-120.8301667,3.281,nc30500496
2003-12-23 01:18:04.750000+00:00,3.44,35.5766667,-120.828,4.03,nc21325265
2003-12-23 01:30:30.750000+00:00,3.23,35.6251667,-120.8978333,7.425,nc21325271
2003-12-23 01:48:04.260000+00:00,3.16,35.592,-120.8953333,11.379,nc68006068
2003-12-23 02:01:42.840000+00:00,2.54,35.6128333,-120.8813333,6.462,nc21325392
2003-12-23 02:05:42.370000+00:00,2.73,35.5411667,-120.8456667,5.65,nc30500511
2003-12-23 02:35:08.790000+00:00,3.03,35.5406667,-120.8463333,5.45,nc30500430
2003-12-23 03:55:47.530000+00:00,2.96,35.5605,-120.8668333,3.718,nc30500375
2003-12-23 04:00:22.100000+00:00,3.05,35.5538333,-120.8563333,5.112,nc21324639
2003-12-23 04:07:39.350000+00:00,2.67,35.6273333,-120.9238333,3.735,nc30500378
2003-12-23 04:12:16.850000+00:00,2.51,35.527,-120.846,5.048,nc68006151
2003-12-23 04:32:52.310000+00:00,2.95,35.5973333,-120.8816667,-0.293,nc21324771
2003-12-23 04:35:41.480000+00:00,2.97,35.5935,-120.8983333,4.323,nc30500393
2003-12-23 04:39:41.290000+00:00,2.96,35.5356667,-120.8391667,5.795,nc30500395
2003-12-23 04:56:06.660000+00:00,2.6,35.5986667,-120.8853333,2.545,nc21324836
2003-12-23 05:00:56.020000+00:00,3.48,35.5243333,-120.8248333,4.017,nc30500407
2003-12-23 05:19:57.200000+00:00,2.56,35.5988333,-120.8515,-0.128,nc21324851
2003-12-23 06:23:27.660000+00:00,2.52,35.6126667,-120.8955,5.453,nc30500401
2003-12-23 06:37:34.110000+00:00,2.75,35.6113333,-120.8971667,7.454,nc21324809
2003-12-23 06:46:45+00:00,2.7,35.571,-120.819,1.345,nc21324812
2003-12-23 07:09:21.740000+00:00,2.59,35.5905,-120.8098333,4.732,nc21325696
2003-12-23 07:25:48.570000+00:00,3.23,35.619,-120.8948333,7.111,nc21325714
2003-12-23 07:35:02.720000+00:00,3.03,35.5265,-120.8203333,3.354,nc30500527
2003-12-23 08:03:34.300000+00:00,3.49,35.607,-120.8843333,7.023,nc30500482
2003-12-23 08:14:10.540000+00:00,3.32,35.5443333,-120.8468333,5.192,nc21325138
2003-12-23 08:19:21.220000+00:00,2.51,35.5706667,-120.811,3.184,nc30500483
2003-12-23 08:20:56.060000+00:00,2.8,35.5335,-120.8891667,-0.404,ci9967461
2003-12-23 09:19:28.900000+00:00,2.72,35.5375,-120.824,1.752,nc21325114
2003-12-23 09:41:49.190000+00:00,4.07,35.5296667,-120.9126667,2.826,nc68006297
2003-12-23 09:58:47.860000+00:00,2.52,35.5751667,-120.829,1.884,nc30500466
2003-12-23 10:15:06.360000+00:00,3.0,35.5926667,-120.8638333,11.425,nc30500470
2003-12-23 11:26:05.160000+00:00,2.92,35.594,-120.8368333,3.952,nc21323896
2003-12-23 12:07:31.360000+00:00,3.28,35.5875,-120.8546667,2.071,nc30500551
2003-12-23 12:09:13.680000+00:00,2.88,35.5261667,-120.9063333,2.796,nc68006349
2003-12-23 12:33:25.900000+00:00,3.0,35.5693333,-120.8725,-0.407,nc21326595
2003-12-23 13:36:35.950000+00:00,3.25,35.5986667,-120.8936667,7.978,nc68006379
2003-12-23 14:14:44.730000+00:00,2.92,35.5283333,-120.9098333,1.539,nc21323958
2003-12-23 14:42:06.610000+00:00,3.9,35.5263333,-120.9043333,2.858,nc68006404
2003-12-23 14:43:25.300000+00:00,2.74,35.5223333,-120.9218333,5.14,nc21325022
2003-12-23 16:38:57.390000+00:00,2.52,35.5935,-120.8978333,4.197,nc21324370
2003-12-23 17:04:43.980000+00:00,2.67,35.5766667,-120.8213333,2.912,nc21323998
2003-12-23 17:13:08.620000+00:00,2.62,35.548,-120.8105,2.261,nc30226815
2003-12-23 19:18:50.630000+00:00,2.59,35.5346667,-120.8373333,5.794,nc21325477
2003-12-23 19:41:21.380000+00:00,2.59,35.5176667,-120.8276667,3.776,nc21325489
2003-12-23 19:42:00.790000+00:00,2.68,35.5686667,-120.8283333,-0.478,nc30500522
2003-12-23 19:52:19.830000+00:00,2.94,35.556,-120.8376667,0.082,nc21326632
2003-12-23 20:17:12.610000+00:00,3.26,35.5356667,-120.8735,0.285,nc21326708
2003-12-23 20:20:54.240000+00:00,2.68,35.5401667,-120.8878333,1.94,nc21326711
2003-12-23 20:41:51.930000+00:00,2.5,35.535,-120.8268333,4.834,nc21325468
2003-12-23 21:05:29.800000+00:00,2.61,35.5725,-120.8541667,4.595,nc30500371
2003-12-23 21:27:51.760000+00:00,2.66,35.588,-120.9056667,4.395,nc30500489
2003-12-23 21:53:41.970000+00:00,3.02,35.5676667,-120.8221667,-0.089,nc21325202
2003-12-23 23:38:02.670000+00:00,2.54,35.5576667,-120.907,7.104,nc30500500
2003-12-24 00:10:17.800000+00:00,2.61,35.5695,-120.829,3.783,nc68006576
2003-12-24 01:07:12.890000+00:00,2.63,35.5481667,-120.866,6.245,nc21324171
2003-12-24 03:03:39.270000+00:00,3.05,35.5275,-120.8413333,5.46,nc21326752
2003-12-24 05:06:32.470000+00:00,2.84,35.5285,-120.8728333,1.42,nc21324152
2003-12-24 05:47:50.690000+00:00,2.76,35.5753333,-120.861,3.568,nc21324631
2003-12-24 06:39:51.640000+00:00,2.51,35.602,-120.887,4.325,nc21324162
2003-12-24 08:03:08.490000+00:00,2.75,35.5456667,-120.832,0.992,nc21324103
2003-12-24 08:48:37.800000+00:00,2.84,35.5351667,-120.8661667,0.303,nc21324117
2003-12-24 09:13:03.840000+00:00,2.74,35.527,-120.8686667,3.363,nc21324120
2003-12-24 09:36:08.690000+00:00,3.74,35.5388333,-120.8426667,5.96,nc21326523
2003-12-24 12:02:03.620000+00:00,2.63,35.579,-120.9226667,-0.465,nc30500342
2003-12-24 12:46:18.320000+00:00,2.57,35.5956667,-120.8786667,-0.085,nc21324327
2003-12-24 14:36:09.460000+00:00,2.85,35.5705,-120.8596667,8.696,nc30500349
2003-12-24 15:27:06.460000+00:00,3.13,35.5648333,-120.822,3.52,nc21324585
2003-12-24 16:54:11.070000+00:00,2.57,35.5891667,-120.8828333,1.193,nc21324599
2003-12-24 16:59:06.750000+00:00,3.09,35.5346667,-120.8895,1.66,nc21324600
2003-12-24 17:42:23.750000+00:00,3.69,34.7771667,-120.5155,0.617,ci9968525
2003-12-24 19:17:36.160000+00:00,2.61,35.6226667,-120.8741667,6.871,nc21325784
2003-12-24 19:59:25.210000+00:00,2.64,35.5696667,-120.855,5.55,nc30500353
2003-12-24 20:06:22.280000+00:00,2.82,35.533,-120.8983333,7.123,nc68006783
2003-12-24 22:09:02.920000+00:00,2.58,34.0595,-116.6668333,7.86,ci9968597
2003-12-25 02:32:00.250000+00:00,2.7,36.9578333,-117.9543333,1.692,ci9968681
2003-12-25 04:33:17.360000+00:00,2.63,35.5433333,-120.8473333,4.86,nc21324594
2003-12-25 04:58:58.250000+00:00,2.56,33.1526667,-116.0125,5.861,ci9968737
2003-12-25 05:15:19.250000+00:00,2.76,35.5416667,-120.8485,4.958,nc21326779
2003-12-25 05:47:53.040000+00:00,3.19,32.1428333,-116.4228333,0.644,ci9968757
2003-12-25 06:12:00.100000+00:00,2.58,35.5388333,-120.8588333,6.825,nc30500587
2003-12-25 07:36:48.410000+00:00,2.7,35.5258333,-120.8178333,4.84,nc21324657
2003-12-25 07:40:23.960000+00:00,2.67,35.5383333,-120.8603333,1.193,nc68006907
2003-12-25 07:54:21.340000+00:00,2.66,35.5778333,-120.8846667,3.863,nc21324659
2003-12-25 08:50:21.200000+00:00,2.5,35.578,-120.882,4.411,nc21326765
2003-12-25 10:40:33.220000+00:00,2.6,35.5713333,-120.8305,2.145,nc21324733
2003-12-25 10:47:23.090000+00:00,2.71,35.5793333,-120.8885,4.048,nc21324736
2003-12-25 11:50:02.560000+00:00,4.41,35.5476667,-120.8286667,4.591,ci9968977
2003-12-25 12:00:17.010000+00:00,2.58,35.5378333,-120.8476667,5.833,nc68006940
2003-12-25 12:04:40.380000+00:00,2.91,35.5546667,-120.8513333,7.183,nc68006942
2003-12-25 12:35:38.570000+00:00,2.94,35.5406667,-120.8525,5.6,nc21324689
2003-12-25 14:05:46.670000+00:00,2.56,35.5651667,-120.9081667,3.421,nc21324672
2003-12-25 19:41:46.230000+00:00,3.36,35.5358333,-120.837,5.87,nc21324779
2003-12-25 20:33:18.830000+00:00,2.88,35.5788333,-120.8806667,3.798,nc21324790
2003-12-25 20:49:03.870000+00:00,2.55,35.5708333,-120.8256667,1.64,nc21324792
2003-12-25 23:04:15.720000+00:00,3.51,35.5721667,-120.8973333,4.463,nc68007008
2003-12-25 23:04:44.640000+00:00,2.96,35.5356667,-120.8495,6.761,nc68007009
2003-12-26 03:43:56.560000+00:00,2.92,35.5388333,-120.8515,5.545,nc21324882
2003-12-26 04:14:48.980000+00:00,2.8,35.5728333,-120.9045,5.601,nc21324892
2003-12-26 04:39:18.270000+00:00,2.56,35.5815,-120.8755,2.422,nc21324893
2003-12-26 04:42:14.320000+00:00,2.51,35.5411667,-120.886,2.97,nc21324894
2003-12-26 04:56:34.650000+00:00,3.04,35.595,-120.8776667,6.925,nc21324885
2003-12-26 05:54:54.660000+00:00,2.77,34.1683333,-117.4478333,4.541,ci9969341
2003-12-26 11:00:29.590000+00:00,2.91,34.1715,-117.443,2.941,ci9969413
2003-12-26 11:02:51.360000+00:00,2.82,35.5396667,-120.8513333,6.212,nc21326505
2003-12-26 18:50:15.900000+00:00,2.81,35.6385,-120.9186667,6.862,nc21325990
2003-12-26 20:47:55.240000+00:00,2.85,35.5751667,-120.8338333,4.728,nc21325041
2003-12-26 21:36:51.630000+00:00,2.65,35.5435,-120.8681667,6.94,nc21325069
2003-12-27 06:48:08.460000+00:00,2.67,35.5665,-120.8175,2.118,nc21325348
2003-12-27 10:27:07.940000+00:00,2.74,35.6345,-120.9065,7.592,nc21326117
2003-12-28 00:27:22.480000+00:00,2.71,35.5311667,-120.829,5.27,nc21325742
2003-12-28 01:47:46.140000+00:00,3.76,35.6088333,-120.8978333,6.313,nc21326944
2003-12-28 05:29:35.910000+00:00,2.83,35.5721667,-120.8238333,1.868,nc30500536
2003-12-28 06:05:55.460000+00:00,2.5,32.4475,-115.2608333,5.5,ci9970021
2003-12-28 13:09:06.200000+00:00,2.66,36.6105,-120.7598333,1.767,nc21326260
2003-12-29 00:49:12.090000+00:00,3.53,33.9705,-117.8151667,16.593,ci9970349
2003-12-29 01:03:46.770000+00:00,3.18,33.9733333,-117.8155,16.183,ci9970365
2003-12-29 02:35:29.770000+00:00,2.81,35.613,-120.8945,6.182,nc21326962
2003-12-29 05:00:19.860000+00:00,2.51,33.7625,-115.899,3.615,ci9970457
2003-12-29 05:38:23.770000+00:00,3.1,35.5758333,-120.868,4.493,nc21326667
2003-12-29 05:51:07.080000+00:00,2.52,35.5301667,-120.8368333,5.27,nc21326676
2003-12-29 08:04:00.090000+00:00,2.52,35.5415,-120.8515,5.068,nc21326902
2003-12-29 10:19:57.470000+00:00,2.59,35.5876667,-120.9055,4.642,nc21326868
2003-12-29 17:54:44.750000+00:00,2.57,35.5226667,-120.821,4.48,nc21327031
2003-12-29 20:09:52.810000+00:00,2.58,35.5165,-120.8008333,3.147,nc68007401
2003-12-29 22:30:16.040000+00:00,2.71,32.0038333,-116.699,6.681,ci9970765
2003-12-29 23:25:03.010000+00:00,2.51,35.5315,-120.8346667,6.28,nc21327083
2003-12-30 04:01:30.430000+00:00,2.75,35.5175,-120.8015,2.707,nc68007427
2003-12-30 05:05:43.630000+00:00,2.66,36.0193333,-117.7741667,0.865,ci9970877
2003-12-30 13:14:40.260000+00:00,2.69,35.5908333,-120.898,2.305,nc21327374
2003-12-30 18:44:05.720000+00:00,3.26,35.5296667,-120.8015,3.068,nc21327513
2003-12-30 18:50:38.800000+00:00,2.73,35.5643333,-120.8091667,3.743,nc68007463
2003-12-30 19:54:09.230000+00:00,2.69,35.8888333,-117.7155,9.369,ci9971025
2003-12-30 19:59:56.500000+00:00,2.83,35.5491667,-120.8293333,3.77,nc21327554
2003-12-31 01:48:00.860000+00:00,2.75,35.543,-120.8533333,5.59,nc21327664
2003-12-31 09:46:17.690000+00:00,3.33,35.5368333,-120.8535,6.45,nc21327818
2003-12-31 10:27:33.590000+00:00,2.99,35.5695,-120.8078333,3.685,nc68007505
2003-12-31 22:01:47.590000+00:00,2.59,35.5613333,-120.806,7.45,nc21328106
2004-01-01 02:02:10.490000+00:00,2.68,35.5675,-120.9131667,2.181,nc21328192
2004-01-01 09:00:23.780000+00:00,3.2,35.6303333,-117.5776667,-0.858,ci14018276
2004-01-01 17:07:28.120000+00:00,2.67,35.5833333,-120.8703333,5.892,nc21328647
2004-01-02 10:08:35.240000+00:00,2.6,35.5481667,-120.86,5.081,nc21329234
2004-01-02 16:32:19.830000+00:00,2.81,35.5301667,-120.8098333,2.99,nc21329434
2004-01-02 17:20:53.330000+00:00,2.77,35.6165,-120.8488333,0.722,nc21329465
2004-01-02 19:42:39.230000+00:00,2.81,34.4751667,-116.5056667,3.039,ci14018632
2004-01-03 09:17:07.230000+00:00,3.04,34.3675,-118.6228333,11.571,ci14018784
2004-01-04 06:38:29.580000+00:00,2.68,35.6386667,-120.9211667,3.905,nc21330791
2004-01-04 06:58:45.320000+00:00,2.5,35.543,-120.8561667,5.54,nc21330541
2004-01-04 10:14:11.480000+00:00,2.51,35.5348333,-120.8063333,2.958,nc21330905
2004-01-04 11:41:53.320000+00:00,2.66,32.2615,-116.5296667,5.645,ci14019100
2004-01-04 16:45:04.850000+00:00,2.58,35.541,-120.8465,1.728,nc21330955
2004-01-04 17:27:09.990000+00:00,3.48,35.5243333,-120.836,8.81,nc21330963
2004-01-04 17:27:53.320000+00:00,2.76,35.526,-120.8348333,5.567,nc30500615
2004-01-05 03:57:38.610000+00:00,2.66,32.2755,-115.2393333,6.974,ci14019248
2004-01-05 05:58:02.650000+00:00,3.38,32.1818333,-115.4141667,6.986,ci14019272
2004-01-05 14:11:17.630000+00:00,2.6,34.1008333,-117.0,2.659,ci14019348
2004-01-05 23:56:25.610000+00:00,2.59,35.5676667,-120.8363333,2.563,nc68007785
2004-01-06 05:24:59.580000+00:00,2.55,35.5508333,-120.8795,3.441,nc21330716
2004-01-07 08:43:28.710000+00:00,3.03,35.5976667,-120.885,2.761,nc21331266
2004-01-07 18:36:15.110000+00:00,2.8,35.5298333,-120.815,2.59,nc21331384
2004-01-08 04:49:36.290000+00:00,2.5,35.5846667,-120.796,4.041,nc21331574
2004-01-09 01:42:25.790000+00:00,2.57,34.7126667,-116.3025,3.753,ci9973717
2004-01-09 03:00:37.480000+00:00,2.57,32.0065,-115.8428333,5.959,ci9973733
2004-01-09 07:34:50.820000+00:00,3.01,35.2871667,-120.2808333,5.008,ci9973785
2004-01-09 07:36:09.470000+00:00,2.57,35.2901667,-120.2875,5.008,ci9973789
2004-01-09 13:00:26.730000+00:00,2.97,35.1188333,-118.6076667,1.774,ci9973849
2004-01-09 14:51:38.210000+00:00,2.59,33.37,-116.3183333,10.258,ci9973857
2004-01-10 11:35:16+00:00,2.67,35.6375,-116.4308333,5.076,ci9974129
2004-01-10 15:09:36.700000+00:00,2.78,35.5681667,-120.8036667,3.221,nc21332390
2004-01-10 21:58:38.150000+00:00,2.7,35.6088333,-120.8876667,6.548,nc21332439
2004-01-10 22:02:01.230000+00:00,2.57,35.4203333,-120.7241667,1.683,nc21332440
2004-01-10 23:07:36.670000+00:00,2.5,35.568,-120.8255,0.45,nc30500632
2004-01-11 22:01:43.700000+00:00,2.84,34.9933333,-116.9461667,8.095,ci9974437
2004-01-12 04:37:33.940000+00:00,2.59,35.5461667,-120.8611667,5.881,nc21333191
2004-01-12 17:24:50.860000+00:00,3.42,32.2238333,-115.4116667,9.973,ci9974649
2004-01-13 23:30:59.730000+00:00,2.6,35.5925,-120.8778333,6.172,nc21333738
2004-01-14 00:44:49.180000+00:00,2.78,35.3041667,-120.7983333,5.185,nc21333759
2004-01-14 01:09:15.770000+00:00,3.68,35.5753333,-120.7971667,1.078,nc21333767
2004-01-14 11:19:24.950000+00:00,2.54,35.5771667,-120.8821667,3.901,nc21333885
2004-01-14 15:04:39.890000+00:00,2.66,35.5671667,-120.9128333,2.471,nc21333933
2004-01-16 17:40:03.060000+00:00,3.29,32.1111667,-115.8493333,6.797,ci9975637
2004-01-16 21:31:49.740000+00:00,2.79,33.4645,-116.4718333,12.461,ci9975701
2004-01-16 23:30:07.660000+00:00,2.55,35.5241667,-118.2231667,8.206,ci9975741
2004-01-17 09:41:26.490000+00:00,3.4,35.5928333,-120.897,4.893,nc68008112
2004-01-17 10:05:25.520000+00:00,3.22,35.5951667,-120.897,6.333,nc68008113
2004-01-18 09:07:11.640000+00:00,2.5,35.5656667,-120.7986667,2.25,nc21335068
2004-01-19 11:13:54.040000+00:00,3.14,35.6296667,-120.9183333,8.245,nc21335398
2004-01-19 22:45:54.980000+00:00,3.0,35.5483333,-120.8346667,6.108,nc21335512
2004-01-20 02:58:49.020000+00:00,2.62,32.1531667,-115.4525,6.986,ci9976345
2004-01-20 09:11:20.310000+00:00,2.93,35.5333333,-120.8371667,6.25,nc21335669
2004-01-20 15:29:56.730000+00:00,2.64,35.5565,-120.804,2.27,nc21335735
2004-01-20 17:21:03.280000+00:00,2.8,34.3826667,-118.4421667,4.428,ci9976521
2004-01-20 17:22:31.700000+00:00,2.81,34.3863333,-118.4385,3.908,ci9976525
2004-01-21 06:25:58.560000+00:00,3.53,35.5568333,-120.81,5.65,nc30228696
2004-01-22 03:10:25.340000+00:00,2.74,34.0305,-116.6785,11.605,ci14023908
2004-01-22 13:57:40.870000+00:00,2.63,35.6103333,-120.8713333,6.555,nc21336387
2004-01-24 13:12:56.050000+00:00,2.72,35.529,-120.826,4.948,nc21337185
2004-01-24 17:26:08.260000+00:00,2.51,35.53,-120.8193333,3.938,nc21337239
2004-01-24 21:41:59.420000+00:00,2.54,35.5363333,-120.8445,6.05,nc21337305
2004-01-26 14:18:45.100000+00:00,2.66,35.6106667,-120.8935,7.031,nc21337751
2004-01-26 17:00:03.980000+00:00,3.08,34.8098333,-116.3108333,2.02,ci14025084
2004-01-26 17:07:58.900000+00:00,2.5,34.172,-118.0688333,12.297,ci14025088
2004-01-26 22:58:16.570000+00:00,2.92,35.56,-120.8111667,7.51,nc21337885
2004-01-27 07:35:43.020000+00:00,2.69,35.5585,-120.8093333,5.1,nc21338008
2004-01-27 13:49:03.010000+00:00,2.65,33.5573333,-116.6643333,8.434,ci14025348
2004-01-28 12:06:40.130000+00:00,2.6,35.5271667,-120.8158333,4.71,nc21338333
2004-01-29 01:38:22.830000+00:00,2.6,32.2795,-115.2155,5.984,ci14025780
2004-01-29 22:34:49.150000+00:00,2.65,35.5908333,-120.883,6.512,nc21338693
2004-01-30 22:28:48.550000+00:00,2.87,35.5268333,-120.8135,4.008,nc21338984
2004-01-31 09:11:09.190000+00:00,2.55,34.8411667,-120.1931667,12.374,ci14026424
2004-01-31 15:24:50.460000+00:00,3.11,32.2848333,-116.324,5.271,ci14026464
2004-02-01 03:35:41.600000+00:00,2.94,32.1968333,-115.7933333,6.827,ci14026604
2004-02-01 14:29:40.460000+00:00,2.63,33.9433333,-116.9965,15.666,ci14026700
2004-02-01 16:58:01.170000+00:00,2.81,32.2391667,-115.803,5.787,ci14026736
2004-02-01 18:33:41.940000+00:00,2.77,35.6666667,-120.915,3.216,nc21339498
2004-02-02 19:41:47.500000+00:00,2.66,34.3605,-118.6275,12.462,ci14026956
2004-02-03 08:20:40.110000+00:00,2.59,35.5905,-120.8978333,3.001,nc21339862
2004-02-05 01:38:59.970000+00:00,2.54,35.5385,-120.8478333,6.25,nc21340186
2004-02-05 03:08:17.980000+00:00,2.93,35.5336667,-120.8893333,1.962,nc21340198
2004-02-06 01:19:28.430000+00:00,2.52,35.5586667,-120.81,5.41,nc21340430
2004-02-06 20:51:36.890000+00:00,2.62,35.5631667,-120.803,2.54,nc30500649
2004-02-07 04:47:31.100000+00:00,2.62,33.92,-120.2113333,5.447,ci9981141
2004-02-07 07:20:57.820000+00:00,2.51,35.5706667,-120.8476667,3.251,nc21340869
2004-02-07 15:37:30.760000+00:00,2.58,35.5715,-120.7863333,1.454,nc21340989
2004-02-07 22:57:09.520000+00:00,3.01,33.7331667,-117.5076667,6.682,ci9981381
2004-02-09 14:05:47.420000+00:00,3.42,35.547,-120.8125,4.63,nc21341475
2004-02-10 22:28:33.270000+00:00,2.84,35.579,-120.8786667,3.852,nc21341901
2004-02-11 05:33:00.370000+00:00,2.87,35.5476667,-120.8696667,6.383,nc21341977
2004-02-11 19:29:04.870000+00:00,2.56,35.295,-118.6128333,3.121,ci9982609
2004-02-12 09:27:46.740000+00:00,3.61,35.5891667,-120.8781667,3.382,nc30227007
2004-02-14 04:49:48.430000+00:00,2.53,35.5453333,-120.8513333,5.93,nc21343039
2004-02-14 12:43:11.230000+00:00,4.34,35.0398333,-119.145,10.447,ci9983429
2004-02-14 20:30:14.980000+00:00,2.84,35.5263333,-120.813,4.98,nc21343183
2004-02-15 02:52:22.680000+00:00,3.41,35.578,-120.8761667,3.193,nc21343245
2004-02-16 04:35:11.110000+00:00,3.03,35.5491667,-120.8073333,0.928,nc21343475
2004-02-16 16:37:29.250000+00:00,2.65,35.4026667,-120.6833333,3.09,nc21343625
2004-02-16 18:28:30.290000+00:00,2.58,35.0936667,-119.1025,20.597,ci9984025
2004-02-16 19:48:26.410000+00:00,2.62,33.298,-116.8493333,11.416,ci9984037
2004-02-17 07:16:01.020000+00:00,3.01,35.0885,-119.1218333,16.45,ci12160415
2004-02-17 07:16:03.440000+00:00,3.4,35.055,-119.107,14.3,usp000cmdb
2004-02-17 12:54:26.380000+00:00,2.55,35.58,-120.8343333,4.641,nc21343873
2004-02-17 13:11:23.910000+00:00,2.5,33.3853333,-116.311,14.035,ci9984189
2004-02-17 20:01:38.860000+00:00,2.71,35.174,-120.6061667,5.342,nc21343971
2004-02-18 07:37:10.710000+00:00,2.78,32.263,-115.1845,7.033,ci9984381
2004-02-19 11:13:17.030000+00:00,2.96,35.5436667,-120.8531667,4.775,nc21344358
2004-02-20 00:49:40.150000+00:00,2.69,34.9685,-120.8251667,1.68,nc21344496
2004-02-20 10:56:24.330000+00:00,3.0,35.095,-119.1095,17.167,ci9984901
2004-02-20 17:56:18.220000+00:00,2.51,35.5735,-120.7893333,0.899,nc21344662
2004-02-20 18:23:00.290000+00:00,2.55,34.9605,-117.1395,8.708,ci9985029
2004-02-21 03:39:11.540000+00:00,2.74,33.9058333,-118.391,13.237,ci9985169
2004-02-21 05:16:32.390000+00:00,2.57,33.9011667,-118.4,13.334,ci9985221
2004-02-21 15:27:27.510000+00:00,2.99,35.5871667,-120.8865,4.593,nc21344924
2004-02-22 20:48:50.190000+00:00,2.68,35.528,-120.8335,5.31,nc21345148
2004-02-23 01:06:55.160000+00:00,2.61,32.1888333,-117.1315,6.727,ci9985605
2004-02-23 22:35:52.820000+00:00,2.57,32.1846667,-116.5213333,5.592,ci9985805
2004-02-24 01:30:53.900000+00:00,2.5,35.0941667,-119.1171667,17.477,ci9985905
2004-02-24 08:33:15.780000+00:00,2.64,35.5896667,-120.8391667,3.221,nc21345492
2004-02-24 09:49:38.400000+00:00,2.78,35.6038333,-120.9015,3.991,nc21345506
2004-02-25 15:31:58.850000+00:00,2.5,35.899,-116.7565,2.684,ci9986385
2004-02-25 22:23:01.920000+00:00,3.58,33.8163333,-117.043,14.365,ci9986489
2004-02-27 02:22:44.940000+00:00,2.65,36.561,-120.7016667,11.106,nc21346428
2004-02-27 07:37:18.440000+00:00,3.08,34.057,-117.2583333,10.202,ci9986677
2004-02-27 08:33:05.200000+00:00,3.82,35.5768333,-120.8618333,3.296,nc21346462
2004-02-28 20:45:23.090000+00:00,2.81,33.3693333,-116.2838333,11.805,ci9986993
2004-02-29 06:25:17.490000+00:00,2.88,35.7611667,-117.7386667,7.125,ci9987065
2004-02-29 09:08:25.050000+00:00,2.52,32.1676667,-116.6296667,6.641,ci9987101
2004-03-01 19:33:10.400000+00:00,2.58,35.5201667,-120.8473333,6.06,nc21347112
2004-03-02 00:09:31+00:00,2.59,32.0765,-115.8653333,6.782,ci9987401
2004-03-03 05:41:19.930000+00:00,2.87,35.5273333,-120.8725,4.42,nc21347382
2004-03-03 11:41:33.750000+00:00,2.64,35.5156667,-120.8203333,3.83,nc21347430
2004-03-04 12:35:16.740000+00:00,2.94,33.8845,-117.8643333,10.218,ci9988045
2004-03-04 23:58:55.640000+00:00,2.5,35.1108333,-119.0071667,24.61,ci9988149
2004-03-05 02:22:23.570000+00:00,2.79,35.5316667,-120.8781667,1.182,nc21347855
2004-03-05 05:09:16.390000+00:00,3.25,35.5758333,-120.8556667,7.241,nc21347871
2004-03-05 07:23:56.140000+00:00,2.91,32.088,-115.8645,6.787,ci9988217
2004-03-05 11:14:45.580000+00:00,2.62,35.5153333,-120.8145,4.94,nc21347907
2004-03-05 19:11:46.630000+00:00,2.77,35.5326667,-120.8688333,0.79,nc21347983
2004-03-06 18:22:05.860000+00:00,3.39,35.5743333,-120.8678333,3.663,nc21348241
2004-03-07 08:43:41.360000+00:00,2.53,32.0128333,-116.1966667,5.68,ci9988749
2004-03-08 01:30:26.680000+00:00,2.6,36.9141667,-117.8063333,5.72,ci9988973
2004-03-08 19:40:49.340000+00:00,2.55,35.5365,-120.8095,3.27,nc21348795
2004-03-09 19:50:40.550000+00:00,2.75,32.323,-115.2405,6.997,ci9989417
2004-03-09 19:54:46.770000+00:00,3.64,32.3548333,-115.2393333,5.987,ci9989421
2004-03-09 20:09:27.400000+00:00,2.69,35.4853333,-120.7681667,4.365,nc21349126
2004-03-09 21:50:51.850000+00:00,2.57,35.5726667,-120.7843333,3.154,nc21349147
2004-03-10 00:40:03.950000+00:00,3.37,35.539,-120.9043333,3.328,nc21349179
2004-03-10 06:13:02.900000+00:00,3.55,35.5781667,-120.7848333,3.171,nc21349262
2004-03-10 14:20:19.490000+00:00,2.71,35.5765,-120.7835,4.468,nc21349348
2004-03-10 14:35:40.350000+00:00,3.02,35.5746667,-120.7836667,4.068,nc21349352
2004-03-10 16:08:40.510000+00:00,2.5,35.5736667,-120.784,4.424,nc21349370
2004-03-10 17:05:56.400000+00:00,2.9,35.9283333,-120.477,9.75,nc21349380
2004-03-11 06:05:26.450000+00:00,2.81,35.4091667,-117.8063333,6.168,ci9990049
2004-03-13 14:14:18.380000+00:00,3.55,35.5466667,-120.8648333,6.511,nc21350186
2004-03-13 14:20:31.960000+00:00,2.7,35.547,-120.8615,5.841,nc21350187
2004-03-14 14:22:32.360000+00:00,2.82,35.5916667,-120.872,3.381,nc21350408
2004-03-16 00:17:25.170000+00:00,2.7,35.5978333,-120.8536667,2.641,nc21350730
2004-03-16 00:22:17.350000+00:00,2.54,33.2045,-115.5811667,2.223,ci9991189
2004-03-16 00:30:50.780000+00:00,3.51,33.2033333,-115.578,2.473,ci9991197
2004-03-16 00:33:24.520000+00:00,2.5,33.2038333,-115.5598333,2.493,ci12160775
2004-03-16 00:33:33.390000+00:00,3.61,33.2003333,-115.5826667,2.317,ci9991213
2004-03-16 00:56:00.350000+00:00,3.33,33.1986667,-115.5688333,1.113,ci9991253
2004-03-16 01:50:16.730000+00:00,2.89,33.2076667,-115.5816667,3.323,ci9991329
2004-03-16 02:22:39.610000+00:00,2.53,36.0555,-117.7063333,0.744,ci9991349
2004-03-16 05:44:32.670000+00:00,2.62,33.206,-115.5806667,3.233,ci9991397
2004-03-17 02:34:44.880000+00:00,2.91,34.4466667,-120.8126667,-0.47,ci9991765
2004-03-17 18:10:11.910000+00:00,2.71,32.0268333,-115.8731667,6.787,ci9991969
2004-03-18 00:52:39.540000+00:00,2.53,34.6613333,-116.2078333,5.169,ci9992065
2004-03-19 01:09:23.010000+00:00,3.49,34.3083333,-116.933,8.509,ci14039128
2004-03-19 02:54:45.170000+00:00,2.55,34.3058333,-116.9301667,7.969,ci14039184
2004-03-19 06:45:57.580000+00:00,2.91,35.532,-120.8016667,5.428,nc21351894
2004-03-20 04:55:37.410000+00:00,3.1,33.5128333,-116.5768333,13.376,ci9992737
2004-03-20 21:48:25.820000+00:00,3.38,35.5976667,-120.8781667,6.441,nc21352348
2004-03-21 11:23:44.990000+00:00,3.08,32.6856667,-115.7896667,7.033,ci9993013
2004-03-23 01:51:29.750000+00:00,2.79,33.9543333,-118.4151667,12.566,ci9993449
2004-03-23 06:21:30.910000+00:00,2.76,33.806,-116.184,7.615,ci9993489
2004-03-23 10:34:41.170000+00:00,2.7,34.7935,-120.4936667,5.291,ci9993521
2004-03-23 21:30:56.523000+00:00,2.6,36.5757,-114.9648,14.9,nn00103798
2004-03-26 17:10:17.150000+00:00,3.16,33.2231667,-116.0808333,13.756,ci9994217
2004-03-26 19:31:47.120000+00:00,2.56,35.543,-120.8513333,6.12,nc21353499
2004-03-27 14:51:58.950000+00:00,2.51,35.5701667,-120.7881667,2.634,nc21353744
2004-03-27 18:42:41.400000+00:00,2.63,32.0103333,-116.3301667,5.287,ci9994449
2004-03-28 03:40:10.300000+00:00,2.8,32.0915,-116.4388333,5.632,ci9994537
2004-03-28 07:20:02.830000+00:00,3.82,36.1801667,-118.1616667,5.879,ci9994573
2004-03-28 14:08:02.540000+00:00,2.83,36.1766667,-118.1601667,6.239,ci9994749
2004-03-29 03:01:52.240000+00:00,2.67,35.5375,-120.8183333,3.32,nc21354344
2004-03-29 03:53:24.430000+00:00,2.56,35.5365,-120.8156667,5.2,nc21354352
2004-03-29 23:42:50.710000+00:00,2.82,35.5648333,-120.8901667,5.005,nc21354536
2004-03-30 01:58:08.130000+00:00,2.68,36.1793333,-118.161,4.919,ci14041952
2004-03-30 15:08:55.490000+00:00,2.79,35.5738333,-120.787,-0.339,nc21354710
2004-03-30 18:04:57.770000+00:00,2.56,32.8266667,-115.4983333,7.454,ci14042152
2004-03-30 23:33:37.870000+00:00,2.95,35.751,-118.024,4.242,ci14042228
2004-03-31 04:57:35.970000+00:00,3.11,36.1795,-118.1588333,3.749,ci14042308
2004-03-31 21:28:36.470000+00:00,2.73,34.8598333,-120.2331667,-0.925,ci14042504
2004-04-01 14:33:07.690000+00:00,2.76,34.6215,-116.2943333,3.343,ci14042672
2004-04-02 22:51:51.830000+00:00,3.17,35.3473333,-117.1931667,4.741,ci9996317
2004-04-03 07:20:54.130000+00:00,2.73,32.8343333,-115.7291667,15.66,ci9996369
2004-04-04 06:21:22.430000+00:00,2.78,35.6056667,-120.893,6.001,nc21355631
2004-04-04 08:27:18.900000+00:00,2.5,35.5566667,-120.832,5.891,nc21355659
2004-04-04 13:45:11.780000+00:00,3.11,35.5415,-120.8571667,8.04,nc21355717
2004-04-05 04:44:46.350000+00:00,2.7,35.6376667,-117.5608333,1.987,ci9996809
2004-04-05 10:27:15.410000+00:00,2.91,34.184,-116.8866667,10.226,ci9996937
2004-04-05 14:25:28.910000+00:00,3.29,34.0501667,-117.2613333,12.042,ci9997137
2004-04-05 20:38:06.550000+00:00,3.42,33.4245,-116.9738333,9.976,ci9996961
2004-04-06 14:50:31.350000+00:00,2.8,35.4721667,-120.7861667,3.435,nc21356161
2004-04-08 12:29:59.960000+00:00,2.66,35.5818333,-120.876,4.371,nc21356657
2004-04-08 12:53:38.930000+00:00,2.9,33.8508333,-118.5455,14.134,ci9997957
2004-04-08 15:46:21.930000+00:00,3.2,33.1008333,-115.8656667,11.84,ci9998037
2004-04-08 18:19:38.370000+00:00,2.77,34.317,-116.8555,3.489,ci9998081
2004-04-11 01:52:02.660000+00:00,2.58,35.5403333,-120.8421667,5.92,nc21357255
2004-04-11 20:40:10.120000+00:00,2.88,35.0205,-119.5028333,13.815,ci9999337
2004-04-13 11:00:56.760000+00:00,2.5,36.6401667,-120.5043333,11.429,nc30227377
2004-04-15 02:28:08.620000+00:00,3.35,33.9428333,-116.9941667,15.756,ci10000605
2004-04-16 20:55:19.260000+00:00,2.73,34.855,-120.2413333,-0.905,ci10001081
2004-04-17 22:56:04.600000+00:00,2.81,32.1538333,-115.415,5.961,ci10001281
2004-04-18 01:13:40.690000+00:00,2.63,32.8333333,-115.6268333,15.305,ci10001321
2004-04-20 12:41:26.570000+00:00,3.15,33.5558333,-118.3681667,15.275,ci10001897
2004-04-20 23:30:16.740000+00:00,2.87,35.9741667,-116.7576667,1.964,ci14048256
2004-04-22 12:46:49.200000+00:00,2.92,33.181,-115.5966667,1.073,ci14048648
2004-04-24 09:49:43.760000+00:00,2.73,35.5418333,-120.8496667,7.93,nc21359833
2004-04-24 23:48:56.560000+00:00,2.6,33.2018333,-118.3803333,5.46,ci14049400
2004-04-25 05:49:58.270000+00:00,2.79,35.542,-120.8533333,6.66,nc21359927
2004-04-26 11:19:09.920000+00:00,2.63,35.9751667,-116.757,1.374,ci14049684
2004-04-26 23:26:59.520000+00:00,2.83,36.4871667,-116.5788333,0.261,ci14049820
2004-04-27 08:33:59.280000+00:00,2.7,34.3243333,-116.4586667,8.126,ci14049940
2004-04-27 17:15:27.590000+00:00,2.67,34.0566667,-117.2585,12.118,ci14050076
2004-04-27 19:21:03.190000+00:00,2.96,34.058,-117.2606667,12.292,ci14050116
2004-04-28 03:04:57.520000+00:00,2.53,32.7465,-115.4225,13.32,ci10003913
2004-04-28 10:26:44.960000+00:00,2.62,34.0673333,-117.2605,12.042,ci10004005
2004-04-29 17:34:58.170000+00:00,2.52,34.0591667,-117.2625,11.9,ci10004301
2004-04-30 18:17:17.900000+00:00,3.25,33.974,-118.676,13.014,ci10004657
2004-05-01 02:52:58.760000+00:00,3.43,35.5298333,-120.816,3.92,nc30227596
2004-05-02 13:22:00.300000+00:00,3.5,35.504,-120.8071667,4.815,nc30227590
2004-05-03 22:28:36.760000+00:00,2.63,35.5495,-120.8756667,6.401,nc21362135
2004-05-04 17:25:13.470000+00:00,2.76,35.5216667,-120.8416667,7.32,nc30227537
2004-05-05 01:20:23.470000+00:00,2.76,32.0476667,-115.866,6.787,ci10005813
2004-05-05 08:25:39.760000+00:00,2.67,32.0368333,-115.5676667,19.531,ci10005857
2004-05-08 08:13:28.710000+00:00,2.51,34.4128333,-120.029,6.75,ci10006669
2004-05-08 17:56:43.520000+00:00,2.83,35.568,-120.914,3.841,nc21363246
2004-05-09 08:57:17.300000+00:00,4.4,34.3946667,-120.0223333,3.91,ci10006857
2004-05-11 23:37:46.600000+00:00,3.22,33.7611667,-118.9768333,5.754,ci10007797
2004-05-12 23:17:57.590000+00:00,2.63,34.0343333,-118.9266667,12.703,ci10008149
2004-05-13 06:04:28.890000+00:00,3.05,33.6463333,-116.735,14.851,ci10008241
2004-05-13 10:20:10.420000+00:00,2.51,35.609,-120.8813333,6.948,nc21363985
2004-05-13 21:53:34.210000+00:00,2.58,32.8493333,-115.7428333,14.029,ci10008617
2004-05-18 21:35:44.680000+00:00,2.58,36.605,-120.57,9.944,nc21365018
2004-05-22 05:46:32.370000+00:00,2.57,33.91,-118.1453333,19.631,ci14057768
2004-05-22 19:34:08.410000+00:00,2.65,34.0135,-116.865,8.361,ci14057884
2004-05-26 12:35:25.870000+00:00,2.83,35.523,-120.8343333,-0.325,nc21366433
2004-05-27 18:15:40.220000+00:00,3.47,35.613,-120.8978333,7.453,nc30500685
2004-05-27 18:42:08.380000+00:00,2.71,35.522,-120.8493333,6.5,nc21367062
2004-05-30 07:01:06.520000+00:00,2.84,35.614,-120.8935,3.821,nc21367590
2004-05-30 16:25:51.320000+00:00,2.99,34.8876667,-119.0881667,3.62,ci10014393
2004-06-01 14:36:14.760000+00:00,3.06,34.2955,-116.8776667,3.929,ci10014793
2004-06-03 04:23:09.930000+00:00,2.73,34.0593333,-117.2565,12.744,ci14061672
2004-06-05 02:27:30.610000+00:00,2.53,34.4928333,-120.6673333,-0.544,ci14062356
2004-06-05 14:59:12.190000+00:00,2.58,33.4863333,-116.511,8.025,ci14062460
2004-06-07 18:36:13.020000+00:00,2.51,34.1873333,-118.5606667,19.123,ci14062920
2004-06-09 11:37:30.010000+00:00,2.51,34.315,-116.841,3.849,ci14063512
2004-06-10 07:58:58.800000+00:00,2.52,35.102,-119.0133333,11.731,ci14063700
2004-06-11 18:24:44.110000+00:00,2.59,35.5743333,-120.7886667,2.372,nc21370240
2004-06-12 20:51:38.960000+00:00,2.62,34.6283333,-116.553,8.467,ci14064416
2004-06-14 21:58:36.920000+00:00,2.68,36.1038333,-117.6223333,1.863,ci14064992
2004-06-15 22:28:46.880000+00:00,3.0,32.4655,-117.8283333,9.837,ci12161495
2004-06-15 22:28:48.190000+00:00,4.98,32.3428333,-117.9141667,9.824,ci14065544
2004-06-15 22:32:54.930000+00:00,2.5,32.378,-117.8253333,6.905,ci12161511
2004-06-16 00:43:47.770000+00:00,3.56,32.356,-117.8193333,6.837,ci14065620
2004-06-16 02:32:22.530000+00:00,2.74,34.0618333,-117.261,13.022,ci14065652
2004-06-17 01:09:35.980000+00:00,3.13,35.9663333,-117.9825,3.044,ci14066336
2004-06-17 06:44:45.500000+00:00,3.03,32.329,-117.8396667,9.837,ci14066436
2004-06-18 11:49:08.620000+00:00,3.03,33.1798333,-115.6045,3.723,ci14066852
2004-06-19 01:12:53.840000+00:00,3.08,35.5403333,-120.5628333,8.561,nc21371575
2004-06-19 18:03:55.810000+00:00,2.52,33.9741667,-118.3646667,11.833,ci14067120
2004-06-21 12:12:39.220000+00:00,2.87,32.2981667,-115.3108333,7.005,ci14067512
2004-06-21 16:02:45.900000+00:00,2.97,33.7108333,-116.0548333,12.651,ci14067556
2004-06-21 18:20:17.610000+00:00,2.66,32.0846667,-115.8571667,6.784,ci14067572
2004-06-22 21:56:38.900000+00:00,2.82,32.4465,-117.817,5.858,ci14067924
2004-06-23 16:20:06.180000+00:00,2.64,33.7135,-116.8505,17.202,ci14068040
2004-06-24 00:18:16.400000+00:00,2.73,34.1766667,-117.7196667,7.434,ci14068216
2004-06-25 14:43:07.750000+00:00,2.85,36.3318333,-118.0606667,3.708,ci14068896
2004-06-27 18:46:23.820000+00:00,2.57,32.9096667,-117.6503333,14.56,ci14069464
2004-06-28 05:33:49.520000+00:00,2.89,32.0291667,-115.8828333,6.797,ci14069580
2004-06-29 10:20:43.600000+00:00,3.71,36.0728333,-117.9001667,4.004,ci10023841
2004-06-30 05:05:04.030000+00:00,2.76,36.0716667,-117.9001667,4.152,ci10024357
2004-06-30 05:46:31.050000+00:00,3.13,32.3726667,-115.2605,5.987,ci10024373
2004-07-01 03:42:43.350000+00:00,2.7,35.552,-120.8,4.06,nc21374561
2004-07-01 16:24:24.270000+00:00,2.89,32.3261667,-115.1681667,5.963,ci10024821
2004-07-02 08:28:36.530000+00:00,2.89,36.071,-117.8848333,5.305,ci10024993
2004-07-06 00:29:17.040000+00:00,3.44,32.082,-115.3303333,5.995,ci10025617
2004-07-06 15:16:32.780000+00:00,2.55,34.3685,-116.1268333,5.409,ci10025729
2004-07-06 16:05:44.890000+00:00,3.4,34.0608333,-118.8526667,13.154,ci10025757
2004-07-07 06:19:39.180000+00:00,2.88,32.0841667,-115.3623333,5.962,ci10025925
2004-07-07 06:58:41.660000+00:00,2.5,35.5421667,-120.8665,4.162,nc21376291
2004-07-07 07:58:23.350000+00:00,2.83,32.1325,-115.3263333,6.005,ci10025941
2004-07-08 08:17:25.420000+00:00,2.54,35.5305,-120.8233333,5.26,nc21376532
2004-07-08 09:38:28.930000+00:00,2.86,32.0971667,-115.3505,7.025,ci10026225
2004-07-09 04:43:45.820000+00:00,3.69,32.5083333,-115.7413333,5.339,ci14072464
2004-07-09 05:02:49.580000+00:00,3.3,32.5338333,-115.7491667,7.189,ci14072480
2004-07-09 05:40:55.790000+00:00,2.53,32.5185,-115.747,4.659,ci14072496
2004-07-09 06:30:05.430000+00:00,3.09,32.5276667,-115.753,3.549,ci14072500
2004-07-09 06:42:46.800000+00:00,2.73,32.544,-115.757,4.699,ci14072504
2004-07-09 12:11:27.320000+00:00,2.95,32.5216667,-115.7491667,3.859,ci14072564
2004-07-09 18:41:20.760000+00:00,2.55,35.5451667,-120.8558333,6.201,nc21376859
2004-07-11 19:50:56.140000+00:00,2.6,34.3138333,-118.4431667,5.338,ci14073144
2004-07-12 15:10:02.620000+00:00,2.62,34.1836667,-117.3765,12.816,ci14073376
2004-07-13 10:19:42.410000+00:00,2.86,35.5478333,-120.8078333,4.35,nc21377790
2004-07-14 00:53:52.480000+00:00,4.02,33.711,-116.0556667,12.651,ci14073800
2004-07-14 20:57:54.060000+00:00,2.6,32.1925,-115.3246667,6.999,ci14074004
2004-07-14 20:58:04.750000+00:00,2.64,32.172,-115.3335,6.788,ci12168999
2004-07-15 01:43:22.650000+00:00,3.5,35.3148333,-119.4325,0.608,ci14074120
2004-07-15 05:02:59.600000+00:00,2.51,32.968,-115.5443333,15.106,ci14074152
2004-07-15 12:20:54.010000+00:00,3.03,33.3515,-116.3721667,12.108,ci14074232
2004-07-17 21:09:50.350000+00:00,2.53,34.8043333,-116.2625,3.772,ci10028821
2004-07-18 09:44:01.480000+00:00,2.62,36.414,-119.5895,11.372,nc21379323
2004-07-20 05:09:37.210000+00:00,3.65,32.2581667,-115.1361667,6.99,ci10029573
2004-07-20 22:59:42.800000+00:00,3.02,32.3275,-115.1433333,5.963,ci14076040
2004-07-22 06:38:14.990000+00:00,2.97,34.011,-117.2458333,13.339,ci14076568
2004-07-22 08:17:28.930000+00:00,2.66,34.0058333,-117.2556667,13.414,ci14076596
2004-07-22 15:01:12.840000+00:00,3.18,32.3571667,-115.2518333,5.987,ci14076664
2004-07-23 05:08:24.240000+00:00,2.8,35.6086667,-120.8878333,5.972,nc21380633
2004-07-24 12:55:19.900000+00:00,4.27,34.3805,-119.436,3.404,ci14077668
2004-07-24 12:56:19.470000+00:00,2.5,34.3865,-119.4201667,3.481,ci12169031
2004-07-25 21:01:59.350000+00:00,2.8,33.7073333,-116.0513333,12.581,ci14078172
2004-07-26 07:28:37.400000+00:00,2.51,35.5573333,-120.7975,4.598,nc21382979
2004-07-26 15:18:38.620000+00:00,2.66,34.2783333,-116.7586667,0.728,ci14078340
2004-07-27 11:01:11.970000+00:00,3.27,32.5843333,-116.1918333,-0.666,ci14078696
2004-07-27 17:46:04.800000+00:00,2.65,34.0213333,-117.1885,16.915,ci14078856
2004-07-28 00:24:52.410000+00:00,2.5,33.2455,-116.4123333,3.418,ci14078948
2004-07-28 07:13:39.730000+00:00,2.84,35.0641667,-118.9216667,12.93,ci14079016
2004-07-28 20:19:42.910000+00:00,3.78,34.1286667,-117.4483333,5.783,ci14079184
2004-07-29 04:22:40.110000+00:00,2.86,35.9906667,-119.9198333,5.214,nc21384762
2004-07-30 04:27:27.380000+00:00,2.96,34.0055,-117.585,4.31,ci14079548
2004-07-31 23:12:03.500000+00:00,2.56,32.021,-116.8283333,5.631,ci14080016
2004-08-01 00:55:46.580000+00:00,2.54,32.1023333,-115.8251667,6.772,ci14080036
2004-08-01 17:02:11.030000+00:00,2.63,34.117,-116.9705,3.049,ci14080144
2004-08-01 18:03:39.810000+00:00,3.05,32.7158333,-116.0558333,7.78,ci14080152
2004-08-02 16:28:46.090000+00:00,3.55,32.0753333,-117.3776667,5.771,ci14080428
2004-08-03 18:51:01.980000+00:00,2.67,34.3435,-119.5061667,6.966,ci10034681
2004-08-04 17:55:40.450000+00:00,2.63,35.5148333,-120.7981667,6.895,nc21386127
2004-08-07 14:31:01.050000+00:00,2.69,33.1838333,-115.6006667,2.397,ci10036121
2004-08-08 12:50:52.840000+00:00,2.74,32.1045,-115.8548333,5.796,ci10036349
2004-08-10 21:08:30.010000+00:00,2.51,34.0071667,-116.6065,11.376,ci10037109
2004-08-10 23:53:06.270000+00:00,2.87,36.4475,-120.3306667,7.014,nc21387642
2004-08-11 09:11:04.010000+00:00,3.43,35.5573333,-120.799,5.87,nc21387746
2004-08-12 09:57:52.080000+00:00,3.03,36.2423333,-120.8015,6.331,nc21388046
2004-08-12 14:33:32.890000+00:00,2.99,36.0426667,-117.808,-0.188,ci14083656
2004-08-12 14:44:42.620000+00:00,2.72,36.1981667,-120.76,7.592,nc21388094
2004-08-16 00:36:29.020000+00:00,2.83,35.5416667,-120.8495,3.831,nc21389086
2004-08-18 13:58:26.890000+00:00,2.51,34.5073333,-118.6835,18.456,ci14085940
2004-08-19 21:46:55.290000+00:00,2.52,35.5228333,-120.8285,3.471,nc21390042
2004-08-20 12:59:44.440000+00:00,3.08,35.6201667,-120.7415,6.434,nc21390196
2004-08-22 01:25:12.350000+00:00,4.16,32.3418333,-115.2241667,5.987,ci14086684
2004-08-22 16:58:07.450000+00:00,2.56,33.9466667,-117.1035,14.153,ci14086748
2004-08-23 00:19:31.990000+00:00,3.05,34.1391667,-119.1831667,23.981,ci14086812
2004-08-23 13:22:13+00:00,3.16,34.6706667,-116.3591667,1.923,ci14086916
2004-08-25 14:50:54+00:00,2.5,32.102,-115.813,16.933,ci14087316
2004-08-26 02:17:02.400000+00:00,2.91,32.0168333,-115.8803333,6.817,ci14087388
2004-08-26 02:58:42.240000+00:00,3.05,32.306,-115.3071667,7.006,ci14087396
2004-08-27 18:10:21.140000+00:00,2.53,34.687,-116.2951667,4.531,ci14087672
2004-08-27 19:28:01.010000+00:00,2.67,35.487,-120.7631667,1.625,nc21391708
2004-08-27 22:35:55.400000+00:00,2.69,34.0268333,-118.9115,14.183,ci14087752
2004-08-30 07:50:17+00:00,2.82,35.6425,-120.9236667,8.813,nc68011055
2004-08-30 10:53:26.650000+00:00,2.99,32.3156667,-116.6638333,15.341,ci14088108
2004-08-30 20:51:36.800000+00:00,3.18,34.4238333,-117.682,5.653,ci14088224
2004-08-31 00:09:13.630000+00:00,3.17,35.5995,-117.035,4.801,ci14088272
2004-09-01 19:58:02.030000+00:00,2.81,36.1808333,-120.3038333,10.289,nc21392768
2004-09-03 17:38:52.870000+00:00,2.86,35.6196667,-120.7403333,5.18,nc21393241
2004-09-04 19:09:38.530000+00:00,2.65,32.3401667,-115.222,6.997,ci10042957
2004-09-06 03:43:04.840000+00:00,2.81,36.1471667,-120.6615,1.738,nc21393628
2004-09-09 02:12:11.780000+00:00,3.08,32.205,-115.7353333,6.797,ci10043593
2004-09-09 12:04:32.400000+00:00,2.79,32.1498333,-115.8356667,6.827,ci10043669
2004-09-09 15:30:05.710000+00:00,3.67,35.0878333,-117.5173333,4.697,ci10043713
2004-09-09 20:59:35.360000+00:00,2.5,35.8921667,-117.6615,-0.976,ci10043785
2004-09-09 21:00:35.740000+00:00,2.5,35.8911667,-117.6655,-1.052,ci10043789
2004-09-09 21:01:35.300000+00:00,2.5,35.8916667,-117.6678333,-0.953,ci12170115
2004-09-09 21:02:38.390000+00:00,2.5,35.894,-117.6588333,-1.037,ci12170119
2004-09-10 05:32:12.900000+00:00,2.75,34.6835,-120.2681667,2.906,ci10043845
2004-09-10 13:16:45.860000+00:00,2.53,34.451,-116.461,2.325,ci10043897
2004-09-11 13:54:02.370000+00:00,2.53,32.0473333,-116.3825,6.659,ci10044129
2004-09-11 16:24:47.360000+00:00,2.78,34.9861667,-116.9436667,5.615,ci10044157
2004-09-11 22:58:14.930000+00:00,3.11,32.241,-115.334,7.005,ci10044217
2004-09-11 22:58:35.860000+00:00,3.06,32.177,-115.3346667,6.995,ci12173023
2004-09-12 20:28:24.900000+00:00,3.35,32.2495,-115.3283333,7.005,ci10044373
2004-09-12 21:03:26.870000+00:00,2.86,32.2541667,-115.3313333,7.015,ci10044377
2004-09-14 14:41:17.290000+00:00,3.11,36.086,-117.8608333,1.272,ci10044661
2004-09-15 01:46:05.300000+00:00,3.13,36.085,-117.8563333,0.572,ci14090880
2004-09-16 13:29:30.800000+00:00,3.63,34.1215,-116.403,7.196,ci14091288
2004-09-16 15:34:34.730000+00:00,2.92,34.3206667,-116.4603333,2.476,ci14091312
2004-09-17 03:04:05.560000+00:00,2.61,32.096,-115.8666667,5.774,ci14091448
2004-09-18 21:32:22.540000+00:00,3.07,32.0813333,-115.0793333,6.99,ci14091776
2004-09-20 08:51:25.110000+00:00,2.55,36.325,-118.09,4.005,ci14092848
2004-09-21 08:14:22.690000+00:00,2.83,33.96,-117.7593333,8.817,ci10047097
2004-09-22 08:15:00.490000+00:00,2.79,32.385334,-115.0946655,0.01,ci10047489
2004-09-22 23:29:57.210000+00:00,2.74,35.0541667,-119.0243333,13.582,ci10047693
2004-09-23 01:21:13.410000+00:00,2.87,35.0536667,-119.034,12.042,ci10047725
2004-09-23 06:11:29.690000+00:00,2.72,35.4658333,-120.774,4.185,nc21397927
2004-09-23 16:52:21.240000+00:00,2.53,32.2053333,-116.1426667,5.658,ci10047921
2004-09-26 15:54:05.960000+00:00,3.7,36.1641667,-120.6495,0.503,nc21399972
2004-09-27 02:00:06.120000+00:00,3.42,36.1638333,-120.6558333,5.178,nc21400082
2004-09-27 08:52:41.050000+00:00,2.84,36.1585,-120.6613333,5.093,nc21400160
2004-09-27 18:48:04.470000+00:00,2.56,32.497,-116.2776667,12.731,ci14094708
2004-09-28 17:15:24.250000+00:00,5.97,35.8181667,-120.366,8.136,nc30228270
2004-09-28 17:19:06.810000+00:00,4.15,35.8571667,-120.4063333,8.503,nc30228271
2004-09-28 17:19:23.920000+00:00,4.12,35.8443333,-120.4015,8.243,nc21400459
2004-09-28 17:21:29.260000+00:00,2.53,35.8338333,-120.456,31.797,nc71006934
2004-09-28 17:22:22.790000+00:00,2.78,35.9091667,-120.4561667,5.811,nc21400460
2004-09-28 17:22:55.070000+00:00,2.64,36.0031667,-120.569,2.94,nc30228826
2004-09-28 17:23:49.140000+00:00,2.52,35.8546667,-120.3996667,4.199,nc30506240
2004-09-28 17:24:15.280000+00:00,4.71,35.8045,-120.3498333,5.998,nc21400461
2004-09-28 17:28:22.130000+00:00,2.51,35.9023333,-120.4466667,5.013,nc30506243
2004-09-28 17:29:22.660000+00:00,3.29,35.8346667,-120.3838333,8.27,nc30506245
2004-09-28 17:29:41.190000+00:00,3.24,35.8266667,-120.3718333,8.555,nc30506246
2004-09-28 17:32:23.480000+00:00,2.63,35.8518333,-120.393,4.455,nc30506248
2004-09-28 17:33:55.470000+00:00,3.7,35.8153333,-120.363,6.418,nc21400462
2004-09-28 17:35:17.810000+00:00,3.55,35.947,-120.4895,9.525,nc30506251
2004-09-28 17:38:38.650000+00:00,2.73,35.8441667,-120.3808333,-0.541,nc30506254
2004-09-28 17:39:13.950000+00:00,2.55,35.9381667,-120.4863333,9.439,nc30506255
2004-09-28 17:41:09.680000+00:00,2.89,35.9135,-120.4576667,5.922,nc21400760
2004-09-28 17:48:56.960000+00:00,3.09,35.8745,-120.4236667,4.347,nc30500818
2004-09-28 17:49:03.260000+00:00,2.68,35.8553333,-120.4036667,4.357,nc30500819
2004-09-28 17:57:43.870000+00:00,2.66,35.781,-120.3308333,8.338,nc21400463
2004-09-28 18:02:22.090000+00:00,2.53,35.8991667,-120.4413333,5.963,nc30506263
2004-09-28 18:09:36.340000+00:00,2.84,35.8166667,-120.3981667,1.385,nc30500837
2004-09-28 18:45:00.980000+00:00,2.77,35.8516667,-120.3961667,4.836,nc21400467
2004-09-28 19:02:27.890000+00:00,2.68,35.9221667,-120.4723333,5.394,nc21400470
2004-09-28 19:23:39.430000+00:00,3.06,35.8285,-120.3801667,5.993,nc30506310
2004-09-28 19:31:27.810000+00:00,4.03,35.8385,-120.388,8.683,nc21400474
2004-09-28 19:40:23.520000+00:00,2.85,35.7811667,-120.3313333,8.428,nc21400518
2004-09-28 19:59:27.680000+00:00,3.19,35.9043333,-120.4483333,5.814,nc21400475
2004-09-28 20:00:20.470000+00:00,2.5,35.905,-120.4481667,4.578,nc30506316
2004-09-28 20:05:51.490000+00:00,2.63,35.8741667,-120.4241667,5.436,nc21400476
2004-09-28 20:18:12.320000+00:00,2.59,35.9358333,-120.4821667,8.914,nc21400479
2004-09-28 21:01:37.490000+00:00,2.59,35.9185,-120.4701667,5.104,nc21400487
2004-09-28 21:49:23.490000+00:00,2.94,35.78,-120.3313333,8.408,nc21400488
2004-09-28 22:07:51.480000+00:00,2.93,32.1536667,-115.8426667,6.787,ci14095172
2004-09-28 22:22:52.300000+00:00,2.65,35.9191667,-120.4701667,5.074,nc21400500
2004-09-29 01:53:35.140000+00:00,3.41,35.8975,-120.4408333,5.874,nc21400562
2004-09-29 02:33:45.020000+00:00,3.06,35.8535,-120.3955,4.762,nc21400579
2004-09-29 02:42:49.600000+00:00,2.94,35.8785,-120.4278333,5.626,nc21400733
2004-09-29 03:58:21.050000+00:00,2.59,35.9135,-120.4556667,5.655,nc30500795
2004-09-29 04:33:58.480000+00:00,2.62,35.9228333,-120.4718333,5.04,nc30500786
2004-09-29 06:51:23.510000+00:00,2.9,35.8833333,-120.4265,5.736,nc21401978
2004-09-29 09:02:11.150000+00:00,2.64,35.9201667,-120.4735,5.143,nc30500891
2004-09-29 16:11:51.750000+00:00,3.07,36.1385,-120.2045,9.092,nc21400934
2004-09-29 16:31:55.160000+00:00,2.9,35.9226667,-120.4688333,4.694,nc21400963
2004-09-29 17:10:04.030000+00:00,5.0,35.9536667,-120.5021667,10.772,nc21401069
2004-09-29 22:54:54.240000+00:00,5.03,35.3898333,-118.6235,2.788,ci14095628
2004-09-29 23:11:27.210000+00:00,2.61,32.1091667,-116.4203333,5.632,ci14095664
2004-09-30 00:53:47.420000+00:00,2.79,35.9093333,-120.454,5.854,nc21400895
2004-09-30 03:30:47.440000+00:00,2.5,34.4876667,-116.256,3.701,ci14095852
2004-09-30 03:56:53.610000+00:00,2.78,35.3836667,-118.6263333,4.813,ci14095856
2004-09-30 05:02:27.160000+00:00,3.48,35.9555,-120.5048333,9.272,nc21401221
2004-09-30 08:20:35.190000+00:00,2.69,35.8796667,-120.4306667,4.96,nc21401131
2004-09-30 18:54:28.840000+00:00,4.88,35.988,-120.5378333,9.889,nc21401170
2004-09-30 18:57:40.400000+00:00,2.64,35.8591667,-120.4045,4.496,nc30506460
2004-09-30 20:47:15.330000+00:00,2.68,35.9561667,-120.495,13.21,nc21401157
2004-10-01 01:12:26.790000+00:00,2.97,35.3881667,-118.6251667,2.798,ci14096332
2004-10-01 13:26:39.880000+00:00,2.95,35.9236667,-120.4763333,5.23,nc21401629
2004-10-01 20:43:19.490000+00:00,3.44,35.8651667,-120.4141667,8.562,nc21401909
2004-10-01 20:58:19.870000+00:00,3.05,35.9051667,-120.4483333,5.794,nc21402433
2004-10-01 21:27:57.270000+00:00,2.69,34.6928333,-120.455,9.596,ci14096592
2004-10-02 07:04:26.720000+00:00,3.19,35.7931667,-120.3428333,9.712,nc21402406
2004-10-02 07:45:40.080000+00:00,2.63,35.8496667,-120.3951667,4.689,nc21402425
2004-10-02 11:41:20.880000+00:00,2.78,35.883,-120.4263333,5.566,nc21402566
2004-10-02 12:22:09.050000+00:00,4.06,35.5431667,-120.8156667,4.97,nc21402583
2004-10-02 22:12:40.550000+00:00,3.13,35.9391667,-120.4865,9.833,nc21402778
2004-10-03 00:32:16.040000+00:00,3.1,33.2326667,-115.6996667,3.343,ci14096876
2004-10-03 02:11:15.390000+00:00,2.86,36.1615,-120.6641667,4.338,nc21402827
2004-10-03 09:29:58.020000+00:00,2.94,35.8601667,-120.4085,8.662,nc21403416
2004-10-03 21:14:47.750000+00:00,2.68,35.9236667,-120.4716667,5.244,nc21403472
2004-10-03 21:41:30.240000+00:00,2.56,35.8575,-120.4028333,5.042,nc21403307
2004-10-04 04:40:54.640000+00:00,2.63,35.8425,-120.3841667,3.989,nc21403153
2004-10-04 05:45:23.140000+00:00,2.69,35.852,-120.396,4.982,nc21403193
2004-10-04 21:07:33.440000+00:00,2.71,35.8985,-120.4395,4.604,nc21405224
2004-10-05 01:57:09.650000+00:00,2.57,35.9208333,-120.4683333,5.35,nc21404687
2004-10-05 19:17:08.550000+00:00,2.59,33.1933333,-116.0333333,11.76,ci14097632
2004-10-05 21:12:03.210000+00:00,2.57,35.5231667,-120.8253333,4.77,nc21405528
2004-10-06 00:24:47.050000+00:00,2.51,34.0236667,-117.1845,16.789,ci14097708
2004-10-08 01:52:44.610000+00:00,2.66,32.1861667,-115.8178333,5.787,ci14098220
2004-10-08 10:44:41.770000+00:00,3.01,35.8533333,-120.3966667,4.625,nc21405611
2004-10-08 23:22:19.830000+00:00,2.77,36.0205,-120.5793333,4.265,nc21406038
2004-10-09 01:11:48.750000+00:00,2.54,36.0206667,-120.5828333,4.14,nc21405695
2004-10-09 06:39:09.510000+00:00,3.28,36.0453333,-117.8116667,-0.828,ci14098488
2004-10-09 12:02:43.560000+00:00,3.13,34.8301667,-118.3505,5.916,ci14098588
2004-10-10 18:58:25.610000+00:00,3.03,36.0815,-117.991,3.982,ci14098816
2004-10-10 23:39:46.340000+00:00,2.99,35.5886667,-120.7246667,5.438,nc21406559
2004-10-11 14:46:18.340000+00:00,2.53,35.9285,-120.4765,5.267,nc21406847
2004-10-13 21:46:39.500000+00:00,3.38,35.7963333,-120.3471667,10.153,nc21409363
2004-10-14 21:00:43.620000+00:00,2.57,35.5678333,-120.9121667,4.621,nc21410388
2004-10-15 15:00:04.720000+00:00,2.69,33.4936667,-116.4986667,12.923,ci10053913
2004-10-16 05:05:35.860000+00:00,3.33,34.4543333,-119.1168333,26.647,ci10054037
2004-10-16 06:52:47.380000+00:00,2.95,32.0901667,-116.4816667,5.632,ci10054061
2004-10-17 05:57:02.550000+00:00,3.06,35.8986667,-120.4411667,5.904,nc21410825
2004-10-17 11:35:11.410000+00:00,3.24,35.5765,-120.884,4.321,nc21410947
2004-10-17 15:55:55.800000+00:00,3.14,32.1611667,-115.058,5.98,ci10054265
2004-10-17 18:38:24.150000+00:00,2.52,36.0526667,-120.6086667,10.535,nc21411089
2004-10-18 12:13:58.400000+00:00,2.58,33.3603333,-116.2991667,13.125,ci10054409
2004-10-19 02:12:09.050000+00:00,3.23,33.5003333,-116.5113333,13.033,ci10054541
2004-10-19 06:05:01.040000+00:00,2.63,35.3073333,-117.9513333,3.934,ci10054577
2004-10-19 10:32:11.280000+00:00,2.52,33.027,-115.5506667,16.005,ci10054641
2004-10-20 04:11:19.790000+00:00,2.59,33.8546667,-118.5411667,14.113,ci10054865
2004-10-20 17:12:22.720000+00:00,2.91,35.9228333,-120.4696667,4.436,nc21411884
2004-10-21 01:51:01.060000+00:00,2.5,35.8576667,-120.4036667,4.865,nc21411945
2004-10-21 07:38:43.010000+00:00,2.91,36.2418333,-120.8015,6.461,nc21412002
2004-10-22 02:16:03.020000+00:00,2.65,33.2936667,-116.8533333,11.144,ci10055185
2004-10-23 03:44:41.740000+00:00,2.73,35.91,-120.4525,5.94,nc21413404
2004-10-23 07:55:17.750000+00:00,2.98,35.8831667,-120.4266667,5.806,nc21413548
2004-10-23 10:19:22.810000+00:00,2.79,32.3313333,-115.418,6.005,ci10055481
2004-10-23 13:02:21.290000+00:00,2.53,35.5773333,-120.8788333,4.401,nc21413607
2004-10-24 03:41:16.210000+00:00,2.84,35.9266667,-120.4726667,9.264,nc21413873
2004-10-25 21:49:26.370000+00:00,2.9,33.8615,-117.7258333,3.872,ci10055981
2004-10-26 03:53:27.160000+00:00,2.78,34.3466667,-118.473,3.652,ci10056041
2004-10-26 23:59:24.350000+00:00,2.76,35.9956667,-120.4335,15.593,nc21414753
2004-10-27 07:08:35.370000+00:00,2.74,32.131,-117.0461667,0.251,ci10056261
2004-10-27 21:41:17+00:00,3.79,34.3435,-116.918,3.469,ci10056345
2004-10-27 21:59:35.600000+00:00,2.55,34.3425,-116.9188333,3.759,ci10056353
2004-10-28 04:29:20.260000+00:00,2.79,36.5856667,-120.7045,9.05,nc21415078
2004-10-28 09:59:42.420000+00:00,2.73,32.1513333,-115.0441667,5.98,ci10056489
2004-10-28 17:56:15.920000+00:00,2.73,33.7828333,-116.1666667,1.675,ci10056557
2004-10-29 03:32:43.620000+00:00,3.35,35.7845,-120.3331667,8.678,nc21415362
2004-10-30 16:07:20.070000+00:00,2.67,34.0936667,-118.3773333,1.51,ci10056957
2004-10-31 00:46:32.860000+00:00,2.56,35.527,-120.7945,3.418,nc21415967
2004-10-31 19:36:03.880000+00:00,2.72,33.7748333,-116.1658333,5.335,ci10057197
2004-10-31 22:16:59.940000+00:00,2.5,34.0696667,-116.688,9.434,ci10057229
2004-10-31 22:27:09.500000+00:00,2.61,34.4366667,-119.4443333,13.218,ci10057237
2004-11-01 14:49:49.460000+00:00,3.2,34.7255,-116.0496667,1.135,ci10057357
2004-11-01 18:52:31.130000+00:00,2.51,35.8426667,-120.3838333,4.129,nc21416364
2004-11-02 10:26:11.960000+00:00,3.28,35.9346667,-120.4865,4.763,nc21416567
2004-11-04 09:52:57.010000+00:00,2.61,35.9058333,-120.4501667,5.671,nc21417120
2004-11-05 04:22:19.070000+00:00,2.61,34.8431667,-116.3246667,4.45,ci10058069
2004-11-06 23:13:41.660000+00:00,2.61,35.1843333,-120.9238333,1.534,nc30229073
2004-11-07 22:51:42.500000+00:00,2.6,34.6251667,-116.292,2.923,ci10058573
2004-11-08 21:56:51.330000+00:00,2.69,34.049,-117.257,11.822,ci10058805
2004-11-09 06:44:04.780000+00:00,3.65,35.0333333,-116.9125,3.965,ci10058877
2004-11-10 06:54:59.200000+00:00,2.6,35.8953333,-120.4388333,6.131,nc21418632
2004-11-11 10:50:48.070000+00:00,3.68,34.7231667,-116.0498333,1.285,ci10059245
2004-11-12 07:35:25.320000+00:00,2.66,35.9498333,-120.4988333,13.69,nc21419100
2004-11-12 10:04:59.120000+00:00,2.88,34.7238333,-116.0555,1.525,ci10059401
2004-11-13 01:11:40.910000+00:00,2.56,34.2466667,-117.5361667,9.446,ci10059617
2004-11-13 12:53:56.450000+00:00,2.66,35.2536667,-118.5643333,7.234,ci10059697
2004-11-13 17:39:16.930000+00:00,4.19,34.3535,-116.8446667,8.029,ci10059745
2004-11-13 23:14:05.010000+00:00,3.14,35.9288333,-120.4766667,9.874,nc21419513
2004-11-14 15:33:45.370000+00:00,3.0,34.1703333,-117.4451667,8.882,ci10059901
2004-11-14 21:23:48.310000+00:00,2.53,32.1118333,-115.855,6.796,ci10059989
2004-11-16 07:32:00.820000+00:00,2.98,35.8536667,-120.3963333,4.645,nc21420094
2004-11-16 09:34:05.020000+00:00,3.15,35.7818333,-120.329,8.403,nc21420114
2004-11-16 10:21:16.190000+00:00,2.68,35.8525,-120.396,5.105,nc21420121
2004-11-17 11:15:19.920000+00:00,2.65,35.9581667,-120.5123333,13.442,nc21420440
2004-11-19 02:56:00.670000+00:00,3.72,35.86,-120.4083333,8.625,nc21420919
2004-11-20 22:32:28.080000+00:00,2.91,34.2431667,-119.6073333,0.692,ci10061989
2004-11-22 05:39:06.660000+00:00,2.99,33.8545,-117.778,8.892,ci10062205
2004-11-22 14:10:41.200000+00:00,3.44,35.9448333,-120.4908333,9.424,nc21421800
2004-11-23 09:18:52.460000+00:00,2.57,32.2226667,-115.066,6.858,ci10062405
2004-11-24 05:12:16.030000+00:00,2.98,35.7793333,-120.3263333,8.368,nc21422213
2004-11-24 08:24:42.760000+00:00,2.52,34.356,-118.6691667,14.705,ci10062613
2004-11-27 05:19:40.120000+00:00,3.24,35.9388333,-120.4855,9.837,nc21423126
2004-11-29 01:54:14.510000+00:00,4.17,35.9448333,-120.4923333,9.664,nc21423530
2004-11-29 16:09:17.160000+00:00,2.84,35.5533333,-120.8136667,5.18,nc21423660
2004-12-01 00:43:15.340000+00:00,2.63,32.3381667,-115.1473333,5.963,ci10063805
2004-12-02 18:05:42.280000+00:00,2.68,32.334,-115.1858333,5.988,ci10064241
2004-12-04 05:39:35.340000+00:00,3.35,35.9425,-120.4898333,10.47,nc21424965
2004-12-04 05:47:17.350000+00:00,2.63,35.9441667,-120.4896667,10.424,nc21424966
2004-12-04 11:41:56.360000+00:00,2.51,35.8558333,-120.4063333,8.505,nc21425003
2004-12-05 00:06:02.950000+00:00,3.12,34.695,-116.3698333,1.943,ci10064737
2004-12-06 06:08:42.340000+00:00,3.42,32.1801667,-116.1265,5.526,ci10064921
2004-12-07 20:54:44.960000+00:00,3.52,34.2713333,-119.684,-0.359,ci10065241
2004-12-07 21:01:07.640000+00:00,2.61,34.2788333,-119.6746667,-0.255,ci10065245
2004-12-10 10:49:29.940000+00:00,3.27,32.16,-115.8551667,5.787,ci10066021
2004-12-11 13:14:33.550000+00:00,2.53,36.3385,-120.8863333,10.313,nc21426645
2004-12-12 04:52:04.910000+00:00,2.56,32.1518333,-115.8595,6.549,ci10066385
2004-12-12 05:05:52.870000+00:00,3.71,34.1501667,-116.9816667,9.86,ci10066389
2004-12-13 03:27:25+00:00,3.02,32.1685,-115.8521667,11.047,ci10066569
2004-12-13 12:05:41.770000+00:00,2.95,32.0041667,-115.7851667,6.767,ci10066605
2004-12-14 19:10:46.090000+00:00,2.58,35.8828333,-120.4276667,5.606,nc21427313
2004-12-14 20:46:13.840000+00:00,2.5,32.3733333,-115.282,7.016,ci10067089
2004-12-14 23:27:28.870000+00:00,2.93,36.0085,-120.614,5.88,nc30506638
2004-12-16 11:37:51.310000+00:00,3.64,33.8686667,-118.7341667,-0.134,ci10067405
2004-12-16 13:46:25.900000+00:00,2.56,36.0298333,-120.0745,4.626,nc21427780
2004-12-17 05:32:35.330000+00:00,2.57,33.8681667,-118.733,5.593,ci10067869
2004-12-18 23:31:48.790000+00:00,2.66,35.9426667,-120.497,13.347,nc21428128
2004-12-19 21:16:32.400000+00:00,2.6,33.8661667,-118.7295,3.553,ci10068417
2004-12-20 16:51:37.140000+00:00,2.88,32.1253333,-115.3336667,5.961,ci10068613
2004-12-21 04:10:33.310000+00:00,2.78,35.9735,-120.529,4.392,nc21428897
2004-12-22 06:12:24.530000+00:00,2.72,35.4028333,-119.3016667,25.206,ci10068921
2004-12-22 15:52:30.820000+00:00,2.87,32.6556667,-118.0915,5.771,ci10069025
2004-12-23 15:49:50.430000+00:00,3.34,35.5315,-120.8066667,5.4,nc21429501
2004-12-24 03:14:49.490000+00:00,3.07,32.0938333,-116.4285,5.632,ci10069349
2004-12-27 23:08:47.030000+00:00,2.74,36.1831667,-120.3058333,9.617,nc30506667
2004-12-28 02:49:13.230000+00:00,2.58,35.051,-119.0333333,9.415,ci10070125
2004-12-28 14:37:40.490000+00:00,2.98,32.1025,-115.8801667,5.787,ci10070173
2004-12-29 22:01:00.720000+00:00,2.63,32.295,-115.232,0.237,ci10070345
2005-01-02 20:58:48.280000+00:00,3.99,32.3463333,-115.2228333,5.987,ci10070917
2005-01-02 22:43:19.160000+00:00,2.58,33.2255,-120.1038333,5.886,ci10070933
2005-01-03 03:04:16.480000+00:00,2.88,35.5726667,-120.8778333,6.131,nc21431688
2005-01-03 13:29:11.600000+00:00,2.66,36.0485,-120.6075,3.513,nc21431738
2005-01-04 08:21:35.380000+00:00,2.72,34.118,-117.4375,3.718,ci10071137
2005-01-04 08:49:24.820000+00:00,3.12,34.1173333,-117.4415,4.139,ci10071173
2005-01-04 21:19:51.960000+00:00,2.68,32.3496667,-115.2148333,7.201,ci10071381
2005-01-06 12:11:13.720000+00:00,2.5,34.1216667,-117.4398333,2.277,ci14116916
2005-01-06 12:11:29.780000+00:00,3.56,34.1183333,-117.4373333,4.078,ci14116920
2005-01-06 14:22:38.710000+00:00,3.3,34.1135,-117.4348333,3.948,ci14116960
2005-01-06 14:35:27.680000+00:00,4.42,34.1238333,-117.4448333,6.148,ci14116972
2005-01-06 18:44:13.400000+00:00,3.41,32.1616667,-115.8495,5.256,ci14117040
2005-01-08 14:32:21.140000+00:00,2.53,34.3565,-116.1318333,2.801,ci14117468
2005-01-09 23:52:35.950000+00:00,3.02,32.3241667,-115.3186667,7.006,ci14117680
2005-01-11 02:47:34.350000+00:00,2.84,35.2275,-118.5706667,4.578,ci14117896
2005-01-11 08:29:49.590000+00:00,2.59,32.1725,-115.8461667,7.904,ci14117924
2005-01-11 08:37:05.930000+00:00,2.77,35.2283333,-118.5668333,2.118,ci14117928
2005-01-12 01:49:33.010000+00:00,2.68,34.0028333,-116.946,9.441,ci14118064
2005-01-12 07:32:10.940000+00:00,2.74,32.828,-118.381,5.911,ci14118092
2005-01-12 08:10:46.380000+00:00,4.26,33.9526667,-116.3953333,7.107,ci14118096
2005-01-12 14:19:23.900000+00:00,2.73,35.5323333,-120.8518333,4.59,nc21433115
2005-01-13 09:07:35.870000+00:00,3.23,32.0696667,-114.994,5.963,ci14118328
2005-01-13 16:06:20.410000+00:00,2.68,33.2553333,-116.0781667,2.207,ci14118412
2005-01-13 16:07:20.270000+00:00,2.71,33.2543333,-116.0755,2.437,ci14118416
2005-01-16 11:40:20.630000+00:00,2.58,36.1968333,-117.8838333,0.772,ci14119012
2005-01-20 11:18:14.940000+00:00,2.63,36.5318333,-120.7043333,8.204,nc21434560
2005-01-20 15:46:03.350000+00:00,2.61,32.7995,-115.5475,10.035,ci14120096
2005-01-20 15:49:30.440000+00:00,2.54,32.7716667,-115.5356667,10.035,ci14120108
2005-01-20 19:48:40.700000+00:00,2.61,33.995,-116.9535,8.079,ci14120164
2005-01-22 13:04:05.960000+00:00,2.6,35.887,-120.431,10.631,nc21435095
2005-01-25 19:22:53.260000+00:00,2.67,32.565,-115.7061667,5.023,ci14121236
2005-01-26 02:00:51.390000+00:00,2.61,32.9041667,-116.2335,5.86,ci14121368
2005-01-27 14:16:06.420000+00:00,3.31,35.5665,-120.7855,0.555,nc21436014
2005-01-27 17:55:12.600000+00:00,2.53,35.7968333,-118.4996667,1.868,ci14121780
2005-01-27 21:25:58.610000+00:00,2.75,32.5746667,-115.7188333,3.39,ci14121864
2005-01-27 22:48:19.630000+00:00,2.88,33.8596667,-117.7483333,8.983,ci14121900
2005-01-28 13:03:26.320000+00:00,3.85,36.0461667,-120.042,9.566,nc21436234
2005-01-28 13:08:30.060000+00:00,2.52,36.0465,-120.0448333,8.196,nc21436235
2005-01-28 13:26:14.270000+00:00,2.96,36.045,-120.0443333,8.436,nc21436236
2005-01-28 18:47:08.070000+00:00,2.56,36.0433333,-120.0193333,8.766,nc21436284
2005-01-30 13:23:15.050000+00:00,3.08,36.0486667,-120.025,9.201,nc21436496
2005-01-31 02:18:14.200000+00:00,2.71,32.7665,-115.4296667,10.035,ci14122372
2005-01-31 14:05:26.170000+00:00,2.79,32.779,-115.4333333,10.035,ci14122488
2005-01-31 14:54:19.320000+00:00,3.32,32.1301667,-117.6243333,6.855,ci14122508
2005-01-31 15:14:16.640000+00:00,2.65,32.7661667,-115.434,10.035,ci14122536
2005-01-31 17:13:52.490000+00:00,2.6,36.5141667,-120.6691667,6.35,nc21436669
2005-02-01 02:04:37.390000+00:00,2.63,32.7375,-115.42,10.01,ci14122648
2005-02-03 04:52:21.190000+00:00,3.15,34.1581667,-117.426,9.72,ci10077969
2005-02-03 16:13:19.880000+00:00,2.76,35.9223333,-120.4696667,4.7,nc21437263
2005-02-05 23:37:41.150000+00:00,2.8,33.1756667,-115.6445,2.797,ci10078833
2005-02-06 05:59:37.020000+00:00,2.75,32.6943333,-115.5371667,10.01,ci10078909
2005-02-06 20:50:25.040000+00:00,2.85,35.5603333,-120.8838333,6.231,nc21437910
2005-02-07 07:54:00.850000+00:00,2.51,32.319,-115.2568333,5.979,ci10079069
2005-02-08 02:25:56.430000+00:00,2.67,34.3451667,-116.471,2.956,ci10079349
2005-02-08 17:35:32.010000+00:00,3.03,35.1151667,-116.9975,3.545,ci10079521
2005-02-08 22:00:48.890000+00:00,3.54,35.9538333,-120.5053333,9.042,nc21438324
2005-02-09 10:17:50.370000+00:00,2.89,32.5745,-115.7225,9.973,ci10079717
2005-02-11 09:04:21.630000+00:00,2.52,35.8426667,-120.3835,4.339,nc21438867
2005-02-14 09:31:06.180000+00:00,2.8,34.6618333,-116.212,4.489,ci10080713
2005-02-15 22:20:51.590000+00:00,3.44,34.8018333,-116.2598333,6.462,ci10081013
2005-02-16 10:27:07.900000+00:00,2.52,34.7985,-116.2578333,6.222,ci10081121
2005-02-17 19:10:13.220000+00:00,2.63,32.167,-115.8786667,5.774,ci10081365
2005-02-17 23:02:36.040000+00:00,2.53,33.7813333,-118.171,16.688,ci10081405
2005-02-21 20:32:17.810000+00:00,2.57,32.3146667,-115.599,5.867,ci10081957
2005-02-23 03:00:20.780000+00:00,2.63,32.3433333,-115.1883333,5.979,ci10082169
2005-02-25 01:58:18.770000+00:00,2.76,33.2228333,-116.098,5.372,ci10082817
2005-02-26 13:51:11.490000+00:00,2.94,32.4311667,-115.1315,5.99,ci10083177
2005-02-27 05:08:03.890000+00:00,2.93,34.1376667,-118.4883333,11.3,ci10083305
2005-02-27 23:56:07.860000+00:00,2.63,32.4466667,-115.1151667,9.986,ci10083421
2005-03-03 09:36:51.470000+00:00,2.7,32.1963333,-115.4161667,6.005,ci10084125
2005-03-03 15:11:10.690000+00:00,3.01,32.0613333,-115.4353333,5.961,ci10084153
2005-03-06 11:20:49.240000+00:00,2.8,34.3936667,-119.4325,3.254,ci14130568
2005-03-06 14:31:15.260000+00:00,2.91,32.0091667,-116.2768333,5.673,ci14130592
2005-03-08 13:41:43.030000+00:00,2.52,35.792,-120.344,9.38,nc21444045
2005-03-08 18:09:21.870000+00:00,2.63,35.511,-120.7728333,4.148,nc21444085
2005-03-10 04:08:55.090000+00:00,3.04,32.1948333,-115.4113333,5.995,ci14131172
2005-03-10 21:35:33.097000+00:00,2.5,36.1347,-115.8461,17.6,nn00130951
2005-03-12 12:31:06.630000+00:00,2.53,35.5388333,-120.771,2.448,nc21444908
2005-03-13 03:00:04.830000+00:00,2.68,36.014,-120.5716667,4.063,nc21445004
2005-03-13 23:43:15.300000+00:00,3.45,33.3021667,-116.8513333,12.459,ci14131672
2005-03-14 20:23:07.110000+00:00,3.55,34.423,-118.669,13.737,ci14131872
2005-03-14 20:34:59.260000+00:00,2.81,32.3688333,-115.091,5.99,ci14131876
2005-03-15 07:49:00.360000+00:00,2.5,35.6551667,-118.1375,4.248,ci14131948
2005-03-15 10:05:18.780000+00:00,2.78,35.654,-118.1376667,4.248,ci14131952
2005-03-16 23:47:13.850000+00:00,3.18,35.9305,-119.97,28.025,nc21445777
2005-03-18 14:47:14.840000+00:00,2.54,35.5095,-120.7761667,4.668,nc21446195
2005-03-19 02:12:11.840000+00:00,2.52,33.97,-117.2271667,13.815,ci14132564
2005-03-19 14:35:52.710000+00:00,2.66,32.0035,-116.7001667,5.631,ci14132604
2005-03-20 18:03:54.750000+00:00,2.59,36.4343333,-120.5988333,15.736,nc21446480
2005-03-20 18:05:11.560000+00:00,2.53,35.8525,-120.3968333,4.845,nc30506802
2005-03-22 08:29:28.740000+00:00,2.88,32.44,-115.2903333,6.997,ci14133036
2005-03-22 08:55:05.580000+00:00,3.7,33.28,-116.2595,4.258,ci14133048
2005-03-22 08:56:07.350000+00:00,2.5,33.278,-116.2521667,4.438,ci14133052
2005-03-22 12:11:37.500000+00:00,2.65,36.004,-120.5635,4.163,nc21446653
2005-03-22 17:59:20.880000+00:00,2.62,35.9371667,-120.494,5.14,nc21446707
2005-03-22 19:05:24.390000+00:00,2.53,33.5005,-116.4595,3.585,ci14133136
2005-03-23 00:07:06.390000+00:00,3.37,33.8811667,-118.4433333,11.708,ci14133232
2005-03-25 16:39:24.110000+00:00,2.63,33.7503333,-118.0391667,15.352,ci14133744
2005-03-26 04:36:48.830000+00:00,3.68,35.8388333,-120.387,6.459,nc21447168
2005-03-28 06:50:59.800000+00:00,2.66,35.9101667,-120.4546667,5.794,nc21447502
2005-03-28 20:03:29.540000+00:00,2.56,33.8761667,-116.738,16.712,ci14134352
2005-03-31 19:13:42.820000+00:00,3.24,35.3228333,-118.5576667,2.111,ci14135032
2005-04-01 10:25:53.180000+00:00,3.07,35.845,-120.3931667,6.415,nc21448001
2005-04-01 19:11:30+00:00,2.82,35.9581667,-120.506,13.662,nc21448062
2005-04-03 04:13:57.440000+00:00,2.74,35.4216667,-118.4281667,3.888,ci14135524
2005-04-06 04:20:26.160000+00:00,2.98,32.1218333,-115.0018333,0.693,ci14135952
2005-04-08 01:23:09.370000+00:00,2.85,36.791,-120.5701667,11.278,nc30506822
2005-04-09 14:34:16.330000+00:00,2.5,34.6655,-119.0536667,-0.952,ci14136572
2005-04-10 01:54:25.100000+00:00,2.8,32.0983333,-115.7978333,5.796,ci14136712
2005-04-12 03:25:20.320000+00:00,2.56,32.5521667,-115.2786667,10.014,ci14137104
2005-04-12 11:06:46.680000+00:00,3.94,32.7248333,-116.8211667,9.787,ci14137160
2005-04-12 13:53:15.280000+00:00,3.21,35.5828333,-120.8683333,6.141,nc21449562
2005-04-16 09:04:35.510000+00:00,3.05,34.875,-119.2251667,12.163,ci14137996
2005-04-16 10:13:15.330000+00:00,3.45,35.8908333,-120.4345,8.014,nc21450190
2005-04-16 19:18:13.400000+00:00,4.59,35.0223333,-119.191,9.288,ci14138080
2005-04-18 21:41:32.520000+00:00,2.64,35.0125,-119.1833333,11.118,ci14138572
2005-04-19 00:08:56.840000+00:00,2.85,32.4343333,-115.3,6.006,ci14138612
2005-04-19 02:58:11.880000+00:00,2.58,35.0065,-119.1761667,10.488,ci14138648
2005-04-20 06:48:20.270000+00:00,3.02,32.7395,-117.5866667,5.849,ci14138896
2005-04-20 08:51:06.130000+00:00,2.86,32.3078333,-115.308,6.006,ci14138908
2005-04-20 17:22:29.060000+00:00,2.58,36.023,-117.5351667,-0.3,ci14138972
2005-04-20 22:40:48.780000+00:00,3.61,34.8936667,-119.0881667,10.265,ci14139032
2005-04-21 06:36:19.040000+00:00,3.95,33.657,-120.0333333,5.574,ci14139108
2005-04-21 06:42:44.200000+00:00,2.75,33.589,-120.1128333,6.68,ci14139112
2005-04-21 13:26:37.310000+00:00,3.8,33.6596667,-120.0265,5.574,ci14139160
2005-04-21 13:43:52.880000+00:00,2.56,33.6666667,-119.9861667,5.549,ci14139164
2005-04-21 14:08:21.200000+00:00,2.88,33.6648333,-120.0181667,5.549,ci14139176
2005-04-23 02:19:07.440000+00:00,3.35,34.1103333,-117.307,14.28,ci10093909
2005-04-24 21:25:04.540000+00:00,2.69,32.3461667,-115.2548333,5.987,ci10094249
2005-04-24 21:44:28.450000+00:00,3.59,33.7991667,-118.6286667,9.942,ci10094253
2005-04-24 21:46:44.230000+00:00,3.3,33.7991667,-118.6305,4.211,ci10094257
2005-04-27 15:42:30.130000+00:00,2.94,34.1308333,-116.8498333,10.516,ci10094773
2005-04-27 17:10:35.660000+00:00,2.53,32.0786667,-116.2421667,6.65,ci10094817
2005-04-28 11:52:21.360000+00:00,2.58,35.2503333,-118.5966667,4.358,ci10095053
2005-04-29 04:54:31.380000+00:00,2.5,34.0208333,-117.2331667,12.342,ci10095281
2005-04-29 08:28:26.330000+00:00,2.74,32.073,-115.8143333,6.797,ci10095309
2005-04-29 11:26:27.820000+00:00,2.85,32.3558333,-115.3791667,9.995,ci10095321
2005-04-29 20:06:20.790000+00:00,2.76,34.0938333,-118.5301667,4.759,ci10095449
2005-04-30 15:01:47.810000+00:00,2.54,36.2051667,-118.0508333,-1.606,ci10095617
2005-05-01 12:00:57.400000+00:00,2.51,33.2613333,-116.7138333,13.399,ci10095809
2005-05-02 02:32:46.820000+00:00,2.87,32.2771667,-115.3103333,6.005,ci10095921
2005-05-03 21:02:50.590000+00:00,3.18,35.952,-120.495,13.624,nc21453859
2005-05-04 09:30:33.730000+00:00,2.91,33.3201667,-118.686,5.817,ci10096501
2005-05-04 13:39:47.730000+00:00,2.54,34.9156667,-119.0591667,15.685,ci10096537
2005-05-04 21:31:16.170000+00:00,2.77,36.002,-120.5573333,4.265,nc21454205
2005-05-06 02:07:13.310000+00:00,3.17,35.0305,-119.1786667,17.188,ci10097001
2005-05-06 02:29:09.510000+00:00,4.06,35.0306667,-119.1813333,10.678,ci10097009
2005-05-06 04:44:21.320000+00:00,3.03,32.3125,-115.1621667,5.98,ci10097033
2005-05-06 07:32:58.500000+00:00,2.8,34.4113333,-119.9448333,11.68,ci10097061
2005-05-06 07:54:05.840000+00:00,2.57,32.0733333,-116.454,5.632,ci10097065
2005-05-06 12:06:18.280000+00:00,2.55,34.4333333,-119.9426667,8.2,ci10097093
2005-05-09 13:08:36.800000+00:00,3.08,35.9296667,-120.4763333,9.57,nc21455482
2005-05-09 16:53:50.520000+00:00,2.82,32.449,-115.3116667,6.006,ci10097821
2005-05-09 17:48:12.040000+00:00,3.17,34.8026667,-116.2836667,5.002,ci10097865
2005-05-09 21:48:37.250000+00:00,3.02,32.4336667,-115.3118333,6.006,ci10097969
2005-05-09 22:34:00.760000+00:00,2.56,32.434,-115.316,5.99,ci10097981
2005-05-10 04:01:32.700000+00:00,3.01,32.4426667,-115.31,6.006,ci10098053
2005-05-10 04:19:21+00:00,3.09,32.4413333,-115.3138333,6.006,ci10098065
2005-05-10 04:34:31.700000+00:00,2.55,32.454,-115.324,6.006,ci10098073
2005-05-10 05:18:17.250000+00:00,3.15,32.4403333,-115.3121667,6.006,ci10098093
2005-05-10 05:27:36.140000+00:00,2.71,32.4028333,-115.3216667,6.006,ci10098105
2005-05-10 07:57:19.900000+00:00,2.69,32.4481667,-115.3113333,6.006,ci10098145
2005-05-10 10:22:16.720000+00:00,2.59,32.4521667,-115.3166667,6.006,ci10098177
2005-05-10 17:10:22.550000+00:00,2.51,32.4838333,-115.3451667,5.991,ci10098257
2005-05-11 12:31:02.530000+00:00,3.08,32.4511667,-115.312,6.006,ci10098529
2005-05-11 23:25:59.670000+00:00,2.77,36.0706667,-120.6416667,5.394,nc21456027
2005-05-12 09:07:32.840000+00:00,2.57,32.452,-115.3108333,6.006,ci10098821
2005-05-12 10:04:49.720000+00:00,2.57,32.4475,-115.3098333,6.006,ci10098829
2005-05-12 10:46:36.660000+00:00,2.72,36.5508333,-117.6636667,-1.343,ci10098841
2005-05-12 22:01:20.240000+00:00,3.18,34.845,-116.3238333,3.96,ci10099033
2005-05-13 00:53:05.240000+00:00,2.69,32.437,-115.3093333,6.006,ci10099093
2005-05-13 14:53:53.890000+00:00,2.52,32.4485,-115.3146667,5.997,ci10099197
2005-05-13 17:10:51.300000+00:00,2.75,32.441,-115.3153333,10.006,ci10099249
2005-05-13 17:20:31.280000+00:00,3.43,32.3658333,-115.1996667,5.991,ci10099265
2005-05-14 10:32:28.390000+00:00,2.99,32.4273333,-115.3146667,6.006,ci10099517
2005-05-14 16:21:05.130000+00:00,2.85,33.8428333,-117.0515,13.595,ci10099601
2005-05-15 13:29:56.340000+00:00,3.17,33.4581667,-116.6278333,6.23,ci10099817
2005-05-15 16:14:09.150000+00:00,2.84,34.3593333,-116.9103333,7.203,ci10099853
2005-05-15 18:35:04.460000+00:00,2.95,32.3728333,-115.3176667,5.991,ci12192855
2005-05-15 19:01:48.700000+00:00,2.59,32.4285,-115.3211667,5.991,ci10099885
2005-05-16 07:24:37.510000+00:00,4.48,35.9288333,-120.477,9.476,nc21456837
2005-05-16 08:10:23.600000+00:00,2.63,35.932,-120.4823333,9.636,nc21456848
2005-05-16 17:34:01+00:00,3.07,32.4333333,-115.3105,6.006,ci10100169
2005-05-16 19:38:43.070000+00:00,3.02,35.94,-120.4873333,9.527,nc21456972
2005-05-16 19:50:52.770000+00:00,3.16,35.939,-120.4865,9.75,nc21456975
2005-05-16 21:05:06.760000+00:00,2.84,32.4328333,-115.3133333,6.006,ci10100221
2005-05-16 22:10:32.460000+00:00,2.56,32.4541667,-115.3261667,5.952,ci14145836
2005-05-17 02:48:58.350000+00:00,2.54,32.4603333,-115.3145,5.997,ci10100297
2005-05-17 04:17:14.970000+00:00,2.66,34.8293333,-117.0203333,6.429,ci10100305
2005-05-18 10:22:16.300000+00:00,3.02,35.5598333,-120.8061667,4.66,nc21457369
2005-05-18 22:02:35.640000+00:00,2.5,32.188,-115.8323333,5.787,ci14146476
2005-05-19 06:40:28.670000+00:00,2.99,32.1625,-115.8635,5.787,ci14146560
2005-05-20 17:36:43.660000+00:00,2.51,34.0216667,-117.2331667,16.527,ci14146872
2005-05-21 00:39:32.690000+00:00,4.06,33.2235,-116.2048333,14.864,ci14146956
2005-05-21 01:05:31.610000+00:00,2.7,32.4485,-115.3148333,5.997,ci14146960
2005-05-23 10:47:22.530000+00:00,2.6,32.4401667,-115.435,6.01,ci14147292
2005-05-23 11:26:40.290000+00:00,3.0,32.097,-115.5498333,5.787,ci14147296
2005-05-23 20:20:32.270000+00:00,2.79,32.8858333,-117.63,5.754,ci14147352
2005-05-24 02:49:23.580000+00:00,2.77,32.3395,-115.1796667,5.973,ci14147400
2005-05-24 10:21:54.850000+00:00,2.74,33.5043333,-116.4661667,4.47,ci14147420
2005-05-25 01:41:44.860000+00:00,3.45,32.1258333,-115.3435,5.995,ci14147544
2005-05-25 15:59:22.960000+00:00,2.64,34.3805,-118.701,14.839,ci14147640
2005-05-26 04:59:45.650000+00:00,2.67,36.0205,-120.5783333,4.288,nc21458648
2005-05-26 17:36:29.760000+00:00,2.84,33.2288333,-116.2175,11.458,ci14147820
2005-05-29 18:30:45.700000+00:00,3.82,32.5688333,-117.5293333,5.805,ci14148372
2005-05-31 00:30:25.110000+00:00,2.78,32.4241667,-118.1363333,5.778,ci14148672
2005-05-31 20:41:22.760000+00:00,2.88,33.9915,-118.7126667,13.04,ci14148848
2005-06-01 16:34:31.740000+00:00,2.89,34.3393333,-116.4638333,2.636,ci14149072
2005-06-02 05:53:24.850000+00:00,2.8,36.0828333,-120.1578333,15.116,nc21460022
2005-06-02 05:59:54.060000+00:00,3.02,36.0798333,-120.1578333,15.036,nc21460024
2005-06-02 06:11:02.700000+00:00,3.34,36.0811667,-120.1491667,15.426,nc21460028
2005-06-02 08:23:47.540000+00:00,3.33,34.9298333,-116.7226667,0.285,ci14149352
2005-06-02 09:33:03.090000+00:00,2.9,36.077,-120.1543333,15.356,nc21460057
2005-06-03 08:03:08.710000+00:00,3.03,36.0846667,-120.1325,15.235,nc30506929
2005-06-03 08:03:18.480000+00:00,2.55,36.0815,-120.1538333,13.576,nc21460289
2005-06-04 23:52:36.220000+00:00,3.57,36.2385,-120.276,12.6,nc21460608
2005-06-06 09:20:12.110000+00:00,2.5,32.4351667,-115.4153333,10.01,ci14150136
2005-06-07 03:11:02.340000+00:00,2.5,36.06,-120.1555,17.888,nc21461007
2005-06-08 14:32:05.300000+00:00,2.7,32.3466667,-115.2485,5.963,ci14150564
2005-06-09 13:33:05.510000+00:00,3.5,35.5503333,-120.7991667,3.57,nc21461462
2005-06-09 14:38:42.600000+00:00,2.54,32.1003333,-115.7501667,5.772,ci14150764
2005-06-09 23:02:07.320000+00:00,3.07,33.498,-116.5246667,13.082,ci14150888
2005-06-11 20:13:57.540000+00:00,2.96,32.5565,-117.4863333,9.844,ci14151280
2005-06-12 15:41:46.520000+00:00,5.2,33.5325,-116.5666667,13.051,ci14151344
2005-06-12 15:52:33.660000+00:00,2.57,33.5296667,-116.5613333,13.475,ci14151408
2005-06-12 15:54:31.600000+00:00,2.61,33.5065,-116.5758333,12.835,ci14151428
2005-06-12 15:55:41.510000+00:00,2.52,33.521,-116.5498333,11.775,ci14151436
2005-06-12 20:47:47.690000+00:00,3.05,33.5001667,-116.571,11.425,ci14152436
2005-06-13 02:21:31.940000+00:00,2.63,33.5121667,-116.5433333,12.185,ci14152876
2005-06-14 04:33:54.390000+00:00,2.78,35.6731667,-117.5643333,3.334,ci14153924
2005-06-14 05:22:06.800000+00:00,2.51,34.9875,-119.1805,15.688,ci14153956
2005-06-16 11:37:51.460000+00:00,3.54,36.0828333,-120.1478333,15.517,nc21462938
2005-06-16 20:53:26.020000+00:00,4.88,34.058,-117.0113333,10.558,ci14155260
2005-06-16 20:54:19.950000+00:00,3.65,34.0526667,-117.0231667,16.251,ci12196991
2005-06-16 20:54:49.470000+00:00,3.39,34.0486667,-117.0076667,14.71,ci14155264
2005-06-16 21:02:29.930000+00:00,2.88,34.0555,-117.0175,16.058,ci14155308
2005-06-16 22:00:54.730000+00:00,2.5,34.051,-117.0181667,12.608,ci14155424
2005-06-17 03:24:28.120000+00:00,3.34,33.4951667,-116.5306667,11.525,ci14155704
2005-06-17 03:27:56.600000+00:00,2.61,33.4945,-116.533,11.475,ci14155708
2005-06-17 07:03:58.910000+00:00,2.7,33.5096667,-116.5673333,10.945,ci14155856
2005-06-17 09:30:42.770000+00:00,2.63,32.4098333,-115.4195,6.01,ci14155884
2005-06-17 16:04:53.810000+00:00,2.57,33.4711667,-116.4856667,13.242,ci14156016
2005-06-19 01:31:09.410000+00:00,2.66,35.545,-120.7858333,3.258,nc21463857
2005-06-19 04:18:05.090000+00:00,2.6,34.0515,-117.017,13.078,ci14156440
2005-06-21 19:04:21.570000+00:00,2.66,34.338,-116.6391667,3.236,ci14156984
2005-06-23 10:32:11.230000+00:00,2.81,33.9796667,-118.4248333,15.605,ci14157476
2005-06-24 05:24:43.310000+00:00,2.81,34.1031667,-116.9268333,4.34,ci14157720
2005-06-24 16:36:12.690000+00:00,3.05,35.1815,-118.6251667,6.142,ci14157872
2005-06-24 16:40:14.300000+00:00,2.58,35.1823333,-118.6281667,7.142,ci14157880
2005-06-27 22:17:33.610000+00:00,3.96,34.0541667,-117.0305,11.48,ci14158696
2005-06-28 15:34:11.820000+00:00,2.82,36.0291667,-120.5841667,4.608,nc21465994
2005-06-29 06:01:05.840000+00:00,2.55,36.0865,-120.1505,18.112,nc21466122
2005-06-29 17:20:31.180000+00:00,3.93,35.9858333,-120.4551667,23.157,nc21466200
2005-07-01 12:28:03.110000+00:00,2.68,34.8575,-119.2251667,11.947,ci14159576
2005-07-03 06:18:19.540000+00:00,3.09,36.086,-120.1501667,14.322,nc21467000
2005-07-03 13:16:32.960000+00:00,3.18,32.3656667,-115.123,5.98,ci14160072
2005-07-06 17:14:59.960000+00:00,2.78,35.9738333,-120.5285,4.332,nc21467542
2005-07-06 19:46:33.030000+00:00,3.27,32.0028333,-115.7543333,9.727,ci14160872
2005-07-09 01:09:55.210000+00:00,2.61,32.1055,-115.7795,1.907,ci14161360
2005-07-11 11:43:41.820000+00:00,3.12,36.1471667,-118.072,-1.139,ci14161712
2005-07-11 12:47:42.550000+00:00,3.34,36.1493333,-118.072,-1.719,ci14161740
2005-07-12 05:58:35.060000+00:00,2.61,34.6781667,-116.329,3.953,ci14161904
2005-07-13 11:55:29.380000+00:00,3.11,36.1518333,-118.0728333,-1.481,ci14162224
2005-07-13 23:56:15.260000+00:00,2.9,35.8818333,-120.4283333,5.806,nc21468908
2005-07-14 01:00:34.370000+00:00,2.5,34.7088333,-116.0535,2.692,ci14162504
2005-07-14 01:52:25.320000+00:00,2.56,34.7068333,-116.0601667,2.652,ci14162540
2005-07-14 02:15:23.460000+00:00,3.11,34.7061667,-116.0608333,2.635,ci14162548
2005-07-14 02:32:02.210000+00:00,3.14,34.7035,-116.0623333,2.485,ci14162560
2005-07-14 04:58:26.490000+00:00,2.83,34.7071667,-116.0535,2.832,ci14162588
2005-07-14 08:00:12.250000+00:00,2.73,33.9836667,-118.7905,4.551,ci14162632
2005-07-15 02:12:51.320000+00:00,2.79,33.5388333,-116.6165,11.544,ci14162964
2005-07-15 15:35:31.250000+00:00,2.84,35.5345,-119.4428333,27.778,ci14163096
2005-07-16 04:58:31.740000+00:00,3.77,34.8443333,-116.3206667,1.808,ci14163180
2005-07-16 06:46:10.360000+00:00,3.47,34.847,-116.3148333,1.568,ci14163196
2005-07-16 11:37:38.890000+00:00,2.58,32.0983333,-115.8468333,5.787,ci14163240
2005-07-17 07:10:57.490000+00:00,2.62,35.898,-120.4413333,5.844,nc21469667
2005-07-18 01:22:31.020000+00:00,2.72,33.5078333,-116.5771667,9.785,ci14163492
2005-07-18 23:48:55.560000+00:00,2.76,36.0713333,-120.6498333,1.424,nc21470023
2005-07-22 18:36:46.150000+00:00,2.88,33.6316667,-118.5373333,8.981,ci14164688
2005-07-24 12:59:42.870000+00:00,4.11,33.674,-119.761,5.832,ci14165408
2005-07-25 07:16:40.270000+00:00,2.65,33.87,-117.8151667,4.898,ci14165868
2005-07-26 15:54:10.760000+00:00,2.51,36.9293333,-117.4375,12.183,ci14166192
2005-07-27 04:44:08.440000+00:00,2.64,36.0076667,-120.5655,4.343,nc21472422
2005-07-29 14:47:33.320000+00:00,3.1,36.0998333,-120.2096667,8.812,nc21473003
2005-07-29 18:31:12.060000+00:00,3.02,36.107,-120.2118333,8.745,nc21473035
2005-07-30 02:51:57.860000+00:00,2.55,35.5116667,-120.7768333,4.258,nc21473130
2005-07-31 01:37:46.020000+00:00,2.51,34.5475,-116.2691667,-1.016,ci10122081
2005-07-31 03:59:35.570000+00:00,2.62,32.998,-115.7705,7.868,ci10122121
2005-07-31 19:25:29.230000+00:00,2.76,34.5503333,-116.2555,3.981,ci12216707
2005-07-31 21:04:25.930000+00:00,2.92,33.217,-115.5196667,13.34,ci14167612
2005-07-31 21:21:14.110000+00:00,2.73,33.7481667,-116.9048333,13.283,ci14167616
2005-08-01 07:53:57.120000+00:00,2.87,33.9963333,-116.8061667,11.584,ci14167764
2005-08-01 12:34:22.700000+00:00,2.53,33.2108333,-115.5255,4.672,ci14167788
2005-08-01 17:23:27.920000+00:00,2.54,32.32,-115.2598333,5.979,ci14167872
2005-08-03 04:59:35.530000+00:00,2.65,32.4701667,-115.456,9.966,ci14168516
2005-08-03 18:20:41.500000+00:00,3.08,33.6271667,-118.5398333,2.142,ci14168620
2005-08-05 01:18:09.650000+00:00,2.98,32.2071667,-117.5886667,5.841,ci14168960
2005-08-05 01:42:51.460000+00:00,2.83,35.2748333,-118.4745,3.356,ci14168964
2005-08-05 13:30:43.050000+00:00,3.75,32.3603333,-115.2426667,5.987,ci14169032
2005-08-05 14:20:36.650000+00:00,2.84,32.2953333,-115.2361667,5.987,ci14169052
2005-08-05 23:11:03.380000+00:00,2.63,34.2303333,-117.5293333,8.536,ci14169248
2005-08-06 05:40:33.460000+00:00,4.38,36.1391667,-118.045,-1.829,ci14169456
2005-08-06 05:42:24.210000+00:00,3.48,36.15,-118.0695,3.361,ci14169460
2005-08-06 05:42:48.620000+00:00,3.4,36.1533333,-118.077,3.769,ci12216787
2005-08-06 06:15:24.740000+00:00,2.75,36.1493333,-118.072,-1.179,ci14169520
2005-08-06 15:20:32.860000+00:00,2.51,36.143,-118.0696667,-1.509,ci14169728
2005-08-07 18:56:44.600000+00:00,2.71,32.1361667,-117.616,4.945,ci14170544
2005-08-09 23:38:32.760000+00:00,2.55,36.1415,-118.0683333,-0.935,ci14171472
2005-08-10 08:28:15.900000+00:00,2.75,33.137,-116.637,11.206,ci14171612
2005-08-10 13:05:25.910000+00:00,2.69,36.1541667,-118.0728333,-1.345,ci14171652
2005-08-10 21:02:51.360000+00:00,3.09,35.5768333,-120.7965,3.866,nc21476149
2005-08-10 22:43:40.840000+00:00,2.6,32.1196667,-115.632,5.119,ci14171812
2005-08-11 07:38:30.550000+00:00,3.44,32.4471667,-115.2863333,9.698,ci14171908
2005-08-11 07:57:19.850000+00:00,2.92,32.4023333,-115.2646667,9.698,ci14171916
2005-08-12 06:35:55.460000+00:00,3.68,32.5881667,-118.1105,9.744,ci14172228
2005-08-12 23:47:08.920000+00:00,2.78,32.1506667,-115.8213333,7.467,ci14172468
2005-08-13 09:55:13.570000+00:00,2.87,32.6255,-118.0833333,5.692,ci14172588
2005-08-15 23:08:45.240000+00:00,3.13,35.5605,-120.8565,5.942,nc21477382
2005-08-17 11:47:33+00:00,3.01,32.2608333,-115.1815,9.984,ci14174120
2005-08-19 06:08:32.490000+00:00,2.5,34.1191667,-117.9668333,12.697,ci14174644
2005-08-19 11:13:58.600000+00:00,3.29,33.177,-115.6078333,4.728,ci14174720
2005-08-20 02:21:24.800000+00:00,2.57,34.9606667,-119.1636667,9.563,ci14174964
2005-08-22 05:00:18.120000+00:00,2.89,33.183,-115.5998333,4.182,ci14175660
2005-08-24 02:46:01.420000+00:00,2.95,34.0231667,-117.017,18.288,ci14176196
2005-08-25 01:06:49.750000+00:00,3.02,35.9056667,-120.4496667,5.904,nc21479473
2005-08-25 05:38:41.710000+00:00,2.81,34.407,-119.4401667,4.907,ci14176616
2005-08-25 18:18:07.690000+00:00,2.66,34.3835,-119.8358333,6.26,ci14176696
2005-08-26 13:45:33.340000+00:00,3.09,33.1725,-116.0386667,1.845,ci14176860
2005-08-28 09:43:51.160000+00:00,2.58,32.3043333,-115.0495,5.975,ci14177176
2005-08-29 07:39:45.780000+00:00,3.25,33.2075,-115.5918333,3.69,ci14177376
2005-08-29 07:41:40.060000+00:00,3.1,33.2096667,-115.5811667,3.28,ci14177380
2005-08-29 13:35:59.520000+00:00,2.74,32.5553333,-115.8136667,9.787,ci14177436
2005-08-29 18:30:38.450000+00:00,2.63,32.948,-115.7826667,4.542,ci14177496
2005-08-30 10:42:32.160000+00:00,3.0,35.8536667,-120.3966667,4.625,nc21480557
2005-08-31 15:35:37.470000+00:00,3.76,33.1885,-115.6053333,4.558,ci14177900
2005-08-31 16:18:45.520000+00:00,2.5,33.1821667,-115.6048333,5.43,ci12216891
2005-08-31 16:18:47.610000+00:00,3.38,33.1913333,-115.6006667,2.438,ci14177960
2005-08-31 17:39:02.170000+00:00,2.56,33.1711667,-115.6203333,5.192,ci14178020
2005-08-31 17:50:33.410000+00:00,2.71,33.177,-115.6168333,4.762,ci14178032
2005-08-31 18:48:56.570000+00:00,2.67,32.09,-115.7853333,5.772,ci14178072
2005-08-31 21:49:01.970000+00:00,3.26,33.1765,-115.626,4.508,ci14178132
2005-08-31 22:17:14.020000+00:00,3.16,33.1701667,-115.6211667,4.732,ci14178156
2005-08-31 22:45:49.820000+00:00,3.62,33.172,-115.6221667,4.337,ci14178180
2005-08-31 22:47:44.850000+00:00,3.5,33.1716667,-115.6186667,3.883,ci12217219
2005-08-31 22:47:45.530000+00:00,4.63,33.1663333,-115.6351667,4.003,ci14178184
2005-08-31 22:49:33.360000+00:00,2.5,33.1793333,-115.6375,2.703,ci12217227
2005-08-31 22:50:24.030000+00:00,4.46,33.1721667,-115.6115,2.003,ci14178188
2005-08-31 22:54:28.360000+00:00,3.3,33.1545,-115.6306667,1.853,ci14178192
2005-08-31 22:56:25.650000+00:00,2.81,33.1675,-115.6118333,3.842,ci14178196
2005-08-31 22:59:01.590000+00:00,2.78,33.1898333,-115.6041667,1.703,ci14178200
2005-08-31 22:59:49.010000+00:00,3.11,33.168,-115.6338333,4.953,ci14178204
2005-08-31 23:01:19.820000+00:00,2.51,33.1783333,-115.6096667,2.943,ci14178208
2005-08-31 23:07:16.450000+00:00,4.2,33.1758333,-115.618,4.622,ci14178212
2005-08-31 23:27:32.190000+00:00,4.45,33.1983333,-115.5891667,2.892,ci14178236
2005-08-31 23:29:59.050000+00:00,3.43,33.1705,-115.619,4.547,ci14178244
2005-08-31 23:32:11.040000+00:00,4.57,33.1896667,-115.603,4.267,ci14178248
2005-08-31 23:33:38.850000+00:00,3.79,33.2006667,-115.606,3.807,ci12217251
2005-08-31 23:35:36.350000+00:00,2.52,33.1895,-115.5885,1.572,ci14178252
2005-09-01 00:06:11.050000+00:00,2.6,33.1971667,-115.5976667,2.312,ci14178304
2005-09-01 00:06:45.400000+00:00,2.66,33.2093333,-115.5956667,2.012,ci12216975
2005-09-01 00:25:16.390000+00:00,2.5,33.2073333,-115.59,0.882,ci12217303
2005-09-01 00:58:43.580000+00:00,2.63,33.1533333,-115.6456667,10.366,ci14178392
2005-09-01 01:03:15.970000+00:00,2.86,33.1713333,-115.6183333,4.892,ci14178404
2005-09-01 01:59:53.510000+00:00,2.87,33.1663333,-115.6181667,10.038,ci14178516
2005-09-01 02:00:47.830000+00:00,2.63,33.1715,-115.6228333,4.442,ci14178520
2005-09-01 04:12:11.960000+00:00,2.81,33.1723333,-115.619,3.962,ci14178720
2005-09-01 04:15:22.130000+00:00,3.2,33.1763333,-115.615,7.758,ci14178728
2005-09-01 04:29:22.050000+00:00,3.01,33.1831667,-115.6133333,4.74,ci14178764
2005-09-01 06:16:58.520000+00:00,2.71,33.1893333,-115.5985,4.292,ci14178888
2005-09-01 07:06:06.410000+00:00,2.92,33.1675,-115.6151667,3.932,ci14178948
2005-09-01 07:14:14.760000+00:00,2.81,33.2016667,-115.6096667,3.212,ci14178968
2005-09-01 08:23:57.660000+00:00,2.74,33.1821667,-115.6065,4.334,ci14179052
2005-09-01 08:24:27.040000+00:00,3.19,33.1713333,-115.6181667,14.438,ci14179056
2005-09-01 08:55:29.200000+00:00,2.67,33.1951667,-115.6025,4.772,ci14179076
2005-09-01 13:01:35.120000+00:00,2.6,33.1635,-115.6563333,5.067,ci14179232
2005-09-01 13:28:06.400000+00:00,2.85,33.169,-115.6238333,3.442,ci14179272
2005-09-01 13:46:42.170000+00:00,2.87,33.1658333,-115.6196667,5.192,ci14179284
2005-09-01 13:48:25.030000+00:00,3.68,33.1705,-115.6213333,4.443,ci14179288
2005-09-01 13:50:09.270000+00:00,3.65,33.1693333,-115.6311667,4.263,ci12216915
2005-09-01 13:50:20.190000+00:00,4.48,33.1783333,-115.6328333,0.004,ci14179292
2005-09-01 14:06:31.800000+00:00,3.29,33.1976667,-115.6031667,3.182,ci14179300
2005-09-01 15:22:45.900000+00:00,3.03,33.177,-115.6146667,11.188,ci14179380
2005-09-01 16:25:06.740000+00:00,3.04,33.171,-115.6051667,4.452,ci14179412
2005-09-01 16:50:04.540000+00:00,2.51,33.1751667,-115.6156667,4.652,ci14179432
2005-09-02 01:23:43.810000+00:00,3.03,33.1738333,-115.6226667,4.038,ci14179728
2005-09-02 01:27:18.610000+00:00,4.5,33.1748333,-115.6311667,4.977,ci12217067
2005-09-02 01:27:19.590000+00:00,5.08,33.1533333,-115.6463333,1.207,ci14179736
2005-09-02 01:30:32.190000+00:00,3.41,33.1588333,-115.663,4.567,ci14179740
2005-09-02 01:34:36.230000+00:00,2.72,33.1583333,-115.6508333,4.812,ci14179744
2005-09-02 01:37:08.310000+00:00,3.0,33.1528333,-115.6405,5.216,ci14179752
2005-09-02 01:38:18.280000+00:00,2.89,33.152,-115.6448333,4.786,ci14179756
2005-09-02 01:42:37.750000+00:00,2.73,33.1691667,-115.6388333,1.533,ci14179760
2005-09-02 01:54:12.450000+00:00,2.9,33.1595,-115.653,5.208,ci14179788
2005-09-02 02:46:35.500000+00:00,3.76,33.154,-115.647,4.866,ci14179924
2005-09-02 03:02:22.790000+00:00,2.51,33.1976667,-115.5998333,4.732,ci14179956
2005-09-02 03:45:25.750000+00:00,2.57,33.1471667,-115.6558333,6.026,ci14180044
2005-09-02 03:46:48.800000+00:00,3.23,33.1511667,-115.6578333,6.026,ci14180052
2005-09-02 03:47:16.810000+00:00,2.8,33.1643333,-115.6506667,5.678,ci12217099
2005-09-02 03:50:14.690000+00:00,2.8,33.1518333,-115.6478333,9.179,ci14180056
2005-09-02 03:50:18.230000+00:00,3.16,33.1553333,-115.6536667,5.162,ci14180060
2005-09-02 03:51:16.460000+00:00,3.05,33.1513333,-115.6503333,5.236,ci14180064
2005-09-02 03:54:52.970000+00:00,3.37,33.1505,-115.6623333,7.283,ci14180072
2005-09-02 03:55:38.310000+00:00,3.11,33.1598333,-115.6478333,8.714,ci12217107
2005-09-02 03:55:41.310000+00:00,3.44,33.13,-115.65,6.026,ci14180076
2005-09-02 03:59:06.010000+00:00,2.64,33.15,-115.642,6.026,ci14180084
2005-09-02 04:48:24.930000+00:00,2.59,33.1493333,-115.6515,5.276,ci14180172
2005-09-02 04:48:56.600000+00:00,2.55,33.1976667,-115.5921667,3.942,ci14180176
2005-09-02 05:16:03.960000+00:00,2.59,36.3441667,-120.6335,10.807,nc21481152
2005-09-02 06:44:28.020000+00:00,3.44,33.1763333,-115.6173333,4.757,ci14180324
2005-09-02 14:56:14.470000+00:00,2.64,33.153,-115.654,5.343,ci14180596
2005-09-02 15:31:14.390000+00:00,2.83,33.1898333,-115.6021667,4.272,ci14180628
2005-09-03 05:08:08.440000+00:00,2.93,33.9198333,-116.8346667,9.729,ci14181016
2005-09-03 05:56:31.500000+00:00,2.57,33.1853333,-115.6186667,4.642,ci12217163
2005-09-03 06:53:52.190000+00:00,3.86,32.5195,-116.849,9.787,ci14181056
2005-09-03 11:17:24.910000+00:00,3.1,33.1783333,-115.6203333,4.497,ci14181128
2005-09-03 19:59:55.280000+00:00,2.68,35.8516667,-119.935,5.138,nc21481407
2005-09-03 20:54:09.340000+00:00,2.56,33.1878333,-115.6038333,4.317,ci14181260
2005-09-04 02:23:09.110000+00:00,2.92,33.9211667,-116.8345,9.089,ci14181340
2005-09-05 08:53:53.550000+00:00,3.83,33.1761667,-115.6213333,6.067,ci14181756
2005-09-05 23:49:37.090000+00:00,3.17,33.1711667,-115.6241667,4.702,ci14181936
2005-09-06 11:35:30.620000+00:00,3.36,36.3983333,-118.0353333,-1.857,ci14182080
2005-09-07 12:20:25.450000+00:00,2.94,35.855,-119.9533333,4.388,nc21482008
2005-09-07 16:07:14.840000+00:00,2.54,33.154,-115.6346667,4.192,ci14182432
2005-09-08 12:25:09.900000+00:00,2.8,33.1876667,-115.595,4.002,ci14182696
2005-09-08 16:14:23.220000+00:00,2.58,32.1048333,-115.7773333,5.772,ci14182752
2005-09-08 21:19:32.240000+00:00,2.53,34.1493333,-117.4385,10.439,ci14182892
2005-09-08 22:49:57.100000+00:00,2.83,33.1498333,-115.6503333,4.377,ci14182980
2005-09-09 00:06:36.070000+00:00,2.72,33.162,-115.6505,5.142,ci14183032
2005-09-09 13:48:59.160000+00:00,3.28,34.2266667,-117.443,7.372,ci14183172
2005-09-10 16:19:49.920000+00:00,2.8,34.1578333,-117.4296667,9.15,ci14183556
2005-09-10 21:34:55.480000+00:00,2.6,34.1568333,-117.4298333,9.359,ci14183664
2005-09-10 23:55:07.070000+00:00,2.55,32.2653333,-114.966,6.602,ci14183688
2005-09-11 06:07:27.560000+00:00,3.77,33.1733333,-116.0441667,0.084,ci14183744
2005-09-11 09:35:36.560000+00:00,2.68,32.2571667,-114.9741667,5.973,ci14183812
2005-09-13 05:47:03.780000+00:00,2.85,33.1823333,-115.603,3.363,ci14184304
2005-09-19 20:09:10.570000+00:00,3.09,33.2336667,-115.5256667,3.462,ci14185632
2005-09-19 23:00:16.270000+00:00,3.8,33.2398333,-115.5295,9.554,ci14185700
2005-09-20 00:19:38.030000+00:00,2.62,33.2313333,-115.5291667,7.574,ci14185760
2005-09-20 06:02:51.660000+00:00,3.18,33.2353333,-115.5306667,10.19,ci14185896
2005-09-20 15:40:13.880000+00:00,2.53,35.4701667,-120.7803333,2.475,nc21484426
2005-09-20 18:42:04.870000+00:00,2.92,33.2363333,-115.5256667,3.774,ci14186144
2005-09-21 09:01:36.490000+00:00,2.52,34.0486667,-118.8888333,11.04,ci14186336
2005-09-22 20:24:04.880000+00:00,4.47,35.0338333,-119.0096667,10.145,ci14186608
2005-09-22 20:24:48.620000+00:00,4.69,35.0433333,-119.0143333,10.005,ci14186612
2005-09-22 20:25:52.090000+00:00,2.5,34.9458333,-119.0016667,-0.811,ci12217963
2005-09-22 20:29:47.810000+00:00,3.36,35.0385,-119.019,10.352,ci14186624
2005-09-22 20:30:52.410000+00:00,4.18,35.0448333,-119.007,10.185,ci14186628
2005-09-22 20:31:29.260000+00:00,2.89,35.0281667,-119.0061667,9.095,ci12217995
2005-09-22 20:37:49.610000+00:00,3.28,35.0353333,-119.0008333,10.055,ci14186640
2005-09-22 20:38:21.040000+00:00,3.0,35.033,-119.0085,12.355,ci14186644
2005-09-22 20:58:13.740000+00:00,2.92,35.0358333,-119.0068333,11.185,ci14186672
2005-09-22 23:05:19.810000+00:00,2.56,35.0328333,-118.9915,10.845,ci14186768
2005-09-22 23:52:56.640000+00:00,3.23,35.0443333,-119.0193333,10.142,ci14186796
2005-09-23 00:09:32.710000+00:00,3.78,35.0443333,-119.0206667,11.322,ci14186800
2005-09-23 10:21:27.370000+00:00,3.69,35.04,-119.035,10.172,ci14186928
2005-09-24 03:39:40.300000+00:00,2.63,34.652,-116.2886667,3.573,ci14187112
2005-09-24 11:20:58.480000+00:00,2.71,32.3671667,-115.3826667,5.995,ci14187220
2005-09-24 14:16:58.490000+00:00,2.77,35.3805,-118.4688333,5.82,ci14187240
2005-09-24 16:55:31.370000+00:00,2.82,32.7861667,-115.4511667,9.99,ci14187288
2005-09-24 23:53:43.990000+00:00,2.51,35.0368333,-119.0098333,12.225,ci14187360
2005-09-25 00:10:09.160000+00:00,3.64,35.3816667,-118.4675,4.87,ci14187364
2005-09-25 17:22:06.450000+00:00,2.52,33.0073333,-117.7008333,5.822,ci14187496
2005-09-26 07:44:29.930000+00:00,2.85,32.0078333,-116.3181667,5.361,ci14187680
2005-09-27 00:20:00.590000+00:00,2.62,35.0503333,-118.9798333,7.625,ci14187964
2005-09-27 02:00:56.630000+00:00,2.55,35.0348333,-117.6791667,-0.913,ci14188076
2005-09-29 23:13:45.200000+00:00,2.83,35.0413333,-119.0305,9.859,ci14188876
2005-10-01 01:22:10.520000+00:00,3.04,34.0175,-117.1641667,11.074,ci14189148
2005-10-01 06:03:56.490000+00:00,2.99,32.0486667,-115.8003333,5.787,ci14189192
2005-10-01 09:49:36.670000+00:00,3.17,35.5691667,-120.8333333,5.622,nc21486845
2005-10-02 14:59:59.420000+00:00,3.7,32.0575,-115.8038333,5.787,ci14189572
2005-10-02 15:09:59.330000+00:00,3.73,32.0163333,-115.8196667,5.787,ci14189580
2005-10-02 16:24:52.260000+00:00,2.53,34.2696667,-118.4785,10.471,ci14189588
2005-10-02 19:59:09.700000+00:00,2.72,34.3331667,-116.4678333,4.266,ci14189644
2005-10-03 23:20:58.430000+00:00,2.57,32.0983333,-115.7881667,5.787,ci14190008
2005-10-04 06:18:07.130000+00:00,3.34,32.6206667,-118.0975,5.726,ci14190076
2005-10-04 22:33:12.940000+00:00,2.55,32.6325,-118.0781667,5.76,ci14190284
2005-10-05 03:14:11.470000+00:00,2.84,36.0985,-120.2115,8.832,nc21487799
2005-10-05 10:50:39.350000+00:00,2.73,36.0553333,-120.0526667,8.887,nc21487837
2005-10-07 08:10:20.720000+00:00,2.89,33.3808333,-116.3045,13.939,ci14190796
2005-10-08 03:20:11.690000+00:00,2.9,32.0458333,-115.8016667,5.787,ci10146389
2005-10-08 11:10:35.310000+00:00,2.79,34.0115,-116.7823333,12.774,ci10146413
2005-10-08 23:54:24.950000+00:00,2.73,32.0893333,-115.7711667,5.772,ci10146497
2005-10-10 18:38:30.790000+00:00,3.34,35.731,-116.2465,3.599,ci10146669
2005-10-10 18:39:30.450000+00:00,2.61,33.8703333,-116.7535,15.955,ci10146673
2005-10-13 00:38:33.480000+00:00,3.04,32.3171667,-115.6993333,5.787,ci10147221
2005-10-16 21:11:35.010000+00:00,4.99,32.4545,-118.1633333,9.778,ci10147909
2005-10-17 06:09:52.600000+00:00,3.11,35.9236667,-120.4753333,4.904,nc21489887
2005-10-18 00:29:15.300000+00:00,3.64,32.4343333,-118.1471667,9.801,ci10148241
2005-10-18 04:08:41.520000+00:00,4.1,34.0141667,-116.7753333,15.676,ci10148369
2005-10-18 07:31:03.470000+00:00,4.42,34.0121667,-116.7755,17.785,ci10148421
2005-10-18 13:08:52.480000+00:00,2.91,34.0173333,-116.7706667,17.386,ci10148605
2005-10-19 08:51:26.010000+00:00,4.26,32.4966667,-118.145,9.85,ci10148829
2005-10-20 08:30:51.250000+00:00,3.35,32.462,-118.1825,9.778,ci10149053
2005-10-22 20:18:48.240000+00:00,3.11,34.0031667,-118.445,12.506,ci10149449
2005-10-23 03:42:16.220000+00:00,3.11,34.0073333,-118.4403333,12.756,ci10149481
2005-10-23 04:47:38.970000+00:00,2.69,32.4928333,-118.1053333,9.778,ci10149489
2005-10-26 06:53:38.600000+00:00,3.15,32.3141667,-115.1911667,5.991,ci10150029
2005-10-27 08:40:13.920000+00:00,2.53,34.2988333,-119.9526667,-0.069,ci10150185
2005-10-27 15:21:00.710000+00:00,2.68,35.1126667,-119.052,18.403,ci10150213
2005-10-29 09:20:11.510000+00:00,3.58,35.0325,-116.9598333,3.135,ci10150549
2005-10-30 16:56:26.520000+00:00,2.64,32.1008333,-115.7951667,6.682,ci10150825
2005-10-30 21:51:45.930000+00:00,2.74,35.0838333,-119.0733333,11.758,ci10150889
2005-10-30 21:52:55.300000+00:00,2.63,35.078,-119.0626667,10.982,ci10150893
2005-10-30 23:15:59.230000+00:00,2.74,35.0775,-116.9926667,3.455,ci10150905
2005-11-01 06:48:03.070000+00:00,2.58,33.2053333,-115.6076667,3.315,ci10151185
2005-11-03 08:48:59.710000+00:00,2.75,35.5703333,-120.8365,5.832,nc21493242
2005-11-04 16:49:30.930000+00:00,2.59,34.437,-120.7323333,5.346,ci14196428
2005-11-05 20:33:34.640000+00:00,2.53,32.065,-115.8576667,5.789,ci14196616
2005-11-06 06:56:27.710000+00:00,2.76,36.845,-117.461,-0.797,ci14196664
2005-11-06 07:34:32.630000+00:00,2.67,36.8401667,-117.4531667,-1.413,ci14196672
2005-11-06 13:46:43.940000+00:00,2.57,36.842,-117.4555,-1.333,ci14196700
2005-11-06 18:28:36.690000+00:00,2.91,35.8371667,-119.9516667,10.321,nc21493898
2005-11-08 22:03:46.220000+00:00,3.36,33.5275,-116.6856667,11.705,ci14197132
2005-11-08 22:33:30.360000+00:00,2.61,33.9948333,-117.1871667,7.417,ci14197144
2005-11-09 07:51:19.140000+00:00,2.61,36.1615,-120.7341667,8.244,nc21494362
2005-11-09 18:32:47.020000+00:00,2.8,34.0128333,-116.7735,16.374,ci14197252
2005-11-11 02:04:43.060000+00:00,2.67,32.9525,-115.7305,8.582,ci14197476
2005-11-13 21:16:18.560000+00:00,2.63,33.1888333,-116.0453333,2.046,ci14197840
2005-11-14 16:08:58.810000+00:00,2.99,35.6335,-118.4301667,5.598,ci14197952
2005-11-14 19:31:04.630000+00:00,3.02,35.0465,-119.0663333,18.399,ci14197988
2005-11-14 22:00:15.490000+00:00,3.4,32.9766667,-116.3173333,9.156,ci14198024
2005-11-15 05:18:02.430000+00:00,2.7,35.5378333,-120.8511667,6.882,nc21495008
2005-11-17 04:51:45.040000+00:00,2.68,32.019,-115.0698333,6.014,ci14198500
2005-11-17 04:54:26.350000+00:00,2.59,32.0066667,-115.0063333,5.989,ci14198508
2005-11-18 09:34:40.420000+00:00,2.57,34.1338333,-117.0201667,4.09,ci14198788
2005-11-21 03:12:16.880000+00:00,2.5,32.1411667,-115.7531667,5.797,ci14199292
2005-11-21 07:26:10.090000+00:00,2.58,32.5751667,-115.8123333,9.812,ci14199320
2005-11-22 03:38:02.130000+00:00,2.63,36.01,-120.5691667,4.423,nc21496029
2005-11-23 01:27:26.890000+00:00,3.16,36.1545,-118.0703333,-1.795,ci14199788
2005-11-25 15:40:34.860000+00:00,3.05,34.5963333,-116.355,1.863,ci14200284
2005-11-25 17:21:30.360000+00:00,3.17,32.1103333,-115.3678333,9.979,ci14200292
2005-11-26 02:44:37.290000+00:00,2.64,32.9726667,-118.011,9.794,ci14200360
2005-11-26 21:58:57.030000+00:00,2.79,32.0733333,-116.4573333,5.424,ci14200508
2005-11-27 17:00:01.300000+00:00,3.07,32.0271667,-115.8266667,5.482,ci14200644
2005-12-01 03:50:56.450000+00:00,2.91,34.9868333,-116.9445,7.075,ci14201332
2005-12-01 07:33:38.010000+00:00,2.68,32.2106667,-114.9406667,5.983,ci14201348
2005-12-01 07:37:13.900000+00:00,3.25,32.2238333,-114.9841667,5.983,ci14201352
2005-12-01 11:34:20.940000+00:00,2.88,32.2061667,-114.8778333,5.983,ci14201372
2005-12-01 14:03:49.070000+00:00,3.17,32.143,-114.9056667,5.983,ci14201380
2005-12-01 17:27:51.360000+00:00,3.1,32.2376667,-114.9461667,5.983,ci12224723
2005-12-01 20:11:04.700000+00:00,2.56,32.2426667,-114.9355,5.965,ci14201512
2005-12-02 07:50:08.320000+00:00,2.65,33.7896667,-118.7643333,1.484,ci14201592
2005-12-02 16:25:15.700000+00:00,2.59,32.7976667,-115.848,9.939,ci14201640
2005-12-03 07:49:34.590000+00:00,4.17,34.329,-116.8331667,3.672,ci14201764
2005-12-04 17:47:44.020000+00:00,3.42,33.6108333,-117.2715,13.229,ci14202036
2005-12-05 22:12:47.750000+00:00,2.63,32.4116667,-118.1283333,5.778,ci14202356
2005-12-06 08:28:29.900000+00:00,3.13,35.7923333,-120.3451667,9.523,nc21498127
2005-12-08 11:42:34.150000+00:00,3.42,36.0606667,-120.0155,21.484,nc21498623
2005-12-11 11:22:15.040000+00:00,2.5,33.7513333,-120.3305,4.722,ci14203540
2005-12-11 22:42:22.740000+00:00,2.65,36.6201667,-120.7945,3.067,nc21499219
2005-12-12 06:17:16.030000+00:00,2.7,32.1485,-115.8353333,5.337,ci14203756
2005-12-13 20:35:22.810000+00:00,3.79,35.1271667,-117.558,-1.019,ci14204000
2005-12-14 07:06:22.840000+00:00,2.78,33.9246667,-116.3085,5.59,ci14204128
2005-12-17 02:15:27.490000+00:00,3.61,34.2396667,-117.4468333,9.712,ci14204720
2005-12-17 11:43:08.800000+00:00,2.77,35.8048333,-120.3521667,6.343,nc21500019
2005-12-17 21:04:46.230000+00:00,2.55,36.1546667,-120.0591667,8.289,nc21500051
2005-12-17 21:45:46.040000+00:00,2.95,33.9135,-116.8848333,8.797,ci14204852
2005-12-19 03:04:48.560000+00:00,2.84,34.0145,-116.7711667,16.674,ci14205000
2005-12-20 10:49:57.440000+00:00,2.87,36.1698333,-120.7343333,8.639,nc21500325
2005-12-20 11:26:21.590000+00:00,3.08,36.1728333,-120.7308333,8.779,nc21500330
2005-12-23 17:58:26.850000+00:00,2.53,35.8433333,-120.3828333,4.29,nc21500612
2005-12-24 10:10:57.210000+00:00,3.0,35.997,-120.5565,3.233,nc21500702
2005-12-27 20:31:37.480000+00:00,2.57,34.6133333,-116.313,-0.947,ci14206148
2005-12-30 00:22:44.620000+00:00,2.56,34.642,-116.5148333,2.747,ci14206372
2005-12-30 12:17:10.370000+00:00,3.87,32.1105,-116.4253333,8.742,ci14206424
2005-12-31 15:15:52.390000+00:00,2.74,32.1241667,-116.415,5.632,ci14206536
2005-12-31 21:31:28.370000+00:00,3.92,35.975,-119.8295,25.082,nc21501572
2006-01-01 23:58:53.030000+00:00,2.97,35.1263333,-117.5631667,2.727,ci14206756
2006-01-02 15:34:13.720000+00:00,2.57,34.0195,-117.1486667,3.658,ci14206844
2006-01-02 16:11:20.770000+00:00,2.84,33.7776667,-116.0366667,5.087,ci14206856
2006-01-03 10:08:37.870000+00:00,2.61,36.0171667,-120.6075,-0.181,nc21501821
2006-01-03 15:37:52.280000+00:00,2.54,36.0153333,-117.8228333,0.292,ci14207040
2006-01-04 14:45:40.300000+00:00,2.8,32.3468333,-115.2116667,5.991,ci14207220
2006-01-06 13:00:20+00:00,2.59,36.021,-117.7725,0.462,ci14207456
2006-01-07 00:21:22.550000+00:00,3.34,32.4168333,-115.4155,6.01,ci14207516
2006-01-07 00:49:18+00:00,3.38,32.4356667,-115.4031667,6.01,ci14207520
2006-01-09 15:13:13.870000+00:00,3.11,32.1516667,-115.8853333,5.837,ci14207936
2006-01-12 16:31:41.230000+00:00,2.71,33.9268333,-117.798,8.922,ci14208356
2006-01-12 20:17:37.170000+00:00,2.58,32.3373333,-115.1528333,5.981,ci14208404
2006-01-14 12:17:10.250000+00:00,2.53,36.0633333,-120.0225,26.432,nc21502886
2006-01-14 23:38:54.860000+00:00,2.51,32.3528333,-115.2671667,5.972,ci14208688
2006-01-15 13:15:58.410000+00:00,2.66,32.339,-115.2728333,6.006,ci14208784
2006-01-15 14:05:05.250000+00:00,2.76,32.2676667,-115.2613333,6.006,ci14208820
2006-01-17 08:34:18.030000+00:00,2.54,36.3815,-120.7443333,13.178,nc21503138
2006-01-18 12:28:05.810000+00:00,2.99,33.216,-116.0838333,13.596,ci14209232
2006-01-22 10:28:07.150000+00:00,3.02,35.6576667,-119.194,24.17,ci14209888
2006-01-22 23:18:51.370000+00:00,2.92,32.2545,-115.1895,6.006,ci14209984
2006-01-24 08:11:11.520000+00:00,2.78,36.0743333,-117.9016667,3.767,ci10165733
2006-01-26 10:35:33.130000+00:00,2.51,32.2036667,-115.0315,10.006,ci10166237
2006-01-26 11:58:11.960000+00:00,2.54,32.2056667,-115.067,6.006,ci10166253
2006-01-26 23:03:29.390000+00:00,3.09,32.3431667,-115.1535,6.006,ci10166413
2006-01-27 02:00:00.330000+00:00,2.63,32.2118333,-115.084,6.005,ci10166441
2006-01-27 05:22:42.520000+00:00,3.75,32.1908333,-115.0658333,6.006,ci10166453
2006-01-27 05:43:59.720000+00:00,3.53,32.1566667,-115.08,6.006,ci10166461
2006-01-27 05:49:25.390000+00:00,3.97,32.168,-115.0743333,6.006,ci10166465
2006-01-27 06:59:39.660000+00:00,3.04,32.194,-115.1096667,6.006,ci10166481
2006-01-27 09:26:44.520000+00:00,2.64,32.2355,-115.0718333,6.006,ci10166513
2006-01-27 11:22:15.120000+00:00,2.68,35.557,-120.7996667,5.539,nc21504283
2006-01-27 11:48:38.710000+00:00,2.56,32.3386667,-115.124,6.006,ci10166529
2006-01-27 15:00:52.740000+00:00,2.84,32.0086667,-114.96,5.989,ci10166557
2006-01-27 16:35:22.720000+00:00,3.05,32.2938333,-115.1088333,5.96,ci10166577
2006-01-27 18:06:50.170000+00:00,2.86,32.4448333,-115.1971667,0.646,ci10166593
2006-01-27 22:57:58.760000+00:00,3.46,32.3143333,-115.1083333,6.006,ci10166645
2006-01-27 23:38:24.550000+00:00,2.7,32.5256667,-115.22,5.936,ci10166649
2006-01-28 01:00:43.270000+00:00,3.04,32.2448333,-115.0955,5.971,ci10166661
2006-01-28 01:20:33.210000+00:00,2.6,32.3423333,-115.1331667,5.978,ci10166665
2006-01-28 08:05:29.800000+00:00,3.08,32.1303333,-115.0561667,6.006,ci10166701
2006-01-28 18:20:49.360000+00:00,2.66,34.9105,-119.0125,12.252,ci10166753
2006-01-30 12:47:15.470000+00:00,2.7,33.5038333,-116.4671667,4.053,ci10167085
2006-01-30 13:24:12.260000+00:00,2.83,32.1556667,-115.8711667,5.787,ci10167105
2006-02-01 16:22:27.150000+00:00,2.5,32.2946667,-115.1123333,5.97,ci10167585
2006-02-03 00:34:17.310000+00:00,2.74,32.3133333,-115.1193333,5.97,ci10167817
2006-02-04 10:32:29.010000+00:00,3.27,32.0328333,-114.9996667,5.976,ci10168033
2006-02-04 12:38:29.840000+00:00,3.42,32.2523333,-115.0683333,6.006,ci10168057
2006-02-05 02:37:59.400000+00:00,2.94,33.8585,-118.1316667,16.317,ci10168133
2006-02-05 03:18:12.410000+00:00,2.52,35.8281667,-117.5438333,1.91,ci10168137
2006-02-05 04:10:46.680000+00:00,2.53,32.2378333,-115.6298333,-0.183,ci10168153
2006-02-05 15:43:33.950000+00:00,3.3,34.2406667,-119.8103333,7.481,ci10168217
2006-02-05 19:05:17.040000+00:00,2.54,35.7075,-120.2551667,12.435,nc21505166
2006-02-06 04:55:39.290000+00:00,3.25,35.8191667,-119.9126667,11.909,nc21505216
2006-02-06 20:29:43.020000+00:00,2.62,32.3215,-115.2248333,5.962,ci10168409
2006-02-07 04:24:58.390000+00:00,2.84,35.12,-117.5503333,-0.473,ci10168469
2006-02-07 10:11:52.080000+00:00,3.09,32.8238333,-115.7031667,16.097,ci10168489
2006-02-07 18:23:55.930000+00:00,3.94,32.2318333,-115.0626667,5.985,ci10168561
2006-02-07 18:27:12.970000+00:00,2.87,32.4011667,-115.1128333,5.858,ci10168565
2006-02-07 22:10:46.990000+00:00,2.51,32.3165,-115.081,5.971,ci10168605
2006-02-08 13:19:26.710000+00:00,2.86,35.831,-117.545,1.45,ci10168685
2006-02-08 20:06:13.960000+00:00,3.56,32.1748333,-115.0313333,6.006,ci10168765
2006-02-08 22:04:46.460000+00:00,3.2,32.2238333,-115.028,6.006,ci10168789
2006-02-09 00:14:43.190000+00:00,2.93,32.3031667,-115.1118333,6.006,ci10168845
2006-02-09 17:56:34.600000+00:00,2.73,32.1668333,-115.02,6.006,ci10168961
2006-02-09 22:23:24.340000+00:00,2.57,36.2885,-120.849,9.843,nc21505618
2006-02-10 01:17:01.580000+00:00,2.81,33.7093333,-116.8495,14.791,ci10169049
2006-02-10 05:29:16.360000+00:00,3.01,32.1858333,-115.8703333,5.787,ci10169109
2006-02-10 11:53:45.340000+00:00,2.68,32.1761667,-115.8691667,5.796,ci10169161
2006-02-10 18:47:07.860000+00:00,2.53,35.8326667,-117.5413333,1.43,ci10169233
2006-02-11 20:18:19.100000+00:00,2.87,33.43,-119.1071667,10.405,ci10169481
2006-02-13 19:22:06.220000+00:00,2.68,32.0693333,-115.836,5.787,ci10169793
2006-02-13 20:21:50.660000+00:00,2.95,32.1,-114.9776667,6.006,ci10169805
2006-02-13 21:05:57.890000+00:00,3.05,32.12,-115.0223333,5.971,ci10169813
2006-02-14 07:36:31.390000+00:00,2.52,33.7701667,-119.6681667,9.783,ci14212544
2006-02-14 10:40:18.920000+00:00,3.1,32.055,-115.8813333,5.787,ci14212560
2006-02-14 16:21:00.430000+00:00,2.54,32.224,-115.0363333,5.971,ci14212608
2006-02-15 22:56:42.680000+00:00,3.01,32.0866667,-116.0138333,5.787,ci14212716
2006-02-16 03:51:21.560000+00:00,3.24,34.3401667,-116.8605,3.899,ci14212760
2006-02-16 09:05:12.520000+00:00,3.41,32.3175,-115.131,6.006,ci14212824
2006-02-17 20:44:09.560000+00:00,2.52,33.9973333,-117.202,15.02,ci14213064
2006-02-18 20:33:06.920000+00:00,3.0,32.335,-115.1245,5.981,ci14213264
2006-02-19 06:27:51.390000+00:00,2.96,32.1483333,-115.0791667,6.006,ci14213324
2006-02-19 12:18:32.020000+00:00,2.83,32.219,-115.872,2.247,ci14213360
2006-02-19 12:24:03.700000+00:00,3.26,32.183,-115.8685,5.927,ci14213364
2006-02-19 13:46:21.940000+00:00,2.61,34.2458333,-117.5801667,3.724,ci14213376
2006-02-19 16:04:01.980000+00:00,2.53,32.2398333,-115.2836667,6.005,ci14213404
2006-02-21 02:34:49.440000+00:00,2.82,33.3153333,-116.3363333,13.191,ci14213660
2006-02-22 09:01:09.110000+00:00,2.6,34.2211667,-117.4745,11.656,ci14213880
2006-02-23 05:26:09.240000+00:00,3.67,32.262,-115.1576667,6.006,ci14214016
2006-02-23 17:50:48.510000+00:00,2.81,35.1225,-117.5555,-0.883,ci14214092
2006-02-24 14:47:41.870000+00:00,2.88,32.3241667,-115.0956667,6.006,ci14214248
2006-02-24 19:58:32.630000+00:00,3.16,34.4206667,-119.0603333,14.663,ci14214288
2006-02-25 07:53:10.700000+00:00,2.56,36.0451667,-120.6093333,4.791,nc21507532
2006-02-28 05:07:29.770000+00:00,3.15,33.7935,-116.1823333,9.394,ci14214824
2006-02-28 19:08:47.450000+00:00,2.74,34.2695,-117.799,6.588,ci14214908
2006-03-01 17:48:30.430000+00:00,2.54,35.1158333,-117.551,0.487,ci14215028
2006-03-02 03:47:33.710000+00:00,2.95,32.6163333,-115.7685,9.043,ci14215120
2006-03-02 03:48:50.810000+00:00,2.68,32.63,-115.776,7.243,ci14215124
2006-03-02 05:45:26.570000+00:00,2.76,32.4015,-115.1651667,5.981,ci14215136
2006-03-03 13:44:05.210000+00:00,3.71,35.1213333,-117.5563333,1.157,ci14215316
2006-03-04 03:16:42.100000+00:00,3.25,32.2435,-115.0233333,5.975,ci14215420
2006-03-04 03:28:41.940000+00:00,2.68,32.2075,-115.011,5.975,ci14215424
2006-03-04 03:50:44.900000+00:00,2.88,32.3516667,-115.0846667,5.981,ci14215432
2006-03-04 11:24:37.920000+00:00,2.87,35.1161667,-117.5533333,-0.093,ci14215476
2006-03-04 22:00:50.270000+00:00,2.65,35.0348333,-119.0008333,8.016,ci14215540
2006-03-05 07:27:40.230000+00:00,3.59,32.3425,-115.0818333,6.006,ci14215592
2006-03-05 10:43:13.220000+00:00,3.46,34.0225,-117.5568333,10.353,ci14215632
2006-03-05 19:26:30.970000+00:00,2.66,32.39,-115.2905,5.948,ci12241023
2006-03-05 21:41:06.830000+00:00,2.79,32.3485,-115.0891667,5.981,ci14215752
2006-03-06 06:54:42.960000+00:00,3.74,32.5678333,-115.573,9.966,ci14215812
2006-03-07 06:40:58.260000+00:00,2.63,32.1735,-115.0531667,6.006,ci14215912
2006-03-07 08:52:30.430000+00:00,3.13,33.7943333,-119.3938333,5.783,ci14215928
2006-03-08 01:23:37.170000+00:00,3.39,32.2613333,-115.2211667,6.006,ci14216020
2006-03-08 03:09:13.870000+00:00,2.55,33.8068333,-119.3631667,9.445,ci14216044
2006-03-08 05:47:39.950000+00:00,2.61,32.323,-115.0946667,6.006,ci14216052
2006-03-08 14:23:39.710000+00:00,2.89,33.814,-119.3868333,5.783,ci14216080
2006-03-08 16:36:59.810000+00:00,2.74,33.8376667,-119.3821667,5.783,ci14216112
2006-03-09 05:48:38.200000+00:00,2.72,35.7421667,-118.054,2.754,ci14216220
2006-03-10 16:58:33+00:00,2.64,32.9748333,-115.8991667,4.936,ci14216472
2006-03-11 03:18:22.900000+00:00,2.85,34.6268333,-116.6573333,4.885,ci14216528
2006-03-11 07:45:03.640000+00:00,3.53,34.2895,-116.8281667,3.579,ci14216544
2006-03-11 17:03:16.010000+00:00,2.59,36.1193333,-120.702,4.987,nc21509024
2006-03-12 06:26:41.890000+00:00,3.21,32.8278333,-118.2603333,5.745,ci14216716
2006-03-12 06:43:56.780000+00:00,2.8,32.8046667,-118.325,5.761,ci14216724
2006-03-12 13:10:01.570000+00:00,2.67,33.4171667,-118.0993333,2.914,ci14216760
2006-03-13 01:40:40.570000+00:00,2.64,33.827,-119.4023333,5.783,ci14216808
2006-03-13 09:52:53.790000+00:00,3.11,33.8028333,-119.3985,10.083,ci14216848
2006-03-14 01:41:46.140000+00:00,3.23,33.8173333,-119.401,5.769,ci14216932
2006-03-14 05:04:35.290000+00:00,2.51,35.8521667,-120.3961667,4.987,nc21509311
2006-03-14 14:50:57.940000+00:00,3.15,35.9333333,-117.64,1.811,ci14216992
2006-03-16 00:51:46.270000+00:00,2.78,33.964,-117.932,20.01,ci14217236
2006-03-16 12:22:56.160000+00:00,2.66,33.6346667,-118.523,1.714,ci14217300
2006-03-17 23:05:53.740000+00:00,2.75,33.9755,-118.7061667,13.219,ci14217540
2006-03-20 07:32:40.520000+00:00,2.65,32.878,-117.4653333,16.203,ci14217848
2006-03-20 17:16:19.680000+00:00,3.65,32.8736667,-116.2213333,11.64,ci14217884
2006-03-20 18:47:22.160000+00:00,3.43,35.5706667,-117.5288333,8.523,ci14217904
2006-03-23 17:29:22.970000+00:00,2.8,35.7718333,-120.3226667,8.548,nc21510349
2006-03-23 23:48:57.280000+00:00,3.11,34.5805,-116.2615,1.91,ci14218424
2006-03-24 04:57:12.820000+00:00,2.93,32.3403333,-115.2408333,6.006,ci14218500
2006-03-24 05:54:13.010000+00:00,3.66,33.7866667,-116.1785,9.288,ci14218504
2006-03-28 17:06:06.620000+00:00,2.66,32.454,-115.5866667,11.406,ci12244795
2006-03-29 01:36:23.010000+00:00,4.11,35.6218333,-117.5875,7.927,ci14219360
2006-03-29 13:24:25.750000+00:00,2.53,33.167,-116.0381667,12.013,ci14219436
2006-03-30 05:38:01.990000+00:00,2.5,34.703,-120.2726667,6.916,ci14219552
2006-03-31 11:39:07.570000+00:00,2.78,32.484,-118.1096667,5.755,ci14219760
2006-04-02 03:25:10.550000+00:00,3.4,32.0663333,-115.0658333,6.006,ci14219976
2006-04-02 08:16:56.530000+00:00,3.08,35.9626667,-119.8753333,21.662,nc21511405
2006-04-03 18:22:43.130000+00:00,2.83,32.146,-115.061,5.96,ci14220156
2006-04-06 10:05:59.470000+00:00,2.57,35.2733333,-118.5556667,5.108,ci14220484
2006-04-07 00:32:32.480000+00:00,2.88,34.4033333,-120.8731667,5.346,ci14220588
2006-04-10 16:36:26.090000+00:00,2.6,35.9933333,-117.388,3.612,ci14221100
2006-04-12 11:44:21.970000+00:00,2.64,33.1873333,-115.6091667,2.532,ci14221424
2006-04-13 14:48:53.640000+00:00,2.95,35.5496667,-120.8646667,7.672,nc21512781
2006-04-13 16:40:14+00:00,2.66,34.087,-118.5905,5.099,ci10178769
2006-04-13 18:44:34.530000+00:00,2.53,32.5935,-115.8216667,11.786,ci10178781
2006-04-13 19:06:27.940000+00:00,3.6,32.6258333,-115.819,14.546,ci10178785
2006-04-14 18:28:53.820000+00:00,2.79,34.6816667,-116.2913333,2.843,ci10178881
2006-04-17 20:14:51.088000+00:00,3.3,36.7135,-116.0556,5.6,nn00179405
2006-04-19 00:20:32.110000+00:00,2.84,36.2325,-120.7996667,8.127,nc21513383
2006-04-24 17:17:36+00:00,2.75,32.236,-115.2726667,5.997,ci10180069
2006-04-25 05:58:19.370000+00:00,2.5,36.0298333,-120.0753333,24.051,nc21514245
2006-04-25 08:55:10.140000+00:00,2.97,32.1335,-115.219,15.023,ci10180129
2006-04-26 20:53:31.100000+00:00,2.91,33.8381667,-119.3916667,5.783,ci10180341
2006-04-27 09:35:54.140000+00:00,2.65,35.5113333,-120.8095,5.248,nc21514539
2006-04-30 14:37:00.820000+00:00,2.62,35.9693333,-114.6548333,4.39,ci10180929
2006-04-30 18:41:59.750000+00:00,2.62,32.3036667,-115.288,14.587,ci10180965
2006-04-30 23:57:11.250000+00:00,2.57,32.6678333,-115.8488333,8.073,ci10181017
2006-05-03 07:56:06.160000+00:00,2.51,33.7873333,-119.4576667,5.73,ci10181409
2006-05-03 16:22:49.110000+00:00,3.1,33.5208333,-116.5853333,11.349,ci10181469
2006-05-04 12:42:28.460000+00:00,2.84,35.2398333,-120.9123333,4.024,nc21515504
2006-05-04 16:35:36.810000+00:00,2.5,36.613,-120.5451667,8.013,nc21515520
2006-05-04 17:07:07.880000+00:00,2.69,34.7233333,-116.302,4.333,ci10181625
2006-05-05 14:35:20.780000+00:00,3.0,32.0365,-114.974,5.976,ci10181773
2006-05-05 15:52:11.150000+00:00,3.08,32.191,-115.0378333,5.961,ci10181793
2006-05-05 15:53:45.200000+00:00,3.9,32.213,-115.075,7.0,usp000egc0
2006-05-05 15:56:44.950000+00:00,2.84,32.2441667,-115.0695,5.945,ci10181797
2006-05-05 16:26:35.100000+00:00,2.52,32.1226667,-115.0013333,6.211,ci10181801
2006-05-05 17:09:41.300000+00:00,3.03,32.1755,-115.034,5.987,ci10181813
2006-05-06 07:32:02.030000+00:00,2.68,34.6053333,-116.2926667,4.613,ci10181885
2006-05-07 08:55:16.380000+00:00,2.51,36.0471667,-120.6093333,8.418,nc21516016
2006-05-09 00:13:36.790000+00:00,3.63,32.6338333,-117.3363333,9.204,ci10182265
2006-05-09 00:30:32.940000+00:00,3.17,32.6291667,-117.3221667,13.864,ci10182269
2006-05-13 14:43:42.550000+00:00,2.62,36.0025,-120.5631667,3.506,nc21517276
2006-05-14 01:25:19.430000+00:00,3.21,32.4035,-115.374,6.01,ci10182989
2006-05-15 14:35:36.740000+00:00,2.59,32.1208333,-116.4138333,5.632,ci10183177
2006-05-16 15:10:03.600000+00:00,2.53,32.518,-118.0826667,10.841,ci10183349
2006-05-18 10:11:52.140000+00:00,3.24,34.0431667,-117.0275,11.407,ci10183685
2006-05-18 15:43:35.580000+00:00,2.67,34.24,-117.481,5.297,ci10183721
2006-05-22 20:56:56.430000+00:00,2.74,33.5096667,-116.5815,13.546,ci10184429
2006-05-24 04:19:07.450000+00:00,3.91,32.4143333,-115.2823333,6.006,ci10184721
2006-05-24 04:20:26.010000+00:00,5.37,32.3066667,-115.2278333,6.006,ci12245763
2006-05-24 04:25:14.500000+00:00,3.9,32.418,-115.2,6.0,usp000ehtu
2006-05-24 04:33:08.250000+00:00,2.87,32.1476667,-115.2023333,6.006,ci10184725
2006-05-24 04:36:57.230000+00:00,2.89,32.4118333,-115.2303333,6.006,ci10184729
2006-05-24 04:39:35.350000+00:00,2.6,32.3713333,-115.2273333,6.006,ci10184733
2006-05-24 04:49:58.580000+00:00,3.38,32.2921667,-115.2476667,6.006,ci10184749
2006-05-24 05:14:27.930000+00:00,2.6,32.3426667,-115.2173333,6.006,ci10184769
2006-05-24 09:58:49.370000+00:00,3.2,32.3631667,-115.2535,6.006,ci10184825
2006-05-24 16:16:56.740000+00:00,2.94,35.56,-120.8175,6.649,nc21518898
2006-05-26 00:30:33.100000+00:00,2.68,35.9735,-120.53,4.175,nc21519099
2006-05-27 00:14:05.990000+00:00,2.57,36.0673333,-117.7083333,-1.274,ci10185253
2006-05-27 09:31:21.380000+00:00,3.15,32.3226667,-115.2363333,5.984,ci10185293
2006-05-27 09:38:46.540000+00:00,2.54,32.348,-115.2461667,5.976,ci10185297
2006-05-27 10:21:34.720000+00:00,4.3,32.2783333,-115.2048333,9.976,ci10185301
2006-05-27 10:25:49.200000+00:00,3.03,32.3496667,-115.2318333,9.976,ci10185305
2006-05-27 10:51:18.420000+00:00,2.5,32.3218333,-115.2458333,6.256,ci10185313
2006-05-27 11:40:03.110000+00:00,2.66,32.2541667,-115.2053333,5.977,ci10185321
2006-05-27 12:51:39.130000+00:00,2.64,32.3088333,-115.2381667,6.01,ci10185325
2006-05-27 16:30:33.900000+00:00,2.88,32.316,-115.2333333,17.291,ci10185337
2006-05-27 17:03:59.300000+00:00,3.2,32.317,-115.2255,6.001,ci10185345
2006-05-27 19:00:28.110000+00:00,2.62,32.337,-115.2708333,5.967,ci10185353
2006-05-27 19:06:38.780000+00:00,2.83,32.105,-115.2621667,6.001,ci10185357
2006-05-27 23:48:40.390000+00:00,2.62,32.3126667,-115.2695,6.006,ci10185373
2006-05-28 07:40:17.160000+00:00,4.25,32.2433333,-115.1353333,6.006,ci10185397
2006-05-28 07:45:44.370000+00:00,2.94,32.2795,-115.237,6.023,ci10185401
2006-05-28 07:46:36.220000+00:00,3.2,32.3116667,-115.159,6.006,ci10185405
2006-05-28 07:54:44.180000+00:00,2.61,32.2998333,-115.178,6.006,ci10185409
2006-05-28 09:23:11.780000+00:00,3.04,32.3518333,-115.2106667,6.006,ci10185441
2006-05-28 11:55:23.140000+00:00,4.49,32.3461667,-115.2188333,6.006,ci10185465
2006-05-28 12:03:40.190000+00:00,3.53,32.3038333,-115.192,6.006,ci10185469
2006-05-28 12:06:35.880000+00:00,3.5,32.2986667,-115.1956667,6.006,ci10185473
2006-05-28 12:09:15.070000+00:00,2.69,32.2808333,-115.1956667,6.006,ci10185477
2006-05-31 05:40:51.750000+00:00,2.63,33.2501667,-116.1261667,5.866,ci10185829
2006-05-31 10:24:44.580000+00:00,2.6,32.1723333,-115.8888333,-0.163,ci10185857
2006-06-01 19:42:16.540000+00:00,3.09,32.1021667,-116.302,-0.18,ci10186165
2006-06-01 23:58:10.550000+00:00,3.02,35.9586667,-120.5031667,4.598,nc70032341
2006-06-02 00:56:15.020000+00:00,3.86,32.6761667,-115.855,5.973,ci10186185
2006-06-03 09:16:43.780000+00:00,2.64,33.2495,-116.1246667,11.256,ci10186533
2006-06-03 13:56:20.530000+00:00,3.04,33.25,-116.1228333,8.646,ci10186597
2006-06-03 14:24:17.360000+00:00,2.85,33.2511667,-116.1303333,4.356,ci10186621
2006-06-03 20:09:08.510000+00:00,2.93,36.1053333,-117.6235,0.633,ci10186665
2006-06-04 19:35:03.140000+00:00,2.76,33.2295,-116.0415,1.877,ci10186873
2006-06-05 15:56:16.440000+00:00,2.62,32.5053333,-115.2668333,6.001,ci10187029
2006-06-07 06:51:14.940000+00:00,2.6,34.738,-119.0261667,3.875,ci10187409
2006-06-07 17:46:40.540000+00:00,2.72,33.359,-116.3976667,9.502,ci10187469
2006-06-07 23:29:02.400000+00:00,2.66,32.3676667,-115.2638333,5.972,ci10187625
2006-06-08 06:54:17.340000+00:00,2.57,36.0653333,-120.1031667,14.767,nc21521275
2006-06-08 07:00:44.110000+00:00,2.67,36.0641667,-120.0961667,15.737,nc21521277
2006-06-08 19:56:02.540000+00:00,2.9,36.0593333,-120.1096667,14.247,nc21521351
2006-06-08 22:45:54.810000+00:00,3.87,33.9196667,-116.7936667,17.605,ci10187953
2006-06-09 03:16:49.260000+00:00,2.7,34.0773333,-116.7048333,2.764,ci10188029
2006-06-12 04:53:40.650000+00:00,2.74,36.0268333,-117.8851667,2.431,ci10188613
2006-06-14 12:52:15.060000+00:00,3.27,35.9415,-120.4891667,10.69,nc21522266
2006-06-15 03:12:33.730000+00:00,2.64,32.9946667,-117.7343333,5.747,ci14233372
2006-06-18 02:57:35.900000+00:00,2.89,36.2953333,-120.34,5.879,nc21522940
2006-06-18 14:31:52.020000+00:00,2.58,33.9285,-117.7625,10.829,ci14233916
2006-06-19 15:17:18.260000+00:00,2.93,35.4865,-118.3741667,4.411,ci14234172
2006-06-20 00:54:46.920000+00:00,2.61,32.7061667,-116.0621667,6.67,ci14234284
2006-06-20 12:04:36.230000+00:00,2.91,34.1601667,-117.7745,11.312,ci14234360
2006-06-20 17:15:26.200000+00:00,2.85,33.8661667,-120.4748333,5.358,ci14234388
2006-06-27 19:40:38.080000+00:00,3.02,36.1941667,-120.7648333,7.777,nc21524527
2006-06-27 21:38:11.870000+00:00,3.19,36.0658333,-120.1921667,16.482,nc21524551
2006-06-30 00:28:06.560000+00:00,4.37,33.2406667,-116.036,3.459,ci14236768
2006-06-30 00:30:00.600000+00:00,3.07,33.2438333,-116.0335,4.099,ci14236772
2006-06-30 00:31:15.700000+00:00,2.63,33.243,-116.0283333,5.529,ci14236776
2006-06-30 00:35:11.820000+00:00,2.88,33.2398333,-116.0278333,4.319,ci14236784
2006-06-30 01:59:39.910000+00:00,3.03,33.2441667,-116.0366667,2.479,ci14236828
2006-06-30 03:13:05.230000+00:00,2.92,33.235,-116.04,2.619,ci14236860
2006-06-30 13:36:29.480000+00:00,2.82,34.005,-117.2126667,18.473,ci14237040
2006-06-30 15:20:52.640000+00:00,3.43,33.2486667,-116.0278333,3.569,ci14237056
2006-07-06 06:06:28.150000+00:00,3.27,35.898,-120.441,5.964,nc21525987
2006-07-07 19:31:55.840000+00:00,2.8,36.0026667,-120.554,12.683,nc21526211
2006-07-09 05:06:57.660000+00:00,2.52,35.1156667,-117.5518333,0.357,ci14238984
2006-07-09 05:43:17.140000+00:00,2.75,35.1143333,-117.5493333,0.237,ci14238988
2006-07-10 02:54:43.890000+00:00,3.9,33.856,-117.1121667,10.953,ci14239184
2006-07-10 13:47:14.520000+00:00,2.62,32.1666667,-115.838,5.787,ci14239264
2006-07-12 11:18:45.470000+00:00,2.66,32.6598333,-115.8463333,12.997,ci14239652
2006-07-12 22:20:50.220000+00:00,4.02,36.071,-117.9021667,2.981,ci14239764
2006-07-12 22:22:46.290000+00:00,3.69,36.0755,-117.9035,2.061,ci14239768
2006-07-12 23:16:10.920000+00:00,2.76,32.7115,-116.0636667,7.54,ci14239816
2006-07-13 01:16:51.060000+00:00,2.71,36.0773333,-117.9021667,4.141,ci14239868
2006-07-14 01:05:36.590000+00:00,3.16,35.9275,-120.4783333,9.554,nc21527162
2006-07-14 08:18:30.770000+00:00,2.68,32.4395,-115.1401667,6.009,ci14240136
2006-07-14 08:50:32.560000+00:00,3.43,32.4061667,-115.134,5.985,ci14240140
2006-07-14 10:57:21.220000+00:00,2.68,32.4333333,-115.1421667,6.009,ci14240176
2006-07-14 11:17:17.710000+00:00,3.03,36.0746667,-117.902,3.401,ci14240188
2006-07-14 13:44:25.260000+00:00,2.95,32.427,-115.134,5.991,ci14240216
2006-07-14 15:58:10.400000+00:00,2.56,33.2421667,-116.0406667,3.377,ci14240236
2006-07-14 19:30:34.070000+00:00,2.52,32.4308333,-115.1361667,5.991,ci14240280
2006-07-15 20:53:02+00:00,2.65,33.2395,-116.036,3.287,ci14240452
2006-07-15 21:53:21.130000+00:00,2.63,32.2091667,-115.7226667,5.787,ci14240468
2006-07-16 07:08:19.640000+00:00,2.56,32.7081667,-116.0596667,6.6,ci14240532
2006-07-16 14:37:37.280000+00:00,3.39,32.4145,-115.1381667,6.001,ci14240572
2006-07-16 15:09:41.660000+00:00,2.84,32.4281667,-115.137,5.985,ci14240580
2006-07-18 05:41:34.700000+00:00,2.88,32.0395,-115.5878333,5.787,ci14240844
2006-07-19 13:23:19.610000+00:00,3.49,35.5195,-116.4256667,5.255,ci14241380
2006-07-20 06:50:19.040000+00:00,3.41,32.1865,-115.8653333,5.787,ci14241544
2006-07-21 03:58:13.220000+00:00,2.8,34.0543333,-117.2658333,16.918,ci14241836
2006-07-21 05:12:06.560000+00:00,2.93,32.1771667,-115.7331667,5.787,ci14241844
2006-07-21 05:28:00.210000+00:00,2.81,32.0555,-115.5471667,5.966,ci14241848
2006-07-22 08:52:14.870000+00:00,2.73,33.6476667,-116.7675,11.311,ci14242104
2006-07-23 08:44:30.750000+00:00,2.57,35.7956667,-117.9856667,2.673,ci14242472
2006-07-23 15:58:52.450000+00:00,3.69,33.73,-117.4778333,10.442,ci14242516
2006-07-24 02:01:41.100000+00:00,2.78,32.7073333,-116.0598333,5.71,ci14242580
2006-07-24 06:30:50.300000+00:00,2.51,33.2513333,-116.1243333,10.766,ci14242616
2006-07-25 13:45:49.380000+00:00,2.57,32.7096667,-116.0591667,7.68,ci14242908
2006-07-30 13:32:53.490000+00:00,3.16,33.6896667,-116.795,14.032,ci14243724
2006-08-01 09:16:22.740000+00:00,3.0,33.2488333,-116.1283333,2.936,ci14244008
2006-08-01 16:55:41.570000+00:00,2.63,33.2431667,-116.0388333,2.027,ci14244072
2006-08-02 16:03:02.350000+00:00,3.31,34.111,-117.3155,15.68,ci14244212
2006-08-02 16:05:30.440000+00:00,2.68,33.7343333,-117.4773333,8.002,ci14244216
2006-08-02 23:25:26.890000+00:00,2.86,34.527,-116.272,3.341,ci14244276
2006-08-07 01:01:42.370000+00:00,3.68,33.243,-116.0356667,9.182,ci10200841
2006-08-07 09:08:45.440000+00:00,2.91,36.2043333,-120.3293333,10.153,nc21531052
2006-08-07 12:03:40.250000+00:00,2.72,33.3048333,-119.7928333,5.56,ci10200909
2006-08-07 13:40:48.670000+00:00,2.71,33.6565,-119.363,5.764,ci10200921
2006-08-08 09:53:05.990000+00:00,2.66,32.6238333,-118.136,5.693,ci10201077
2006-08-08 21:16:05.260000+00:00,2.73,32.2168333,-115.858,5.787,ci10201137
2006-08-09 08:07:46.530000+00:00,2.66,32.7166667,-116.0591667,2.66,ci10201389
2006-08-10 17:31:11.050000+00:00,2.51,32.2218333,-115.8536667,5.841,ci10201661
2006-08-10 18:36:19.760000+00:00,2.63,32.7013333,-116.054,7.333,ci10201673
2006-08-11 11:25:44.440000+00:00,2.7,33.8871667,-116.3271667,4.729,ci10201865
2006-08-12 02:25:06.760000+00:00,2.52,36.1518333,-117.9888333,-0.618,ci10201993
2006-08-12 12:54:09.010000+00:00,2.68,32.8253333,-117.9735,5.764,ci10202109
2006-08-12 16:29:46.720000+00:00,2.57,35.0538333,-118.46,4.74,ci10202129
2006-08-13 03:40:27.830000+00:00,2.61,34.976,-116.9416667,3.385,ci10202189
2006-08-16 05:42:16.450000+00:00,2.6,32.1796667,-115.8758333,5.065,ci10202737
2006-08-17 19:43:12+00:00,2.58,32.1588333,-115.7793333,4.08,ci10203041
2006-08-19 22:44:24.810000+00:00,2.65,34.3268333,-120.8925,5.34,ci14247204
2006-08-20 20:44:23.610000+00:00,3.13,32.1558333,-116.669,5.27,ci14247324
2006-08-20 23:16:51.190000+00:00,2.58,33.4166667,-116.38,13.322,ci14247356
2006-08-22 00:41:41.390000+00:00,2.94,34.3681667,-118.7063333,12.89,ci14247580
2006-08-22 07:27:12.990000+00:00,2.5,33.118,-115.6216667,11.906,ci14247608
2006-08-23 17:49:14.970000+00:00,2.71,36.134,-117.9115,-1.277,ci14247824
2006-08-23 17:54:07.920000+00:00,2.52,35.1215,-118.8466667,16.171,ci14247832
2006-08-24 07:55:06.660000+00:00,3.33,36.1291667,-117.9085,0.783,ci14247976
2006-08-24 18:51:28.770000+00:00,3.23,33.9803333,-116.2718333,4.425,ci14248144
2006-08-24 23:26:15.840000+00:00,2.53,33.9518333,-118.4028333,14.546,ci14248180
2006-08-25 20:00:44.460000+00:00,2.8,36.5523333,-120.6925,4.633,nc21533944
2006-08-26 08:45:39.530000+00:00,3.09,35.4655,-120.7751667,3.237,nc21534022
2006-08-26 21:19:55.950000+00:00,3.48,34.29,-116.9056667,5.014,ci14248536
2006-08-28 10:25:51.300000+00:00,3.16,33.1851667,-115.6096667,1.937,ci14248808
2006-08-29 11:49:56.190000+00:00,2.95,32.1588333,-116.6615,5.631,ci14248992
2006-08-29 11:50:24.150000+00:00,3.03,32.1665,-116.6563333,5.643,ci14248996
2006-08-31 12:55:46.370000+00:00,2.76,34.0095,-116.7761667,16.84,ci14249364
2006-09-01 13:44:33.750000+00:00,2.97,32.2613333,-115.2746667,5.997,ci14249548
2006-09-01 15:08:16.840000+00:00,2.77,36.5611667,-120.5991667,4.63,nc21534898
2006-09-02 16:29:42.040000+00:00,3.62,33.9453333,-116.368,8.367,ci10205997
2006-09-03 10:19:40.810000+00:00,2.79,35.0231667,-119.15,8.267,ci10206157
2006-09-05 15:22:58.590000+00:00,3.01,32.6975,-116.0578333,5.633,ci10206481
2006-09-06 22:18:01.510000+00:00,3.66,33.1758333,-116.0436667,12.813,ci10206665
2006-09-07 14:44:47.610000+00:00,3.12,33.9751667,-117.078,13.965,ci10206813
2006-09-08 16:41:41.410000+00:00,2.56,36.2048333,-120.27,9.719,nc21535997
2006-09-09 13:05:47.200000+00:00,2.78,36.2883333,-117.4531667,0.04,ci10207129
2006-09-11 11:21:41.080000+00:00,2.88,35.2895,-120.6061667,10.911,nc21536539
2006-09-11 12:30:23.590000+00:00,2.87,35.5216667,-120.8208333,5.455,nc21536549
2006-09-11 21:56:25.180000+00:00,2.76,33.236,-116.118,10.303,ci10207421
2006-09-12 02:08:09.210000+00:00,2.53,33.7943333,-120.2926667,5.354,ci10207441
2006-09-12 08:21:14.910000+00:00,3.1,32.0436667,-115.8116667,5.787,ci10207473
2006-09-14 00:11:06.110000+00:00,4.05,32.6951667,-116.0528333,9.92,ci10207681
2006-09-14 00:46:54.270000+00:00,2.6,32.6996667,-116.0473333,6.146,ci10207713
2006-09-14 01:25:14.630000+00:00,3.64,32.6986667,-116.0636667,9.37,ci10207737
2006-09-14 15:24:58.190000+00:00,2.52,35.999,-117.699,1.043,ci10207849
2006-09-16 20:14:27.550000+00:00,2.61,32.7001667,-116.0486667,5.93,ci10208265
2006-09-17 21:50:09.240000+00:00,2.92,33.2446667,-116.1225,11.496,ci10208489
2006-09-17 23:13:59.570000+00:00,2.62,34.0268333,-117.5845,15.993,ci10208505
2006-09-18 01:33:56.440000+00:00,3.03,33.1848333,-115.6118333,1.427,ci10208533
2006-09-18 01:47:42.410000+00:00,2.8,33.1855,-115.6103333,1.877,ci10208541
2006-09-18 16:25:30.180000+00:00,3.08,34.5755,-116.5421667,3.605,ci10208641
2006-09-18 19:52:02.560000+00:00,2.71,33.3751667,-118.1133333,5.832,ci14252300
2006-09-20 10:42:43.650000+00:00,2.84,33.1978333,-115.5735,4.235,ci14252532
2006-09-24 03:47:08.450000+00:00,2.64,36.1348333,-117.8985,2.133,ci14252956
2006-09-29 22:49:45.960000+00:00,2.91,36.0486667,-120.0861667,8.012,nc21539703
2006-10-01 14:50:33.360000+00:00,2.7,33.2421667,-116.1148333,4.285,ci14254196
2006-10-01 20:06:42.170000+00:00,2.79,33.247,-116.1205,3.625,ci14254252
2006-10-01 20:07:16.130000+00:00,2.51,33.2523333,-116.107,4.733,ci10083802
2006-10-02 15:44:45.420000+00:00,3.07,34.3505,-116.461,3.336,ci14254376
2006-10-03 06:49:16.590000+00:00,2.51,33.7775,-115.9328333,4.567,ci14254472
2006-10-03 08:56:40.070000+00:00,2.53,33.2763333,-116.1575,11.415,ci14254504
2006-10-04 11:45:26.820000+00:00,2.55,33.1553333,-115.991,4.741,ci14254660
2006-10-05 19:54:09.530000+00:00,3.18,33.4433333,-116.5983333,9.794,ci14254944
2006-10-09 01:20:51.580000+00:00,3.15,32.8996667,-115.877,15.582,ci14255516
2006-10-09 20:26:50.860000+00:00,4.01,33.261,-116.0678333,8.997,ci14255632
2006-10-11 10:55:24.060000+00:00,3.2,35.935,-117.6808333,1.968,ci14255908
2006-10-12 01:50:31.890000+00:00,2.8,36.0951667,-117.8728333,-1.197,ci14256052
2006-10-12 22:41:17.350000+00:00,3.4,32.3361667,-115.1598333,14.97,ci14256200
2006-10-14 02:24:29.330000+00:00,2.53,36.2725,-119.8173333,17.781,nc30230936
2006-10-15 14:37:23.580000+00:00,2.75,32.2831667,-115.1218333,-0.03,ci14256700
2006-10-16 05:40:57.050000+00:00,2.65,32.3406667,-115.11,5.998,ci14256752
2006-10-17 00:39:45.380000+00:00,2.98,34.3166667,-118.456,4.506,ci14256908
2006-10-17 15:32:33.570000+00:00,3.25,32.339,-115.1188333,5.994,ci14256988
2006-10-17 20:58:26.590000+00:00,2.56,34.1456667,-116.9711667,10.179,ci14257040
2006-10-18 08:22:27.870000+00:00,2.87,32.232,-115.3216667,6.023,ci14257084
2006-10-18 10:08:45.120000+00:00,3.3,32.165,-115.8906667,7.152,ci14257096
2006-10-18 10:45:17.220000+00:00,2.79,32.162,-115.895,6.142,ci14257108
2006-10-22 12:45:36.960000+00:00,3.1,32.1241667,-115.8256667,5.812,ci14257704
2006-10-22 23:12:22.310000+00:00,2.56,33.4755,-116.434,10.511,ci14257756
2006-10-23 23:31:59.420000+00:00,2.7,32.3413333,-115.1191667,6.004,ci14257872
2006-10-24 16:00:05.310000+00:00,2.71,34.7626667,-118.3816667,12.129,ci14257928
2006-10-26 09:07:33.420000+00:00,2.5,33.1958333,-115.5753333,3.168,ci14258164
2006-10-28 08:37:35.230000+00:00,2.83,32.4518333,-115.8186667,13.752,ci14258416
2006-10-29 17:52:34.590000+00:00,2.74,33.6066667,-115.9433333,8.005,ci14258600
2006-10-30 22:16:56.690000+00:00,2.7,32.398,-115.8073333,5.812,ci10215049
2006-10-31 20:26:06.920000+00:00,3.63,35.8555,-120.4073333,8.765,nc21545945
2006-11-03 15:56:43.050000+00:00,4.62,32.676,-116.0481667,13.436,ci10215753
2006-11-03 16:12:13.310000+00:00,3.65,32.6975,-116.057,8.88,ci10215765
2006-11-03 16:13:55.670000+00:00,2.66,32.709,-116.052,6.71,ci10215769
2006-11-03 20:19:18.260000+00:00,3.34,32.7016667,-116.0578333,6.85,ci10215853
2006-11-04 06:24:08.610000+00:00,2.73,32.7066667,-116.0706667,8.041,ci10215997
2006-11-04 19:19:55.070000+00:00,3.0,32.686,-116.0693333,9.23,ci10216097
2006-11-04 19:43:44.610000+00:00,3.6,34.2058333,-117.5761667,3.846,ci10216101
2006-11-06 04:35:26.490000+00:00,2.78,35.3375,-117.9173333,3.164,ci10216289
2006-11-06 10:38:56.200000+00:00,2.55,34.6355,-116.6358333,3.501,ci10216345
2006-11-07 19:08:49.560000+00:00,2.52,36.0281667,-120.0695,6.847,nc21547124
2006-11-08 04:13:00.020000+00:00,2.57,34.1616667,-116.4253333,5.513,ci10216561
2006-11-08 04:22:05.780000+00:00,3.04,32.7086667,-116.05,9.96,ci10216565
2006-11-08 23:49:38.290000+00:00,2.68,32.6988333,-116.06,7.35,ci10216697
2006-11-09 12:37:30.410000+00:00,3.07,32.7236667,-116.0516667,3.98,ci10216769
2006-11-10 14:34:04.940000+00:00,2.91,36.1311667,-117.6701667,-0.372,ci10216949
2006-11-13 03:21:42.200000+00:00,2.88,32.2028333,-115.88,5.812,ci10217237
2006-11-13 09:19:39.120000+00:00,3.02,36.2386667,-120.8073333,6.573,nc21547806
2006-11-13 11:42:17.260000+00:00,2.79,33.4846667,-116.569,12.356,ci10217277
2006-11-14 13:32:14.960000+00:00,3.94,32.6921667,-116.0416667,7.966,ci10217433
2006-11-16 05:30:49.110000+00:00,3.17,32.6951667,-116.0466667,7.446,ci10217729
2006-11-16 05:49:14.230000+00:00,2.66,32.6986667,-116.056,7.27,ci10217745
2006-11-17 06:41:07.100000+00:00,2.76,35.2688333,-120.7748333,6.209,nc21548244
2006-11-18 01:24:35.570000+00:00,2.68,33.1288333,-115.6341667,11.878,ci10218081
2006-11-18 14:19:40.530000+00:00,2.66,33.303,-116.3461667,13.916,ci10218145
2006-11-18 14:29:01.640000+00:00,2.73,35.9575,-117.973,2.794,ci10218153
2006-11-19 02:54:26.050000+00:00,2.59,35.5765,-120.7966667,3.756,nc21548510
2006-11-21 00:52:02.200000+00:00,2.7,34.4536667,-120.7376667,5.536,ci14262188
2006-11-22 13:06:27.690000+00:00,2.58,36.2075,-117.8893333,-1.224,ci14262396
2006-11-22 13:31:40.340000+00:00,2.7,32.3813333,-115.1513333,9.945,ci14262408
2006-11-22 13:34:48.790000+00:00,2.81,32.2398333,-115.0763333,5.991,ci14262412
2006-11-25 06:50:18.420000+00:00,2.56,33.8341667,-117.8701667,10.097,ci14262680
2006-11-25 07:39:44.400000+00:00,3.48,34.3666667,-116.1225,5.209,ci14262712
2006-11-25 10:56:02.340000+00:00,2.54,33.3758333,-116.2886667,14.258,ci14262764
2006-11-26 18:43:15.640000+00:00,2.55,32.1993333,-115.88,5.787,ci14262936
2006-11-27 02:23:02.580000+00:00,3.06,32.4843333,-117.4365,9.844,ci14263000
2006-11-27 03:30:36.960000+00:00,2.53,36.0693333,-120.1885,15.522,nc21549521
2006-11-27 10:19:41.870000+00:00,2.8,36.0695,-120.1785,16.642,nc21549559
2006-11-27 21:14:16.580000+00:00,3.88,36.0611667,-117.7116667,-0.302,ci14263132
2006-11-27 21:21:02.710000+00:00,3.48,36.0633333,-117.7111667,-0.872,ci14263136
2006-11-27 21:31:27.610000+00:00,2.86,36.0625,-117.7168333,0.248,ci14263144
2006-11-27 21:32:30.400000+00:00,2.75,36.062,-117.7145,0.548,ci14263152
2006-11-28 04:06:40.160000+00:00,3.8,35.6318333,-120.7543333,6.442,nc21549695
2006-11-28 04:35:25.150000+00:00,3.17,36.0585,-117.716,0.608,ci14263256
2006-11-29 12:17:35.540000+00:00,3.9,32.8181667,-115.9708333,3.081,ci14263544
2006-11-29 21:10:55.430000+00:00,4.11,32.8205,-115.9725,3.621,ci14263712
2006-11-29 21:12:52.410000+00:00,3.75,32.8255,-115.977,2.191,ci14263716
2006-11-29 21:15:21.200000+00:00,2.95,32.1995,-115.825,5.693,ci14263720
2006-11-29 21:26:17.500000+00:00,3.12,32.8206667,-115.9671667,1.831,ci14263748
2006-11-29 22:15:39.200000+00:00,3.87,32.8228333,-115.9796667,1.211,ci14263768
2006-11-30 01:22:50.690000+00:00,2.74,32.1963333,-115.8665,5.787,ci14263820
2006-11-30 20:12:58.070000+00:00,3.13,36.402,-116.894,9.298,ci10220301
2006-12-02 06:47:43.550000+00:00,2.66,36.006,-120.5678333,4.433,nc51176458
2006-12-04 14:19:33.270000+00:00,2.76,33.8178333,-118.4358333,15.499,ci10221045
2006-12-05 19:40:25.950000+00:00,3.06,32.8191667,-115.98,0.947,ci10221221
2006-12-07 04:09:20.050000+00:00,2.86,32.8211667,-116.0988333,10.924,ci10221561
2006-12-07 19:49:20.360000+00:00,3.24,36.06,-117.718,-0.912,ci10221693
2006-12-08 07:11:33.870000+00:00,2.66,33.3348333,-115.71,7.597,ci10221805
2006-12-09 09:43:28.390000+00:00,2.89,33.1978333,-115.6323333,5.094,ci10221973
2006-12-10 18:27:44.070000+00:00,2.81,32.5811667,-115.8215,5.787,ci10222109
2006-12-11 08:17:35.200000+00:00,3.02,34.1713333,-116.4528333,8.733,ci10222165
2006-12-11 19:32:58.890000+00:00,2.76,32.1646667,-115.8316667,5.787,ci10222213
2006-12-11 19:42:50.810000+00:00,2.5,33.4063333,-116.4521667,14.293,ci10222217
2006-12-12 04:00:45.260000+00:00,2.72,36.1875,-120.3165,10.219,nc51176751
2006-12-15 19:21:55.920000+00:00,3.88,36.172,-120.2915,9.659,nc51176830
2006-12-16 04:18:23.370000+00:00,3.18,36.836,-117.473,4.447,ci10222749
2006-12-16 06:14:05.350000+00:00,4.2,36.173,-120.2916667,10.21,nc51176849
2006-12-16 14:09:01.410000+00:00,2.73,32.0931667,-115.4918333,11.676,ci10222781
2006-12-16 19:04:27.060000+00:00,2.87,32.8295,-117.6095,21.175,ci10222817
2006-12-17 03:55:35.780000+00:00,2.71,34.5125,-118.777,15.341,ci10222833
2006-12-18 11:01:46.290000+00:00,3.24,33.1723333,-118.6853333,-0.183,ci10222949
2006-12-18 16:05:43.190000+00:00,2.56,32.6803333,-116.0561667,6.783,ci10222973
2006-12-19 07:15:51.480000+00:00,3.06,34.3448333,-116.753,1.001,ci10223081
2006-12-19 15:53:35.970000+00:00,2.77,32.6838333,-116.0553333,8.113,ci10223173
2006-12-20 07:09:06.600000+00:00,2.61,36.5381667,-118.6086667,16.896,ci10223313
2006-12-22 09:57:51.180000+00:00,2.61,32.6201667,-117.3051667,15.494,ci10223593
2006-12-24 03:43:38.860000+00:00,4.11,33.7068333,-116.0508333,12.696,ci10223765
2006-12-24 04:07:54.100000+00:00,2.71,33.7518333,-116.083,4.896,ci10223781
2006-12-25 16:56:46.950000+00:00,3.0,33.701,-116.0428333,12.638,ci10224017
2006-12-27 21:36:19.780000+00:00,3.19,33.759,-116.0808333,4.926,ci10224265
2006-12-29 00:13:51.830000+00:00,2.63,33.1706667,-115.6618333,1.516,ci12265915
2006-12-29 09:35:38.870000+00:00,2.64,33.845,-117.8443333,11.506,ci10224425
2006-12-31 00:50:51.990000+00:00,3.32,36.297,-118.328,-0.463,ci10224601
2006-12-31 02:34:35.970000+00:00,2.79,36.2958333,-118.3308333,4.007,ci10224617
2007-01-02 01:48:16.290000+00:00,3.09,35.9383333,-120.4896667,9.793,nc51177358
2007-01-02 13:06:27.480000+00:00,2.54,32.4278333,-115.473,6.956,ci10224885
2007-01-02 22:46:29.670000+00:00,2.57,36.077,-119.8186667,20.618,nc51177376
2007-01-04 18:50:23.250000+00:00,3.06,32.117,-115.3545,5.962,ci10225201
2007-01-05 06:25:57+00:00,2.55,36.2495,-120.8326667,6.729,nc40192350
2007-01-06 16:18:01.100000+00:00,2.98,32.1031667,-115.8555,7.449,ci10225449
2007-01-07 11:16:13.500000+00:00,2.83,33.8978333,-116.9588333,8.312,ci10225517
2007-01-07 15:00:47.440000+00:00,3.15,32.6573333,-115.6266667,14.958,ci10225529
2007-01-08 03:05:34.720000+00:00,2.78,33.6241667,-116.7576667,17.921,ci10225585
2007-01-09 04:27:50.600000+00:00,2.64,34.575,-116.258,3.58,ci10225733
2007-01-09 14:01:55.630000+00:00,3.12,32.6816667,-116.0483333,8.726,ci10225781
2007-01-09 22:33:45.250000+00:00,2.93,35.9408333,-120.4923333,9.683,nc51177559
2007-01-10 08:18:55.950000+00:00,2.68,33.3378333,-116.2265,3.55,ci10225869
2007-01-10 14:16:59.810000+00:00,2.75,32.6976667,-116.0408333,4.756,ci10225897
2007-01-10 23:27:38.570000+00:00,2.51,32.6831667,-116.0465,8.356,ci10225949
2007-01-11 04:22:02.340000+00:00,2.95,34.0396667,-117.541,9.168,ci10225985
2007-01-11 12:52:42+00:00,2.76,36.2715,-117.8908333,0.923,ci10226013
2007-01-13 09:57:46.550000+00:00,2.57,35.9208333,-119.943,7.8,nc51177667
2007-01-13 23:57:35.210000+00:00,2.76,32.987,-115.5813333,14.595,ci10226369
2007-01-15 07:00:03.150000+00:00,3.09,33.706,-116.0463333,13.516,ci10226533
2007-01-15 21:22:04.130000+00:00,2.52,33.7043333,-116.043,15.056,ci10226625
2007-01-17 16:07:47.800000+00:00,3.81,32.9816667,-116.3163333,3.359,ci10226877
2007-01-17 16:37:29.210000+00:00,3.0,35.0773333,-118.3065,1.742,ci10226909
2007-01-17 17:44:41.050000+00:00,2.86,32.9851667,-116.3161667,3.879,ci10226965
2007-01-17 22:36:44.010000+00:00,2.9,32.9851667,-116.315,5.079,ci10227033
2007-01-18 17:23:13.920000+00:00,2.55,33.791,-119.4608333,5.811,ci10227189
2007-01-18 20:04:20.300000+00:00,3.12,32.9836667,-116.307,4.139,ci10227209
2007-01-19 17:34:27.727000+00:00,2.7,36.313,-115.4758,10.3,nn00196701
2007-01-19 19:17:08.630000+00:00,3.25,32.9853333,-116.3131667,3.419,ci10227393
2007-01-19 19:25:19.960000+00:00,2.97,32.9828333,-116.3215,4.329,ci10227409
2007-01-20 05:51:15.440000+00:00,2.79,32.1536667,-115.8768333,5.787,ci10227497
2007-01-21 23:21:57.840000+00:00,2.72,34.2483333,-118.9511667,3.132,ci10227761
2007-01-23 00:19:11.870000+00:00,2.7,33.1643333,-115.6648333,2.567,ci10227905
2007-01-24 07:28:15.120000+00:00,3.02,32.5045,-115.235,10.0,ci10228133
2007-01-26 07:09:45.830000+00:00,2.63,32.7078333,-116.071,5.81,ci10228433
2007-01-27 12:58:07.248000+00:00,2.5,36.6265,-115.9647,9.4,nn00197388
2007-01-29 10:39:51.970000+00:00,2.88,32.0761667,-115.1111667,5.991,ci10228833
2007-01-29 21:10:53.260000+00:00,2.81,34.2336667,-118.375,5.88,ci10228921
2007-01-30 16:12:53.800000+00:00,3.87,32.3566667,-115.2221667,6.001,ci10229017
2007-01-30 23:56:24.490000+00:00,3.35,34.2078333,-117.5151667,4.676,ci10229069
2007-01-31 14:35:44.430000+00:00,2.6,35.019,-118.3251667,9.607,ci10229153
2007-01-31 15:46:21.510000+00:00,2.85,35.0748333,-118.3068333,2.832,ci10229173
2007-02-02 06:31:12.380000+00:00,2.62,32.2318333,-115.8698333,6.537,ci10229573
2007-02-04 14:47:40.130000+00:00,2.6,35.8471667,-119.7295,21.866,nc40193265
2007-02-05 19:38:23.480000+00:00,2.91,32.6953333,-116.0611667,7.98,ci10230185
2007-02-05 19:48:47.760000+00:00,3.07,32.1456667,-115.1291667,5.98,ci10230189
2007-02-06 14:43:12.600000+00:00,2.61,32.0828333,-115.8403333,5.772,ci10230357
2007-02-08 01:16:25.930000+00:00,2.63,33.181,-115.6171667,2.997,ci10230649
2007-02-08 03:12:04.570000+00:00,3.41,32.7018333,-116.0618333,8.27,ci10230693
2007-02-08 16:26:12.250000+00:00,2.59,34.3105,-116.434,4.073,ci10230765
2007-02-09 03:33:44.070000+00:00,4.29,33.2113333,-116.148,11.881,ci10230869
2007-02-09 23:43:52.750000+00:00,2.51,35.5438333,-120.8476667,7.673,nc51178514
2007-02-14 08:46:05.930000+00:00,2.88,32.5565,-115.5795,15.716,ci10231741
2007-02-14 08:51:13.540000+00:00,3.75,32.5618333,-115.5628333,5.966,ci10231745
2007-02-15 10:19:02.050000+00:00,2.93,35.0663333,-118.3001667,2.842,ci10231929
2007-02-15 11:32:40.050000+00:00,2.7,33.7065,-116.776,15.762,ci10231941
2007-02-18 13:25:16.520000+00:00,2.58,33.1698333,-115.6541667,4.636,ci10232365
2007-02-18 18:37:13.140000+00:00,2.56,32.5683333,-115.572,14.816,ci10232421
2007-02-20 17:40:14.810000+00:00,3.16,32.8375,-117.6658333,5.851,ci10232637
2007-02-22 00:41:59.320000+00:00,2.97,34.325,-116.8468333,2.242,ci10232837
2007-02-23 07:25:28.690000+00:00,2.55,35.5298333,-120.7963333,8.297,nc40193825
2007-02-23 11:35:52.310000+00:00,2.64,32.2238333,-115.854,5.963,ci10232985
2007-02-24 00:26:26.840000+00:00,2.64,34.9936667,-116.9503333,4.235,ci10233049
2007-02-24 02:12:54.930000+00:00,2.75,36.082,-120.1981667,12.976,nc40193846
2007-02-25 01:13:37.380000+00:00,2.56,33.4753333,-116.4716667,12.291,ci10233165
2007-02-25 11:59:41.500000+00:00,3.16,32.6506667,-116.012,0.676,ci10233213
2007-02-25 23:05:51.480000+00:00,2.54,32.2306667,-115.854,5.787,ci10233265
2007-02-25 23:14:44.670000+00:00,2.58,34.866,-119.2405,12.667,ci10233269
2007-02-26 07:18:23.100000+00:00,2.67,36.2433333,-120.6838333,14.365,nc40193922
2007-02-26 18:18:20.550000+00:00,2.64,32.6523333,-116.008,1.466,ci10233349
2007-03-01 14:37:44.880000+00:00,3.41,33.2213333,-116.0175,2.505,ci14277376
2007-03-01 19:56:21.670000+00:00,2.96,34.9083333,-119.4096667,10.734,ci14277416
2007-03-02 04:27:06.880000+00:00,2.8,33.4883333,-116.4465,4.457,ci14277496
2007-03-02 12:10:48.090000+00:00,3.01,33.2236667,-116.0186667,5.53,ci14277544
2007-03-06 03:33:29.610000+00:00,2.91,32.071,-117.424,5.846,ci14278076
2007-03-07 17:57:45.160000+00:00,2.78,34.0466667,-116.9986667,14.077,ci10234677
2007-03-08 19:25:04.760000+00:00,2.7,35.5438333,-118.7558333,4.285,ci10234813
2007-03-09 03:20:57.110000+00:00,2.89,36.9373333,-118.832,4.355,ci10234861
2007-03-12 07:06:38.110000+00:00,2.95,33.6525,-119.102,5.338,ci10235297
2007-03-13 00:45:41.390000+00:00,2.69,35.8695,-120.6751667,29.624,nc40194485
2007-03-13 14:28:50.500000+00:00,2.6,32.001,-116.2456667,5.754,ci10235501
2007-03-15 23:03:31.480000+00:00,2.71,32.0488333,-115.828,0.966,ci10235953
2007-03-16 07:30:03.860000+00:00,3.06,35.521,-120.806,6.797,nc40194644
2007-03-17 03:02:27.440000+00:00,2.7,34.1821667,-117.7396667,6.392,ci10236185
2007-03-19 21:39:26.740000+00:00,2.65,36.031,-117.5276667,1.9,ci10236573
2007-03-19 22:55:55.420000+00:00,3.11,35.779,-120.3323333,8.524,nc40194754
2007-03-20 05:32:02.150000+00:00,2.72,35.7793333,-120.3335,8.558,nc40194774
2007-03-23 18:59:29.310000+00:00,2.57,34.8848333,-116.6823333,10.889,ci10237285
2007-03-24 15:30:36.020000+00:00,2.51,35.9448333,-117.3438333,1.421,ci10237397
2007-03-24 17:42:25.440000+00:00,2.65,32.415,-115.139,7.035,ci10237421
2007-03-25 03:34:34.020000+00:00,2.87,33.8951667,-119.3303333,5.743,ci10237509
2007-03-25 03:57:32.860000+00:00,2.76,32.39,-115.1198333,5.991,ci10237513
2007-03-25 12:31:52.990000+00:00,2.82,36.0048333,-117.808,0.001,ci10237593
2007-03-25 13:55:40.490000+00:00,3.1,33.0123333,-119.348,6.741,ci10237637
2007-03-25 17:51:41.230000+00:00,3.62,32.4018333,-115.1481667,14.985,ci10237673
2007-03-27 01:22:20.720000+00:00,2.72,32.1325,-115.8871667,7.317,ci10237893
2007-03-27 10:40:45.130000+00:00,3.23,35.828,-117.7011667,7.8,ci10237937
2007-03-27 10:46:07.800000+00:00,2.71,35.8305,-117.6986667,8.15,ci10237941
2007-03-27 16:12:49.500000+00:00,3.19,35.0755,-118.3108333,2.079,ci10237985
2007-03-27 21:15:38.910000+00:00,3.03,34.7741667,-117.2243333,4.08,ci10238013
2007-03-27 22:40:04.060000+00:00,2.51,35.3123333,-118.5761667,1.538,ci10238021
2007-03-28 10:42:30.210000+00:00,2.77,36.0008333,-120.5611667,4.143,nc40195069
2007-03-28 23:50:22.360000+00:00,2.56,32.0793333,-117.1623333,3.19,ci14281768
2007-03-29 16:43:33.780000+00:00,2.54,34.3048333,-116.845,5.239,ci14281876
2007-03-30 09:09:35.830000+00:00,4.11,36.0276667,-117.7753333,-0.663,ci14282008
2007-03-31 03:32:14.370000+00:00,2.5,32.2196667,-115.8618333,5.787,ci14282172
2007-04-02 03:55:15.440000+00:00,3.54,32.1831667,-115.8776667,5.787,ci14282472
2007-04-03 05:08:23.940000+00:00,3.3,36.2506667,-120.8126667,6.199,nc40195283
2007-04-03 21:22:55.820000+00:00,2.69,36.247,-120.8163333,6.499,nc40195306
2007-04-04 11:27:03.400000+00:00,3.49,34.183,-117.9495,11.59,ci14282848
2007-04-04 20:37:19.220000+00:00,3.29,35.5955,-120.8408333,6.929,nc40195331
2007-04-07 03:13:58.290000+00:00,2.92,34.5158333,-118.0978333,9.902,ci14283248
2007-04-07 23:09:41.660000+00:00,2.75,35.525,-118.4583333,7.17,ci14283320
2007-04-08 03:21:58.330000+00:00,2.6,33.1666667,-116.0486667,9.656,ci14283328
2007-04-08 23:36:07.550000+00:00,2.69,35.8535,-120.3943333,3.976,nc40195438
2007-04-10 13:27:24.440000+00:00,3.48,34.0696667,-118.9516667,15.144,ci14283876
2007-04-14 12:46:10+00:00,2.56,33.694,-116.7483333,16.462,ci14285004
2007-04-15 08:11:58.120000+00:00,2.65,32.1905,-115.8855,5.774,ci14285088
2007-04-15 22:57:26.720000+00:00,4.41,32.6923333,-116.0565,7.703,ci14285168
2007-04-16 03:45:24.590000+00:00,2.62,32.6938333,-116.0546667,12.11,ci14285256
2007-04-16 10:26:05.510000+00:00,2.73,32.0408333,-115.7168333,5.407,ci14285300
2007-04-17 22:31:23.240000+00:00,2.88,34.1618333,-117.4228333,10.63,ci14285604
2007-04-18 02:47:01.040000+00:00,3.07,34.1321667,-117.4748333,5.173,ci14285664
2007-04-18 09:33:37.730000+00:00,2.74,32.677,-116.0593333,9.406,ci14285736
2007-04-18 10:15:46.230000+00:00,2.5,32.6955,-116.0505,8.256,ci14285744
2007-04-18 22:23:12+00:00,3.56,33.448,-116.5941667,10.01,ci14285852
2007-04-19 11:33:31.980000+00:00,2.88,32.6835,-116.0643333,10.503,ci14285964
2007-04-19 12:01:23.610000+00:00,2.87,32.6911667,-116.061,10.313,ci14285976
2007-04-19 12:30:33.340000+00:00,2.57,32.7011667,-116.0595,8.91,ci14285988
2007-04-19 23:58:00.360000+00:00,2.51,34.05,-117.1253333,13.047,ci14286160
2007-04-20 11:28:06.690000+00:00,2.94,34.0315,-117.1736667,13.033,ci14286244
2007-04-21 10:04:19.340000+00:00,3.18,32.6815,-116.0555,10.276,ci14286416
2007-04-22 01:47:55.890000+00:00,2.73,34.2791667,-118.4613333,12.13,ci14286548
2007-04-23 04:08:57.500000+00:00,3.19,34.2158333,-119.9278333,5.421,ci14286808
2007-04-23 07:28:30.770000+00:00,2.92,33.167,-116.0505,3.881,ci14286832
2007-04-23 19:30:49.290000+00:00,3.16,34.288,-118.4746667,12.531,ci14286928
2007-04-23 22:41:11.390000+00:00,2.79,34.0295,-116.7635,3.463,ci14286960
2007-04-24 13:30:06.250000+00:00,3.08,32.3663333,-115.0981667,5.985,ci14287036
2007-04-25 13:56:51.970000+00:00,3.05,36.136,-117.919,1.238,ci14287308
2007-04-25 16:20:47.100000+00:00,3.17,32.7676667,-115.4406667,15.915,ci14287376
2007-04-25 20:24:07.100000+00:00,2.5,36.2065,-114.6761667,15.995,ci14287424
2007-04-26 11:46:57+00:00,3.11,32.1796667,-115.885,7.187,ci14287484
2007-04-28 08:04:56.950000+00:00,3.35,34.1148333,-117.3173333,13.788,ci14287736
2007-04-28 14:55:17.500000+00:00,3.56,33.0743333,-116.499,10.705,ci14287800
2007-04-28 18:07:35.360000+00:00,2.55,33.8696667,-117.8075,12.788,ci14287844
2007-04-29 07:20:12.390000+00:00,3.21,32.6815,-116.0595,12.53,ci14287952
2007-04-29 11:47:46.140000+00:00,2.57,32.6878333,-116.0588333,9.4,ci14288004
2007-04-29 14:07:19.260000+00:00,2.87,32.684,-116.0578333,11.153,ci14288112
2007-04-30 05:23:52.580000+00:00,3.15,33.365,-116.3861667,8.106,ci14288180
2007-04-30 05:25:37.950000+00:00,2.72,33.3676667,-116.3855,7.146,ci14288184
2007-04-30 14:34:13.660000+00:00,2.57,34.6985,-118.9943333,13.872,ci14288252
2007-04-30 15:06:37.490000+00:00,2.87,33.3683333,-116.3868333,7.896,ci14288256
2007-04-30 18:52:49.810000+00:00,2.6,33.9068333,-118.2525,21.428,ci14288300
2007-05-01 11:31:57.580000+00:00,2.8,36.2036667,-118.0003333,-1.671,ci14288476
2007-05-02 15:20:25.280000+00:00,2.7,35.8333333,-116.8783333,2.121,ci14288644
2007-05-03 09:55:33.800000+00:00,2.57,33.054,-116.3893333,13.205,ci14288780
2007-05-03 15:13:33.060000+00:00,2.55,35.867,-117.3246667,-0.356,ci14288824
2007-05-05 00:01:43+00:00,4.18,32.0618333,-115.8721667,6.202,ci14288992
2007-05-05 00:07:10.950000+00:00,2.91,32.1585,-115.8335,6.252,ci14289000
2007-05-07 15:50:49.790000+00:00,2.58,35.9728333,-120.5356667,5.565,nc51181658
2007-05-07 22:06:07.190000+00:00,2.54,34.025,-116.7305,10.673,ci14289460
2007-05-09 08:25:42.820000+00:00,2.83,32.3185,-115.3273333,6.018,ci14289696
2007-05-09 15:23:59.170000+00:00,2.53,34.1443333,-116.911,12.23,ci14289736
2007-05-09 20:14:05.450000+00:00,2.7,32.081,-115.802,5.787,ci10246317
2007-05-10 11:31:23.130000+00:00,2.52,32.563,-115.8821667,3.687,ci10246453
2007-05-11 01:46:54.330000+00:00,2.82,32.0743333,-115.7785,11.407,ci10246565
2007-05-11 08:59:13.280000+00:00,2.99,34.0216667,-119.292,-0.248,ci10246645
2007-05-13 21:54:48.440000+00:00,3.04,34.2065,-118.5761667,19.041,ci10247089
2007-05-17 16:05:30.830000+00:00,3.24,33.1823333,-115.6073333,3.426,ci10247841
2007-05-17 16:05:50.400000+00:00,3.2,33.1858333,-115.6083333,1.773,ci12290011
2007-05-17 20:57:36.240000+00:00,3.11,36.071,-117.9013333,3.637,ci10248017
2007-05-19 13:56:15.530000+00:00,2.71,35.9786667,-117.6501667,-0.212,ci10248365
2007-05-20 09:40:43.800000+00:00,3.69,32.9703333,-115.9213333,4.096,ci10248477
2007-05-22 05:07:55.590000+00:00,2.85,32.1693333,-115.8008333,7.577,ci10248857
2007-05-22 11:34:12.170000+00:00,4.01,35.862,-120.4125,8.65,nc51182151
2007-05-22 18:13:30.820000+00:00,2.73,33.5038333,-116.473,10.064,ci10248973
2007-05-24 06:11:39.770000+00:00,3.86,34.1971667,-117.3861667,12.115,ci10249565
2007-05-24 06:15:15.580000+00:00,3.92,34.1968333,-117.3851667,12.285,ci10249569
2007-05-25 11:35:29.490000+00:00,3.38,32.6881667,-116.0646667,8.413,ci10250169
2007-05-25 11:48:00.460000+00:00,3.0,32.6851667,-116.0615,9.183,ci10250173
2007-05-28 14:29:51.100000+00:00,2.65,32.0623333,-115.8443333,7.327,ci10250725
2007-05-29 05:24:46.500000+00:00,2.62,36.0755,-117.9016667,3.217,ci10250845
2007-05-30 15:05:34.370000+00:00,2.61,32.076,-116.4138333,6.262,ci10251405
2007-05-31 15:39:35.250000+00:00,2.64,33.4088333,-119.1291667,10.381,ci10251753
2007-06-01 02:08:37.830000+00:00,4.06,32.6753333,-116.1105,11.463,ci14295380
2007-06-01 02:17:39.620000+00:00,2.62,32.2221667,-115.2453333,5.966,ci14295384
2007-06-01 20:09:50.980000+00:00,3.3,32.3635,-115.2258333,3.181,ci14295568
2007-06-02 05:11:26.470000+00:00,4.26,33.8718333,-116.2118333,4.233,ci14295640
2007-06-03 06:33:05.830000+00:00,3.16,32.1273333,-115.8651667,5.787,ci14295856
2007-06-03 08:58:17.430000+00:00,3.06,32.488,-115.2138333,15.001,ci14295864
2007-06-04 08:15:09.230000+00:00,3.74,34.8793333,-119.2288333,11.537,ci14295984
2007-06-04 08:26:42+00:00,2.62,34.8745,-119.2325,11.837,ci14295988
2007-06-04 14:16:11.200000+00:00,2.65,32.5166667,-118.101,11.15,ci14296048
2007-06-05 21:13:07.670000+00:00,3.56,34.8793333,-119.2253333,12.167,ci14296288
2007-06-11 02:37:41.620000+00:00,2.57,35.0331667,-116.9631667,3.775,ci14297352
2007-06-13 01:56:00.160000+00:00,2.54,32.2496667,-117.5423333,5.787,ci14297900
2007-06-13 03:06:36.180000+00:00,3.49,32.74,-118.2155,5.693,ci14297912
2007-06-13 14:50:34.020000+00:00,3.42,33.6965,-116.0416667,12.189,ci14298068
2007-06-14 21:50:48.810000+00:00,2.5,36.4955,-120.6135,4.92,nc51183108
2007-06-14 21:52:24.110000+00:00,2.57,36.5335,-120.577,2.82,nc51183109
2007-06-16 07:38:29.480000+00:00,2.83,32.7618333,-115.5483333,18.155,ci10255193
2007-06-17 16:27:14.160000+00:00,2.66,36.0733333,-117.4631667,3.429,ci10255453
2007-06-17 17:54:42.010000+00:00,2.81,32.6733333,-118.0748333,5.766,ci10255465
2007-06-17 19:24:47.200000+00:00,2.53,33.1671667,-116.0435,4.944,ci10255477
2007-06-22 14:54:57.150000+00:00,2.71,35.3471667,-118.5628333,4.733,ci10257089
2007-06-22 19:44:38.480000+00:00,2.61,33.8450317,-117.6751633,0.0,ci10257153
2007-06-24 07:39:28.320000+00:00,3.31,32.211,-115.0753333,-0.015,ci10257405
2007-06-25 07:15:47+00:00,2.5,33.473,-116.5128333,11.824,ci10257565
2007-06-26 20:21:25.180000+00:00,2.67,34.0593333,-119.5595,20.748,ci10257889
2007-06-28 01:33:40.600000+00:00,2.84,36.1375,-117.6853333,0.573,ci10258249
2007-06-28 06:35:52.360000+00:00,2.8,33.6933333,-116.7351667,17.292,ci10258309
2007-07-01 23:16:35.330000+00:00,3.1,35.953,-117.2988333,2.809,ci10258997
2007-07-02 03:35:39.800000+00:00,2.58,32.7313333,-117.3873333,14.486,ci10259021
2007-07-02 23:05:47.510000+00:00,2.76,32.7811667,-115.4451667,13.595,ci10259125
2007-07-05 21:30:02.510000+00:00,2.71,32.0918333,-116.3933333,5.19,ci10259753
2007-07-06 20:32:55.230000+00:00,2.6,32.5276667,-117.2493333,5.78,ci10260069
2007-07-06 22:33:42.450000+00:00,2.67,35.3848333,-119.9116667,4.426,ci10260105
2007-07-08 07:27:41.180000+00:00,3.74,34.8651667,-119.6808333,-1.324,ci10260293
2007-07-08 20:00:31.120000+00:00,2.6,32.1613333,-116.6213333,5.024,ci10260329
2007-07-09 03:32:42.450000+00:00,2.52,33.07,-117.9368333,5.593,ci10260357
2007-07-11 17:51:33.140000+00:00,2.53,35.6633333,-118.4598333,9.828,ci10260921
2007-07-15 06:25:59.810000+00:00,2.66,35.0801667,-119.12,16.583,ci10262685
2007-07-15 17:07:57.500000+00:00,2.74,33.8763333,-117.7666667,2.814,ci10262757
2007-07-16 09:37:08.470000+00:00,2.73,34.2791667,-118.338,10.631,ci10262869
2007-07-18 17:01:29.210000+00:00,2.5,32.9603333,-119.4973333,5.446,ci10263353
2007-07-19 21:18:28.880000+00:00,2.64,32.3953333,-115.2273333,12.121,ci10263665
2007-07-20 09:48:42.080000+00:00,2.68,34.0461667,-116.4365,10.589,ci10263809
2007-07-20 11:24:42.110000+00:00,2.61,34.6513333,-116.2893333,4.613,ci10263833
2007-07-22 00:00:12.080000+00:00,3.47,34.9948333,-116.947,7.035,ci10264097
2007-07-23 17:29:26.520000+00:00,2.67,32.702,-116.072,8.35,ci10264577
2007-07-24 17:34:13.330000+00:00,2.95,34.3091667,-116.8561667,-0.818,ci10265057
2007-07-26 08:19:23.450000+00:00,2.58,33.4675,-118.9693333,8.424,ci10266337
2007-07-26 21:39:35.260000+00:00,2.84,35.9873333,-119.966,24.704,nc51184534
2007-07-28 15:18:44.770000+00:00,2.61,32.5078333,-117.8735,5.869,ci10266785
2007-07-28 15:45:14.090000+00:00,2.54,33.2991667,-116.2441667,12.613,ci10266797
2007-07-29 02:19:09.820000+00:00,2.52,34.0321667,-116.8988333,18.658,ci10266857
2007-07-31 05:59:59.390000+00:00,3.26,34.2696667,-118.5208333,14.045,ci10267273
2007-08-01 02:04:03.010000+00:00,3.14,32.4743333,-119.2668333,16.919,ci10267401
2007-08-02 11:46:03.650000+00:00,3.07,36.086,-120.4303333,6.989,nc40199737
2007-08-03 03:42:03.310000+00:00,2.86,33.05,-117.8488333,1.876,ci14311100
2007-08-09 07:58:49.590000+00:00,4.66,34.2995,-118.6195,7.062,ci14312160
2007-08-10 00:16:35.370000+00:00,2.87,33.0176667,-116.4816667,7.58,ci14312384
2007-08-10 20:13:41.410000+00:00,3.01,36.11,-117.893,3.483,ci14312596
2007-08-14 02:34:27.940000+00:00,2.63,33.1656667,-115.6618333,2.786,ci14313216
2007-08-14 10:39:19.530000+00:00,2.65,35.8228333,-118.5341667,5.016,ci14313300
2007-08-14 16:01:22.170000+00:00,2.66,34.3108333,-116.8476667,4.382,ci14313384
2007-08-16 19:23:23.450000+00:00,3.57,34.2988333,-118.6161667,4.672,ci14313828
2007-08-21 19:57:39.200000+00:00,2.68,32.3155,-115.2313333,0.057,ci10271609
2007-08-21 21:55:40.330000+00:00,2.63,33.2973333,-116.7733333,12.874,ci10271625
2007-08-22 16:24:02.610000+00:00,2.59,32.6708333,-116.0445,9.096,ci10271773
2007-08-23 20:13:53.540000+00:00,2.69,35.8141667,-116.9226667,2.224,ci10271997
2007-08-23 23:48:57.950000+00:00,2.91,33.0795,-116.056,12.321,ci10272033
2007-08-24 06:29:58.640000+00:00,2.5,36.1408333,-117.9106667,1.873,ci10272057
2007-08-24 16:13:34.470000+00:00,2.54,32.3213333,-115.2238333,5.952,ci10272137
2007-08-25 21:09:59.870000+00:00,2.77,33.9898333,-117.1848333,16.24,ci10272317
2007-08-27 22:31:15.300000+00:00,3.49,36.1451667,-117.9118333,2.013,ci10272781
2007-08-28 14:02:25.020000+00:00,3.2,35.9488333,-120.4986667,10.704,nc51185996
2007-08-28 21:13:43.640000+00:00,2.68,35.9046667,-115.0771667,4.477,ci10273257
2007-08-29 04:13:48.600000+00:00,3.72,33.1051667,-116.052,11.811,ci10273353
2007-08-29 04:31:47.880000+00:00,3.01,35.2585,-118.587,4.814,ci10273361
2007-08-30 09:53:08.180000+00:00,3.52,32.7678333,-117.3365,10.476,ci10274201
2007-08-30 13:08:01.110000+00:00,3.43,34.6046667,-116.2953333,3.093,ci10274237
2007-08-30 21:36:44.800000+00:00,2.75,32.771,-117.333,10.366,ci10274793
2007-08-31 21:04:24.960000+00:00,3.01,32.7926667,-115.7038333,15.418,ci10275373
2007-09-01 22:34:29.150000+00:00,2.51,32.9903333,-116.3125,4.209,ci10275577
2007-09-02 17:29:14.790000+00:00,4.73,33.7321667,-117.477,12.192,ci10275733
2007-09-02 17:31:15.680000+00:00,2.52,33.7466667,-117.471,5.513,ci10275737
2007-09-03 01:50:42.440000+00:00,2.91,36.1321667,-117.6935,-0.627,ci10275889
2007-09-03 15:30:24.070000+00:00,3.23,33.9148333,-117.7896667,9.563,ci10275993
2007-09-04 14:47:59.640000+00:00,4.06,32.767,-117.3406667,10.786,ci10276197
2007-09-05 04:20:31.700000+00:00,2.5,32.7615,-117.348,10.966,ci10276465
2007-09-05 15:16:47.810000+00:00,3.5,33.7345,-117.4768333,4.092,ci10276637
2007-09-05 21:31:18.240000+00:00,2.57,33.7396667,-117.4803333,7.502,ci10276709
2007-09-06 07:14:23.970000+00:00,2.94,32.9911667,-116.3121667,4.379,ci10276773
2007-09-06 16:05:30.490000+00:00,2.9,33.7406667,-117.4711667,8.072,ci10276933
2007-09-06 16:36:52.880000+00:00,2.53,32.7718333,-117.3446667,10.566,ci10276949
2007-09-06 16:52:34.300000+00:00,2.56,33.7321667,-117.4846667,8.562,ci10276969
2007-09-06 18:22:50.850000+00:00,2.73,33.7345,-117.482,9.032,ci10277073
2007-09-06 18:45:02.020000+00:00,3.44,32.5703333,-118.663,5.66,ci10277093
2007-09-06 22:15:24.840000+00:00,2.54,33.3976667,-116.3628333,1.488,ci10277157
2007-09-07 07:07:26.850000+00:00,3.1,32.1856667,-115.8245,6.877,ci10277229
2007-09-07 19:10:16.980000+00:00,3.24,32.7726667,-117.3288333,11.026,ci10277669
2007-09-07 21:47:32.440000+00:00,2.71,32.7728333,-117.3285,10.689,ci10277737
2007-09-09 02:34:42.310000+00:00,3.95,33.003,-117.7635,5.849,ci10277865
2007-09-09 13:11:49.230000+00:00,3.77,32.7705,-117.3253333,10.986,ci10277945
2007-09-09 13:40:12.090000+00:00,2.76,32.76,-117.3425,11.449,ci10277965
2007-09-10 03:22:34.230000+00:00,2.6,34.1708333,-117.4278333,6.845,ci10278101
2007-09-11 04:57:50.870000+00:00,2.95,33.003,-117.7505,5.849,ci10278605
2007-09-12 07:37:37.290000+00:00,2.73,32.7665,-117.3451667,10.226,ci10279285
2007-09-12 11:30:25.640000+00:00,3.79,33.7306667,-117.4833333,10.602,ci10279321
2007-09-12 14:21:40.500000+00:00,3.29,33.7333333,-117.484,11.072,ci10279441
2007-09-13 00:51:42.260000+00:00,3.94,36.2433333,-120.3088333,11.639,nc40201735
2007-09-14 04:24:47.310000+00:00,3.01,32.7628333,-117.3578333,5.849,ci10280397
2007-09-16 21:25:13.180000+00:00,2.85,35.3885,-120.6651667,4.414,nc40201949
2007-09-16 23:19:39.870000+00:00,2.57,33.7353333,-117.4758333,9.462,ci10280841
2007-09-17 10:56:43+00:00,2.72,33.7348333,-117.475,10.516,ci10280921
2007-09-19 20:49:31.700000+00:00,2.71,36.0186667,-120.5818333,4.428,nc40202185
2007-09-20 15:01:50.720000+00:00,3.27,34.804,-116.2851667,6.682,ci10281369
2007-09-22 07:58:38.620000+00:00,2.95,34.0201667,-117.2281667,15.749,ci14324896
2007-09-23 08:13:41.750000+00:00,3.63,32.6975,-116.0515,9.02,ci14325120
2007-09-24 10:05:58.410000+00:00,2.69,33.9825,-116.6661667,9.679,ci14325248
2007-09-24 10:11:27.920000+00:00,2.73,35.1191667,-118.6096667,1.647,ci14325252
2007-09-25 22:38:23.960000+00:00,3.94,33.7371667,-117.4705,9.268,ci14325560
2007-09-26 01:12:34.030000+00:00,2.62,35.5471667,-120.802,5.31,nc40202655
2007-09-27 08:58:57.420000+00:00,2.62,36.0021667,-120.5641667,4.613,nc40202724
2007-09-27 18:09:08.670000+00:00,2.61,32.0746667,-116.2333333,5.57,ci14325868
2007-09-28 00:23:22.280000+00:00,3.22,35.7731667,-115.8048333,4.481,ci10282833
2007-09-28 16:25:19.650000+00:00,2.73,34.0,-118.4533333,12.824,ci10282993
2007-09-30 09:14:53.270000+00:00,3.1,32.6973333,-117.1296667,10.304,ci10283245
2007-10-03 04:35:54.240000+00:00,2.88,36.1428333,-117.9083333,-0.657,ci10283601
2007-10-04 14:50:41.950000+00:00,2.52,34.5748333,-116.5455,3.937,ci10283725
2007-10-04 21:00:11.650000+00:00,2.52,33.735,-117.4831667,7.03,ci10283773
2007-10-05 04:08:57.960000+00:00,2.5,34.8871667,-119.0401667,13.54,ci10283817
2007-10-05 08:09:33.660000+00:00,2.6,34.3155,-118.7091667,6.346,ci10283845
2007-10-08 01:50:50.390000+00:00,2.86,32.1691667,-115.8303333,5.787,ci10284201
2007-10-08 09:55:02.160000+00:00,2.61,35.407,-117.81,4.354,ci10284249
2007-10-09 19:09:07.170000+00:00,3.12,33.5638333,-118.2271667,15.008,ci10284493
2007-10-09 19:43:11.730000+00:00,2.78,36.0348333,-117.8206667,-0.487,ci10284501
2007-10-12 04:41:53.580000+00:00,2.75,36.3168333,-120.8685,8.995,nc40203567
2007-10-13 22:32:54.120000+00:00,2.54,32.511,-115.5295,19.986,ci10285073
2007-10-15 21:30:02.220000+00:00,2.79,33.7096667,-116.8343333,15.744,ci10285397
2007-10-15 21:34:08.090000+00:00,3.12,33.7103333,-116.839,15.784,ci10285401
2007-10-16 08:53:44.120000+00:00,4.2,34.3853333,-117.6346667,6.367,ci10285533
2007-10-16 09:07:20.120000+00:00,2.51,34.3785,-117.6466667,6.617,ci10285545
2007-10-16 19:09:39.170000+00:00,2.8,34.374,-117.6511667,8.257,ci10285677
2007-10-17 09:02:05.020000+00:00,2.72,32.0805,-115.5123333,8.656,ci10285781
2007-10-19 18:01:12.520000+00:00,2.88,34.0898333,-117.3033333,15.283,ci14329332
2007-10-20 14:26:07.913000+00:00,2.9,36.7516,-115.5507,4.0,nn00222950
2007-10-20 16:29:15.053000+00:00,2.8,36.7499,-115.5513,5.4,nn00222954
2007-10-21 22:40:38.610000+00:00,2.67,35.0146667,-116.4543333,9.313,ci14329600
2007-10-23 23:48:46.950000+00:00,2.55,33.8686667,-116.8428333,14.13,ci14329948
2007-10-24 12:22:48.770000+00:00,4.34,35.838,-117.6846667,3.54,ci14330056
2007-10-29 02:50:55.170000+00:00,2.83,34.1386667,-117.4705,3.06,ci10287573
2007-10-30 12:25:53.500000+00:00,2.64,34.1366667,-117.473,3.441,ci10287737
2007-10-30 23:29:27.710000+00:00,2.88,35.4271667,-118.3065,7.711,ci10287805
2007-11-01 02:32:46.480000+00:00,2.55,32.0646667,-116.3455,7.044,ci10287981
2007-11-01 08:28:22.750000+00:00,2.53,34.6948333,-116.2946667,4.233,ci10288013
2007-11-02 15:29:18.790000+00:00,2.74,33.361,-116.4436667,11.266,ci10288193
2007-11-02 21:06:16.180000+00:00,2.9,35.5688333,-120.8321667,6.349,nc51189955
2007-11-03 21:09:44.260000+00:00,2.54,35.9438333,-117.6755,2.246,ci10288353
2007-11-14 22:11:28.840000+00:00,2.77,33.6623333,-118.3835,0.751,ci14333180
2007-11-15 00:37:32.030000+00:00,3.06,35.4308333,-118.3043333,8.201,ci14333212
2007-11-17 02:45:08.660000+00:00,3.43,34.3885,-119.6498333,12.967,ci14333524
2007-11-17 02:55:20.740000+00:00,2.62,34.3948333,-119.6481667,12.227,ci14333528
2007-11-17 04:06:33.940000+00:00,2.54,33.8548333,-117.6835,3.68,ci14333532
2007-11-17 13:59:50.850000+00:00,2.94,33.3458333,-116.3021667,12.523,ci14333584
2007-11-17 21:15:39.820000+00:00,3.29,33.512,-116.4681667,3.534,ci14333648
2007-11-18 07:50:07.680000+00:00,2.62,33.6695,-118.3685,-0.038,ci14333732
2007-11-21 21:37:51.860000+00:00,2.56,35.9568333,-117.4928333,2.249,ci14334276
2007-11-22 23:46:37.970000+00:00,2.79,35.6291667,-120.7356667,4.872,nc40206037
2007-11-23 18:59:11.990000+00:00,2.5,32.3553333,-115.2101667,7.008,ci14334524
2007-11-23 20:39:22.790000+00:00,2.95,34.5305,-120.5905,8.052,ci14334528
2007-11-24 20:06:02.400000+00:00,2.5,32.1755,-115.858,5.963,ci14334652
2007-11-24 21:38:01.700000+00:00,2.64,32.093,-115.8546667,5.823,ci14334680
2007-11-25 20:30:44.220000+00:00,3.12,34.2308333,-116.7096667,1.348,ci14334816
2007-11-26 04:40:33.370000+00:00,3.3,33.1685,-116.554,12.294,ci14334860
2007-11-27 00:34:23.820000+00:00,2.88,32.4828333,-115.5785,14.701,ci14335032
2007-11-27 19:03:45.460000+00:00,3.4,32.1145,-115.8276667,15.875,ci14335148
2007-11-28 12:40:20.090000+00:00,2.5,32.0601667,-115.7183333,4.863,ci14335276
2007-11-28 14:12:25.840000+00:00,3.06,35.4318333,-118.3003333,7.68,ci14335300
2007-11-28 15:51:55.140000+00:00,3.12,34.4695,-116.5081667,3.579,ci14335316
2007-11-28 17:32:54.970000+00:00,2.54,33.8045,-119.2575,8.008,ci14335324
2007-11-29 14:20:23.320000+00:00,2.67,36.1271667,-120.2325,10.532,nc40206450
2007-11-29 15:28:13.930000+00:00,2.54,36.1281667,-120.233,11.152,nc40206455
2007-11-30 18:09:37.690000+00:00,2.63,34.0475,-117.2581667,12.135,ci14335696
2007-12-02 05:19:49.920000+00:00,2.51,32.6636667,-116.1166667,8.85,ci14335836
2007-12-02 08:28:13+00:00,2.77,36.0665,-117.8655,-1.099,ci10087234
2007-12-04 17:29:35.360000+00:00,2.94,32.6656667,-116.1178333,9.29,ci14336148
2007-12-05 13:09:35.950000+00:00,2.68,32.1481667,-115.9136667,6.382,ci14336248
2007-12-06 03:52:20.980000+00:00,2.63,35.5655,-120.8323333,4.119,nc40206954
2007-12-06 03:54:57.340000+00:00,3.3,35.5658333,-120.8361667,4.519,nc40206955
2007-12-07 02:12:36.440000+00:00,2.7,35.9726667,-120.5313333,4.445,nc40206995
2007-12-08 05:34:35.070000+00:00,3.15,32.414,-116.399,-0.303,ci10293649
2007-12-08 06:34:55.550000+00:00,3.12,32.1673333,-115.9046667,7.432,ci10293657
2007-12-08 10:41:19.500000+00:00,2.99,32.374,-115.2153333,5.808,ci10293677
2007-12-08 13:55:43.960000+00:00,3.96,32.648,-116.159,10.25,ci10293685
2007-12-10 05:37:29.870000+00:00,2.53,32.4788333,-115.2211667,15.001,ci10293925
2007-12-10 21:03:51.130000+00:00,2.62,33.7906667,-118.5643333,13.957,ci10294037
2007-12-16 18:44:21.750000+00:00,2.68,34.4196667,-118.61,4.54,ci10295253
2007-12-17 17:43:37.850000+00:00,2.56,32.5198333,-115.2725,15.0,ci10295457
2007-12-17 19:00:46.220000+00:00,2.75,32.5193333,-115.2896667,15.001,ci10295489
2007-12-19 12:14:09.630000+00:00,4.06,34.1561667,-116.9813333,7.817,ci10295849
2007-12-19 13:15:39.750000+00:00,2.52,32.6931667,-115.3968333,14.581,ci10295865
2007-12-19 13:26:58.840000+00:00,2.98,32.7158333,-115.4101667,15.54,ci10295873
2007-12-19 13:28:13.880000+00:00,2.53,32.7018333,-115.4053333,14.15,ci10295877
2007-12-19 13:37:01.970000+00:00,2.88,32.724,-115.411,15.021,ci10295885
2007-12-19 13:41:18.190000+00:00,2.68,32.6828333,-115.392,14.601,ci10295889
2007-12-20 09:30:30.650000+00:00,2.56,35.6965,-120.24,10.255,nc51192864
2007-12-22 02:00:43.720000+00:00,2.53,32.1483333,-115.9136667,5.796,ci10296301
2007-12-22 18:32:18.510000+00:00,2.86,34.0908333,-117.8275,13.987,ci10296361
2007-12-22 19:59:16.830000+00:00,2.66,34.5241667,-116.2825,4.581,ci10296381
2007-12-26 21:59:10.710000+00:00,3.2,32.1263333,-115.8853333,5.787,ci10296893
2007-12-27 12:39:57.750000+00:00,2.89,35.9231667,-120.4731667,5.54,nc51193303
2007-12-29 19:27:18.360000+00:00,2.52,32.1801667,-115.8678333,5.787,ci10297289
2007-12-30 04:30:01.548000+00:00,2.8,36.8829,-116.73,3.5,nn00227986
2007-12-31 00:51:53.180000+00:00,2.62,32.2086667,-116.9631667,5.642,ci10297469
2008-01-02 03:48:12.500000+00:00,2.51,35.5246667,-120.8281667,5.463,nc51193760
2008-01-04 12:09:22.200000+00:00,2.65,32.191,-115.381,5.671,ci10298137
2008-01-04 17:19:14.280000+00:00,2.81,36.0313333,-120.0288333,8.507,nc51193986
2008-01-11 12:05:11.880000+00:00,3.9,35.3441667,-118.5541667,6.411,ci10299017
2008-01-11 14:02:47.100000+00:00,3.04,35.3461667,-118.5608333,6.481,ci10299037
2008-01-13 01:17:35.130000+00:00,2.97,35.4921667,-120.8028333,4.585,nc51194487
2008-01-14 06:02:15.730000+00:00,2.51,36.0483333,-119.6141667,15.568,nc71093931
2008-01-14 11:36:35.190000+00:00,2.76,35.7776667,-120.3313333,8.284,nc51194564
2008-01-16 00:48:30.670000+00:00,2.54,36.2331667,-120.3688333,9.553,nc51194702
2008-01-18 02:06:09.900000+00:00,2.85,34.8838333,-118.9708333,5.642,ci14343372
2008-01-18 09:08:03.720000+00:00,2.51,32.661,-115.3695,16.461,ci14343452
2008-01-18 09:52:28.640000+00:00,2.7,32.6863333,-115.389,18.991,ci14343464
2008-01-18 12:38:20.460000+00:00,2.92,35.7975,-120.3481667,10.059,nc51194846
2008-01-18 16:24:19.540000+00:00,2.89,35.7968333,-120.3513333,10.239,nc51194860
2008-01-20 11:16:39.460000+00:00,2.79,35.929,-119.7386667,20.768,nc51194980
2008-01-20 22:14:38.560000+00:00,2.61,33.6906667,-116.0316667,10.528,ci14343864
2008-01-24 01:01:37.650000+00:00,3.44,32.652,-115.9525,11.386,ci14344452
2008-01-26 21:24:22.350000+00:00,2.95,35.502,-120.7828333,3.418,nc40210202
2008-01-27 05:27:26.135000+00:00,2.6,36.7574,-115.5477,11.0,nn00231021
2008-01-27 06:16:20.647000+00:00,2.9,36.8721,-116.2524,9.9,nn00231026
2008-01-28 01:28:48.240000+00:00,2.99,34.0386667,-117.243,14.278,ci14345056
2008-01-29 16:38:37.080000+00:00,2.85,33.4601667,-116.8903333,9.989,ci14345272
2008-01-31 10:44:44.910000+00:00,2.78,33.6831667,-116.0271667,12.279,ci14345468
2008-02-01 04:56:28.420000+00:00,3.56,36.0661667,-120.1848333,17.542,nc40210467
2008-02-01 08:28:29.250000+00:00,2.5,36.0706667,-120.19,14.932,nc40210485
2008-02-03 10:49:18.940000+00:00,3.07,35.5011667,-120.783,3.625,nc40210595
2008-02-04 07:27:06.260000+00:00,2.59,32.8771667,-118.3401667,5.862,ci14345896
2008-02-05 09:03:37.220000+00:00,3.39,32.3735,-117.512,5.759,ci14346072
2008-02-05 16:17:15.390000+00:00,2.87,32.1213333,-116.4363333,5.632,ci14346100
2008-02-09 07:12:04.550000+00:00,5.1,32.3595,-115.2773333,6.001,ci14346868
2008-02-09 07:28:42.980000+00:00,3.86,32.4633333,-115.3076667,6.0,ci14346872
2008-02-09 07:32:14.410000+00:00,2.6,32.4373333,-115.3146667,5.969,ci14346880
2008-02-09 07:35:18.370000+00:00,2.68,32.4388333,-115.3053333,6.001,ci12330715
2008-02-09 07:37:06.260000+00:00,2.98,32.4416667,-115.29,6.001,ci14346888
2008-02-09 07:43:27.780000+00:00,3.56,32.4708333,-115.293,6.001,ci14346904
2008-02-09 10:36:58.140000+00:00,2.61,32.3945,-115.2768333,6.01,ci14347028
2008-02-09 12:32:30.450000+00:00,2.51,32.4228333,-115.3136667,6.0,ci14347092
2008-02-09 13:33:23.650000+00:00,2.54,32.3906667,-115.289,6.001,ci14347124
2008-02-09 14:16:03.290000+00:00,2.6,32.4743333,-115.325,5.94,ci14347132
2008-02-09 14:32:28.030000+00:00,2.73,32.4745,-115.3343333,5.941,ci14347140
2008-02-09 15:29:11.340000+00:00,3.09,32.1945,-115.4555,5.966,ci14347160
2008-02-09 16:46:59.190000+00:00,2.73,32.4145,-115.2735,5.956,ci14347184
2008-02-09 16:56:23.970000+00:00,2.66,32.426,-115.2646667,6.0,ci14347192
2008-02-09 17:12:44.070000+00:00,3.0,32.4116667,-115.2735,6.001,ci14347204
2008-02-09 17:26:27.140000+00:00,2.89,32.4508333,-115.2933333,6.0,ci14347216
2008-02-09 17:48:05.550000+00:00,2.78,32.4431667,-115.3076667,6.001,ci14347220
2008-02-09 18:51:17.480000+00:00,2.51,32.4606667,-115.3018333,2.96,ci14347260
2008-02-09 20:04:44.400000+00:00,2.8,32.4085,-115.2625,5.958,ci14347276
2008-02-09 20:20:32.960000+00:00,2.63,32.4735,-115.3296667,6.0,ci14347284
2008-02-09 20:43:49.050000+00:00,2.7,32.4171667,-115.3225,6.003,ci14347304
2008-02-09 22:24:07.440000+00:00,2.59,32.4248333,-115.28,5.965,ci14347356
2008-02-10 00:18:27.170000+00:00,2.64,32.4515,-115.2971667,6.0,ci14347412
2008-02-10 00:19:36.340000+00:00,2.85,32.4666667,-115.3483333,6.01,ci14347416
2008-02-10 00:24:07.790000+00:00,3.03,32.4453333,-115.2975,5.998,ci14347424
2008-02-10 00:32:11.490000+00:00,3.2,32.4145,-115.2958333,6.001,ci14347428
2008-02-10 01:52:22.680000+00:00,3.54,32.4791667,-115.2953333,5.956,ci14347460
2008-02-10 02:08:55.080000+00:00,2.57,32.4958333,-115.3335,5.935,ci14347480
2008-02-10 03:01:48.510000+00:00,2.78,32.4951667,-115.3508333,5.99,ci14347516
2008-02-10 04:19:50.370000+00:00,2.52,32.427,-115.31,5.94,ci14347548
2008-02-10 13:07:06.660000+00:00,2.81,32.4558333,-115.308,5.95,ci14347740
2008-02-10 13:27:58.080000+00:00,2.61,32.3878333,-115.2813333,6.001,ci14347748
2008-02-10 19:22:09.690000+00:00,2.75,35.0416667,-116.9673333,3.063,ci14347812
2008-02-10 19:52:25.620000+00:00,3.32,32.4078333,-115.3363333,6.01,ci14347820
2008-02-10 19:54:55.460000+00:00,2.63,32.4335,-115.3643333,6.01,ci14347824
2008-02-10 19:55:18.690000+00:00,2.77,32.4046667,-115.3521667,6.01,ci12330759
2008-02-10 19:58:11.280000+00:00,2.57,32.4278333,-115.3391667,6.01,ci14347828
2008-02-10 19:59:27.430000+00:00,2.56,32.4081667,-115.3205,6.001,ci14347832
2008-02-10 20:00:27.990000+00:00,2.65,32.4003333,-115.3068333,6.008,ci14347836
2008-02-10 20:18:41.770000+00:00,2.81,32.3948333,-115.35,6.01,ci14347840
2008-02-10 21:10:39.970000+00:00,3.03,32.4245,-115.3178333,6.01,ci14347852
2008-02-10 21:48:24.230000+00:00,2.53,32.4583333,-115.3251667,5.99,ci14347876
2008-02-10 23:55:41.370000+00:00,2.6,35.0401667,-116.9731667,2.473,ci14347924
2008-02-11 01:06:11.010000+00:00,2.88,32.4358333,-115.3105,6.001,ci14347960
2008-02-11 01:08:58.710000+00:00,2.69,32.4415,-115.3081667,6.001,ci14347964
2008-02-11 06:13:16.950000+00:00,2.72,32.4228333,-115.2838333,6.001,ci14348056
2008-02-11 10:03:55+00:00,2.78,32.4041667,-115.2728333,6.001,ci14348092
2008-02-11 10:05:48.510000+00:00,2.68,32.4106667,-115.278,6.001,ci14348100
2008-02-11 14:22:04.570000+00:00,3.26,32.402,-115.2695,6.01,ci14348172
2008-02-11 18:12:19+00:00,2.6,32.438,-115.3095,6.001,ci14348192
2008-02-11 18:29:30.530000+00:00,5.1,32.3271667,-115.2568333,6.001,ci14348196
2008-02-11 18:36:35.180000+00:00,3.24,32.4065,-115.2471667,6.018,ci14348200
2008-02-11 18:40:25.680000+00:00,2.98,32.3951667,-115.256,6.025,ci14348204
2008-02-11 19:04:02.090000+00:00,2.74,32.4316667,-115.2966667,6.018,ci12330647
2008-02-11 19:06:28.940000+00:00,2.52,32.4056667,-115.2695,5.981,ci14348228
2008-02-11 19:23:28.610000+00:00,3.65,32.4376667,-115.2958333,6.001,ci14348248
2008-02-11 19:38:29.510000+00:00,2.74,32.391,-115.326,6.0,ci14348260
2008-02-11 20:03:43.400000+00:00,2.55,32.4681667,-115.2833333,6.0,ci14348284
2008-02-11 20:14:02.180000+00:00,3.28,32.4128333,-115.267,6.001,ci14348288
2008-02-11 20:18:51.560000+00:00,2.63,32.4441667,-115.313,6.001,ci14348292
2008-02-11 20:52:19.630000+00:00,2.98,32.433,-115.3006667,6.001,ci14348316
2008-02-11 22:01:24.030000+00:00,2.85,32.3973333,-115.2923333,6.001,ci14348348
2008-02-11 22:17:50.300000+00:00,2.53,32.4515,-115.308,6.001,ci14348360
2008-02-11 22:22:37.200000+00:00,3.44,32.4475,-115.3141667,6.0,ci14348364
2008-02-11 22:25:22.650000+00:00,2.61,32.4118333,-115.3301667,6.0,ci14348368
2008-02-11 22:44:36.660000+00:00,2.66,32.4553333,-115.315,6.001,ci14348376
2008-02-11 23:06:04.160000+00:00,3.95,32.4376667,-115.3081667,6.001,ci14348384
2008-02-11 23:17:14.320000+00:00,2.67,32.4325,-115.3105,6.009,ci12330767
2008-02-11 23:18:01.760000+00:00,2.81,32.4388333,-115.2943333,6.001,ci14348396
2008-02-12 00:05:49.960000+00:00,2.58,32.4508333,-115.3285,5.995,ci14348440
2008-02-12 00:39:39.430000+00:00,3.16,32.4541667,-115.3073333,6.001,ci14348456
2008-02-12 01:33:01.880000+00:00,2.89,32.4588333,-115.3093333,6.001,ci14348492
2008-02-12 01:58:58.470000+00:00,2.84,32.4291667,-115.3001667,6.118,ci14348516
2008-02-12 02:10:31.780000+00:00,3.16,32.4608333,-115.3053333,6.018,ci14348520
2008-02-12 02:27:31.360000+00:00,3.28,32.4553333,-115.2813333,0.638,ci14348536
2008-02-12 03:20:15.780000+00:00,2.95,32.3591667,-115.2356667,6.018,ci14348564
2008-02-12 04:23:26.570000+00:00,3.42,32.4288333,-115.2975,6.018,ci14348584
2008-02-12 04:32:39.240000+00:00,4.97,32.4475,-115.3175,6.018,ci14348588
2008-02-12 04:40:46.780000+00:00,4.04,32.4381667,-115.2905,6.018,ci14348592
2008-02-12 04:42:50.610000+00:00,3.27,32.4266667,-115.29,6.018,ci14348596
2008-02-12 04:44:50.850000+00:00,2.62,32.3701667,-115.3238333,6.018,ci14348600
2008-02-12 04:51:44.430000+00:00,2.69,32.4318333,-115.2975,5.994,ci14348608
2008-02-12 04:55:22.020000+00:00,2.69,32.4241667,-115.3075,6.018,ci14348612
2008-02-12 05:02:13.980000+00:00,2.66,32.4266667,-115.2905,6.018,ci14348616
2008-02-12 05:08:08.950000+00:00,2.7,32.423,-115.2906667,6.018,ci14348628
2008-02-12 05:27:03.210000+00:00,3.07,32.3931667,-115.2976667,6.018,ci14348656
2008-02-12 05:38:49.900000+00:00,2.53,32.4228333,-115.2846667,6.018,ci14348664
2008-02-12 06:27:24.070000+00:00,2.63,32.4298333,-115.2903333,6.018,ci14348696
2008-02-12 06:35:18.200000+00:00,3.08,32.4433333,-115.3023333,6.018,ci14348704
2008-02-12 07:20:19.670000+00:00,2.84,32.4506667,-115.306,6.018,ci14348740
2008-02-12 07:22:59.760000+00:00,2.87,32.4335,-115.2981667,10.018,ci14348744
2008-02-12 07:34:53.550000+00:00,3.49,32.4641667,-115.3038333,15.018,ci14348760
2008-02-12 07:55:39.420000+00:00,3.22,32.4343333,-115.2703333,15.008,ci14348776
2008-02-12 07:58:45.480000+00:00,2.56,32.4221667,-115.2978333,6.018,ci14348780
2008-02-12 08:50:36.120000+00:00,2.77,32.3841667,-115.3233333,6.018,ci14348800
2008-02-12 08:52:42.710000+00:00,3.03,32.4385,-115.3166667,5.985,ci14348804
2008-02-12 08:53:22.110000+00:00,2.94,32.4115,-115.3358333,5.985,ci12330667
2008-02-12 09:20:11.730000+00:00,4.25,32.4425,-115.298,6.018,ci14348824
2008-02-12 09:27:19.850000+00:00,4.45,32.4631667,-115.3058333,6.018,ci14348840
2008-02-12 09:32:25.270000+00:00,3.31,32.4541667,-115.2938333,15.018,ci14348848
2008-02-12 09:39:18.860000+00:00,2.56,32.4736667,-115.3138333,5.978,ci14348856
2008-02-12 09:40:30.980000+00:00,3.1,32.4223333,-115.2838333,15.018,ci14348864
2008-02-12 09:53:54.400000+00:00,2.64,32.4453333,-115.302,6.018,ci14348880
2008-02-12 09:55:42.470000+00:00,2.73,32.4306667,-115.3053333,5.823,ci14348888
2008-02-12 10:02:21.750000+00:00,3.1,32.4323333,-115.3238333,6.018,ci12330643
2008-02-12 10:02:26.200000+00:00,3.2,32.3891667,-115.3188333,5.961,ci14348908
2008-02-12 10:03:05.990000+00:00,3.25,32.4268333,-115.291,6.018,ci12330639
2008-02-12 10:05:40.740000+00:00,3.11,32.413,-115.2891667,6.018,ci14348912
2008-02-12 10:39:45.570000+00:00,3.56,32.4315,-115.2933333,6.018,ci14348944
2008-02-12 11:08:40.430000+00:00,2.52,32.4373333,-115.2966667,6.018,ci14348968
2008-02-12 11:17:15.350000+00:00,3.3,32.4291667,-115.2945,6.018,ci14348976
2008-02-12 12:07:51.350000+00:00,2.76,32.4405,-115.3083333,6.018,ci14349000
2008-02-12 12:12:16.360000+00:00,3.25,32.4388333,-115.3046667,6.018,ci14349004
2008-02-12 12:20:36.950000+00:00,2.51,32.436,-115.3078333,6.018,ci14349008
2008-02-12 12:55:44.980000+00:00,2.65,32.3965,-115.322,6.018,ci14349028
2008-02-12 13:26:15.960000+00:00,2.63,32.4371667,-115.2998333,6.018,ci14349040
2008-02-12 13:32:35.070000+00:00,2.62,32.4085,-115.3298333,5.984,ci14349048
2008-02-12 13:46:29.510000+00:00,2.83,32.4223333,-115.311,6.018,ci14349056
2008-02-12 15:45:02.290000+00:00,2.75,32.4278333,-115.2986667,6.018,ci14349088
2008-02-12 16:54:25.280000+00:00,2.63,32.4365,-115.3011667,6.018,ci14349112
2008-02-12 17:14:54.130000+00:00,2.83,32.4048333,-115.3043333,6.018,ci14349116
2008-02-12 17:17:49.270000+00:00,2.91,32.412,-115.288,5.968,ci14349120
2008-02-12 18:53:40.880000+00:00,3.16,32.4421667,-115.3011667,6.018,ci14349152
2008-02-12 19:18:20.340000+00:00,2.73,32.4198333,-115.2915,6.018,ci14349160
2008-02-12 20:28:10.760000+00:00,2.72,32.4193333,-115.303,6.025,ci14349188
2008-02-12 21:12:48.720000+00:00,2.61,32.4755,-115.3081667,6.026,ci14349212
2008-02-12 21:16:43.250000+00:00,2.61,32.4065,-115.3143333,5.984,ci14349216
2008-02-12 22:35:08.870000+00:00,2.55,32.4726667,-115.3248333,6.025,ci14349232
2008-02-12 23:25:55.970000+00:00,2.81,32.4671667,-115.3146667,6.018,ci14349244
2008-02-13 00:07:19.410000+00:00,2.79,32.4193333,-115.317,6.001,ci14349264
2008-02-13 03:04:52.680000+00:00,3.02,32.4301667,-115.3073333,6.001,ci14349300
2008-02-13 05:24:56.530000+00:00,2.86,32.4281667,-115.3056667,6.001,ci14349340
2008-02-13 05:26:15.810000+00:00,2.81,32.4128333,-115.298,6.001,ci14349344
2008-02-13 05:48:02.390000+00:00,2.64,32.4368333,-115.3153333,6.001,ci14349364
2008-02-13 05:48:52.920000+00:00,2.62,32.463,-115.3088333,6.001,ci14349368
2008-02-13 06:10:23.630000+00:00,2.56,32.4348333,-115.3055,6.001,ci14349380
2008-02-13 07:14:26.100000+00:00,3.99,32.424,-115.2871667,6.001,ci14349400
2008-02-13 09:10:50.160000+00:00,2.8,32.4143333,-115.3181667,6.001,ci14349448
2008-02-13 10:21:46+00:00,2.61,32.4546667,-115.3223333,6.001,ci14349468
2008-02-13 10:21:54.560000+00:00,2.66,32.4405,-115.3241667,5.969,ci12330699
2008-02-13 10:27:10.420000+00:00,2.65,32.4161667,-115.313,6.001,ci14349476
2008-02-13 14:33:49.950000+00:00,2.82,32.4448333,-115.3063333,5.99,ci14349532
2008-02-13 14:47:34.330000+00:00,2.68,32.439,-115.3126667,6.001,ci14349536
2008-02-13 18:26:08.540000+00:00,2.82,32.4065,-115.3243333,6.009,ci14349568
2008-02-13 20:43:04.080000+00:00,3.37,32.4323333,-115.3073333,6.001,ci14349596
2008-02-14 00:17:11.660000+00:00,2.54,32.4346667,-115.3118333,5.997,ci14349628
2008-02-14 02:36:43.100000+00:00,3.93,32.4555,-115.3066667,6.006,ci14349664
2008-02-14 02:38:42.070000+00:00,3.78,32.4155,-115.2893333,6.006,ci12330731
2008-02-14 02:47:39.500000+00:00,3.18,32.4413333,-115.2986667,6.006,ci14349676
2008-02-14 03:04:26.140000+00:00,2.55,32.4258333,-115.3008333,6.006,ci14349688
2008-02-14 05:37:05.390000+00:00,2.77,32.4461667,-115.3145,6.006,ci14349752
2008-02-14 06:05:19.540000+00:00,2.65,32.456,-115.3175,6.006,ci14349756
2008-02-14 06:12:04.680000+00:00,2.76,32.849,-115.7516667,12.779,ci14349764
2008-02-14 11:56:34.230000+00:00,2.54,32.4485,-115.319,6.006,ci14349836
2008-02-14 15:32:17.140000+00:00,2.89,32.4068333,-115.2895,6.001,ci14349864
2008-02-14 19:59:46.950000+00:00,2.99,32.4243333,-115.2743333,6.001,ci14349924
2008-02-15 00:32:08.390000+00:00,3.1,32.41,-115.296,6.001,ci14349968
2008-02-15 03:19:37.650000+00:00,2.51,32.4323333,-115.3025,6.001,ci14349992
2008-02-15 04:45:07.300000+00:00,2.92,32.3953333,-115.2815,6.001,ci14350032
2008-02-15 21:51:01.140000+00:00,2.89,32.425,-115.304,6.001,ci14350176
2008-02-15 23:59:13.660000+00:00,2.76,32.4281667,-115.3073333,6.001,ci14350192
2008-02-16 05:58:13.850000+00:00,2.52,35.551,-120.7983333,4.502,nc51196485
2008-02-16 11:56:35.990000+00:00,3.58,35.9565,-117.7325,1.504,ci14350304
2008-02-16 16:35:05.510000+00:00,2.92,33.6828333,-116.0298333,11.288,ci14350372
2008-02-17 07:45:32.220000+00:00,2.67,32.4491667,-115.3158333,6.006,ci14350496
2008-02-17 11:51:18.070000+00:00,2.62,32.4375,-115.3013333,6.001,ci14350544
2008-02-17 22:10:06.490000+00:00,3.79,32.0896667,-115.8156667,5.787,ci14350616
2008-02-18 11:33:36.700000+00:00,2.51,32.4255,-115.3241667,5.99,ci14350712
2008-02-18 11:34:19.940000+00:00,2.72,32.4263333,-115.306,5.995,ci14350716
2008-02-18 11:43:19.440000+00:00,2.59,32.4393333,-115.3001667,6.001,ci14350724
2008-02-18 11:43:39.350000+00:00,2.71,32.4256667,-115.2851667,6.001,ci14350728
2008-02-18 15:15:31.660000+00:00,3.77,36.5826667,-118.0331667,9.331,ci14350776
2008-02-19 00:16:36.670000+00:00,3.2,33.0216667,-118.9228333,5.764,ci14350864
2008-02-19 09:15:10.770000+00:00,3.16,32.1521667,-115.8641667,7.077,ci14350948
2008-02-19 10:39:09+00:00,2.54,33.534,-115.8785,4.768,ci14350980
2008-02-19 16:08:43.210000+00:00,2.58,32.4033333,-115.291,6.006,ci14351040
2008-02-19 22:41:29.660000+00:00,5.01,32.4325,-115.313,6.006,ci14351140
2008-02-19 22:47:32.320000+00:00,3.51,32.3951667,-115.2923333,6.006,ci14351144
2008-02-19 22:51:08.710000+00:00,3.15,32.4293333,-115.3176667,6.006,ci14351148
2008-02-19 23:00:35.750000+00:00,3.09,32.4298333,-115.2913333,6.001,ci14351156
2008-02-19 23:22:11.950000+00:00,2.84,32.4121667,-115.2928333,6.001,ci14351168
2008-02-19 23:50:44.230000+00:00,2.92,32.4013333,-115.3061667,6.006,ci14351212
2008-02-19 23:53:18.220000+00:00,2.62,32.4035,-115.2946667,5.997,ci14351216
2008-02-19 23:54:28.550000+00:00,2.77,32.4145,-115.2913333,6.006,ci12330851
2008-02-20 00:15:51.160000+00:00,2.99,32.4178333,-115.3106667,6.006,ci14351236
2008-02-20 00:30:03.250000+00:00,3.05,32.442,-115.3025,6.001,ci14351264
2008-02-20 01:07:32.210000+00:00,2.55,32.3993333,-115.2801667,6.001,ci14351284
2008-02-20 01:28:55.450000+00:00,4.83,32.4261667,-115.3063333,6.001,ci14351300
2008-02-20 01:37:38.080000+00:00,3.35,32.4268333,-115.3155,6.001,ci14351304
2008-02-20 01:53:27.860000+00:00,2.69,32.4188333,-115.319,6.001,ci14351316
2008-02-20 06:13:33.330000+00:00,3.07,32.427,-115.2945,6.001,ci14351432
2008-02-20 11:49:23.340000+00:00,2.97,32.4068333,-115.2948333,6.006,ci14351528
2008-02-20 14:57:00.050000+00:00,2.79,32.4055,-115.3301667,6.006,ci14351560
2008-02-20 17:54:41.360000+00:00,3.05,32.445,-115.2995,6.009,ci14351584
2008-02-20 18:52:45.850000+00:00,2.53,32.4491667,-115.3166667,5.957,ci14351600
2008-02-21 04:32:54.660000+00:00,3.09,32.42,-115.3048333,6.001,ci14351668
2008-02-21 21:19:46.820000+00:00,2.85,36.5895,-118.0336667,2.978,ci14351792
2008-02-22 09:07:08.870000+00:00,2.93,32.4153333,-115.3065,6.001,ci14351940
2008-02-22 19:31:18.480000+00:00,4.78,32.421,-115.2853333,6.001,ci14352012
2008-02-22 19:33:52.140000+00:00,4.58,32.3901667,-115.2698333,5.982,ci12330895
2008-02-22 19:40:12.360000+00:00,2.73,32.3623333,-115.287,6.001,ci14352024
2008-02-22 21:08:02.460000+00:00,3.09,32.4176667,-115.281,5.99,ci14352060
2008-02-22 22:01:26.760000+00:00,3.09,32.405,-115.2873333,6.001,ci14352076
2008-02-23 00:06:32.990000+00:00,2.97,32.3808333,-115.2703333,6.001,ci14352104
2008-02-23 02:18:45.230000+00:00,3.28,32.4038333,-115.268,6.001,ci14352136
2008-02-23 11:03:31.360000+00:00,3.1,32.433,-115.3213333,6.001,ci14352188
2008-02-23 13:47:15.260000+00:00,2.78,32.4155,-115.2928333,6.001,ci14352208
2008-02-23 18:22:47.190000+00:00,2.54,32.3741667,-115.3138333,6.001,ci14352264
2008-02-23 19:44:50.510000+00:00,2.55,32.4365,-115.3165,6.008,ci14352280
2008-02-23 21:51:33.610000+00:00,3.7,32.4386667,-115.2916667,6.001,ci14352292
2008-02-24 07:00:46.290000+00:00,2.58,32.4076667,-115.3005,6.001,ci14352368
2008-02-24 08:19:09.540000+00:00,2.5,32.3948333,-115.2626667,6.001,ci14352380
2008-02-24 14:13:33.900000+00:00,3.54,32.6578333,-115.9553333,13.386,ci14352412
2008-02-25 00:08:22.510000+00:00,2.83,32.4101667,-115.289,6.001,ci14352528
2008-02-25 01:59:15.810000+00:00,3.62,32.422,-115.3131667,6.001,ci14352540
2008-02-25 12:33:08+00:00,2.5,32.3581667,-115.2573333,8.491,ci14352604
2008-02-25 13:49:05.520000+00:00,2.6,34.0085,-116.7805,11.912,ci14352608
2008-02-25 22:59:01.670000+00:00,3.02,33.3406667,-116.3995,11.996,ci14352680
2008-02-26 07:58:53.680000+00:00,2.98,35.9531667,-117.7278333,0.745,ci14352756
2008-02-27 01:50:40.410000+00:00,2.77,35.9526667,-117.7238333,1.075,ci14352980
2008-02-27 10:26:42.990000+00:00,2.62,32.4733333,-115.3423333,6.001,ci14353120
2008-02-27 10:26:51.050000+00:00,2.74,32.4641667,-115.3313333,5.969,ci12331047
2008-02-29 04:09:16.180000+00:00,2.87,32.2905,-115.2495,6.001,ci14353528
2008-03-01 08:15:41.290000+00:00,2.83,36.0543333,-120.1633333,9.702,nc51197352
2008-03-02 08:07:45.810000+00:00,3.47,35.065,-118.9856667,16.486,ci14353880
2008-03-02 22:24:39.040000+00:00,3.0,32.662,-115.9595,5.766,ci14353960
2008-03-03 09:52:41.370000+00:00,2.58,32.4018333,-115.3281667,6.001,ci14354036
2008-03-03 11:34:58.220000+00:00,2.68,36.152,-117.9675,2.35,ci14354044
2008-03-03 23:46:27.760000+00:00,2.59,32.4493333,-115.2525,6.001,ci14354128
2008-03-04 16:44:25.400000+00:00,2.72,33.4578333,-116.596,9.691,ci14354228
2008-03-06 00:14:26.930000+00:00,3.66,34.2981667,-116.8575,12.129,ci10310701
2008-03-07 15:57:12.960000+00:00,2.56,32.4051667,-115.1241667,5.998,ci14354884
2008-03-08 07:38:57.370000+00:00,3.51,32.1338333,-115.875,5.787,ci14355056
2008-03-09 09:22:32.080000+00:00,3.97,34.139,-117.465,3.141,ci14355252
2008-03-09 09:24:08.970000+00:00,3.43,34.1361667,-117.4655,3.961,ci14355256
2008-03-09 09:24:11.540000+00:00,3.17,34.1458333,-117.4385,5.449,ci12331491
2008-03-09 17:35:33.430000+00:00,2.52,32.4188333,-115.3423333,6.005,ci14355348
2008-03-10 12:18:09.580000+00:00,2.54,34.1351667,-117.478,3.071,ci12331443
2008-03-10 19:09:01.400000+00:00,2.57,32.1378333,-115.8593333,5.772,ci14355532
2008-03-11 10:04:32.750000+00:00,2.79,32.917,-118.0358333,5.79,ci10311853
2008-03-11 21:43:26.170000+00:00,2.68,35.5701667,-120.8423333,2.909,nc51198119
2008-03-11 23:00:20.300000+00:00,2.5,34.4783333,-116.5033333,3.019,ci10311945
2008-03-13 12:46:33.680000+00:00,2.53,33.1491667,-115.64,3.554,ci10312161
2008-03-14 01:24:46.220000+00:00,2.64,32.3238333,-115.9368333,-0.193,ci10312233
2008-03-14 09:40:27.340000+00:00,2.53,33.1905,-116.0383333,4.738,ci10312297
2008-03-16 19:46:17.820000+00:00,2.6,33.9673333,-119.3841667,7.323,ci10312701
2008-03-17 14:16:41.720000+00:00,3.13,33.0318333,-115.6111667,13.474,ci10312785
2008-03-19 00:29:08.920000+00:00,3.03,32.3723333,-115.325,6.006,ci10313153
2008-03-19 07:19:01.530000+00:00,2.5,33.9568333,-116.6183333,10.77,ci10313201
2008-03-19 08:06:08.540000+00:00,2.56,34.1375,-117.47,3.331,ci10313213
2008-03-20 07:20:29.390000+00:00,2.95,34.01,-117.2516667,12.511,ci10313373
2008-03-20 12:20:31.090000+00:00,2.63,36.2005,-117.6148333,-1.14,ci10313389
2008-03-21 16:05:42.010000+00:00,2.86,35.5028333,-116.9203333,4.856,ci10313641
2008-03-22 07:17:31.460000+00:00,2.66,33.12,-116.9076667,10.594,ci10313753
2008-03-27 04:28:49.180000+00:00,3.0,33.6271667,-117.9058333,11.302,ci14358316
2008-03-29 18:27:06.780000+00:00,2.66,32.3686667,-115.2655,5.987,ci14358760
2008-03-29 22:01:42.840000+00:00,4.18,32.3841667,-115.2333333,6.991,ci14358796
2008-03-30 22:30:42.580000+00:00,2.5,36.0378333,-117.8103333,2.003,ci14358924
2008-03-30 22:50:29.310000+00:00,2.74,36.05,-117.8096667,-0.407,ci14358944
2008-04-01 21:27:56.770000+00:00,2.95,35.4726667,-119.3456667,23.051,ci14359424
2008-04-03 01:15:41.260000+00:00,3.01,32.3461667,-115.319,6.006,ci14359672
2008-04-03 13:04:22.810000+00:00,2.63,32.326,-115.3315,13.316,ci14359752
2008-04-03 13:16:14.700000+00:00,2.78,32.3293333,-115.3358333,12.126,ci14359760
2008-04-03 14:09:24.880000+00:00,3.27,32.3386667,-115.3308333,6.006,ci14359772
2008-04-03 20:04:30.450000+00:00,2.53,34.2313333,-116.8816667,6.208,ci14359820
2008-04-04 03:09:49.890000+00:00,3.16,32.1536667,-115.8526667,5.787,ci14359988
2008-04-04 13:39:38.470000+00:00,3.79,32.0948333,-115.8991667,5.787,ci14360060
2008-04-04 16:16:58.460000+00:00,2.57,35.3385,-119.1403333,16.748,ci14360088
2008-04-04 20:51:37.070000+00:00,2.59,32.1378333,-115.8543333,5.772,ci14360180
2008-04-06 20:51:30.870000+00:00,2.99,34.6813333,-116.3495,2.553,ci14360376
2008-04-06 23:44:21.170000+00:00,2.98,35.5715,-116.9761667,5.199,ci14360396
2008-04-07 01:27:01.320000+00:00,3.59,35.7835,-117.6745,4.91,ci14360416
2008-04-07 03:29:00.030000+00:00,2.86,35.4725,-118.4181667,-1.042,ci14360440
2008-04-10 01:53:36.440000+00:00,2.75,32.133,-115.8555,5.787,ci10317197
2008-04-10 05:06:04.680000+00:00,2.89,32.1275,-115.8561667,5.787,ci10317221
2008-04-12 16:24:06.090000+00:00,3.07,32.0598333,-115.6463333,5.984,ci10317821
2008-04-13 21:09:43.820000+00:00,2.94,33.239,-117.7786667,5.842,ci10318073
2008-04-15 01:00:07.930000+00:00,3.39,34.033,-116.4425,2.199,ci10318397
2008-04-15 05:49:54.340000+00:00,3.22,34.395,-119.6553333,12.611,ci10318437
2008-04-18 03:25:24.750000+00:00,3.16,33.7885,-116.1095,0.064,ci10318961
2008-04-22 06:32:52.110000+00:00,2.69,33.7823333,-116.0945,7.609,ci10319737
2008-04-22 23:49:23.030000+00:00,3.03,34.8671667,-116.3416667,3.92,ci10319969
2008-04-23 01:55:29.400000+00:00,4.14,34.866,-116.3403333,4.62,ci10319993
2008-04-23 03:36:38.140000+00:00,2.6,32.4051667,-115.317,6.006,ci10320009
2008-04-24 18:50:41.950000+00:00,2.73,34.1548333,-117.5931667,9.676,ci10320269
2008-04-26 22:49:49.270000+00:00,3.18,32.328,-115.2595,5.987,ci10320729
2008-04-27 16:05:14.520000+00:00,2.62,35.8946667,-116.9496667,4.219,ci12333711
2008-04-27 16:59:30.940000+00:00,2.55,32.1425,-115.8463333,5.777,ci10320881
2008-04-29 17:45:16.870000+00:00,3.6,35.4986667,-120.7826667,3.665,nc40216634
2008-04-29 20:24:08.680000+00:00,2.51,35.2041667,-117.1665,4.854,ci10321329
2008-04-29 22:25:48.450000+00:00,2.84,35.4951667,-120.7796667,3.475,nc40216653
2008-05-01 03:55:35.970000+00:00,4.19,33.443,-116.454,9.248,ci10321561
2008-05-01 08:11:43.220000+00:00,4.43,35.4733333,-118.4253333,4.798,ci10321585
2008-05-01 08:43:17.160000+00:00,2.85,35.4683333,-118.4266667,1.188,ci10321589
2008-05-01 20:53:28.250000+00:00,3.13,36.0006667,-117.3051667,-0.751,ci10321741
2008-05-01 21:39:38.230000+00:00,3.48,35.4748333,-118.417,-0.846,ci10321749
2008-05-02 04:03:38.110000+00:00,3.45,35.4758333,-118.4178333,-1.336,ci10321825
2008-05-02 04:03:42.440000+00:00,3.69,35.4725,-118.4068333,4.62,ci12333763
2008-05-02 04:23:02.240000+00:00,3.31,35.4735,-118.4198333,4.374,ci10321841
2008-05-02 15:31:36.820000+00:00,2.84,36.0258333,-120.5881667,4.698,nc40216855
2008-05-04 18:16:30.280000+00:00,3.64,33.214,-116.725,8.196,ci14366244
2008-05-05 15:23:36.290000+00:00,2.5,35.6928333,-120.2426667,9.345,nc40217075
2008-05-06 21:58:02.590000+00:00,2.61,32.4361667,-115.3021667,5.991,ci14366632
2008-05-07 06:31:22.240000+00:00,3.04,32.0791667,-115.8666667,5.787,ci14366712
2008-05-07 12:38:14.410000+00:00,2.6,35.4723333,-118.4221667,4.174,ci14366780
2008-05-08 00:17:39.330000+00:00,2.75,33.7365,-116.0241667,5.536,ci14367028
2008-05-08 23:44:14.950000+00:00,3.1,34.0198333,-117.1435,5.365,ci14367240
2008-05-09 04:48:10.490000+00:00,2.69,33.5545,-118.179,2.665,ci14367316
2008-05-09 07:43:09.930000+00:00,2.55,33.7385,-116.0276667,6.589,ci14367352
2008-05-09 10:08:05.940000+00:00,2.62,34.2825,-117.456,11.24,ci14367380
2008-05-09 22:38:08.350000+00:00,4.06,33.4458333,-116.4555,9.268,ci14367532
2008-05-09 22:59:33.700000+00:00,3.32,35.904,-117.0148333,2.359,ci14367536
2008-05-09 23:17:24.110000+00:00,2.81,34.0183333,-117.1448333,5.332,ci14367548
2008-05-10 02:14:06.470000+00:00,2.98,35.9091667,-117.0158333,2.559,ci14367588
2008-05-10 02:22:59.820000+00:00,3.08,35.9063333,-117.0181667,2.439,ci14367592
2008-05-11 02:34:43.370000+00:00,2.82,32.1046667,-115.8546667,5.787,ci14367888
2008-05-12 11:50:41.750000+00:00,2.9,34.3805,-118.7246667,14.509,ci14368184
2008-05-14 07:23:56.880000+00:00,2.51,33.1933333,-115.6098333,2.693,ci14368580
2008-05-14 10:35:10.600000+00:00,2.6,33.843,-118.4665,12.585,ci14368616
2008-05-15 07:55:18.490000+00:00,3.22,35.838,-120.3895,8.775,nc51202717
2008-05-16 15:01:12.280000+00:00,2.95,34.0016667,-116.864,14.493,ci14369060
2008-05-16 20:25:00.160000+00:00,2.87,33.6983333,-117.3653333,-0.679,ci14369116
2008-05-18 22:39:35.480000+00:00,2.61,34.03,-116.435,1.039,ci14369544
2008-05-20 02:59:51.880000+00:00,3.73,35.2696667,-117.3528333,3.013,ci10325809
2008-05-21 11:42:19.720000+00:00,2.54,34.2183333,-117.5633333,6.946,ci10326033
2008-05-24 04:13:07.030000+00:00,2.79,35.58,-117.1566667,5.423,ci10326413
2008-05-25 05:32:09.290000+00:00,3.41,32.4841667,-117.8666667,5.827,ci10326517
2008-05-26 17:31:45.280000+00:00,2.58,32.3438333,-115.352,5.997,ci10326717
2008-05-26 18:08:07.940000+00:00,3.2,32.3371667,-115.3581667,29.735,ci10326721
2008-05-27 00:02:20.860000+00:00,3.26,32.3733333,-115.3471667,6.006,ci10326765
2008-05-27 11:52:57.600000+00:00,2.61,33.1635,-115.649,1.823,ci10326961
2008-05-27 11:54:57.440000+00:00,2.65,33.1705,-115.625,7.073,ci10326965
2008-05-28 20:50:49.240000+00:00,2.73,34.077,-117.2961667,15.588,ci10327257
2008-05-29 18:03:06.500000+00:00,2.93,32.0373333,-115.0923333,5.976,ci10327385
2008-06-02 04:37:52.600000+00:00,2.88,33.0351667,-115.558,14.169,ci10100726
2008-06-02 04:39:48.010000+00:00,2.6,33.0385,-115.565,14.219,ci14371900
2008-06-02 04:42:48.050000+00:00,2.79,33.0333333,-115.568,13.049,ci14371908
2008-06-02 04:51:12.390000+00:00,2.65,33.036,-115.5625,14.359,ci14371920
2008-06-02 04:59:28.340000+00:00,2.99,33.0291667,-115.5598333,14.079,ci14371968
2008-06-02 05:13:16.140000+00:00,3.14,34.0218333,-117.1433333,5.352,ci14372008
2008-06-02 05:13:48.260000+00:00,2.99,33.0218333,-115.5493333,6.069,ci14372012
2008-06-02 05:28:57.560000+00:00,2.59,34.0196667,-117.1451667,6.109,ci14372024
2008-06-02 05:29:50.840000+00:00,2.98,33.0276667,-115.574,7.049,ci12334527
2008-06-02 05:30:02.450000+00:00,2.5,33.0591667,-115.565,6.619,ci12334531
2008-06-02 09:21:50.590000+00:00,2.51,34.02,-117.1431667,4.242,ci14372148
2008-06-02 09:57:29.960000+00:00,2.6,33.037,-115.5696667,14.599,ci14372184
2008-06-03 00:40:41.850000+00:00,2.52,32.7685,-115.5808333,15.615,ci14372472
2008-06-03 01:08:16.600000+00:00,2.97,33.0388333,-115.5625,13.949,ci14372484
2008-06-03 12:39:19.680000+00:00,2.6,32.7603333,-115.572,14.965,ci14372664
2008-06-03 12:50:04.630000+00:00,2.59,32.7651667,-115.5721667,14.985,ci14372680
2008-06-03 12:51:45.520000+00:00,2.9,32.7743333,-115.5816667,14.178,ci14372684
2008-06-03 15:16:40.440000+00:00,2.68,33.0406667,-115.5613333,14.939,ci14372736
2008-06-03 15:33:47.040000+00:00,2.82,32.776,-115.5801667,14.295,ci14372744
2008-06-03 15:41:32.290000+00:00,2.8,32.77,-115.576,15.035,ci14372748
2008-06-03 19:45:39.100000+00:00,2.55,33.0375,-117.3738333,10.983,ci14372848
2008-06-03 23:06:33.180000+00:00,3.04,33.6671667,-116.732,14.902,ci14372916
2008-06-05 13:45:28.920000+00:00,2.6,32.7393333,-115.4255,15.99,ci10329641
2008-06-06 05:26:30.920000+00:00,2.72,32.3625,-115.348,5.106,ci10329817
2008-06-08 19:20:35.440000+00:00,2.87,32.0798333,-115.8328333,6.187,ci10330301
2008-06-08 19:40:11.680000+00:00,3.21,32.1023333,-115.8145,6.827,ci10330305
2008-06-10 12:07:24.200000+00:00,2.74,32.0226667,-115.7911667,5.787,ci10330593
2008-06-13 16:13:09.920000+00:00,2.51,34.7548333,-120.3665,9.782,ci14374848
2008-06-13 22:36:30.500000+00:00,2.85,33.1411667,-115.9513333,13.034,ci14374924
2008-06-14 16:56:06.940000+00:00,2.78,32.6488333,-116.0476667,9.196,ci14374988
2008-06-15 05:26:54.230000+00:00,3.23,35.9961667,-120.5605,3.393,nc40219237
2008-06-16 00:51:11.250000+00:00,2.61,32.1465,-115.8911667,5.787,ci14375272
2008-06-16 07:36:57.460000+00:00,2.71,33.1735,-115.6498333,1.873,ci14375316
2008-06-16 19:41:01.480000+00:00,2.61,32.6455,-116.0456667,7.986,ci12334875
2008-06-17 01:25:08.360000+00:00,3.02,35.371,-118.6526667,4.991,ci14375500
2008-06-17 07:27:59.500000+00:00,2.81,36.2173333,-118.2025,3.649,ci14375532
2008-06-22 00:23:36.120000+00:00,3.19,36.076,-120.6395,5.824,nc40219568
2008-06-22 02:48:39.710000+00:00,2.87,32.2405,-115.1703333,6.802,ci14376424
2008-06-23 13:49:11.190000+00:00,2.56,34.0461667,-117.2476667,14.472,ci14376604
2008-06-23 14:05:06.970000+00:00,2.52,34.0451667,-117.2503333,14.792,ci14376608
2008-06-23 14:14:57.600000+00:00,3.99,34.0476667,-117.2465,14.102,ci14376612
2008-06-24 15:06:10.590000+00:00,2.96,33.4983333,-116.5193333,11.554,ci14376816
2008-06-24 21:34:28.390000+00:00,2.79,32.595,-117.2693333,16.706,ci14376872
2008-06-25 19:29:06.110000+00:00,2.93,32.2488333,-115.3278333,5.995,ci14377080
2008-06-25 20:24:56.820000+00:00,3.4,32.2291667,-115.3106667,5.995,ci14377108
2008-06-25 22:15:33.500000+00:00,2.96,32.2053333,-115.304,17.055,ci14377136
2008-06-26 01:42:35.390000+00:00,3.66,32.2271667,-115.2966667,15.006,ci14377180
2008-06-26 02:00:25.200000+00:00,2.79,32.2006667,-115.3366667,5.995,ci14377188
2008-06-26 04:03:59+00:00,3.66,32.1133333,-115.2608333,5.986,ci14377236
2008-06-26 05:26:10.660000+00:00,2.64,32.2188333,-115.3225,5.995,ci14377260
2008-06-26 13:23:44.180000+00:00,2.8,32.2096667,-115.3273333,5.905,ci14377360
2008-06-27 00:48:47.970000+00:00,3.08,32.0358333,-115.3735,5.966,ci14377520
2008-06-27 17:44:19.950000+00:00,3.12,32.6918333,-115.8065,13.013,ci14377620
2008-06-27 19:04:14.230000+00:00,2.97,32.705,-115.8138333,5.973,ci14377656
2008-06-27 19:46:15.950000+00:00,2.78,32.6818333,-115.8058333,12.863,ci14377676
2008-06-27 19:53:54.330000+00:00,2.82,32.6958333,-115.8058333,11.663,ci14377684
2008-06-27 21:11:01.260000+00:00,2.81,32.705,-115.8093333,5.973,ci14377708
2008-06-28 04:02:22.290000+00:00,3.44,32.2528333,-115.3023333,6.006,ci14377764
2008-06-28 05:03:08.850000+00:00,2.73,32.2388333,-115.3215,6.006,ci14377776
2008-07-01 00:53:21.480000+00:00,3.57,32.1013333,-115.2686667,5.986,ci14378292
2008-07-01 09:07:06.670000+00:00,2.73,34.6055,-117.6108333,7.719,ci14378356
2008-07-04 22:16:10.940000+00:00,3.4,36.1536667,-118.0603333,-1.24,ci14379004
2008-07-06 01:04:08.180000+00:00,3.21,32.3815,-116.3851667,5.584,ci14379240
2008-07-06 18:09:24.310000+00:00,2.57,32.1188333,-115.8666667,5.748,ci14379344
2008-07-06 20:25:54.490000+00:00,3.7,35.639,-120.7585,5.881,nc40220309
2008-07-06 20:26:33.930000+00:00,3.32,34.8611667,-116.34,4.409,ci14379364
2008-07-06 20:47:17.090000+00:00,2.56,35.6376667,-120.7563333,6.471,nc40220314
2008-07-09 03:01:26.500000+00:00,3.67,32.1361667,-115.3381667,14.995,ci14379732
2008-07-09 23:43:55.010000+00:00,2.63,34.866,-116.343,3.932,ci14379928
2008-07-10 05:49:56.250000+00:00,3.19,32.2303333,-115.3288333,14.995,ci14379960
2008-07-11 13:28:31.070000+00:00,3.03,32.6665,-116.044,9.676,ci14380240
2008-07-11 19:40:04.510000+00:00,3.24,32.1286667,-115.3128333,5.995,ci14380332
2008-07-11 20:50:03.510000+00:00,2.71,32.2075,-115.3443333,5.966,ci14380348
2008-07-11 21:40:32.880000+00:00,3.37,36.0736667,-117.8996667,3.522,ci14380372
2008-07-11 22:34:06.270000+00:00,2.76,32.2631667,-115.3405,5.995,ci14380384
2008-07-12 10:56:36.170000+00:00,2.88,32.2608333,-115.3296667,6.0,ci14380520
2008-07-14 00:04:48.130000+00:00,2.7,34.8631667,-116.3423333,4.37,ci14380860
2008-07-14 20:09:55.550000+00:00,2.65,32.3306667,-115.3375,7.906,ci14380984
2008-07-15 10:35:44.020000+00:00,3.15,35.488,-119.1051667,23.776,ci14381108
2008-07-15 16:09:54.510000+00:00,2.55,33.99,-116.9763333,17.723,ci14381148
2008-07-17 06:17:17.740000+00:00,2.77,34.9126667,-116.5613333,4.409,ci14381612
2008-07-17 15:10:15.150000+00:00,2.53,32.52,-115.5308333,2.973,ci14381664
2008-07-19 22:26:42.060000+00:00,2.7,32.6143333,-115.6156667,5.973,ci14382140
2008-07-21 17:48:18.340000+00:00,2.81,34.8678333,-116.3461667,4.31,ci14382480
2008-07-21 20:21:00.550000+00:00,3.01,34.1151667,-116.9053333,4.475,ci14382496
2008-07-21 22:47:24.720000+00:00,2.75,33.3931667,-117.0198333,11.216,ci14382516
2008-07-22 13:36:23.780000+00:00,2.6,32.7815,-116.1175,9.72,ci14382640
2008-07-24 02:42:12.190000+00:00,2.61,34.0181667,-117.2,3.866,ci14382928
2008-07-24 08:57:59.270000+00:00,3.27,32.2378333,-115.3086667,5.995,ci14382984
2008-07-24 09:05:50.710000+00:00,2.69,34.5768333,-116.269,3.671,ci14382988
2008-07-26 00:53:02.230000+00:00,3.31,32.2946667,-115.312,6.006,ci14383292
2008-07-26 03:17:37.700000+00:00,2.76,32.206,-115.3351667,20.565,ci14383340
2008-07-27 03:00:28.930000+00:00,3.03,32.2308333,-115.2963333,15.006,ci14383536
2008-07-27 06:31:30.450000+00:00,2.89,32.2728333,-115.3238333,5.995,ci14383568
2008-07-27 10:13:45.600000+00:00,2.52,32.249,-115.3295,5.995,ci14383576
2008-07-29 12:04:33.020000+00:00,3.04,34.9973333,-116.9448333,5.146,ci14383948
2008-07-29 18:42:15.670000+00:00,5.44,33.9485,-117.7663333,15.503,ci14383980
2008-07-29 18:51:46.360000+00:00,2.82,33.9461667,-117.7916667,16.633,ci14384012
2008-07-29 18:51:52.290000+00:00,3.8,33.9516667,-117.8018333,16.083,ci14384052
2008-07-29 20:40:41.500000+00:00,3.64,33.9423333,-117.7428333,15.097,ci14384236
2008-07-30 01:55:46.600000+00:00,2.96,32.0963333,-115.868,5.787,ci14384392
2008-07-30 05:19:39.210000+00:00,2.71,33.9638333,-117.739,14.567,ci14384480
2008-07-31 04:37:09.780000+00:00,2.99,33.9128333,-117.7898333,17.121,ci14384764
2008-08-01 02:34:16.810000+00:00,2.54,33.9298333,-117.8128333,18.243,ci14385016
2008-08-01 21:44:06.550000+00:00,2.6,32.6086667,-115.7783333,7.643,ci14385168
2008-08-02 18:46:07.330000+00:00,2.68,33.947,-117.7223333,14.877,ci14385332
2008-08-03 01:27:04.510000+00:00,3.01,34.0108333,-117.2146667,10.024,ci14385368
2008-08-07 22:09:13.850000+00:00,2.97,32.2711667,-115.3168333,20.146,ci14386388
2008-08-08 02:05:39.730000+00:00,2.62,35.9293333,-120.0678333,19.248,nc40221680
2008-08-08 02:05:54.800000+00:00,2.57,36.3271667,-119.5961667,4.803,ci14386428
2008-08-08 13:13:46.640000+00:00,3.14,34.9843333,-119.691,14.109,ci14386464
2008-08-08 23:17:20.580000+00:00,2.6,35.98,-117.322,2.679,ci14386548
2008-08-15 03:51:36.890000+00:00,2.59,33.9566667,-117.7645,15.053,ci10343629
2008-08-16 04:31:50.770000+00:00,2.94,32.8326667,-116.1835,11.31,ci10343757
2008-08-19 01:55:13.610000+00:00,3.16,33.6811667,-116.8075,13.762,ci14388184
2008-08-19 01:55:28.360000+00:00,2.71,33.6895,-116.8016667,13.973,ci12341151
2008-08-20 08:59:50.960000+00:00,2.63,32.5833333,-115.5731667,14.808,ci10344505
2008-08-22 19:52:21.380000+00:00,3.0,35.983,-117.3216667,2.882,ci10345085
2008-08-25 22:11:24.060000+00:00,3.39,33.8605,-119.3686667,5.769,ci10345581
2008-08-26 01:53:04.200000+00:00,2.97,33.1638333,-115.9571667,5.95,ci10345625
2008-08-27 21:30:52.900000+00:00,2.87,33.6856667,-116.8051667,13.399,ci10345985
2008-08-28 02:22:50.540000+00:00,2.93,32.672,-115.9266667,4.306,ci10346017
2008-09-01 18:39:45.390000+00:00,2.99,33.162,-115.9578333,6.65,ci10346697
2008-09-03 18:04:01.760000+00:00,3.25,33.1893333,-115.5673333,2.594,ci10346905
2008-09-04 08:42:03.740000+00:00,3.29,34.0051667,-117.1186667,12.307,ci10347025
2008-09-04 11:03:39.020000+00:00,2.58,33.064,-116.0013333,12.204,ci10347049
2008-09-05 21:54:33.590000+00:00,4.63,32.3468333,-115.2295,14.987,ci10347253
2008-09-06 17:27:41.690000+00:00,3.09,34.3723333,-117.665,5.708,ci10347385
2008-09-10 12:46:30.520000+00:00,2.97,33.6806667,-116.7951667,17.447,ci10348029
2008-09-10 12:46:53.240000+00:00,2.56,33.682,-116.7933333,17.488,ci10348033
2008-09-11 14:52:26.630000+00:00,3.36,32.6958333,-116.0661667,9.77,ci10348237
2008-09-12 00:19:44.010000+00:00,2.63,34.619,-116.2648333,1.913,ci10348313
2008-09-13 08:46:52.720000+00:00,3.16,33.0401667,-118.9305,6.817,ci10348565
2008-09-14 15:02:47.190000+00:00,2.63,34.523,-118.8708333,15.567,ci10348833
2008-09-14 15:25:00.640000+00:00,2.81,35.9933333,-117.9536667,4.567,ci10348837
2008-09-14 16:43:14.980000+00:00,2.78,34.1643333,-117.4756667,11.461,ci10348877
2008-09-15 04:18:21.210000+00:00,2.77,34.0185,-116.7936667,12.352,ci10348981
2008-09-18 17:32:09.200000+00:00,3.33,35.1883333,-119.4303333,18.712,ci10349589
2008-09-19 06:22:09.550000+00:00,3.09,33.9626667,-117.7893333,15.382,ci14393824
2008-09-19 15:02:03.070000+00:00,2.73,32.1141667,-115.816,5.693,ci14393868
2008-09-19 21:38:28.870000+00:00,3.1,32.922,-115.8776667,6.936,ci14393916
2008-09-21 03:09:38.320000+00:00,2.98,32.5593333,-118.7008333,14.711,ci14394096
2008-09-22 18:09:10.820000+00:00,2.5,36.2305,-120.287,13.327,nc51208495
2008-09-23 15:57:09.910000+00:00,2.72,35.4153333,-118.921,17.517,ci14394476
2008-09-24 02:37:47.450000+00:00,2.93,33.369,-116.3876667,5.656,ci14394576
2008-09-24 02:52:43.780000+00:00,2.65,36.7591667,-120.8696667,8.056,nc51208565
2008-09-27 22:55:13.430000+00:00,3.06,34.8448333,-116.6826667,10.249,ci14395312
2008-09-28 04:44:00.240000+00:00,2.68,32.6791667,-115.9243333,5.736,ci14395360
2008-09-28 12:12:13.810000+00:00,2.77,33.7716667,-116.9075,12.302,ci14395420
2008-09-29 07:50:13.170000+00:00,2.67,33.1868333,-115.6103333,2.003,ci14395540
2008-09-29 11:37:51.990000+00:00,2.97,33.1805,-115.6083333,3.163,ci14395668
2008-09-30 01:34:59.500000+00:00,2.59,32.9606667,-115.8743333,8.232,ci14395856
2008-09-30 12:30:04.540000+00:00,2.56,32.69,-116.073,10.696,ci14395940
2008-10-01 02:57:08.780000+00:00,2.97,33.9545,-118.385,13.353,ci14396068
2008-10-02 09:41:49.270000+00:00,4.14,34.0838333,-116.9678333,11.345,ci14396336
2008-10-02 15:46:49.990000+00:00,2.61,33.2423333,-116.1378333,5.628,ci14396384
2008-10-03 00:01:22.760000+00:00,3.14,35.0561667,-119.1218333,16.487,ci14396432
2008-10-04 16:57:17.880000+00:00,2.57,35.8843333,-117.3718333,6.884,ci10352513
2008-10-06 14:48:10.270000+00:00,3.0,36.1041667,-119.8341667,14.869,nc51209072
2008-10-06 17:04:52.270000+00:00,2.87,36.0901667,-119.8315,6.262,nc51209078
2008-10-09 04:57:10.020000+00:00,3.23,35.8943333,-116.7588333,2.224,ci10353117
2008-10-10 18:04:00.950000+00:00,3.34,32.6653333,-115.9388333,7.336,ci10353365
2008-10-11 03:03:05.950000+00:00,2.94,32.675,-115.9266667,2.926,ci10353421
2008-10-11 19:21:50.040000+00:00,2.59,33.6736667,-116.711,15.214,ci10353481
2008-10-11 19:33:59.330000+00:00,3.0,33.6713333,-116.7136667,15.127,ci10353485
2008-10-12 10:18:59.680000+00:00,3.05,32.107,-116.5463333,6.222,ci10353581
2008-10-12 12:12:38.530000+00:00,2.82,33.283,-116.2411667,4.693,ci10353597
2008-10-12 22:01:47.510000+00:00,2.61,35.026,-116.9646667,3.945,ci10353697
2008-10-13 05:39:48.220000+00:00,3.39,33.9323333,-116.7421667,13.037,ci10353729
2008-10-13 05:40:08.610000+00:00,2.76,33.9225,-116.7235,15.816,ci12346335
2008-10-17 03:05:11.157000+00:00,3.3,36.1869,-114.5265,0.0,nn00263103
2008-10-18 02:27:37.892000+00:00,3.4,36.1753,-114.5225,0.0,nn00263178
2008-10-19 04:07:08.020000+00:00,2.99,35.8938333,-116.7616667,2.834,ci10354741
2008-10-21 11:04:02.940000+00:00,3.26,32.2315,-115.3231667,5.995,ci10355109
2008-10-22 22:03:33.870000+00:00,2.51,33.9891667,-118.4308333,11.79,ci10355397
2008-10-23 12:37:47.460000+00:00,2.74,32.0618333,-116.3215,5.49,ci10355477
2008-10-23 14:13:17.810000+00:00,2.61,33.899,-120.3956667,6.872,ci10355497
2008-10-24 23:35:49.770000+00:00,3.15,35.8965,-116.76,1.204,ci10355761
2008-10-26 15:53:25.556000+00:00,3.7,36.2729,-114.5478,9.7,nn00263769
2008-10-26 19:47:48.352000+00:00,3.8,36.2353,-114.5539,10.8,nn00263774
2008-10-28 17:09:05.280000+00:00,2.52,36.2335,-120.274,5.799,nc51210262
2008-10-28 23:45:29.700000+00:00,2.56,33.9943333,-119.2231667,0.017,ci10356441
2008-10-29 02:17:55.180000+00:00,2.71,33.0606667,-115.9021667,2.62,ci12346571
2008-10-29 02:28:22.140000+00:00,2.59,33.0668333,-115.9098333,1.454,ci10356489
2008-10-29 13:24:35.910000+00:00,2.83,34.453,-119.6598333,4.037,ci10356557
2008-10-29 23:57:44.910000+00:00,2.56,33.8663333,-117.832,11.958,ci10356633
2008-10-30 03:01:11.790000+00:00,2.93,33.0655,-115.9086667,1.89,ci10356669
2008-10-30 03:26:35.880000+00:00,2.9,33.0648333,-115.913,1.889,ci10356681
2008-10-30 03:27:38.080000+00:00,3.24,33.0663333,-115.9121667,0.644,ci10356685
2008-10-30 03:44:53.460000+00:00,2.5,33.0608333,-115.905,3.14,ci10356725
2008-10-30 03:48:12.510000+00:00,3.04,33.0628333,-115.9093333,1.426,ci10356729
2008-10-30 03:49:21.960000+00:00,2.82,33.0653333,-115.913,1.276,ci10356737
2008-10-30 03:49:45.370000+00:00,3.61,33.057,-115.9046667,1.184,ci10356741
2008-10-30 03:52:43.210000+00:00,3.5,33.0533333,-115.9031667,1.957,ci10356753
2008-10-30 04:01:46.430000+00:00,2.7,33.0706667,-115.9168333,1.902,ci10356773
2008-10-30 04:02:58.710000+00:00,2.57,33.0646667,-115.9073333,2.812,ci10356781
2008-10-30 04:04:17.240000+00:00,2.53,33.0608333,-115.919,0.904,ci10356785
2008-10-30 04:09:20.620000+00:00,2.82,33.0683333,-115.9096667,2.522,ci10356797
2008-10-30 04:14:51.630000+00:00,2.93,33.0545,-115.9003333,1.76,ci10356805
2008-10-30 04:17:07.060000+00:00,2.64,33.0535,-115.9063333,1.214,ci10356813
2008-10-30 04:17:48.940000+00:00,2.81,33.0531667,-115.9025,0.91,ci10356817
2008-10-30 05:09:01.320000+00:00,2.57,33.0485,-115.9018333,1.907,ci10356881
2008-10-30 05:21:56.370000+00:00,2.75,33.058,-115.906,1.844,ci10356893
2008-10-30 06:49:38.370000+00:00,3.3,33.0641667,-115.91,2.044,ci10356925
2008-10-30 14:43:51.580000+00:00,3.03,32.7593333,-117.3458333,11.206,ci10357065
2008-10-30 17:09:39.530000+00:00,3.16,33.5391667,-116.5776667,11.735,ci10357093
2008-11-01 05:12:19.940000+00:00,2.77,32.6538333,-116.0425,8.256,ci10357333
2008-11-01 23:44:10.390000+00:00,2.7,36.5755,-120.707,11.492,nc51210449
2008-11-03 03:15:51.660000+00:00,2.7,33.0558333,-116.0396667,10.606,ci10357573
2008-11-04 09:44:25.790000+00:00,2.93,36.0795,-120.1778333,13.911,nc51210580
2008-11-05 03:21:39.390000+00:00,2.77,36.2381667,-120.3588333,9.479,nc51210632
2008-11-05 16:05:48.860000+00:00,3.4,36.079,-120.1563333,16.921,nc51210672
2008-11-05 16:28:47.020000+00:00,2.61,36.0841667,-120.1713333,12.952,nc51210676
2008-11-06 22:50:14.910000+00:00,2.65,35.3411667,-118.8373333,19.047,ci10358013
2008-11-08 11:31:54.040000+00:00,2.96,33.4976667,-116.5135,11.954,ci10358289
2008-11-08 19:05:03.400000+00:00,2.9,34.1313333,-117.4706667,5.251,ci10358309
2008-11-11 09:48:05.850000+00:00,2.56,36.003,-120.5695,4.333,nc51211004
2008-11-11 20:16:49.440000+00:00,2.51,32.3123333,-115.325,5.995,ci10358649
2008-11-13 07:06:42.890000+00:00,2.81,34.0203333,-117.1166667,3.136,ci14402980
2008-11-14 21:57:52.824000+00:00,2.5,36.7369,-115.8398,2.6,nn00265199
2008-11-15 09:52:51.510000+00:00,3.49,34.4505,-119.0058333,26.943,ci14403392
2008-11-15 17:50:41.280000+00:00,3.96,35.525,-120.8103333,4.828,nc51211277
2008-11-17 01:32:41.870000+00:00,2.69,35.5261667,-120.812,4.588,nc51211362
2008-11-17 12:35:42.260000+00:00,4.11,33.4996667,-116.8613333,10.839,ci14403732
2008-11-17 14:27:28.880000+00:00,3.34,36.012,-120.8776667,11.462,nc51211390
2008-11-17 16:23:58.590000+00:00,2.72,36.0081667,-120.876,10.604,nc51211400
2008-11-17 17:41:37.110000+00:00,3.79,33.4961667,-116.8636667,10.407,ci14403792
2008-11-19 00:54:50.230000+00:00,2.84,34.1331667,-117.0376667,3.32,ci14404108
2008-11-20 00:07:11.510000+00:00,2.8,32.3808333,-115.3503333,5.995,ci14404372
2008-11-20 00:18:21.260000+00:00,3.72,32.4178333,-115.3448333,5.987,ci14404380
2008-11-20 00:18:35.760000+00:00,3.68,32.3681667,-115.3453333,5.995,ci14404388
2008-11-20 05:05:13.870000+00:00,3.0,32.3848333,-115.3481667,6.006,ci14404432
2008-11-20 08:44:00.930000+00:00,3.38,32.3796667,-115.3481667,5.995,ci14404452
2008-11-20 09:14:53.820000+00:00,2.88,32.3865,-115.3515,5.995,ci14404464
2008-11-20 19:23:00.190000+00:00,4.98,32.3288333,-115.3318333,6.006,ci14404512
2008-11-20 20:37:12.330000+00:00,2.67,32.3853333,-115.3488333,3.805,ci14404536
2008-11-20 20:43:24.700000+00:00,3.28,32.3691667,-115.3555,6.006,ci14404544
2008-11-20 21:17:22.790000+00:00,3.2,34.0033333,-116.9125,16.456,ci14404564
2008-11-21 02:07:49.780000+00:00,3.38,32.3546667,-115.3068333,5.966,ci14404596
2008-11-21 02:11:13.030000+00:00,2.51,33.9528333,-117.7406667,13.609,ci14404600
2008-11-21 06:21:27.140000+00:00,2.62,36.288,-120.8496667,10.137,nc40226474
2008-11-21 06:30:19.360000+00:00,2.54,32.3988333,-115.3498333,5.836,ci14404632
2008-11-23 14:44:05.110000+00:00,3.48,35.8278333,-120.3808333,6.675,nc40226649
2008-11-23 17:05:38.790000+00:00,2.73,35.9725,-117.3245,2.399,ci14405020
2008-11-23 19:39:41.810000+00:00,3.29,33.0843333,-116.2311667,5.413,ci14405040
2008-11-23 21:33:03.190000+00:00,2.87,36.4376667,-120.6615,16.632,nc40226672
2008-11-24 18:18:09.680000+00:00,2.79,35.9721667,-117.3275,0.639,ci14405300
2008-11-25 04:11:36.230000+00:00,3.86,35.9733333,-117.329,-0.011,ci14405360
2008-11-26 19:00:49.330000+00:00,3.09,33.8483333,-117.704,9.693,ci14405700
2008-11-27 01:11:16.490000+00:00,2.83,36.8055,-118.4653333,3.895,ci14405724
2008-11-27 12:13:50.060000+00:00,2.57,35.9691667,-117.3275,-0.031,ci14405816
2008-11-27 22:56:30.570000+00:00,2.59,32.4466667,-115.3233333,15.006,ci14405884
2008-11-28 09:19:42.030000+00:00,2.75,32.4741667,-115.3013333,6.68,ci14405916
2008-11-28 11:02:18.350000+00:00,2.53,32.4561667,-115.3203333,7.006,ci14405932
2008-11-28 13:31:51.990000+00:00,2.92,32.4923333,-115.3176667,6.001,ci14405944
2008-11-28 19:04:19.680000+00:00,2.7,32.4536667,-115.3101667,5.987,ci14405984
2008-11-29 10:53:23.410000+00:00,2.98,32.4638333,-115.3065,15.006,ci14406124
2008-11-29 11:04:51.020000+00:00,3.29,35.744,-118.0095,2.77,ci14406128
2008-11-29 21:14:09.070000+00:00,4.03,35.9706667,-117.3263333,0.189,ci14406196
2008-11-29 23:45:48.040000+00:00,2.54,35.9683333,-117.326,0.279,ci14406220
2008-11-30 13:03:07.280000+00:00,4.04,35.9713333,-117.3198333,2.459,ci14406304
2008-11-30 13:11:17.220000+00:00,2.91,35.9703333,-117.32,2.059,ci14406316
2008-11-30 15:22:53.560000+00:00,2.51,35.9705,-117.3295,0.379,ci14406360
2008-11-30 15:56:51.460000+00:00,2.91,35.977,-117.3108333,1.939,ci14406376
2008-11-30 19:24:06.290000+00:00,2.67,35.973,-117.3136667,0.129,ci14406436
2008-11-30 21:10:37.070000+00:00,2.65,32.6658333,-115.8608333,8.877,ci14406448
2008-11-30 21:16:25.460000+00:00,2.57,35.978,-117.3113333,2.339,ci14406452
2008-11-30 21:20:07.540000+00:00,2.61,34.3353348,-118.8099976,0.0,ci14406456
2008-11-30 22:38:11.580000+00:00,3.12,35.9783333,-117.3126667,0.939,ci14406484
2008-12-02 10:19:06.950000+00:00,3.02,35.9783333,-117.3063333,0.299,ci14406872
2008-12-02 11:23:44.100000+00:00,3.8,35.9801667,-117.307,1.759,ci14406888
2008-12-02 12:27:35.100000+00:00,3.38,35.9853333,-117.303,1.859,ci14406924
2008-12-02 16:41:19.470000+00:00,3.69,35.9711667,-117.3213333,0.789,ci14407012
2008-12-02 16:53:09.120000+00:00,4.03,35.9711667,-117.3221667,2.329,ci14407020
2008-12-02 16:58:09.760000+00:00,3.06,35.97,-117.3176667,0.399,ci14407024
2008-12-03 00:07:13.960000+00:00,2.83,35.9663333,-117.3221667,0.619,ci14407152
2008-12-03 05:55:07.100000+00:00,2.66,35.9831667,-117.32,1.799,ci14407260
2008-12-03 06:27:28.270000+00:00,2.78,32.6735,-115.9293333,8.836,ci14407268
2008-12-03 07:48:50.110000+00:00,2.53,35.9781667,-117.3223333,0.309,ci14407292
2008-12-03 10:17:57.110000+00:00,2.59,35.9756667,-117.3095,0.199,ci14407312
2008-12-04 02:04:36.895000+00:00,3.0,36.0439,-114.8316,6.0,nn00266843
2008-12-04 04:46:17.060000+00:00,2.74,35.9753333,-117.3206667,2.369,ci14407544
2008-12-04 16:07:31.740000+00:00,2.62,32.953,-115.5401667,6.059,ci14407632
2008-12-05 21:43:25.020000+00:00,2.77,35.4861667,-118.39,2.73,ci14407972
2008-12-06 04:18:42.850000+00:00,5.06,34.8133333,-116.4188333,6.37,ci14408052
2008-12-06 06:22:02.960000+00:00,2.71,35.9801667,-117.3096667,2.999,ci14408144
2008-12-06 08:25:36.890000+00:00,2.5,34.8056667,-116.4188333,3.27,ci14408180
2008-12-06 13:16:46.800000+00:00,2.8,34.8188333,-116.4156667,3.53,ci14408344
2008-12-06 14:44:58.950000+00:00,2.59,34.8103333,-116.4116667,3.68,ci14408368
2008-12-06 16:07:26.070000+00:00,2.9,36.2095,-117.9128333,-1.536,ci14408404
2008-12-07 15:39:01.730000+00:00,3.47,33.8673333,-119.3236667,11.316,ci14408728
2008-12-07 15:56:13.480000+00:00,2.51,33.8588333,-119.327,11.029,ci14408736
2008-12-07 20:13:20+00:00,3.28,35.977,-117.3091667,0.239,ci14408784
2008-12-07 21:04:19.820000+00:00,3.01,34.8181667,-116.413,3.33,ci14408792
2008-12-08 17:03:55.660000+00:00,2.78,35.6025,-118.8395,0.121,ci14408968
2008-12-08 21:48:46.270000+00:00,3.43,34.8116667,-116.4173333,3.39,ci14409036
2008-12-09 03:41:08.020000+00:00,3.1,36.2123333,-117.914,0.21,ci14409112
2008-12-10 00:28:25.920000+00:00,2.55,35.9796667,-117.3055,-0.201,ci10365233
2008-12-10 00:29:26.210000+00:00,3.63,34.1631667,-117.3766667,7.202,ci10365237
2008-12-10 09:40:20.150000+00:00,3.08,34.1431667,-116.4296667,6.853,ci10365305
2008-12-10 10:07:42.730000+00:00,2.66,35.9746667,-117.3185,0.619,ci10365317
2008-12-11 08:38:55.370000+00:00,2.56,35.72,-117.4021667,10.69,ci10365561
2008-12-12 11:43:53.030000+00:00,2.85,35.971,-117.318,2.819,ci10365809
2008-12-13 11:54:13.520000+00:00,2.65,32.0665,-115.7795,5.787,ci10366053
2008-12-13 14:28:41.240000+00:00,2.79,34.3346667,-116.876,7.592,ci10366073
2008-12-13 17:16:46.470000+00:00,4.01,35.972,-117.3173333,-0.971,ci10366101
2008-12-13 17:17:20.150000+00:00,3.32,35.9581667,-117.3378333,-1.137,ci12445759
2008-12-14 04:43:54.170000+00:00,3.25,32.4966667,-115.5091667,15.01,ci10366225
2008-12-14 08:41:26.450000+00:00,4.03,32.5536667,-115.5366667,15.01,ci10366249
2008-12-14 09:29:19.550000+00:00,3.11,32.5061667,-115.5095,15.01,ci10366269
2008-12-14 11:23:17.890000+00:00,3.17,35.978,-117.3221667,0.439,ci10366277
2008-12-14 11:27:09.060000+00:00,3.37,35.9761667,-117.3241667,0.749,ci10366285
2008-12-14 11:37:51.550000+00:00,2.62,32.52,-115.5093333,15.01,ci10366297
2008-12-14 17:26:07.050000+00:00,2.57,35.9955,-117.3058333,2.949,ci10366361
2008-12-14 17:41:06.790000+00:00,3.24,35.9936667,-117.3086667,2.379,ci10366365
2008-12-16 01:03:08.120000+00:00,3.12,35.9801667,-117.3136667,2.039,ci10366617
2008-12-17 20:11:33.690000+00:00,2.73,32.2263333,-115.7955,5.295,ci10366933
2008-12-17 20:46:57.760000+00:00,2.56,35.9846667,-117.3095,0.658,ci10366941
2008-12-17 20:47:48.020000+00:00,2.71,35.9775,-117.3118333,-0.561,ci10105042
2008-12-18 02:20:53.380000+00:00,2.63,34.8028333,-116.4163333,3.38,ci10367001
2008-12-20 17:17:43.940000+00:00,2.96,34.3933333,-118.7438333,12.65,ci10367325
2008-12-21 12:13:49.940000+00:00,2.58,32.1235,-115.3538333,5.962,ci10367453
2008-12-24 10:08:02.230000+00:00,2.61,32.0695,-115.846,5.787,ci10367885
2008-12-25 15:16:09.260000+00:00,3.39,32.5268333,-115.5135,8.01,ci10368045
2008-12-28 05:17:07.470000+00:00,4.52,32.5681667,-115.5428333,10.01,ci10368325
2008-12-29 06:39:10.310000+00:00,2.55,33.9613333,-116.6045,9.914,ci10368473
2008-12-31 09:01:06.290000+00:00,2.65,33.011,-116.2635,6.892,ci10368689
2008-12-31 11:05:05.660000+00:00,3.13,33.9433333,-118.7836667,13.791,ci10368705
2009-01-01 03:37:59.850000+00:00,2.55,32.055,-115.618,5.787,ci10368817
2009-01-01 14:15:24.780000+00:00,2.64,32.1103333,-115.3333333,5.995,ci10368873
2009-01-04 12:34:43.390000+00:00,2.76,33.992,-116.9545,4.481,ci10369397
2009-01-06 12:18:50.830000+00:00,2.75,36.3441667,-120.9166667,3.955,nc51214740
2009-01-08 10:36:36.510000+00:00,2.51,32.5606667,-115.562,5.966,ci10369961
2009-01-09 01:45:18.910000+00:00,2.89,35.9928333,-119.8696667,16.485,nc51214907
2009-01-09 03:49:46.270000+00:00,4.45,34.1073333,-117.3041667,13.823,ci10370141
2009-01-09 04:47:40.290000+00:00,3.28,34.0976667,-117.3056667,14.8,ci10370177
2009-01-09 12:40:06.010000+00:00,2.86,32.5068333,-115.2085,10.001,ci10370261
2009-01-09 12:43:58.320000+00:00,3.3,32.5445,-115.2556667,10.014,ci10370265
2009-01-09 12:44:58.680000+00:00,3.22,32.5578333,-115.246,10.014,ci12709759
2009-01-09 12:55:06.090000+00:00,2.95,32.5386667,-115.2521667,10.014,ci10370273
2009-01-09 13:44:59.060000+00:00,2.52,32.4755,-115.2011667,10.014,ci10370293
2009-01-10 06:03:06.060000+00:00,2.61,36.1606667,-118.0616667,3.659,ci10370429
2009-01-10 14:18:20.710000+00:00,3.03,36.1685,-120.7353333,8.827,nc51214989
2009-01-10 14:22:33.650000+00:00,2.87,36.1713333,-120.732,8.767,nc51214990
2009-01-11 01:06:00.080000+00:00,3.6,34.3081667,-116.9155,5.774,ci10370561
2009-01-12 20:41:06.340000+00:00,3.4,35.98,-117.2996667,4.979,ci10370809
2009-01-16 13:49:39.300000+00:00,3.32,32.1033333,-115.7708333,16.117,ci10371621
2009-01-16 18:22:23.880000+00:00,2.6,35.968,-117.3198333,1.379,ci10371673
2009-01-17 01:26:31.310000+00:00,2.66,34.3446667,-119.4646667,11.504,ci10371745
2009-01-17 07:38:40.790000+00:00,2.52,36.0488333,-120.6083333,8.668,nc40230299
2009-01-19 01:01:24.410000+00:00,2.69,33.9935,-116.9581667,8.941,ci10106802
2009-01-19 05:48:39.810000+00:00,3.08,32.4415,-117.7185,5.846,ci10372097
2009-01-21 07:42:26.860000+00:00,2.59,33.163,-115.6633333,2.343,ci10372525
2009-01-22 17:52:07.500000+00:00,2.67,32.1323333,-115.6893333,8.42,ci10372837
2009-01-22 20:46:58.300000+00:00,3.06,34.2001667,-118.5576667,18.051,ci10372885
2009-01-23 17:44:43.090000+00:00,3.59,32.119,-115.7533333,11.907,ci10373025
2009-01-23 17:48:02.640000+00:00,2.53,32.1325,-115.7615,4.142,ci10373029
2009-01-24 03:42:44.050000+00:00,3.3,33.979,-118.4611667,11.139,ci10373093
2009-01-24 05:19:05.960000+00:00,3.58,32.0958333,-115.711,11.707,ci10373105
2009-01-24 07:58:38.990000+00:00,3.62,32.0598333,-115.7963333,5.787,ci10373113
2009-01-24 17:11:48.030000+00:00,2.6,36.145,-119.3241667,36.844,nc71187400
2009-01-24 18:08:40.550000+00:00,3.12,35.9896667,-117.2958333,-0.613,ci10373189
2009-01-24 20:40:20.540000+00:00,3.04,32.0675,-115.7745,5.787,ci10373229
2009-01-24 20:47:49.560000+00:00,2.91,34.3053333,-116.917,4.368,ci10373233
2009-01-25 20:53:32+00:00,2.63,35.9896667,-117.2953333,0.747,ci10373341
2009-01-27 07:00:51.100000+00:00,2.65,32.0906667,-115.603,5.787,ci10373601
2009-01-27 09:45:14.350000+00:00,2.64,32.4606667,-115.3188333,6.006,ci10373621
2009-01-27 10:12:48.700000+00:00,3.02,32.469,-115.3123333,6.006,ci10373629
2009-01-28 04:39:14+00:00,2.9,35.9223333,-120.4703333,4.899,nc40230935
2009-01-28 05:53:24.570000+00:00,2.78,35.3193333,-118.5211667,3.641,ci10373805
2009-01-28 06:36:39.490000+00:00,3.54,32.063,-115.7833333,5.787,ci10373809
2009-01-28 17:00:23.980000+00:00,3.09,32.0911667,-115.861,6.457,ci10373905
2009-01-28 17:19:52.680000+00:00,2.64,35.3143333,-118.5216667,4.978,ci10373909
2009-01-28 20:46:33.180000+00:00,2.76,32.146,-115.7625,5.774,ci10373945
2009-01-29 00:20:16.800000+00:00,2.64,36.0725,-120.6463333,2.352,nc40230984
2009-01-29 01:48:01.110000+00:00,3.43,32.0776667,-115.7366667,5.787,ci10373985
2009-01-29 08:41:59.120000+00:00,4.19,32.6931667,-118.2265,9.693,ci10374021
2009-01-29 19:20:02.440000+00:00,3.06,32.7301667,-118.2258333,9.693,ci10374081
2009-01-31 21:09:22.590000+00:00,4.39,35.4135,-117.7858333,7.42,ci14418600
2009-02-01 06:02:50.980000+00:00,2.99,35.4106667,-117.7896667,6.46,ci14418780
2009-02-03 21:46:15+00:00,2.52,33.8041667,-118.72,2.95,ci14419268
2009-02-08 13:57:32.730000+00:00,3.07,36.0216667,-117.7783333,0.362,ci14419896
2009-02-09 21:10:42.890000+00:00,3.82,32.5926667,-115.5973333,16.248,ci14420052
2009-02-09 21:50:10.350000+00:00,2.86,32.6093333,-115.597,14.768,ci14420072
2009-02-09 21:53:58.680000+00:00,3.75,32.6025,-115.5976667,14.558,ci14420076
2009-02-09 22:08:36.730000+00:00,2.76,35.9805,-117.2991667,0.768,ci14420080
2009-02-10 15:09:50.830000+00:00,2.59,34.3028333,-118.6568333,12.693,ci14420168
2009-02-10 23:10:57.400000+00:00,2.8,32.504,-115.5235,15.167,ci10376113
2009-02-13 01:52:48.810000+00:00,2.8,35.4118333,-117.7946667,6.74,ci14420704
2009-02-13 08:25:38.260000+00:00,2.63,35.4985,-120.7713333,2.863,nc40231773
2009-02-14 17:01:03.150000+00:00,2.58,35.99,-117.2991667,2.529,ci14421304
2009-02-14 18:48:06.710000+00:00,2.59,32.6263333,-115.6103333,17.698,ci14421360
2009-02-15 21:42:48.420000+00:00,2.82,34.5268333,-116.277,2.16,ci14421568
2009-02-16 01:03:38.980000+00:00,3.89,35.3041667,-119.4318333,14.045,ci14421592
2009-02-18 14:50:36.150000+00:00,2.62,32.3323333,-115.3156667,5.986,ci14422440
2009-02-19 03:29:03.740000+00:00,2.59,34.0946667,-117.4818333,17.2,ci14422624
2009-02-19 07:22:53.150000+00:00,2.65,35.9878333,-117.3128333,-1.071,ci14422680
2009-02-19 16:24:38.650000+00:00,3.45,32.2848333,-115.2945,29.256,ci14422816
2009-02-19 22:30:23.700000+00:00,2.9,36.1308333,-117.8646667,0.284,ci14422936
2009-02-20 12:19:14.660000+00:00,3.68,35.9825,-117.3053333,0.718,ci10377693
2009-02-20 13:54:40.850000+00:00,2.71,32.3811667,-115.2908333,5.991,ci10377713
2009-02-21 08:43:23.180000+00:00,2.79,36.3221667,-120.3683333,11.274,nc40232060
2009-02-23 14:53:28.090000+00:00,2.65,32.178,-115.8551667,5.796,ci10378365
2009-02-24 06:07:27.950000+00:00,3.18,32.1323333,-115.7511667,5.787,ci10378473
2009-02-26 07:23:02.090000+00:00,2.5,36.0056667,-120.875,11.269,nc40232315
2009-02-26 22:50:11.140000+00:00,2.57,35.3278333,-118.5701667,3.151,ci10378869
2009-02-27 15:10:01.404000+00:00,2.9,36.3522,-115.0728,8.4,nn00277021
2009-02-27 19:42:41.600000+00:00,2.56,33.8348333,-117.8693333,4.978,ci13341759
2009-03-01 07:49:45.360000+00:00,2.63,35.5316667,-120.8361667,4.329,nc40232503
2009-03-01 14:30:55.920000+00:00,2.57,32.3603333,-115.2178333,5.991,ci10379277
2009-03-02 08:06:45.190000+00:00,2.62,33.7375,-117.4746667,8.882,ci10379405
2009-03-02 19:48:16.080000+00:00,2.66,32.812,-115.615,15.495,ci10379461
2009-03-09 15:27:03.930000+00:00,3.16,32.3305,-115.2398333,5.987,ci10380449
2009-03-10 13:41:28.070000+00:00,3.01,33.9676667,-117.7621667,11.792,ci10380553
2009-03-11 01:17:33.940000+00:00,2.53,32.6716667,-116.0598333,11.056,ci10380633
2009-03-12 13:59:43.140000+00:00,3.28,36.119,-120.1823333,8.905,nc51218152
2009-03-13 01:37:09.250000+00:00,2.74,33.2016667,-115.5953333,5.703,ci14429096
2009-03-13 03:42:22.160000+00:00,3.01,34.0163333,-117.1973333,14.704,ci14429152
2009-03-13 18:57:16.270000+00:00,3.21,35.9863333,-117.3063333,0.688,ci14429360
2009-03-15 05:23:31.280000+00:00,3.5,36.343,-120.3491667,4.154,nc51218275
2009-03-15 08:54:59.440000+00:00,2.6,34.1085,-117.3165,16.8,ci14430008
2009-03-15 13:03:25.860000+00:00,2.85,32.3461667,-115.2195,6.997,ci13469759
2009-03-15 17:27:57.090000+00:00,2.74,32.1055,-115.882,5.959,ci14430160
2009-03-16 12:28:56.990000+00:00,2.54,35.1075,-118.5161667,5.059,ci14430408
2009-03-16 22:30:18.070000+00:00,2.56,32.3803333,-115.3343333,6.001,ci14430528
2009-03-18 18:22:44.130000+00:00,2.64,35.5308333,-120.8321667,3.906,nc40233379
2009-03-19 12:11:45.780000+00:00,2.8,33.7628333,-116.0176667,1.093,ci14431416
2009-03-21 11:24:46.040000+00:00,3.3,33.2521667,-116.4385,2.403,ci14432280
2009-03-21 20:12:18.960000+00:00,3.07,33.3135,-115.7295,4.763,ci14432456
2009-03-21 20:16:19.050000+00:00,2.8,33.3135,-115.7335,5.003,ci14432488
2009-03-21 20:17:03.260000+00:00,3.33,33.3155,-115.7323333,4.753,ci14432496
2009-03-21 20:40:06.200000+00:00,3.11,33.3128333,-115.7335,4.713,ci14432576
2009-03-22 05:10:21.850000+00:00,2.56,34.161,-117.5105,13.427,ci14432792
2009-03-22 16:04:45.890000+00:00,2.88,36.5113333,-120.6495,8.037,nc40233583
2009-03-23 08:06:33.820000+00:00,2.89,33.3111667,-115.7393333,4.723,ci14433112
2009-03-24 04:07:55.390000+00:00,2.74,35.9758333,-117.2986667,0.258,ci14433352
2009-03-24 11:55:43.930000+00:00,4.77,33.3171667,-115.7281667,6.003,ci14433456
2009-03-24 11:59:08.370000+00:00,2.73,33.311,-115.737,4.463,ci14433488
2009-03-24 12:01:51.060000+00:00,2.57,33.313,-115.7321667,4.503,ci14433496
2009-03-24 12:17:00.940000+00:00,2.83,33.3121667,-115.7373333,4.307,ci14433560
2009-03-24 13:52:51.940000+00:00,3.06,33.3138333,-115.7371667,4.223,ci14433696
2009-03-24 17:46:37.110000+00:00,2.57,33.2986667,-115.7255,4.603,ci14433896
2009-03-24 23:43:15.160000+00:00,3.13,33.3068333,-115.7438333,5.013,ci14434264
2009-03-25 00:30:22.210000+00:00,2.72,33.3041667,-115.7253333,4.243,ci14434320
2009-03-25 05:50:55.750000+00:00,2.99,33.2905,-115.723,4.173,ci14434504
2009-03-25 07:51:23.010000+00:00,3.55,33.29,-115.7213333,4.443,ci14434688
2009-03-25 10:29:40.300000+00:00,2.52,33.3035,-115.7246667,4.753,ci14434928
2009-03-25 15:38:05.670000+00:00,2.7,32.3571667,-115.0743333,5.983,ci14435136
2009-03-25 17:49:02.660000+00:00,2.61,32.2313333,-115.7818333,6.506,ci14435240
2009-03-25 19:59:44.100000+00:00,3.65,33.292,-115.7196667,6.543,ci14435296
2009-03-25 20:33:37.070000+00:00,2.79,35.9923333,-117.3001667,1.679,ci14435312
2009-03-25 20:42:06.650000+00:00,3.13,35.9863333,-117.301,0.339,ci14435320
2009-03-26 00:00:14.110000+00:00,2.5,33.2893333,-115.7231667,6.802,ci14435664
2009-03-26 00:58:49.950000+00:00,2.63,33.2945,-115.7203333,4.282,ci14435704
2009-03-26 03:25:21.980000+00:00,3.95,33.293,-115.7215,7.422,ci14435776
2009-03-26 03:25:50.670000+00:00,3.41,33.3011667,-115.7066667,5.012,ci10111842
2009-03-26 03:53:38.240000+00:00,2.52,33.2866667,-115.7276667,4.882,ci14435904
2009-03-26 04:10:10.790000+00:00,2.77,32.2605,-115.1313333,5.98,ci14435936
2009-03-26 05:12:33.360000+00:00,2.99,33.2893333,-115.7241667,6.692,ci14436024
2009-03-26 05:16:02.890000+00:00,2.59,33.2913333,-115.729,4.953,ci14436032
2009-03-26 08:46:31.570000+00:00,2.62,33.2871667,-115.7231667,7.812,ci14436304
2009-03-26 09:30:08.040000+00:00,2.53,33.288,-115.7215,7.312,ci14436336
2009-03-26 10:44:44+00:00,2.88,33.2916667,-115.7223333,7.582,ci14436416
2009-03-26 14:09:39.880000+00:00,2.68,33.2941667,-115.7143333,4.112,ci14436592
2009-03-26 14:56:26.490000+00:00,2.77,33.2931667,-115.7168333,3.972,ci14436616
2009-03-27 00:03:30.100000+00:00,2.74,33.292,-115.7175,9.333,ci14436936
2009-03-27 13:15:07.270000+00:00,2.77,33.2956667,-115.7125,4.043,ci14437376
2009-03-27 18:38:10.870000+00:00,2.74,33.296,-115.7175,4.143,ci14437536
2009-03-27 23:59:30.100000+00:00,2.63,34.3443333,-116.4678333,3.605,ci14437728
2009-03-30 21:28:04.230000+00:00,2.86,33.2268333,-116.764,4.505,ci14439000
2009-04-01 02:42:52.660000+00:00,2.63,36.0403333,-117.7838333,0.194,ci14439560
2009-04-02 04:55:46.550000+00:00,2.58,36.1228333,-120.6938333,6.007,nc40234160
2009-04-04 08:10:46.540000+00:00,2.85,36.2331667,-120.7951667,8.217,nc40234265
2009-04-04 22:54:49.770000+00:00,2.56,32.865,-117.6341667,5.778,ci14441096
2009-04-05 23:25:01.640000+00:00,2.85,32.0091667,-115.1085,5.97,ci14441448
2009-04-07 10:08:55.060000+00:00,2.8,32.1421667,-116.6446667,14.061,ci14441896
2009-04-07 14:46:42.340000+00:00,2.79,33.884,-116.8676667,12.622,ci14441928
2009-04-08 01:42:45.120000+00:00,2.53,35.1501667,-120.8715,3.914,nc40234478
2009-04-08 22:03:47.320000+00:00,2.91,33.3171667,-115.7255,4.843,ci10115682
2009-04-08 22:04:02.360000+00:00,3.46,33.318,-115.7226667,4.153,ci14442392
2009-04-09 20:23:07.890000+00:00,2.96,33.2503333,-116.4341667,2.423,ci14442760
2009-04-09 21:45:30.670000+00:00,3.39,33.1555,-116.5621667,13.123,ci14442800
2009-04-09 21:45:53.930000+00:00,2.66,33.1558333,-116.55,14.843,ci10116002
2009-04-11 06:16:23.340000+00:00,2.65,33.0096667,-115.7918333,10.492,ci14443432
2009-04-11 15:13:14.160000+00:00,2.68,33.9701667,-117.7581667,11.192,ci14443512
2009-04-11 16:57:35.930000+00:00,2.62,34.3173333,-116.218,4.508,ci14443536
2009-04-12 02:33:49.720000+00:00,2.73,33.9678333,-117.7608333,11.692,ci14443608
2009-04-12 03:19:24+00:00,4.22,32.3253333,-115.2536667,5.987,ci14443616
2009-04-12 09:41:27.830000+00:00,4.3,32.0735,-115.7583333,5.787,ci14443704
2009-04-12 10:07:12.020000+00:00,2.51,32.1371667,-115.733,12.18,ci14443720
2009-04-12 12:09:04.640000+00:00,2.73,32.0906667,-115.783,5.787,ci14443736
2009-04-12 12:44:47.750000+00:00,2.63,32.118,-115.7373333,5.787,ci14443744
2009-04-13 20:46:36.770000+00:00,2.52,32.1491667,-115.7416667,5.798,ci14444112
2009-04-14 10:11:21.460000+00:00,2.63,33.5611667,-118.1911667,1.865,ci14444248
2009-04-15 14:41:24.550000+00:00,2.65,32.1655,-115.7181667,7.954,ci14444584
2009-04-15 15:56:06.850000+00:00,2.64,36.2925,-120.3138333,12.176,nc51219922
2009-04-16 10:26:15.250000+00:00,2.54,32.369,-115.2708333,5.991,ci14444776
2009-04-16 17:55:31.130000+00:00,3.86,33.25,-116.4398333,2.303,ci14444832
2009-04-16 18:16:12.050000+00:00,2.84,33.2523333,-116.449,1.523,ci14444856
2009-04-17 00:48:08.650000+00:00,2.57,33.1853333,-115.6123333,3.043,ci10396465
2009-04-17 04:35:34.830000+00:00,2.72,33.1823333,-115.6015,2.543,ci10396569
2009-04-17 04:57:01.500000+00:00,3.79,33.1978333,-115.6403333,5.253,ci10396633
2009-04-21 08:11:03.090000+00:00,2.61,34.1805,-117.066,3.525,ci10398321
2009-04-22 12:45:59.910000+00:00,2.65,35.9995,-120.5606667,4.152,nc71212956
2009-04-23 02:52:19.150000+00:00,2.68,34.4321667,-120.891,8.686,ci10399273
2009-04-23 23:56:23.080000+00:00,3.76,33.8935,-117.7901667,4.591,ci10399801
2009-04-24 03:27:50.730000+00:00,3.98,33.894,-117.7891667,4.091,ci10399889
2009-04-24 03:28:45.540000+00:00,2.58,33.8956667,-117.7821667,3.981,ci10399897
2009-04-24 06:41:23.350000+00:00,2.57,32.167,-115.7853333,-0.168,ci10399937
2009-04-24 09:12:00.020000+00:00,2.69,32.1476667,-115.7578333,5.772,ci10399985
2009-04-24 14:12:19.640000+00:00,2.91,32.0893333,-115.6936667,5.787,ci10400073
2009-04-25 00:06:05.170000+00:00,3.02,33.8956667,-117.7858333,3.891,ci10400233
2009-04-25 12:38:53.960000+00:00,2.6,34.0305,-117.593,15.643,ci10400457
2009-04-25 23:42:42.740000+00:00,2.58,36.0021667,-120.5636667,4.183,nc51220498
2009-04-26 04:32:39.500000+00:00,2.5,34.1801667,-119.7085,5.654,ci10400745
2009-04-26 05:10:27.250000+00:00,3.07,34.4903333,-116.2376667,4.623,ci10400793
2009-04-26 20:19:29.150000+00:00,3.24,32.073,-115.7935,5.787,ci10401033
2009-04-27 02:28:07.200000+00:00,2.74,33.9778333,-117.7448333,12.007,ci10401201
2009-04-27 23:36:48.280000+00:00,2.59,32.1131667,-115.3428333,5.995,ci10401481
2009-04-28 05:12:18.710000+00:00,2.99,36.2403333,-120.8043333,6.377,nc51220615
2009-04-28 16:12:00.640000+00:00,2.84,32.4998333,-115.5735,5.973,ci10401777
2009-04-29 03:08:44.780000+00:00,2.83,36.4066667,-117.8418333,3.883,ci10402193
2009-04-29 13:03:34.620000+00:00,2.75,32.13,-115.7676667,5.787,ci10402385
2009-04-29 21:22:20.090000+00:00,2.79,35.3138333,-118.565,1.301,ci10402593
2009-04-30 02:27:11.790000+00:00,2.53,32.1446667,-115.744,5.796,ci10402689
2009-05-01 15:39:25.320000+00:00,3.53,35.0246667,-119.3101667,16.888,ci10403545
2009-05-01 23:31:25.620000+00:00,2.58,35.3186667,-119.6046667,2.921,ci10403753
2009-05-02 00:48:52.300000+00:00,2.73,36.0448333,-120.609,4.872,nc51220833
2009-05-02 01:11:13.660000+00:00,4.42,34.0666667,-118.8825,13.911,ci10403777
2009-05-02 05:34:13.880000+00:00,3.1,34.0671667,-118.8748333,13.146,ci10403857
2009-05-02 19:35:48.720000+00:00,2.72,32.3373333,-115.2581667,5.987,ci10404145
2009-05-02 23:36:49.090000+00:00,3.37,36.708,-117.6985,1.552,ci10404265
2009-05-05 02:39:44.030000+00:00,2.78,36.0198333,-117.8063333,0.313,ci10405097
2009-05-05 15:43:11.640000+00:00,2.53,33.0468333,-116.435,4.66,ci10405233
2009-05-06 13:00:11.200000+00:00,2.6,36.1271667,-119.9971667,8.538,nc51221112
2009-05-08 05:05:55.790000+00:00,2.79,36.3468333,-120.7396667,10.287,nc51221202
2009-05-08 05:17:44.160000+00:00,2.6,33.3691667,-116.4133333,12.976,ci10406281
2009-05-08 20:27:13.950000+00:00,4.17,34.4401667,-119.1825,7.287,ci10406593
2009-05-12 09:01:24.270000+00:00,2.53,33.9925,-118.4563333,9.896,ci10407809
2009-05-12 10:00:09.530000+00:00,2.52,33.7623333,-116.004,4.679,ci10407825
2009-05-14 16:15:28.100000+00:00,3.3,36.783,-118.1903333,11.331,ci10408873
2009-05-16 12:12:16.340000+00:00,2.71,33.3041667,-116.2945,12.693,ci10409777
2009-05-16 13:02:24.780000+00:00,2.63,35.9863333,-117.2923333,4.358,ci10409785
2009-05-18 03:39:36.340000+00:00,4.7,33.9376667,-118.3356667,13.817,ci10410337
2009-05-18 03:45:10.590000+00:00,3.06,33.9335,-118.3456667,14.857,ci10410353
2009-05-19 22:49:11.550000+00:00,4.04,33.9338333,-118.329,12.715,ci10411545
2009-05-20 00:41:17.590000+00:00,2.73,32.0876667,-115.7575,5.787,ci10411625
2009-05-21 00:14:27.080000+00:00,2.74,35.1393333,-118.714,0.712,ci10412281
2009-05-21 02:41:56.120000+00:00,3.23,32.0933333,-115.7151667,5.789,ci10412329
2009-05-21 02:43:58.540000+00:00,2.65,33.936,-118.3446667,11.907,ci10412337
2009-05-21 22:05:43.340000+00:00,2.62,33.9748333,-116.9803333,10.731,ci14461224
2009-05-22 00:25:25.010000+00:00,2.57,34.6925,-118.8958333,13.841,ci14461304
2009-05-22 20:28:20.830000+00:00,2.96,36.4068333,-117.8285,3.82,ci14461744
2009-05-23 21:51:31.690000+00:00,3.38,36.3931667,-117.8293333,-0.06,ci14462048
2009-05-23 22:58:32.940000+00:00,4.73,36.3961667,-117.8376667,-0.64,ci14462064
2009-05-23 23:54:04.820000+00:00,2.98,36.3826667,-117.8225,0.36,ci14462160
2009-05-24 03:43:06.490000+00:00,2.9,36.4025,-117.8288333,3.73,ci14462296
2009-05-24 21:38:48.170000+00:00,2.89,36.3811667,-117.8221667,-0.141,ci14462600
2009-05-25 16:38:27.570000+00:00,2.95,36.391,-117.8415,4.12,ci14462960
2009-05-25 18:33:02.330000+00:00,2.81,36.3846667,-117.8255,4.16,ci14463000
2009-05-25 21:38:48.520000+00:00,3.36,36.3793333,-117.8223333,-0.13,ci14463032
2009-05-26 11:07:00.380000+00:00,3.09,36.395,-117.8385,0.965,ci14463304
2009-05-26 23:53:51.240000+00:00,3.02,36.3946648,-117.8430023,2.2,ci14463600
2009-05-27 09:59:33.920000+00:00,2.99,36.3875,-117.8385,0.065,ci14463888
2009-05-31 17:47:39.190000+00:00,3.0,36.385,-117.8341667,-0.07,ci14466088
2009-06-01 09:51:06.060000+00:00,2.65,33.2568333,-115.9873333,5.324,ci14466480
2009-06-01 22:56:59.470000+00:00,2.67,34.4211667,-120.7625,8.338,ci14466760
2009-06-02 13:50:01.100000+00:00,2.93,36.3991667,-117.8386667,0.455,ci14467064
2009-06-05 07:37:12.310000+00:00,2.63,33.4566667,-116.5973333,7.901,ci14468824
2009-06-05 13:04:55.320000+00:00,2.5,32.9231667,-116.3561667,7.708,ci14468936
2009-06-07 12:02:18.080000+00:00,2.7,34.0403333,-117.2455,15.588,ci14469848
2009-06-08 12:51:08.250000+00:00,2.99,32.0365,-115.534,4.876,ci14470288
2009-06-09 12:40:50.600000+00:00,2.85,32.0288333,-115.5241667,5.966,ci14470800
2009-06-09 16:39:45.580000+00:00,2.8,36.393,-117.8398333,0.65,ci14470856
2009-06-10 17:38:43.690000+00:00,3.09,32.0473333,-115.5378333,5.787,ci14471528
2009-06-10 18:31:52.520000+00:00,2.82,32.0553333,-115.5208333,5.787,ci14471544
2009-06-10 20:35:31.020000+00:00,3.35,36.406,-117.8501667,2.135,ci14471672
2009-06-10 22:23:46.950000+00:00,2.8,32.0593333,-115.5078333,5.78,ci14471792
2009-06-12 21:23:24.480000+00:00,2.65,32.2568333,-115.3388333,17.175,ci14472968
2009-06-13 05:26:59.720000+00:00,2.94,34.8455,-118.9691667,11.225,ci14473104
2009-06-13 18:51:48.530000+00:00,2.5,36.5455,-117.965,7.948,ci14473344
2009-06-13 19:15:24.940000+00:00,2.73,33.162,-115.65,4.073,ci14473376
2009-06-14 04:38:58.060000+00:00,2.8,33.1601667,-115.6483333,3.453,ci14473824
2009-06-14 04:42:15.440000+00:00,2.96,33.1603333,-115.6468333,3.113,ci14473848
2009-06-14 05:00:40.440000+00:00,3.3,33.1625,-115.6415,4.543,ci14473944
2009-06-14 16:10:59.060000+00:00,2.79,35.9556667,-117.335,0.738,ci14474184
2009-06-15 03:44:36.240000+00:00,2.56,35.8873333,-116.77,2.234,ci14474552
2009-06-18 19:47:10.530000+00:00,2.77,36.4086667,-117.8465,1.155,ci14476272
2009-06-19 06:27:50.570000+00:00,2.93,34.0298333,-117.5688333,6.863,ci14476544
2009-06-19 14:13:00.560000+00:00,2.89,35.9246667,-120.4763333,9.389,nc40238384
2009-06-19 15:30:37.010000+00:00,3.2,33.3768333,-116.403,12.116,ci14476736
2009-06-19 21:32:16.240000+00:00,3.28,32.6541667,-115.9156667,7.277,ci14476952
2009-06-20 01:00:30.610000+00:00,4.11,32.8996667,-118.0066667,13.996,ci14477000
2009-06-20 01:10:41.350000+00:00,2.6,32.853,-117.9976667,5.85,ci14477008
2009-06-20 06:49:59.480000+00:00,2.82,36.4118333,-117.8565,3.985,ci14477104
2009-06-20 12:38:51.530000+00:00,3.54,32.1775,-115.6145,5.787,ci14477216
2009-06-20 12:45:12.530000+00:00,2.83,32.1955,-115.6211667,5.787,ci14477224
2009-06-20 18:31:45.980000+00:00,3.06,32.1116667,-115.7658333,5.789,ci14477392
2009-06-21 03:39:16.570000+00:00,2.79,34.0598333,-118.8585,13.245,ci14477608
2009-06-21 03:40:04.130000+00:00,2.56,34.0508333,-118.8541667,12.889,ci14477616
2009-06-21 14:29:33.410000+00:00,3.28,34.1158333,-117.3238333,17.28,ci14477816
2009-06-21 21:45:58.530000+00:00,2.51,34.987,-116.948,6.475,ci14477928
2009-06-22 11:27:09.460000+00:00,3.22,35.043,-119.0358333,10.499,ci14478120
2009-06-24 07:19:11.980000+00:00,2.89,32.1225,-115.6031667,5.787,ci14478960
2009-06-24 12:14:49.490000+00:00,2.55,32.2233333,-115.6236667,5.976,ci14479056
2009-06-25 03:31:28.430000+00:00,2.72,33.0388333,-115.5656667,12.909,ci14479360
2009-06-25 18:23:10.550000+00:00,2.65,36.4615,-117.4991667,-1.006,ci14479648
2009-06-26 00:35:42.240000+00:00,2.72,36.3816667,-117.809,-0.305,ci14479880
2009-06-27 11:45:12.430000+00:00,2.59,33.9306667,-117.8171667,17.403,ci14480384
2009-06-27 23:24:36.160000+00:00,2.66,36.0103333,-120.577,4.401,nc71240016
2009-06-28 11:06:39.580000+00:00,2.55,36.0965,-120.1946667,8.002,nc71240236
2009-06-29 12:04:32.230000+00:00,2.82,32.0306667,-115.535,5.966,ci14480928
2009-06-29 19:00:23.680000+00:00,3.29,32.0625,-115.5041667,5.787,ci14481072
2009-06-29 21:48:58.390000+00:00,3.11,32.0166667,-115.4976667,5.787,ci14481168
2009-07-01 08:16:48.540000+00:00,3.13,32.0595,-115.588,5.966,ci10433273
2009-07-04 02:30:15.040000+00:00,2.65,34.2085,-117.7533333,9.802,ci10434377
2009-07-07 03:44:25.320000+00:00,2.62,34.3268333,-116.76,1.508,ci10435457
2009-07-07 08:26:44+00:00,2.52,32.1055,-115.748,5.787,ci10435505
2009-07-11 04:39:03.190000+00:00,3.38,32.1396667,-115.7701667,5.787,ci10437057
2009-07-11 14:34:44.280000+00:00,3.92,32.737,-117.554,17.851,ci10437169
2009-07-12 16:37:54.130000+00:00,2.64,32.1363333,-115.7106667,5.796,ci10437537
2009-07-12 23:50:30.820000+00:00,2.84,32.0565,-115.5523333,5.941,ci10437649
2009-07-13 13:16:56.490000+00:00,2.82,32.0791667,-115.7458333,5.689,ci10437889
2009-07-14 02:22:38.220000+00:00,3.77,35.7273333,-117.622,9.39,ci10438025
2009-07-14 04:14:22.030000+00:00,3.08,33.9283333,-118.3591667,15.857,ci10438089
2009-07-15 05:57:11.210000+00:00,2.94,35.5288333,-120.8428333,4.596,nc71248561
2009-07-16 01:18:50.230000+00:00,2.5,34.7291667,-116.301,3.803,ci10438761
2009-07-17 03:51:17.930000+00:00,2.93,33.8436667,-117.8243333,6.758,ci10439121
2009-07-19 05:49:03.600000+00:00,2.54,36.1943333,-117.3986667,4.259,ci10440041
2009-07-20 12:10:20.590000+00:00,3.63,33.0995,-116.2156667,11.813,ci10440529
2009-07-20 17:18:35.400000+00:00,2.5,33.0458333,-116.437,4.7,ci10440617
2009-07-21 12:21:52.200000+00:00,3.12,35.9273333,-120.4775,9.69,nc71251761
2009-07-21 13:21:34.290000+00:00,2.94,33.1015,-116.2126667,6.243,ci10440977
2009-07-23 00:39:52.740000+00:00,2.5,34.0815,-117.2751667,13.475,ci14490056
2009-07-23 20:21:00.600000+00:00,3.19,32.0463333,-115.5026667,5.563,ci14490352
2009-07-24 05:07:04.330000+00:00,2.56,33.7756667,-118.2308333,8.891,ci14490472
2009-07-26 04:54:03.590000+00:00,3.53,33.633,-116.719,12.745,ci14491232
2009-07-27 19:50:40.090000+00:00,2.9,32.2266667,-115.7523333,5.736,ci14491832
2009-07-30 23:04:52.090000+00:00,2.68,33.9428333,-118.3916667,15.666,ci14493208
2009-07-31 11:55:32.210000+00:00,3.1,32.1051667,-115.3376667,5.979,ci14493408
2009-07-31 23:25:50.440000+00:00,2.59,32.4135,-115.349,6.005,ci14493664
2009-08-01 12:55:55.650000+00:00,3.72,34.2586667,-117.3838333,6.233,ci14494128
2009-08-03 10:42:50.080000+00:00,2.84,33.5255,-116.7905,14.171,ci14495088
2009-08-07 08:53:30.680000+00:00,3.27,34.1405,-117.4883333,3.32,ci14497056
2009-08-07 15:18:24.460000+00:00,2.55,34.139,-117.4901667,4.087,ci14497152
2009-08-07 15:30:09.710000+00:00,2.5,34.1381667,-117.4918333,2.62,ci14497160
2009-08-10 09:13:55.140000+00:00,2.54,35.9613333,-117.3328333,1.528,ci14498296
2009-08-12 04:05:00.930000+00:00,2.92,32.1423333,-117.5501667,5.846,ci14499160
2009-08-12 14:30:39.100000+00:00,2.88,33.8193333,-116.7368333,16.421,ci14499272
2009-08-12 23:45:55.240000+00:00,2.54,33.098,-116.2141667,11.073,ci14499520
2009-08-12 23:49:04.910000+00:00,3.54,33.1,-116.2138333,8.123,ci14499528
2009-08-13 20:07:32.760000+00:00,3.14,34.7118333,-116.2653333,2.823,ci14499904
2009-08-14 15:05:01.960000+00:00,2.62,33.7938333,-116.0885,5.1,ci14500344
2009-08-16 05:15:45.140000+00:00,2.75,34.176,-116.4398333,7.188,ci14500896
2009-08-16 12:22:17.400000+00:00,3.0,32.2478333,-115.3803333,9.979,ci14500944
2009-08-18 01:48:27+00:00,2.64,33.3551667,-116.433,10.286,ci14501416
2009-08-18 01:49:49.280000+00:00,2.81,33.3395,-116.2281667,11.463,ci14501440
2009-08-18 05:12:11.050000+00:00,2.57,34.3495,-118.6018333,7.481,ci14501664
2009-08-18 22:58:17.330000+00:00,2.81,34.244,-118.1956667,1.388,ci14501944
2009-08-19 09:19:39.550000+00:00,2.6,36.6241667,-119.258,23.215,nc71267856
2009-08-20 18:49:21.430000+00:00,2.95,36.1943333,-120.7658333,7.817,nc71268751
2009-08-21 16:08:58.100000+00:00,3.03,35.9586667,-117.3391667,1.458,ci14500524
2009-08-22 00:29:43.220000+00:00,2.85,36.9455,-117.4468333,6.743,ci14500852
2009-08-23 16:51:55.950000+00:00,2.54,36.3886667,-117.861,3.82,ci14501492
2009-08-25 18:14:25.210000+00:00,2.5,35.963,-115.231,6.0,usp000h0v8
2009-08-26 11:53:52.660000+00:00,2.88,32.9358333,-116.0648333,5.375,ci14502596
2009-08-27 07:08:24.710000+00:00,3.59,36.0116667,-117.3956667,3.919,ci14502836
2009-08-28 15:20:23.530000+00:00,2.62,34.178,-116.4363333,9.232,ci14503340
2009-08-29 08:22:57.220000+00:00,2.93,33.4693333,-116.462,6.451,ci10456101
2009-08-30 07:05:58.020000+00:00,3.89,36.3863333,-117.8528333,0.135,ci10456453
2009-08-30 07:07:12.410000+00:00,2.51,36.401,-117.8663333,4.105,ci10130562
2009-08-30 07:09:41.970000+00:00,2.62,36.3975,-117.8631667,4.325,ci10456461
2009-08-30 08:30:07.810000+00:00,2.75,36.3956667,-117.8535,3.985,ci10456621
2009-08-30 18:13:59.690000+00:00,3.64,36.3876667,-117.8606667,0.495,ci10456893
2009-08-30 18:44:51.510000+00:00,3.34,36.3878333,-117.8583333,0.465,ci10456917
2009-09-01 05:42:45.390000+00:00,2.99,36.3921667,-117.8608333,0.11,ci10457677
2009-09-01 15:27:17.090000+00:00,2.59,34.0315,-116.9951667,12.365,ci10457829
2009-09-02 18:25:16.780000+00:00,2.52,36.1811667,-118.069,3.925,ci14505740
2009-09-02 23:52:20.420000+00:00,3.02,35.099,-116.7978333,3.165,ci10458437
2009-09-04 03:58:56.230000+00:00,3.0,35.2518333,-118.5546667,4.658,ci14506324
2009-09-04 16:20:25.340000+00:00,3.07,32.6155,-115.7461667,5.796,ci14506476
2009-09-05 16:44:17.640000+00:00,2.59,32.6846667,-117.5198333,6.816,ci14506756
2009-09-05 18:20:30.020000+00:00,2.62,32.3623333,-115.2208333,5.97,ci14506796
2009-09-06 03:20:55.580000+00:00,3.81,35.5568333,-120.7983333,4.986,nc71271840
2009-09-06 03:22:10.790000+00:00,2.75,35.5573333,-120.793,5.344,nc71024809
2009-09-06 14:04:58.230000+00:00,2.84,35.56,-120.7968333,4.019,nc71272050
2009-09-09 01:38:30.430000+00:00,2.75,32.622,-115.7501667,5.813,ci14508092
2009-09-10 11:22:42.620000+00:00,3.83,34.5298333,-120.5313333,9.933,ci14508708
2009-09-12 00:47:54.760000+00:00,2.79,34.0125008,-118.1171646,0.0,ci14509556
2009-09-12 00:48:27.860000+00:00,2.72,34.321167,-118.751503,0.0,ci14509564
2009-09-12 02:14:46.200000+00:00,2.66,32.8893333,-117.6113333,5.245,ci14509596
2009-09-12 04:36:52.540000+00:00,2.7,36.6161667,-119.251,24.066,nc71279656
2009-09-13 09:54:27.700000+00:00,3.37,35.4061667,-117.4243333,4.657,ci14510108
2009-09-14 01:14:21.680000+00:00,2.69,35.5596667,-120.7991667,4.816,nc71280726
2009-09-15 00:43:01.870000+00:00,2.76,34.0383333,-117.5925,3.713,ci14510620
2009-09-16 14:41:25.480000+00:00,2.5,32.2001667,-116.6505,13.891,ci14511164
2009-09-16 21:47:17.060000+00:00,2.69,34.1561667,-119.6725,5.377,ci14511252
2009-09-19 22:55:17.840000+00:00,5.08,32.3706667,-115.2611667,9.987,ci14512436
2009-09-19 22:57:30.050000+00:00,3.5,32.4081667,-115.3013333,9.987,ci10132082
2009-09-19 23:16:46.130000+00:00,2.63,32.3676667,-115.2795,9.987,ci14512460
2009-09-19 23:19:14.810000+00:00,2.52,32.3495,-115.2753333,9.987,ci14512468
2009-09-20 00:28:23.800000+00:00,2.56,32.3598333,-115.2828333,9.97,ci14512564
2009-09-20 00:36:17.590000+00:00,4.36,32.3551667,-115.2785,9.97,ci14512580
2009-09-20 00:44:13.840000+00:00,2.93,32.3706667,-115.2886667,9.97,ci14512588
2009-09-20 01:01:06.950000+00:00,3.2,32.3651667,-115.2563333,10.012,ci14512612
2009-09-20 01:12:37.740000+00:00,2.66,32.3186667,-115.2558333,9.743,ci14512620
2009-09-20 02:56:17.750000+00:00,3.24,32.3825,-115.2803333,10.012,ci14512636
2009-09-20 05:05:09.190000+00:00,3.0,32.3656667,-115.274,9.97,ci14512668
2009-09-20 06:44:57.750000+00:00,2.93,32.3606667,-115.28,9.97,ci14512732
2009-09-20 09:21:30.970000+00:00,2.55,32.3763333,-115.2665,9.97,ci14512788
2009-09-21 03:18:08.540000+00:00,2.69,32.366,-115.2655,9.97,ci14513108
2009-09-21 07:01:02.780000+00:00,2.68,33.7501667,-116.0446667,3.378,ci14513196
2009-09-22 11:33:37.120000+00:00,3.35,32.205,-115.1165,9.978,ci14513708
2009-09-22 11:56:52.620000+00:00,3.02,32.3585,-115.1963333,9.978,ci14513716
2009-09-23 22:20:30.930000+00:00,2.72,34.5963333,-116.2796667,2.101,ci14514316
2009-09-24 07:53:08.360000+00:00,2.57,32.702,-115.8343333,5.692,ci14514644
2009-09-24 11:21:39.430000+00:00,2.61,32.3183333,-115.2545,5.974,ci14514692
2009-09-24 16:04:03.590000+00:00,3.03,32.0388333,-116.2863333,5.64,ci14514828
2009-09-24 21:24:40.180000+00:00,2.79,36.1118333,-117.8441667,1.747,ci14514924
2009-09-25 20:30:01.610000+00:00,2.74,35.1328333,-118.5585,1.575,ci14515268
2009-09-26 13:50:50.250000+00:00,2.76,34.3823318,-117.6656647,3.508,ci14515588
2009-09-26 16:02:45.730000+00:00,2.57,36.0958328,-117.9059982,2.944,ci14515612
2009-09-26 19:46:45.190000+00:00,2.8,32.0391667,-116.189,5.68,ci14515700
2009-09-27 03:41:40.730000+00:00,2.54,33.2869987,-116.7431641,8.194,ci14515908
2009-09-28 02:16:05.880000+00:00,2.57,35.0581667,-118.9185,13.88,ci14516228
2009-09-29 05:17:00.800000+00:00,2.59,32.2533333,-115.308,6.003,ci14516788
2009-09-30 13:05:28.770000+00:00,2.95,36.0488333,-120.6153333,9.372,nc71289516
2009-10-01 10:01:24.670000+00:00,5.0,36.3878333,-117.8586667,3.985,ci14517500
2009-10-01 10:03:30.170000+00:00,3.5,36.3755,-117.8603333,4.305,ci14517508
2009-10-01 10:04:31.440000+00:00,2.76,36.4023333,-117.874,4.025,ci14517516
2009-10-01 10:10:26.400000+00:00,2.65,36.3773333,-117.8518333,1.125,ci14517548
2009-10-01 10:48:42.730000+00:00,2.83,36.3773333,-117.857,0.665,ci14517700
2009-10-01 11:32:23.680000+00:00,3.4,36.3886667,-117.8588333,2.655,ci14517796
2009-10-01 11:32:52.320000+00:00,3.32,36.3803333,-117.861,4.395,ci10133126
2009-10-01 11:53:04.760000+00:00,2.84,36.3968333,-117.866,0.265,ci14517820
2009-10-01 12:26:17.390000+00:00,2.77,36.3901667,-117.841,0.015,ci14517876
2009-10-01 12:55:55.500000+00:00,3.46,36.3775,-117.854,0.445,ci14517908
2009-10-01 12:56:33.640000+00:00,3.43,36.3831667,-117.8445,3.979,ci14517916
2009-10-01 13:13:08.240000+00:00,2.79,36.3795,-117.8531667,3.985,ci14517940
2009-10-01 13:34:50.740000+00:00,2.77,36.3818333,-117.862,1.709,ci14517972
2009-10-01 15:08:12.850000+00:00,3.5,36.3943333,-117.869,2.475,ci14518108
2009-10-01 20:07:39.640000+00:00,2.61,36.37,-117.8526667,0.37,ci14518396
2009-10-01 20:45:37.010000+00:00,2.82,36.4013333,-117.875,3.79,ci14518452
2009-10-01 23:22:43.250000+00:00,2.67,36.388,-117.8556667,0.72,ci14518644
2009-10-02 07:21:00.470000+00:00,2.74,36.383,-117.8635,2.43,ci14518924
2009-10-02 23:28:06.530000+00:00,2.7,36.3926667,-117.8628333,3.92,ci14519612
2009-10-03 00:32:05.240000+00:00,3.08,36.3895,-117.8611667,0.47,ci14519700
2009-10-03 01:09:19.140000+00:00,4.74,36.391,-117.8638333,0.7,ci14519756
2009-10-03 01:10:26.100000+00:00,4.85,36.3863333,-117.8681667,1.688,ci14519764
2009-10-03 01:16:00.310000+00:00,5.19,36.391,-117.8608333,-1.77,ci14519780
2009-10-03 01:18:20.350000+00:00,2.5,36.3946667,-117.8611667,5.375,ci10133842
2009-10-03 01:19:02.200000+00:00,2.8,36.3851667,-117.8776667,4.18,ci10133850
2009-10-03 01:19:50.980000+00:00,2.81,36.3933333,-117.863,3.82,ci14519796
2009-10-03 01:23:26.620000+00:00,2.72,36.404,-117.8395,-1.17,ci14519820
2009-10-03 01:26:05.570000+00:00,2.82,36.382,-117.8616667,0.21,ci14519844
2009-10-03 01:30:31.910000+00:00,4.07,36.4026667,-117.8513333,-0.06,ci14519860
2009-10-03 01:31:44.020000+00:00,3.97,36.4055,-117.8475,0.76,ci14519868
2009-10-03 01:33:35.450000+00:00,3.39,36.3995,-117.848,-0.92,ci14519876
2009-10-03 01:38:09.070000+00:00,3.31,36.4085,-117.8553333,3.03,ci14519900
2009-10-03 01:42:30.070000+00:00,2.8,36.3935,-117.8496667,0.17,ci14519948
2009-10-03 01:47:55.370000+00:00,4.2,36.3948333,-117.8456667,-0.04,ci14519940
2009-10-03 01:50:21.130000+00:00,2.51,36.3798333,-117.8673333,0.6,ci14519956
2009-10-03 01:52:17.950000+00:00,2.86,36.4051667,-117.8428333,0.08,ci14519964
2009-10-03 01:56:00.760000+00:00,3.0,36.3853333,-117.8423333,-0.14,ci14519980
2009-10-03 01:59:46.020000+00:00,2.53,36.377,-117.8805,3.82,ci10134482
2009-10-03 02:27:06.680000+00:00,3.36,36.3861667,-117.8425,0.25,ci14520052
2009-10-03 03:11:18.200000+00:00,3.1,36.4051667,-117.8401667,-0.2,ci14520172
2009-10-03 03:37:41.430000+00:00,2.71,36.3983333,-117.8585,2.82,ci14520244
2009-10-03 03:54:49.110000+00:00,2.51,36.396,-117.863,4.04,ci14520292
2009-10-03 04:23:41.590000+00:00,2.61,36.402,-117.8441667,-0.34,ci14520324
2009-10-03 05:05:33.320000+00:00,2.65,36.3958333,-117.8605,1.2,ci14520420
2009-10-03 05:31:57.720000+00:00,4.66,36.39,-117.8635,0.08,ci14520476
2009-10-03 05:38:42.260000+00:00,2.91,36.39,-117.8588333,0.18,ci14520484
2009-10-03 06:15:39.450000+00:00,2.98,36.3898333,-117.8646667,0.31,ci14520556
2009-10-03 06:30:46.880000+00:00,2.88,36.3878333,-117.8611667,0.57,ci14520580
2009-10-03 09:25:53.730000+00:00,2.8,36.4001667,-117.842,0.2,ci14520812
2009-10-03 11:37:11.380000+00:00,4.41,36.3893333,-117.8673333,0.44,ci14520900
2009-10-03 12:27:57.240000+00:00,3.59,32.0251667,-116.1946667,5.696,ci14520948
2009-10-03 12:41:13.610000+00:00,2.94,36.3728333,-117.8451667,-0.45,ci14520972
2009-10-03 15:10:36.170000+00:00,3.02,36.3968333,-117.8621667,2.46,ci14521076
2009-10-03 16:22:32.420000+00:00,3.05,36.3908333,-117.8661667,1.93,ci14521148
2009-10-03 17:52:31.630000+00:00,3.01,36.395,-117.8456667,-0.39,ci14521204
2009-10-03 21:54:30.050000+00:00,2.65,36.3936667,-117.8598333,4.07,ci14521396
2009-10-04 00:07:37.760000+00:00,2.88,36.4156667,-117.8421667,3.93,ci14521500
2009-10-04 01:02:09.370000+00:00,3.48,36.3876667,-117.8635,0.91,ci14521564
2009-10-04 01:08:35.390000+00:00,2.8,36.3821667,-117.865,-0.11,ci14521572
2009-10-04 02:50:48.560000+00:00,2.77,36.3873333,-117.8563333,0.8,ci14521676
2009-10-04 10:24:18.240000+00:00,2.92,36.3928333,-117.8601667,3.94,ci14522164
2009-10-04 14:19:09.330000+00:00,2.91,32.9458333,-115.7468333,11.371,ci14522276
2009-10-04 14:54:51.540000+00:00,2.89,36.402,-117.846,3.91,ci14522292
2009-10-04 15:03:53.020000+00:00,2.88,36.1045,-117.8951667,2.567,ci14522300
2009-10-04 16:47:28.840000+00:00,2.76,36.3753333,-117.8536667,0.16,ci14522356
2009-10-04 21:59:29.140000+00:00,2.91,36.3855,-117.8726667,-0.53,ci14522484
2009-10-05 03:11:59.770000+00:00,2.93,33.1665,-116.1151667,13.614,ci14522660
2009-10-06 02:51:13.480000+00:00,2.78,32.723,-115.8473333,2.615,ci14523276
2009-10-06 03:24:48.230000+00:00,2.76,36.3981667,-117.8506667,1.93,ci14523308
2009-10-06 16:31:16.080000+00:00,2.56,36.4,-117.8471667,0.312,ci14523588
2009-10-06 17:02:07+00:00,2.64,36.6371667,-119.2876667,21.681,nc71295091
2009-10-06 18:06:34.720000+00:00,3.98,36.4141667,-117.8358333,0.012,ci14523676
2009-10-06 22:37:54.470000+00:00,2.88,35.0585,-118.9198333,13.56,ci14523836
2009-10-08 03:31:17.960000+00:00,3.73,32.7075,-118.2506667,19.648,ci14524628
2009-10-08 08:05:54.690000+00:00,2.65,36.39,-117.8681667,2.355,ci14524732
2009-10-08 12:46:52.440000+00:00,3.0,34.9915,-116.9496667,8.365,ci14524796
2009-10-08 14:36:28.860000+00:00,2.8,36.408,-117.8498333,0.865,ci14524820
2009-10-09 04:25:05.270000+00:00,4.29,36.3976667,-117.8641667,7.588,ci10477949
2009-10-09 19:28:09.780000+00:00,2.52,36.3706667,-117.8413333,3.419,ci10478405
2009-10-09 22:13:54.543000+00:00,3.3,36.0424,-114.5577,12.0,nn00294871
2009-10-10 06:38:47.630000+00:00,3.42,32.998,-115.5866667,14.529,ci10478741
2009-10-11 09:41:16.170000+00:00,2.66,34.3603333,-118.7575,14.937,ci10479253
2009-10-11 15:39:33.420000+00:00,2.86,34.035,-117.5956667,4.413,ci10479357
2009-10-12 00:40:01.450000+00:00,2.58,33.8886667,-118.2006667,14.067,ci10479749
2009-10-12 06:44:20.820000+00:00,3.09,32.1228333,-115.3276667,5.979,ci10479877
2009-10-12 10:40:12.230000+00:00,2.95,34.0341667,-120.2576667,5.476,ci10479949
2009-10-13 08:38:51.290000+00:00,4.32,32.1498333,-115.3136667,5.979,ci10480301
2009-10-14 17:55:06.340000+00:00,2.61,34.1695,-117.5973333,9.976,ci10480957
2009-10-14 20:19:13.560000+00:00,2.87,32.098,-116.439,5.632,ci10480989
2009-10-16 04:44:38.560000+00:00,2.69,32.9926667,-115.5766667,14.189,ci10481597
2009-10-16 10:03:39.830000+00:00,3.44,33.9755,-116.9643333,13.573,ci10481781
2009-10-16 12:14:46.550000+00:00,3.28,32.1121667,-115.337,7.025,ci10481861
2009-10-17 04:53:44.870000+00:00,3.19,34.1631667,-119.1415,3.105,ci10482101
2009-10-17 10:52:38.600000+00:00,2.55,35.9553333,-117.3353333,1.029,ci10482197
2009-10-17 18:52:43.910000+00:00,2.75,34.261,-117.473,12.985,ci10482325
2009-10-19 03:29:23.770000+00:00,2.8,32.1386667,-115.3458333,5.995,ci10482853
2009-10-20 12:35:19.690000+00:00,2.59,35.3933333,-119.9335,5.676,ci10483437
2009-10-20 14:55:24.550000+00:00,2.56,35.3903333,-119.9396667,5.611,ci10483453
2009-10-21 13:17:16.360000+00:00,3.24,34.1131667,-116.9143333,8.168,ci10483781
2009-10-23 11:40:25.840000+00:00,3.43,32.1258333,-115.339,5.995,ci10484533
2009-10-23 12:34:03.830000+00:00,2.61,32.125,-115.3398333,5.995,ci10484565
2009-10-24 00:01:28.790000+00:00,2.57,33.3543333,-116.3661667,11.136,ci10484845
2009-10-24 12:33:59.440000+00:00,3.38,32.1255,-115.3471667,16.075,ci10485021
2009-10-24 17:17:30.650000+00:00,2.51,34.7208333,-116.2953333,3.693,ci10485101
2009-10-26 01:14:36.210000+00:00,2.57,32.1166667,-115.3993333,5.75,ci10485653
2009-10-26 07:41:55.220000+00:00,2.7,32.0308333,-115.8415,5.713,ci10485741
2009-10-27 21:51:22.780000+00:00,2.89,36.3933333,-117.8568333,3.186,ci10486365
2009-10-28 15:11:47.100000+00:00,3.03,36.0216667,-117.7846667,0.255,ci10486581
2009-11-01 00:41:48.560000+00:00,3.05,36.3916667,-117.8658333,4.496,ci10488077
2009-11-02 03:56:24.440000+00:00,2.76,32.6768333,-115.6625,9.466,ci10488797
2009-11-02 04:15:27.460000+00:00,3.01,32.6386667,-115.6426667,3.822,ci10488845
2009-11-02 04:56:08.260000+00:00,3.67,36.4045,-117.8791667,4.55,ci10488901
2009-11-02 07:24:11.170000+00:00,2.95,36.4046667,-117.8691667,2.816,ci10488973
2009-11-02 08:54:52.610000+00:00,3.07,36.4016667,-117.878,4.216,ci10488997
2009-11-02 18:19:24.320000+00:00,3.01,32.6718333,-115.6521667,7.168,ci10489189
2009-11-02 18:20:15.590000+00:00,2.53,32.6818333,-115.6653333,4.733,ci10489197
2009-11-02 18:29:53.220000+00:00,2.53,32.6761667,-115.6553333,7.668,ci10489205
2009-11-02 19:27:31.760000+00:00,4.13,32.6721667,-115.6506667,7.618,ci10489253
2009-11-02 19:34:09.400000+00:00,2.61,32.6616667,-115.6446667,6.593,ci10489269
2009-11-02 20:18:23.910000+00:00,3.22,32.6711667,-115.655,8.188,ci10489429
2009-11-02 21:11:09.430000+00:00,3.01,32.6543333,-115.6371667,6.008,ci10489525
2009-11-02 21:11:38.370000+00:00,2.75,32.6723333,-115.6648333,4.728,ci10137922
2009-11-02 23:15:07.570000+00:00,2.55,32.664,-115.6438333,5.488,ci10489677
2009-11-03 04:59:55.670000+00:00,2.72,32.648,-115.666,7.463,ci10490133
2009-11-03 05:00:39.940000+00:00,2.86,32.6453333,-115.658,5.511,ci10490141
2009-11-03 05:26:24.070000+00:00,2.53,32.6201667,-115.6525,12.743,ci10490197
2009-11-03 07:36:58.030000+00:00,3.79,32.7131667,-115.8471667,1.953,ci10490325
2009-11-03 10:56:29.350000+00:00,3.62,32.6775,-115.6563333,5.178,ci10490533
2009-11-03 19:34:06.380000+00:00,2.59,36.3843333,-117.852,3.829,ci10490981
2009-11-04 04:34:19.730000+00:00,2.84,32.6688333,-115.6605,4.783,ci10491381
2009-11-04 04:58:40.370000+00:00,2.71,32.6765,-115.6708333,4.683,ci10491413
2009-11-04 04:58:52.160000+00:00,2.54,32.6725,-115.6768333,3.263,ci23621759
2009-11-04 05:04:32.550000+00:00,3.01,32.668,-115.6673333,4.443,ci10491437
2009-11-04 05:07:28.660000+00:00,3.13,32.6791667,-115.6615,5.428,ci10491453
2009-11-04 05:17:32.990000+00:00,2.65,32.6803333,-115.665,5.003,ci10491485
2009-11-04 05:17:58.390000+00:00,2.52,32.6705,-115.6661667,2.248,ci23645759
2009-11-04 05:53:08.840000+00:00,2.77,32.6753333,-115.6538333,5.048,ci10491541
2009-11-04 07:20:07.080000+00:00,3.29,32.6618333,-115.6606667,3.703,ci10491589
2009-11-04 07:48:20.460000+00:00,2.62,32.154,-115.3371667,5.995,ci10491621
2009-11-08 04:54:51.550000+00:00,2.55,36.3986667,-117.8666667,2.033,ci10493589
2009-11-08 11:08:40.752000+00:00,2.9,35.8973,-114.8256,1.5,nn00297339
2009-11-08 13:59:51.250000+00:00,2.74,32.6596667,-115.6518333,4.968,ci10493901
2009-11-09 20:35:16.500000+00:00,2.77,34.6926667,-116.3023333,4.553,ci10494829
2009-11-11 03:24:23.390000+00:00,3.56,33.2476667,-116.0521667,3.879,ci10495349
2009-11-11 05:56:41.900000+00:00,2.54,35.4266667,-116.7623333,4.236,ci10495365
2009-11-12 07:41:05.060000+00:00,2.91,33.839,-116.8445,13.85,ci10495901
2009-11-13 10:11:37.270000+00:00,3.3,34.1643333,-117.4273333,4.86,ci10496301
2009-11-15 07:54:22.700000+00:00,3.29,33.9136667,-117.059,12.855,ci10497213
2009-11-15 22:45:27.130000+00:00,4.35,33.1655,-119.3018333,5.671,ci10497389
2009-11-15 22:48:37.670000+00:00,3.55,33.1723333,-119.3016667,5.671,ci10497397
2009-11-16 13:54:34.120000+00:00,3.61,33.4146667,-116.6345,6.671,ci10497645
2009-11-16 21:21:30.630000+00:00,4.6,35.5485,-117.2745,1.248,ci10497821
2009-11-17 13:21:32.180000+00:00,2.96,35.5513333,-117.2828333,2.975,ci10498141
2009-11-17 22:52:13.390000+00:00,3.19,33.1773333,-115.6078333,1.593,ci14545476
2009-11-17 23:05:36.980000+00:00,3.31,33.1756667,-115.6081667,1.443,ci14545540
2009-11-17 23:07:16.310000+00:00,3.14,33.1765,-115.6051667,1.753,ci14545572
2009-11-18 00:44:00.600000+00:00,3.36,33.1821667,-115.6115,2.163,ci14545820
2009-11-18 00:45:02.590000+00:00,3.28,33.1725,-115.6086667,0.503,ci10141062
2009-11-18 10:34:27.180000+00:00,2.67,33.1783333,-115.61,2.263,ci14546284
2009-11-18 18:33:11.950000+00:00,2.63,32.1048333,-115.717,5.934,ci14546620
2009-11-20 14:27:02.180000+00:00,2.53,34.059,-117.2558333,15.914,ci14547396
2009-11-20 20:33:32.780000+00:00,2.69,34.4261667,-120.6626667,5.417,ci14547468
2009-11-20 23:52:23.300000+00:00,2.88,32.5985,-115.5883333,13.298,ci14547484
2009-11-21 02:36:30.190000+00:00,2.57,32.3355,-115.2308333,5.98,ci14547524
2009-11-22 07:40:54.010000+00:00,3.15,36.3845,-117.8713333,0.48,ci14547892
2009-11-22 15:55:31.660000+00:00,3.63,34.3591667,-116.8915,1.519,ci14547996
2009-11-24 13:38:55.090000+00:00,2.53,33.0893333,-116.056,5.711,ci14549108
2009-11-24 14:34:23.350000+00:00,3.89,32.7191667,-118.2465,14.648,ci14549156
2009-11-24 20:12:49.940000+00:00,3.36,32.7418333,-118.2048333,13.694,ci14549372
2009-11-24 20:15:18.890000+00:00,2.62,32.3883333,-115.0945,9.97,ci14549380
2009-11-24 22:27:55.500000+00:00,2.5,32.3815,-115.0928333,6.986,ci14549492
2009-11-25 01:53:07.660000+00:00,2.82,32.3915,-115.0976667,5.962,ci14549580
2009-11-25 04:12:51.320000+00:00,2.72,34.0025,-117.1955,8.72,ci14549636
2009-11-25 07:12:13.110000+00:00,2.67,33.9828333,-116.3648333,7.477,ci14549732
2009-11-25 07:27:18.070000+00:00,2.73,32.7505,-118.1941667,5.717,ci14549740
2009-11-25 08:54:53.020000+00:00,3.11,32.4118333,-115.1248333,5.97,ci14549772
2009-11-25 11:18:52.170000+00:00,3.82,32.502,-115.4576667,15.008,ci14549852
2009-11-25 13:01:24.120000+00:00,3.11,32.504,-115.458,15.008,ci14549892
2009-11-25 15:46:29.990000+00:00,2.54,32.4756667,-115.452,14.966,ci14549932
2009-11-25 18:12:28.750000+00:00,2.55,32.383,-115.0995,14.97,ci14550020
2009-11-26 07:10:46.740000+00:00,3.68,32.6638333,-115.6671667,4.653,ci14550380
2009-11-26 07:11:46.480000+00:00,2.58,32.6655,-115.6708333,4.613,ci10142962
2009-11-26 07:33:17.900000+00:00,3.32,32.6656667,-115.6673333,4.143,ci14550436
2009-11-26 10:10:54.830000+00:00,2.8,32.6715,-115.6686667,4.643,ci14550580
2009-11-26 22:05:42.460000+00:00,2.61,33.2568333,-116.4316667,3.673,ci14550892
2009-11-27 19:57:48.250000+00:00,3.47,36.385,-117.8693333,2.25,ci14551524
2009-11-28 01:32:27.640000+00:00,2.73,34.0086667,-116.8906667,9.209,ci14551580
2009-11-28 05:06:51.040000+00:00,2.85,36.19,-117.1703333,4.931,ci14551620
2009-11-28 12:19:25.930000+00:00,2.69,35.9688333,-120.532,4.455,nc71320246
2009-11-29 06:54:28.090000+00:00,2.97,34.051,-117.2898333,13.325,ci14552012
2009-11-29 09:54:19.180000+00:00,2.55,32.3911667,-115.0981667,5.97,ci14552068
2009-11-30 04:47:24.650000+00:00,3.38,32.3883333,-115.104,6.69,ci14552348
2009-11-30 04:57:46.610000+00:00,3.86,32.4008333,-115.1128333,7.8,ci14552356
2009-11-30 10:15:34.900000+00:00,2.74,32.3741667,-115.0911667,5.97,ci14552428
2009-11-30 15:36:16.500000+00:00,2.94,32.649,-115.6538333,4.423,ci14552524
2009-12-01 18:20:41.470000+00:00,2.62,32.7798333,-115.451,15.008,ci14553068
2009-12-01 21:00:04.410000+00:00,2.55,32.3955,-115.0903333,5.97,ci14553156
2009-12-01 22:14:31+00:00,2.55,33.3753333,-117.8305,19.579,ci14553204
2009-12-02 00:59:55.560000+00:00,3.07,35.954,-117.3336667,0.668,ci14553332
2009-12-03 17:44:37.280000+00:00,2.87,33.2561667,-116.4348333,3.443,ci10507269
2009-12-04 21:38:56.730000+00:00,3.48,32.9153333,-117.8651667,5.766,ci14554524
2009-12-04 22:16:40.180000+00:00,2.81,32.8946667,-117.8633333,5.716,ci14554532
2009-12-05 13:58:48.370000+00:00,2.75,35.8456667,-120.3973333,6.455,nc71318310
2009-12-05 15:41:18.950000+00:00,2.63,32.4001667,-115.1203333,5.855,ci14554900
2009-12-05 20:27:39.520000+00:00,3.58,32.3788333,-115.1095,5.986,ci14555036
2009-12-05 20:29:29.970000+00:00,2.5,32.38,-115.1013333,7.026,ci24181759
2009-12-05 20:52:34.790000+00:00,2.72,32.372,-115.094,5.97,ci14555060
2009-12-06 06:09:14.500000+00:00,3.29,32.3773333,-115.1086667,4.63,ci14555164
2009-12-06 23:11:21.280000+00:00,3.64,32.3755,-115.0755,14.962,ci14555340
2009-12-06 23:16:09.190000+00:00,2.67,32.3916667,-115.0821667,5.97,ci14555348
2009-12-07 06:11:20.940000+00:00,3.06,32.3771667,-115.1016667,5.97,ci14555468
2009-12-09 04:36:47.190000+00:00,3.04,35.5538333,-120.7933333,3.626,nc71319915
2009-12-10 03:44:11.120000+00:00,2.58,32.044,-115.494,5.961,ci14556532
2009-12-11 03:50:43.770000+00:00,3.3,35.936,-120.4885,9.679,nc71320865
2009-12-13 10:26:09.280000+00:00,2.97,35.7553333,-119.0071667,18.282,ci14558292
2009-12-13 23:45:42.570000+00:00,2.6,33.3511667,-116.2831667,12.383,ci14558500
2009-12-15 01:03:27.750000+00:00,3.29,32.657,-115.659,5.043,ci14558924
2009-12-15 01:35:16.660000+00:00,3.18,32.6298333,-115.6543333,8.193,ci14558940
2009-12-15 09:52:20.160000+00:00,2.98,36.402,-117.8383333,-0.12,ci14559172
2009-12-17 00:43:04.400000+00:00,2.83,32.6535,-115.6588333,11.933,ci14560004
2009-12-18 07:55:59.100000+00:00,2.65,32.4865,-115.4071667,25.097,ci14560780
2009-12-19 09:59:12.690000+00:00,2.53,33.6656667,-116.755,13.618,ci14561316
2009-12-22 11:09:51.570000+00:00,2.54,32.3455,-115.2155,5.986,ci14562428
2009-12-26 14:17:56.070000+00:00,2.57,36.0628333,-117.708,0.113,ci14563964
2009-12-26 23:02:08.190000+00:00,3.9,32.9476667,-115.9231667,14.186,ci14564188
2009-12-27 19:58:21.830000+00:00,2.57,32.118,-115.73,5.787,ci14564564
2009-12-28 08:45:44.400000+00:00,2.64,32.016,-115.4996667,2.906,ci14564772
2009-12-30 02:19:40.720000+00:00,2.52,33.1466667,-119.2516667,15.041,ci14565388
2009-12-30 11:44:38.050000+00:00,3.64,35.9736667,-117.405,1.759,ci14565492
2009-12-30 17:54:13.090000+00:00,3.53,32.4478333,-115.179,14.986,ci14565580
2009-12-30 18:48:57.330000+00:00,5.8,32.464,-115.1891667,5.971,ci14565620
2009-12-30 18:53:23.960000+00:00,4.77,32.5323333,-115.2081667,5.986,ci14565636
2009-12-30 18:55:40.170000+00:00,3.64,32.5526667,-115.2321667,5.985,ci24605759
2009-12-30 18:57:07.180000+00:00,2.96,32.4966667,-115.1978333,5.971,ci24669759
2009-12-30 18:58:07.090000+00:00,3.13,32.5058333,-115.2,5.964,ci24677759
2009-12-30 19:04:53.640000+00:00,2.73,32.4578333,-115.2021667,5.995,ci14565652
2009-12-30 19:07:41.530000+00:00,4.03,32.4945,-115.205,5.971,ci14565660
2009-12-30 19:10:04.010000+00:00,3.35,32.4968333,-115.1998333,5.986,ci14565668
2009-12-30 19:11:22.290000+00:00,2.74,32.4876667,-115.2095,5.987,ci24621759
2009-12-30 19:12:24.040000+00:00,2.91,32.482,-115.1886667,5.971,ci14565676
2009-12-30 19:15:10.680000+00:00,2.84,32.5066667,-115.2106667,5.971,ci14565700
2009-12-30 19:17:35.170000+00:00,2.64,32.4943333,-115.2046667,5.971,ci14565692
2009-12-30 19:21:20.090000+00:00,3.06,32.4183333,-115.1706667,5.986,ci14565708
2009-12-30 19:22:53.260000+00:00,3.25,32.5166667,-115.2016667,5.971,ci24629759
2009-12-30 19:24:00.050000+00:00,3.15,32.5035,-115.2118333,5.995,ci14565732
2009-12-30 19:26:47.490000+00:00,2.69,32.4746667,-115.2035,5.964,ci14565740
2009-12-30 19:30:09.680000+00:00,2.7,32.5053333,-115.2058333,5.971,ci14565748
2009-12-30 19:32:35.640000+00:00,2.62,32.4191667,-115.1678333,5.986,ci14565756
2009-12-30 19:32:39.140000+00:00,2.71,32.4168333,-115.176,5.971,ci24709759
2009-12-30 19:35:29.740000+00:00,2.85,32.5046667,-115.2033333,5.971,ci14565764
2009-12-30 19:51:16.690000+00:00,2.78,32.4971667,-115.2008333,5.971,ci14565780
2009-12-30 19:55:41.640000+00:00,2.61,32.5113333,-115.2058333,5.971,ci14565788
2009-12-30 19:59:02.420000+00:00,3.29,32.5058333,-115.205,5.971,ci14565812
2009-12-30 20:06:54.220000+00:00,3.52,32.5138333,-115.2045,5.971,ci14565836
2009-12-30 20:08:09.050000+00:00,3.43,32.5348333,-115.216,5.986,ci24653759
2009-12-30 20:08:46.090000+00:00,3.46,32.4926667,-115.2071667,5.964,ci24661767
2009-12-30 20:10:48.940000+00:00,2.54,32.4646667,-115.2076667,5.96,ci14565852
2009-12-30 20:18:01.100000+00:00,2.67,32.4931667,-115.2013333,5.971,ci14565876
2009-12-30 20:19:09.400000+00:00,2.75,32.502,-115.1955,5.971,ci14565908
2009-12-30 20:20:13.930000+00:00,2.96,32.4796667,-115.1928333,5.971,ci14565900
2009-12-30 20:24:50.610000+00:00,3.88,32.5501667,-115.2365,5.985,ci14565924
2009-12-30 20:30:17.370000+00:00,3.58,32.5108333,-115.2073333,5.971,ci14565932
2009-12-30 20:32:37.800000+00:00,3.15,32.5505,-115.2278333,5.986,ci14565948
2009-12-30 20:52:25.150000+00:00,2.5,32.4756667,-115.1823333,5.978,ci24613759
2009-12-30 20:52:27.760000+00:00,3.02,32.4435,-115.186,5.92,ci14566004
2009-12-30 21:01:06.950000+00:00,2.59,32.4778333,-115.188,5.96,ci14566012
2009-12-30 21:42:01.460000+00:00,2.75,32.5188333,-115.2195,5.986,ci14566052
2009-12-30 22:03:59.230000+00:00,2.61,32.4708333,-115.1943333,5.971,ci14566084
2009-12-31 00:17:56.360000+00:00,3.22,34.0141667,-117.1163333,10.357,ci14566196
2009-12-31 00:49:08.480000+00:00,3.05,32.4163333,-115.184,5.986,ci14566212
2009-12-31 06:20:00.620000+00:00,2.56,32.4506667,-115.1943333,5.995,ci14566340
2009-12-31 19:57:42.940000+00:00,3.19,36.0315,-117.7835,1.083,ci14566588
2010-01-01 02:33:42.820000+00:00,3.24,32.4538333,-115.2028333,5.995,ci14566876
2010-01-01 02:55:04.370000+00:00,2.79,35.9851667,-117.2983333,0.658,ci14566884
2010-01-01 03:25:30.180000+00:00,2.86,36.0325,-117.7828333,0.713,ci14566908
2010-01-01 06:52:51.400000+00:00,2.56,32.4653333,-115.215,5.995,ci14567060
2010-01-01 14:06:44.280000+00:00,2.78,32.4468333,-115.208,5.995,ci14567220
2010-01-01 17:51:53.430000+00:00,2.64,32.3616667,-115.2505,5.995,ci14567300
2010-01-02 03:15:45.200000+00:00,2.81,33.5758333,-118.8886667,11.213,ci14567420
2010-01-03 07:04:44.230000+00:00,2.78,32.4716667,-115.2086667,5.971,ci14567900
2010-01-03 17:25:52.940000+00:00,2.93,32.545,-115.2388333,5.995,ci14567988
2010-01-03 22:15:47.810000+00:00,2.94,32.3843333,-115.1193333,5.954,ci14568092
2010-01-03 22:17:19.130000+00:00,2.73,32.3756667,-115.1311667,5.967,ci14568100
2010-01-04 00:02:17.990000+00:00,3.81,32.1915,-116.655,5.631,ci14568124
2010-01-04 20:07:59.930000+00:00,3.39,35.7116667,-117.4821667,8.636,ci14568516
2010-01-04 20:11:25.790000+00:00,3.12,35.7115,-117.485,9.196,ci14568532
2010-01-04 23:45:28.380000+00:00,2.52,32.74,-115.4221667,17.908,ci14568620
2010-01-05 04:44:42.270000+00:00,2.76,35.9583333,-117.3335,0.329,ci14568716
2010-01-07 01:42:02.790000+00:00,2.86,32.518,-115.2405,5.995,ci14569508
2010-01-07 20:16:51.260000+00:00,2.6,32.3121667,-115.3153333,5.962,ci14569804
2010-01-09 00:07:24.150000+00:00,2.6,33.4623333,-116.443,1.558,ci14570236
2010-01-10 02:55:06.750000+00:00,3.04,36.4013333,-117.8686667,3.932,ci14570732
2010-01-10 06:35:53.560000+00:00,4.08,32.4033333,-115.1755,5.986,ci14570852
2010-01-10 08:43:55.850000+00:00,2.53,32.3955,-115.2213333,5.995,ci14570924
2010-01-11 23:24:00.270000+00:00,3.12,33.9653333,-116.8771667,8.642,ci14571732
2010-01-11 23:33:52.520000+00:00,3.24,33.9658333,-116.8775,9.412,ci14571772
2010-01-12 02:36:08.440000+00:00,4.27,33.9663333,-116.8763333,8.782,ci14571828
2010-01-13 02:43:38.980000+00:00,2.56,36.4006667,-117.878,2.275,ci10525669
2010-01-13 03:30:40.290000+00:00,2.56,32.4653333,-115.181,5.971,ci10525701
2010-01-14 12:10:05.290000+00:00,3.48,36.0378333,-117.8355,0.053,ci10526285
2010-01-14 12:57:12.580000+00:00,3.22,36.0396667,-117.834,0.373,ci10526373
2010-01-14 13:37:00.910000+00:00,3.4,36.038,-117.8363333,0.353,ci10526413
2010-01-15 02:01:34.480000+00:00,3.05,33.183,-115.6051667,2.543,ci10526869
2010-01-15 02:12:56.930000+00:00,3.42,33.1775,-115.6056667,1.773,ci10526957
2010-01-15 02:13:52.130000+00:00,3.52,33.1793333,-115.6083333,1.803,ci10526965
2010-01-15 04:52:33.480000+00:00,2.53,36.0325,-117.839,0.603,ci10527509
2010-01-15 08:23:27.340000+00:00,4.41,36.031,-117.843,0.103,ci10527789
2010-01-15 08:24:16.010000+00:00,2.53,36.0316667,-117.8368333,-0.836,ci25277759
2010-01-15 08:25:23.100000+00:00,2.5,36.0303333,-117.8325,2.031,ci25301759
2010-01-15 08:43:41.280000+00:00,2.85,36.0328333,-117.8398333,-0.757,ci10527869
2010-01-15 09:25:13.940000+00:00,2.97,36.0341667,-117.8428333,0.483,ci10527997
2010-01-15 09:28:18.960000+00:00,3.53,36.032,-117.8385,-0.327,ci10528013
2010-01-15 10:29:58.630000+00:00,3.61,36.0291667,-117.8398333,0.443,ci10528149
2010-01-15 13:39:31.390000+00:00,3.4,36.036,-117.8483333,0.013,ci10528517
2010-01-15 13:42:17.590000+00:00,3.1,32.1468333,-115.3745,5.962,ci10528549
2010-01-15 14:17:43.220000+00:00,2.91,32.189,-115.3671667,5.995,ci10528629
2010-01-15 14:20:49.500000+00:00,2.9,36.0371667,-117.8461667,1.653,ci10528645
2010-01-15 19:46:20.250000+00:00,2.78,32.3083333,-115.1753333,5.976,ci10529013
2010-01-15 23:19:53.530000+00:00,2.74,34.0548333,-117.266,17.874,ci10529253
2010-01-16 06:36:18.600000+00:00,3.43,36.0376667,-117.8443333,0.123,ci10529677
2010-01-16 12:03:25.700000+00:00,4.28,33.9321667,-117.0231667,13.143,ci10530013
2010-01-17 07:04:59.610000+00:00,2.55,32.0968333,-115.3725,11.122,ci10530661
2010-01-17 08:00:57.410000+00:00,3.19,32.1578333,-115.377,5.995,ci10530685
2010-01-17 15:44:19.460000+00:00,2.69,32.144,-115.319,5.995,ci10530869
2010-01-17 19:50:42.440000+00:00,2.68,32.1825,-115.3736667,5.995,ci10531029
2010-01-17 23:23:14.680000+00:00,2.64,32.1445,-115.3238333,5.995,ci10531149
2010-01-18 02:30:18.580000+00:00,2.79,32.1871667,-115.3791667,5.995,ci10531237
2010-01-18 04:50:45.680000+00:00,2.91,36.0333333,-117.8446667,0.823,ci10531309
2010-01-18 06:34:55.830000+00:00,2.84,36.036,-117.8411667,1.783,ci10531453
2010-01-20 05:51:08.620000+00:00,2.63,33.523,-118.2441667,0.835,ci10532405
2010-01-20 09:15:24.930000+00:00,2.51,34.1933333,-117.5666667,8.486,ci10532445
2010-01-20 11:51:46.750000+00:00,3.37,32.9901667,-116.3606667,4.497,ci10532501
2010-01-22 07:24:56.290000+00:00,2.63,33.4718333,-116.4706667,9.314,ci10533005
2010-01-22 14:34:31.280000+00:00,2.56,32.4725,-115.1826667,5.978,ci10533141
2010-01-23 13:16:16.800000+00:00,2.57,33.1545,-115.6403333,1.823,ci10533437
2010-01-23 13:17:17.010000+00:00,3.03,33.1568333,-115.6465,2.663,ci10533445
2010-01-23 13:40:34.150000+00:00,2.53,33.1571667,-115.6431667,1.703,ci10533597
2010-01-24 11:24:47.180000+00:00,2.92,34.4748333,-116.5131667,7.919,ci10534013
2010-01-24 22:41:19.970000+00:00,2.61,33.924,-116.5733333,11.644,ci10534181
2010-01-26 07:44:00.490000+00:00,2.74,32.2743333,-115.1103333,5.994,ci10534709
2010-01-27 04:55:12.530000+00:00,2.57,33.2998333,-116.313,11.473,ci14581700
2010-01-28 10:30:39.540000+00:00,3.27,32.7378333,-115.406,14.99,ci10535613
2010-01-29 11:04:12.100000+00:00,2.56,32.7165,-115.3988333,14.99,ci10536037
2010-01-30 11:25:59.720000+00:00,2.64,36.1025,-117.8903333,3.327,ci10536397
2010-01-31 05:38:58.740000+00:00,3.09,32.735,-115.4021667,14.99,ci10536629
2010-01-31 06:14:03.180000+00:00,2.76,32.7331667,-115.3976667,17.095,ci10536645
2010-01-31 11:54:59+00:00,3.3,32.327,-115.1116667,5.97,ci10536725
2010-02-01 04:21:55.200000+00:00,2.79,35.2338333,-118.5908333,5.013,ci10536957
2010-02-01 14:19:47.820000+00:00,4.4,32.0493333,-117.5255,5.845,ci10537093
2010-02-01 14:43:39.440000+00:00,3.59,32.054,-117.4626667,5.836,ci10537109
2010-02-04 02:06:28.790000+00:00,3.62,32.0645,-117.4813333,5.836,ci14585204
2010-02-04 10:20:52.010000+00:00,2.81,33.9511667,-116.7276667,18.385,ci14585252
2010-02-06 03:57:12.860000+00:00,2.55,32.751,-115.6406667,14.748,ci14585900
2010-02-06 06:58:46.520000+00:00,2.79,35.5563333,-120.7923333,3.524,nc71349576
2010-02-06 09:12:27.220000+00:00,3.11,32.7588333,-115.6291667,15.368,ci14586036
2010-02-06 22:52:57.510000+00:00,2.9,33.4123333,-116.6281667,6.541,ci14586244
2010-02-07 02:01:23.950000+00:00,3.39,35.7826667,-120.3351667,8.854,nc71349976
2010-02-07 12:34:37.660000+00:00,2.91,36.0136667,-117.7895,0.413,ci14586412
2010-02-07 20:44:22.970000+00:00,2.91,32.2003333,-115.3295,5.995,ci14586532
2010-02-08 04:41:45.640000+00:00,2.51,33.9465,-116.6503333,11.515,ci14586684
2010-02-10 03:48:23.700000+00:00,2.55,33.4793333,-116.5336667,11.414,ci14587428
2010-02-10 11:27:44.550000+00:00,2.84,33.6913333,-116.8191667,15.241,ci14587508
2010-02-11 08:33:42.340000+00:00,3.43,35.9148333,-120.4658333,6.686,nc71352011
2010-02-11 09:15:36.010000+00:00,3.09,32.052,-115.6945,14.754,ci10541141
2010-02-11 15:35:40.660000+00:00,2.78,32.624,-115.5928333,15.814,ci10541205
2010-02-13 16:34:39.030000+00:00,3.38,32.7086667,-116.0133333,6.359,ci10541845
2010-02-13 17:03:07.790000+00:00,2.54,34.0006667,-117.1841667,8.246,ci10541885
2010-02-13 21:39:06.600000+00:00,4.1,34.0045,-117.1796667,8.025,ci10541957
2010-02-13 21:54:40.880000+00:00,2.52,34.0045,-117.1865,8.945,ci10542085
2010-02-13 22:09:03.520000+00:00,2.54,34.0058333,-117.186,8.245,ci10542117
2010-02-14 00:01:13.800000+00:00,3.09,32.6866667,-116.008,13.429,ci10542165
2010-02-14 00:37:58.040000+00:00,2.98,36.1125,-117.715,0.993,ci10542181
2010-02-14 06:58:27.140000+00:00,3.04,33.2333333,-115.6995,3.293,ci10542293
2010-02-14 21:35:47.900000+00:00,4.45,32.242,-116.5911667,5.608,ci10542525
2010-02-14 21:40:41.980000+00:00,3.0,32.2536667,-116.5886667,1.008,ci10542533
2010-02-14 23:06:59.420000+00:00,2.62,32.2408333,-116.5933333,4.368,ci10542573
2010-02-15 00:07:09.360000+00:00,4.05,36.0735,-117.8658333,-1.147,ci10542589
2010-02-15 00:10:55.310000+00:00,2.6,36.0765,-117.8673333,-0.007,ci10542597
2010-02-16 09:21:28.210000+00:00,2.63,34.0066667,-117.1868333,7.832,ci10543013
2010-02-16 14:49:13.150000+00:00,2.69,33.5198333,-116.4986667,4.824,ci10543077
2010-02-16 18:41:17.460000+00:00,2.83,34.0043333,-117.194,7.106,ci10543165
2010-02-16 18:42:51.910000+00:00,2.62,34.0031667,-117.195,5.726,ci10543173
2010-02-16 21:13:47.270000+00:00,2.67,32.1603333,-115.6796667,5.944,ci10543277
2010-02-17 05:04:54.390000+00:00,3.11,34.0065,-117.192,7.302,ci10543429
2010-02-17 11:24:56.960000+00:00,2.5,34.0091667,-117.1896667,6.716,ci10543605
2010-02-17 11:37:41.470000+00:00,2.73,34.0076667,-117.1903333,7.086,ci10543621
2010-02-17 15:55:16.500000+00:00,3.8,32.415,-115.238,4.0,usp000h7d8
2010-02-17 21:35:51.180000+00:00,3.32,34.0066667,-117.191,7.633,ci10543901
2010-02-17 22:31:21.360000+00:00,2.5,34.0028333,-117.195,8.796,ci10543989
2010-02-18 07:41:19.740000+00:00,2.74,33.9613333,-116.7321667,18.135,ci10544221
2010-02-18 20:22:13.150000+00:00,2.73,34.0086667,-117.188,6.566,ci10544453
2010-02-19 01:56:03.250000+00:00,2.55,32.56,-115.2728333,28.677,ci10544645
2010-02-19 19:53:42.710000+00:00,3.36,34.0105,-117.1886667,6.946,ci10544893
2010-02-19 19:54:28.310000+00:00,3.2,34.0123333,-117.1878333,6.809,ci10544901
2010-02-19 19:56:23.050000+00:00,3.59,34.0146667,-117.1841667,6.432,ci10544917
2010-02-19 19:57:11.940000+00:00,2.53,34.0133333,-117.189,7.349,ci10544925
2010-02-19 19:58:56.640000+00:00,2.55,34.0151667,-117.1881667,7.245,ci10544933
2010-02-19 22:11:26.750000+00:00,2.74,36.0621667,-117.8591667,1.176,ci10545077
2010-02-20 04:08:46.380000+00:00,2.98,34.0141667,-117.1878333,7.629,ci10545189
2010-02-20 04:16:10.500000+00:00,2.69,34.0136667,-117.1896667,7.575,ci10545221
2010-02-21 07:57:56.110000+00:00,2.73,34.7855,-118.9265,12.523,ci10545613
2010-02-22 21:55:30.570000+00:00,2.5,35.7528333,-118.9995,20.803,ci10546189
2010-02-23 13:46:38.230000+00:00,2.73,33.3816667,-116.3161667,11.488,ci10546413
2010-02-25 06:02:19.320000+00:00,2.64,32.1575,-115.6108333,5.966,ci10547333
2010-02-26 12:46:42.920000+00:00,2.64,36.063,-117.8715,1.259,ci14594708
2010-02-26 13:22:53.020000+00:00,2.69,36.0728333,-117.8803333,1.359,ci14594724
2010-02-26 15:02:31.670000+00:00,3.88,32.5518333,-115.2566667,14.987,ci14594756
2010-02-26 20:12:04.580000+00:00,2.79,36.064,-117.8721667,1.249,ci14594860
2010-02-26 21:05:25.670000+00:00,2.8,34.8068333,-116.3008333,2.74,ci14594876
2010-02-27 06:56:03.120000+00:00,2.91,36.0728333,-117.8776667,1.14,ci14594996
2010-02-27 07:10:48.140000+00:00,3.45,36.0615,-117.8876667,-0.78,ci14595012
2010-02-27 13:56:38.760000+00:00,3.11,36.0656667,-117.883,0.439,ci14595164
2010-02-27 15:01:35.910000+00:00,3.3,36.0608333,-117.8773333,0.989,ci14595172
2010-02-27 20:23:53.810000+00:00,2.8,36.0626667,-117.8886667,-1.421,ci14595292
2010-02-28 06:30:17.420000+00:00,3.43,36.06,-117.8821667,-0.671,ci14595452
2010-02-28 06:30:41.170000+00:00,2.6,36.0601667,-117.8776667,-0.275,ci28213759
2010-02-28 06:56:28.810000+00:00,3.13,36.0611667,-117.8795,1.119,ci14595468
2010-02-28 07:08:47.920000+00:00,2.58,36.0625,-117.879,0.829,ci14595476
2010-02-28 16:00:24.730000+00:00,2.61,33.5586667,-118.249,1.019,ci14595572
2010-03-01 06:21:11.670000+00:00,3.45,32.7158333,-116.067,2.761,ci14595780
2010-03-01 09:06:03.090000+00:00,3.76,36.0698333,-117.8785,-0.41,ci14595820
2010-03-01 10:32:07.540000+00:00,2.75,36.0643333,-117.87,0.589,ci14595868
2010-03-01 10:39:40.260000+00:00,2.61,36.0645,-117.8758333,1.16,ci14595876
2010-03-01 10:40:00.040000+00:00,2.75,36.0653333,-117.8816667,0.59,ci10144402
2010-03-02 07:22:53.990000+00:00,3.47,36.0645,-117.8731667,1.17,ci14596204
2010-03-03 13:44:40.430000+00:00,2.81,34.8101667,-116.3018333,2.95,ci14596580
2010-03-05 03:46:24.720000+00:00,2.94,36.1383333,-117.8393333,-0.227,ci14597012
2010-03-08 03:43:20.980000+00:00,3.28,36.0598333,-117.8813333,1.46,ci14597804
2010-03-08 07:00:45.260000+00:00,3.2,36.0608333,-117.883,1.39,ci14597860
2010-03-08 07:18:22.070000+00:00,2.88,36.057,-117.8845,1.3,ci14597876
2010-03-08 14:08:10.570000+00:00,2.5,35.5026667,-118.3016667,3.432,ci14597964
2010-03-08 18:46:54.890000+00:00,2.58,36.0613333,-117.8731667,1.429,ci14598044
2010-03-09 00:47:50.440000+00:00,2.52,32.7031667,-116.0655,5.401,ci14598156
2010-03-09 04:18:21.870000+00:00,4.02,32.994,-116.359,4.814,ci14598228
2010-03-09 07:54:27.830000+00:00,3.34,36.0643333,-117.882,0.99,ci14598340
2010-03-09 09:06:35.120000+00:00,3.03,36.0595,-117.8911667,-1.33,ci14598356
2010-03-09 20:05:12.870000+00:00,3.66,36.0596667,-117.8726667,0.839,ci14598516
2010-03-09 20:12:10.890000+00:00,2.96,33.4213333,-119.1475,11.417,ci14598524
2010-03-09 23:43:59.740000+00:00,2.57,36.0555,-117.8808333,1.169,ci14598564
2010-03-10 04:36:38.330000+00:00,3.01,36.061,-117.8773333,1.32,ci14598644
2010-03-10 06:14:40.210000+00:00,2.53,33.2503333,-116.6813333,3.803,ci14598684
2010-03-10 10:05:09.480000+00:00,3.01,33.2496667,-116.6851667,3.803,ci14598756
2010-03-10 16:55:35.850000+00:00,2.8,33.4691667,-118.2625,0.775,ci14598820
2010-03-11 01:39:38.810000+00:00,3.52,33.2501667,-116.6886667,3.803,ci14598996
2010-03-11 05:30:10.950000+00:00,2.93,34.4195,-119.981,6.32,ci14599140
2010-03-11 21:09:25.790000+00:00,3.39,32.6921667,-116.0653333,3.241,ci14599396
2010-03-11 21:15:25.340000+00:00,2.52,35.3255,-119.3631667,26.872,ci14599404
2010-03-12 13:24:04.820000+00:00,2.68,35.9768333,-117.6508333,2.04,ci14599716
2010-03-13 16:32:32.320000+00:00,4.23,32.9906667,-116.358,4.984,ci14600292
2010-03-15 11:24:26.800000+00:00,2.81,32.9685,-117.6945,5.76,ci14600924
2010-03-16 11:04:00.190000+00:00,4.44,33.9923333,-118.0816667,18.723,ci14601172
2010-03-17 02:44:08.430000+00:00,2.57,32.4236667,-115.1791667,5.987,ci14601388
2010-03-17 10:35:14.550000+00:00,2.76,32.7286667,-115.842,1.643,ci14601476
2010-03-17 17:01:01.520000+00:00,3.96,32.3218333,-115.3065,5.987,ci14601532
2010-03-17 17:12:48.270000+00:00,2.52,32.271,-115.3208333,5.931,ci14601540
2010-03-18 05:40:33.100000+00:00,3.03,32.3088333,-115.2941667,5.987,ci14601748
2010-03-18 05:41:17.620000+00:00,3.15,32.2248333,-115.2993333,5.995,ci10145042
2010-03-18 06:39:38.140000+00:00,2.64,32.8055,-115.5935,15.008,ci14601788
2010-03-18 11:58:11.940000+00:00,2.75,32.1718333,-115.0455,5.976,ci29757759
2010-03-18 17:34:29.520000+00:00,2.63,35.069,-119.023,14.452,ci14601972
2010-03-19 17:16:41.160000+00:00,2.61,35.5043333,-118.2583333,3.21,ci14602292
2010-03-20 03:39:10.860000+00:00,2.54,33.7845,-116.1506667,6.628,ci14602428
2010-03-20 09:14:55.460000+00:00,3.21,32.5363333,-115.552,14.926,ci14602556
2010-03-20 09:48:47.450000+00:00,3.45,32.5076667,-115.5491667,14.256,ci14602596
2010-03-21 06:12:33.530000+00:00,3.91,32.1685,-115.217,5.994,ci10145122
2010-03-21 15:25:12.760000+00:00,3.27,32.2328333,-115.2551667,5.818,ci14603180
2010-03-21 15:29:59.690000+00:00,3.03,33.9411667,-116.7361667,13.686,ci14603204
2010-03-21 22:27:08.890000+00:00,2.88,33.7495,-118.604,2.532,ci14603348
2010-03-21 23:10:17.490000+00:00,3.41,32.1971667,-115.1898333,5.994,ci14603396
2010-03-22 04:28:09.600000+00:00,3.23,32.2175,-115.1938333,5.846,ci14603532
2010-03-22 05:14:41.400000+00:00,2.7,32.2345,-115.2518333,5.846,ci14603540
2010-03-23 13:41:15.260000+00:00,3.09,34.5448333,-120.7143333,13.858,ci14603884
2010-03-24 14:13:01.140000+00:00,3.49,32.0076667,-117.5158333,5.845,ci14604260
2010-03-25 00:59:06.560000+00:00,2.89,36.2418333,-120.805,6.487,nc71368015
2010-03-25 08:25:58.930000+00:00,2.55,32.7128333,-116.0738333,0.701,ci14604516
2010-03-25 20:26:25.450000+00:00,2.61,32.2445,-115.3013333,5.995,ci14604732
2010-03-25 22:44:49.390000+00:00,3.4,35.9513333,-120.5081667,9.198,nc71368395
2010-03-26 22:33:53.380000+00:00,3.44,33.9371667,-120.4183333,5.405,ci14605036
2010-03-27 00:29:26.200000+00:00,2.61,32.2755,-115.2941667,6.487,ci14605060
2010-03-27 03:30:06.040000+00:00,2.59,36.4076667,-120.4396667,13.608,nc71368965
2010-03-27 15:05:11.670000+00:00,3.57,32.2735,-115.3008333,5.995,ci14605204
2010-03-28 21:35:26.190000+00:00,3.05,34.3516667,-116.463,3.243,ci14605532
2010-03-31 09:20:26.070000+00:00,4.16,32.354,-115.2288333,5.987,ci14606268
2010-03-31 20:10:55.300000+00:00,2.9,34.3395,-120.8933333,5.638,ci14606380
2010-04-02 07:35:04.500000+00:00,2.68,32.0248333,-117.4876667,5.836,ci14606732
2010-04-02 17:20:57.950000+00:00,2.73,34.5803333,-116.5921667,6.641,ci14606868
2010-04-03 03:47:59.290000+00:00,3.31,32.2326667,-116.5976667,5.608,ci14607012
2010-04-03 19:04:29.530000+00:00,2.58,34.2675,-117.0296667,0.508,ci14607156
2010-04-03 19:38:51.150000+00:00,2.71,32.2491667,-115.2971667,9.995,ci14607164
2010-04-03 20:49:04.400000+00:00,3.27,32.2348333,-115.3,9.995,ci14607188
2010-04-03 23:03:47.690000+00:00,4.34,32.2658333,-115.2933333,9.975,ci14607220
2010-04-04 00:50:20.990000+00:00,2.76,32.2418333,-115.3038333,9.986,ci14607284
2010-04-04 02:55:24.580000+00:00,2.53,34.2678333,-117.0291667,0.818,ci14607308
2010-04-04 05:05:09.520000+00:00,3.26,32.2561667,-115.3003333,9.995,ci14607364
2010-04-04 07:51:38.030000+00:00,3.13,32.251,-115.301,9.995,ci14607396
2010-04-04 09:36:25.560000+00:00,3.36,32.2218333,-115.2943333,9.995,ci14607412
2010-04-04 22:34:50.160000+00:00,3.35,32.2296667,-115.2951667,9.995,ci14607620
2010-04-04 22:39:05.320000+00:00,2.69,32.2528333,-115.2985,9.986,ci14607628
2010-04-04 22:39:57.210000+00:00,2.92,32.2356667,-115.3061667,9.995,ci10169070
2010-04-04 22:40:42.360000+00:00,7.2,32.2861667,-115.2953333,9.987,ci14607652
2010-04-04 22:43:00.430000+00:00,5.26,32.4533333,-115.632,9.981,ci10184394
2010-04-04 22:43:30.550000+00:00,3.5,32.534,-115.7425,-0.06,ci10184830
2010-04-04 22:44:36.140000+00:00,3.0,32.483,-115.6785,6.993,ci10184834
2010-04-04 22:45:20.320000+00:00,3.0,32.4696667,-115.6213333,6.122,ci10184870
2010-04-04 22:46:09.740000+00:00,3.5,32.441,-115.6111667,10.038,ci10184874
2010-04-04 22:47:57.980000+00:00,3.34,32.8985,-116.2651667,13.514,ci14607684
2010-04-04 22:50:17.120000+00:00,5.7,32.0986667,-115.0481667,10.011,ci31957759
2010-04-04 22:54:13.970000+00:00,4.03,32.436,-115.4973333,9.984,ci14607700
2010-04-04 22:56:40.430000+00:00,3.89,33.1508333,-116.4823333,10.658,ci14607748
2010-04-04 22:58:00.010000+00:00,2.65,33.2288333,-116.3426667,11.445,ci30269759
2010-04-04 22:58:27.070000+00:00,3.76,32.565,-115.7655,5.973,ci30277759
2010-04-04 22:58:47.480000+00:00,3.85,32.5386667,-115.7416667,5.608,ci31981759
2010-04-04 22:59:09.070000+00:00,2.5,32.489,-115.726,2.845,ci10169074
2010-04-04 23:06:55.070000+00:00,3.93,32.3336667,-115.3743333,10.005,ci14607804
2010-04-04 23:07:51.030000+00:00,3.78,32.4523333,-115.662,9.991,ci31997759
2010-04-04 23:09:40.110000+00:00,4.79,32.204,-115.3328333,9.979,ci14607820
2010-04-04 23:10:14.850000+00:00,2.81,33.9801667,-118.6818333,8.822,ci14607828
2010-04-04 23:11:02.880000+00:00,2.5,32.6058333,-115.765,5.929,ci10169082
2010-04-04 23:15:14.240000+00:00,5.43,32.3,-115.2595,9.987,ci14607836
2010-04-04 23:17:13.080000+00:00,4.56,32.2211667,-115.2906667,9.995,ci10169094
2010-04-04 23:19:17.520000+00:00,3.09,32.7751667,-116.0588333,8.244,ci14607844
2010-04-04 23:19:32.280000+00:00,3.95,32.6336667,-115.7621667,1.295,ci14607852
2010-04-04 23:19:55.250000+00:00,3.68,32.461,-115.6028333,9.968,ci10169098
2010-04-04 23:20:25.800000+00:00,3.43,32.5145,-115.6891667,9.982,ci10169106
2010-04-04 23:20:41.610000+00:00,4.39,32.12,-115.219,9.998,ci10169102
2010-04-04 23:22:04.560000+00:00,3.54,33.1496667,-116.494,12.1,ci14607860
2010-04-04 23:23:10.510000+00:00,3.58,32.5583333,-115.7905,5.198,ci14607868
2010-04-04 23:23:45.800000+00:00,3.21,32.613,-115.8293333,5.597,ci10169110
2010-04-04 23:25:07.190000+00:00,5.38,32.2661667,-115.2925,9.987,ci14607924
2010-04-04 23:26:39.410000+00:00,4.43,32.3935,-115.6555,5.566,ci10169114
2010-04-04 23:27:22.600000+00:00,3.27,33.0575,-116.3838333,13.379,ci14607916
2010-04-04 23:33:12.180000+00:00,4.39,32.2853333,-115.3678333,9.995,ci14607956
2010-04-04 23:34:28.290000+00:00,4.12,32.6025,-115.761,3.271,ci14607964
2010-04-04 23:36:20.700000+00:00,3.14,32.6533333,-115.7516667,4.553,ci10147522
2010-04-04 23:37:33.490000+00:00,4.7,32.4623333,-115.5978333,9.966,ci14607972
2010-04-04 23:39:35.040000+00:00,3.0,32.5883333,-115.7806667,6.975,ci10147530
2010-04-04 23:39:44.590000+00:00,3.48,32.4535,-115.6263333,7.256,ci14607988
2010-04-04 23:40:22.020000+00:00,3.35,32.2063333,-115.3636667,9.995,ci36880079
2010-04-04 23:42:57.820000+00:00,4.13,32.1295,-115.0258333,9.97,ci14608004
2010-04-04 23:44:43.380000+00:00,4.03,32.3156667,-115.3733333,10.015,ci30317767
2010-04-04 23:45:34.540000+00:00,3.8,32.1853333,-115.2611667,9.987,ci14607996
2010-04-04 23:46:30.320000+00:00,3.3,32.6825,-115.795,6.555,ci14608012
2010-04-04 23:47:20.590000+00:00,3.0,32.6248333,-115.7436667,1.973,ci10147762
2010-04-04 23:48:16.690000+00:00,3.48,32.2003333,-115.3626667,9.979,ci36880175
2010-04-04 23:48:45.530000+00:00,4.04,32.1078333,-115.0635,9.962,ci14608020
2010-04-04 23:49:01.610000+00:00,3.03,32.6421667,-115.7371667,9.954,ci36880167
2010-04-04 23:49:22.890000+00:00,3.31,32.453,-115.5933333,9.966,ci10147770
2010-04-04 23:50:07.420000+00:00,3.42,32.6323333,-115.7676667,3.305,ci14608052
2010-04-04 23:53:44.800000+00:00,3.61,32.6158333,-115.7843333,2.322,ci14608076
2010-04-04 23:54:17.080000+00:00,3.8,32.1638333,-115.2358333,9.994,ci10169326
2010-04-04 23:54:52.140000+00:00,3.15,32.4626667,-115.7145,6.955,ci10169330
2010-04-04 23:56:30.710000+00:00,3.24,32.4941667,-115.7543333,5.575,ci14608092
2010-04-04 23:57:13.520000+00:00,3.83,32.5853333,-115.7483333,4.219,ci14608116
2010-04-05 00:01:47.360000+00:00,3.05,32.6581667,-115.7725,4.305,ci10169334
2010-04-05 00:02:03.950000+00:00,2.72,32.6286667,-115.7798333,0.272,ci10169338
2010-04-05 00:02:46.310000+00:00,2.94,32.6458333,-115.7551667,3.515,ci14608180
2010-04-05 00:03:09.460000+00:00,3.15,32.5965,-115.8828333,14.218,ci14608188
2010-04-05 00:04:52.020000+00:00,3.36,32.679,-115.8438333,5.955,ci14608204
2010-04-05 00:06:01.430000+00:00,3.59,32.5318333,-115.6873333,3.36,ci14608212
2010-04-05 00:06:59.260000+00:00,3.0,32.0436667,-115.1368333,9.96,ci10170626
2010-04-05 00:11:36.120000+00:00,3.9,32.6328333,-115.7383333,7.511,ci14608228
2010-04-05 00:12:23.540000+00:00,3.88,32.5728333,-115.7216667,10.933,ci14608236
2010-04-05 00:14:10.540000+00:00,3.16,32.6526667,-115.7713333,2.495,ci14608244
2010-04-05 00:15:32.920000+00:00,4.17,32.252,-115.1691667,9.962,ci14608252
2010-04-05 00:17:25.230000+00:00,2.76,32.6436667,-115.7563333,4.083,ci14608260
2010-04-05 00:17:47.320000+00:00,2.78,32.5565,-116.411,5.569,ci10170646
2010-04-05 00:18:06.530000+00:00,3.29,32.642,-115.7501667,2.741,ci14608268
2010-04-05 00:19:35.560000+00:00,3.11,32.619,-115.7518333,2.511,ci14608276
2010-04-05 00:20:14.590000+00:00,3.64,32.5075,-115.6451667,5.495,ci14608284
2010-04-05 00:21:28.520000+00:00,3.62,32.6273333,-115.7645,2.155,ci14608292
2010-04-05 00:22:12.470000+00:00,3.88,32.4265,-115.5855,14.995,ci14608308
2010-04-05 00:24:01.860000+00:00,3.76,32.2736667,-115.337,9.995,ci30349759
2010-04-05 00:25:22.720000+00:00,2.93,33.1851667,-116.4126667,11.04,ci14608324
2010-04-05 00:26:03.770000+00:00,3.26,32.4793333,-115.6516667,3.346,ci14608332
2010-04-05 00:28:37.400000+00:00,3.8,32.1446667,-115.008,9.994,ci30373759
2010-04-05 00:30:02.020000+00:00,3.49,32.5988333,-115.774,2.825,ci14608404
2010-04-05 00:30:25.410000+00:00,2.95,32.5736667,-115.7343333,3.132,ci10170682
2010-04-05 00:30:47.840000+00:00,2.78,32.7191667,-115.8418333,0.973,ci14608412
2010-04-05 00:31:16.910000+00:00,3.32,32.3925,-115.4746667,14.966,ci14608420
2010-04-05 00:32:10.880000+00:00,3.89,32.6025,-115.7468333,5.403,ci14608428
2010-04-05 00:33:25.230000+00:00,2.84,32.6278333,-115.782,3.422,ci10170702
2010-04-05 00:38:10.470000+00:00,3.6,32.5221667,-115.6078333,14.995,ci14608452
2010-04-05 00:39:20.990000+00:00,2.88,32.5625,-115.748,1.609,ci30533759
2010-04-05 00:39:49.590000+00:00,2.58,32.6793333,-115.7601667,0.583,ci10170722
2010-04-05 00:40:52.550000+00:00,3.29,32.688,-115.8266667,4.303,ci14608468
2010-04-05 00:42:10.090000+00:00,3.42,32.6725,-115.8133333,1.115,ci30557767
2010-04-05 00:42:40.030000+00:00,4.15,32.2806667,-115.3578333,9.963,ci14608484
2010-04-05 00:44:00.020000+00:00,2.83,32.613,-115.8273333,6.295,ci30565775
2010-04-05 00:44:22.160000+00:00,4.01,32.3066667,-115.4296667,9.955,ci14608492
2010-04-05 00:45:12.030000+00:00,3.5,32.151,-115.0616667,9.994,ci30573759
2010-04-05 00:46:04.140000+00:00,3.94,32.2963333,-115.3751667,9.995,ci10170742
2010-04-05 00:46:52.840000+00:00,3.56,32.6178333,-115.8288333,5.595,ci14608532
2010-04-05 00:48:54.280000+00:00,2.6,32.6141667,-115.7755,0.733,ci14608508
2010-04-05 00:49:06.220000+00:00,2.93,32.4743333,-115.6626667,0.96,ci30581759
2010-04-05 00:50:10.360000+00:00,3.35,32.4238333,-115.5288333,7.101,ci30589759
2010-04-05 00:53:17.420000+00:00,2.53,32.5763333,-115.785,6.332,ci10170766
2010-04-05 00:53:31.530000+00:00,3.33,32.621,-115.7618333,0.863,ci14608612
2010-04-05 00:54:32.810000+00:00,2.77,33.6306667,-116.7316667,14.503,ci14608620
2010-04-05 00:54:36.750000+00:00,2.95,32.5983333,-115.7415,1.659,ci30613759
2010-04-05 00:56:06.570000+00:00,3.17,32.5541667,-115.6735,13.761,ci14608644
2010-04-05 00:58:51.560000+00:00,4.09,32.289,-115.3328333,10.015,ci14608660
2010-04-05 01:01:00.500000+00:00,3.06,32.6511667,-115.7673333,0.883,ci30621759
2010-04-05 01:04:16.610000+00:00,3.31,32.2248333,-115.2873333,14.995,ci14608700
2010-04-05 01:05:28.330000+00:00,2.78,32.6713333,-115.8143333,0.923,ci14608668
2010-04-05 01:06:40.400000+00:00,4.2,32.2475,-115.4318333,9.966,ci14608692
2010-04-05 01:07:14.020000+00:00,4.01,32.0268333,-115.1736667,9.96,ci30669759
2010-04-05 01:08:08.350000+00:00,3.9,32.276,-115.3353333,9.995,ci30653759
2010-04-05 01:09:31.630000+00:00,3.12,32.2185,-115.4633333,9.966,ci30685759
2010-04-05 01:11:08.600000+00:00,3.0,32.3075,-115.3376667,10.003,ci14608732
2010-04-05 01:12:46.740000+00:00,2.88,32.2076667,-115.3486667,9.987,ci10170822
2010-04-05 01:13:58.150000+00:00,3.16,32.6165,-115.7768333,1.933,ci14608740
2010-04-05 01:14:25.050000+00:00,3.27,32.6075,-115.7703333,0.123,ci30693759
2010-04-05 01:16:46.860000+00:00,2.98,32.5613333,-115.727,2.663,ci14608748
2010-04-05 01:19:42.310000+00:00,2.9,32.6331667,-115.7725,1.653,ci14608772
2010-04-05 01:19:51.380000+00:00,2.64,32.627,-115.8173333,8.52,ci10148082
2010-04-05 01:20:10.860000+00:00,2.76,32.1813333,-115.2615,9.987,ci10148086
2010-04-05 01:20:47.670000+00:00,3.49,32.3755,-115.576,5.966,ci14608780
2010-04-05 01:21:17.240000+00:00,2.75,32.5756667,-115.7418333,7.513,ci10170834
2010-04-05 01:21:30.940000+00:00,3.46,32.5326667,-115.6851667,13.273,ci14608804
2010-04-05 01:22:44.680000+00:00,3.89,32.5218333,-115.676,3.563,ci14608812
2010-04-05 01:25:01.420000+00:00,3.65,32.4,-115.5986667,15.236,ci14608828
2010-04-05 01:25:17.070000+00:00,3.73,32.4816667,-115.6495,5.56,ci10170842
2010-04-05 01:25:34.670000+00:00,4.64,32.1445,-115.1148333,10.015,ci30213759
2010-04-05 01:27:09.190000+00:00,3.9,32.6063333,-115.771,1.233,ci10170846
2010-04-05 01:28:13.970000+00:00,3.51,32.6296667,-115.7026667,8.883,ci14608836
2010-04-05 01:29:43.390000+00:00,2.89,32.6313333,-115.7891667,8.493,ci10170862
2010-04-05 01:29:48.080000+00:00,3.29,32.535,-115.7098333,5.789,ci14608844
2010-04-05 01:30:16.660000+00:00,2.68,32.6166667,-115.8066667,-0.011,ci10170866
2010-04-05 01:31:33.360000+00:00,2.93,32.6108333,-115.7685,2.385,ci14608852
2010-04-05 01:31:51.010000+00:00,3.29,32.5306667,-115.7205,5.608,ci10170882
2010-04-05 01:32:52.790000+00:00,3.42,32.128,-115.2825,9.97,ci10170886
2010-04-05 01:34:42.650000+00:00,3.13,32.3516667,-115.4065,9.962,ci10170922
2010-04-05 01:35:15.030000+00:00,2.73,32.5608333,-115.7108333,3.704,ci10170902
2010-04-05 01:35:44.050000+00:00,3.4,32.6886667,-115.82,0.323,ci14608884
2010-04-05 01:39:31.780000+00:00,3.0,32.3561667,-115.4365,9.944,ci10170966
2010-04-05 01:39:36.150000+00:00,3.89,32.2778333,-115.3861667,9.979,ci14608908
2010-04-05 01:40:28.080000+00:00,3.16,32.4723333,-115.5815,6.973,ci10170982
2010-04-05 01:40:49.770000+00:00,2.94,32.5426667,-115.7698333,5.585,ci10170970
2010-04-05 01:42:20.650000+00:00,3.06,32.512,-115.6785,5.803,ci14608916
2010-04-05 01:42:51.620000+00:00,4.09,32.139,-115.2135,9.986,ci30333759
2010-04-05 01:43:28.280000+00:00,3.0,32.667,-115.8148333,2.663,ci14608932
2010-04-05 01:44:29.240000+00:00,3.63,32.1598333,-115.2608333,9.987,ci10171002
2010-04-05 01:46:21.830000+00:00,2.6,32.6885,-115.986,5.519,ci14608940
2010-04-05 01:46:55+00:00,2.82,32.442,-115.4941667,14.974,ci10171006
2010-04-05 01:49:00.730000+00:00,2.56,32.639,-115.7643333,-0.027,ci10171022
2010-04-05 01:50:03.160000+00:00,3.17,32.6543333,-115.7826667,0.753,ci14608956
2010-04-05 01:51:06.420000+00:00,2.57,32.6173333,-115.7663333,3.213,ci10171026
2010-04-05 01:52:18.200000+00:00,3.0,32.5693333,-115.7296667,3.261,ci10171042
2010-04-05 01:52:25.420000+00:00,4.68,32.5933333,-115.7733333,4.085,ci14608980
2010-04-05 01:54:06.310000+00:00,2.82,33.7746667,-116.0856667,4.531,ci14608988
2010-04-05 01:54:42.060000+00:00,3.23,32.3416667,-115.4655,9.994,ci10171046
2010-04-05 01:57:12.250000+00:00,3.58,32.1236667,-115.0468333,9.971,ci14608996
2010-04-05 01:58:52.240000+00:00,3.75,32.1411667,-115.3008333,9.995,ci14609012
2010-04-05 01:59:52.120000+00:00,3.42,32.6881667,-115.7831667,3.769,ci10148246
2010-04-05 02:04:12.620000+00:00,2.77,32.4766667,-115.7076667,-0.007,ci10171066
2010-04-05 02:05:29.670000+00:00,2.98,32.6258333,-115.7811667,4.549,ci14609044
2010-04-05 02:06:00.110000+00:00,3.53,32.0365,-115.1038333,9.994,ci10171142
2010-04-05 02:07:16.200000+00:00,3.77,32.2056667,-115.2796667,9.987,ci14609052
2010-04-05 02:07:49.970000+00:00,3.75,32.177,-115.3078333,9.995,ci10171162
2010-04-05 02:10:18.840000+00:00,2.77,33.1763333,-116.4155,11.05,ci14609060
2010-04-05 02:11:33.200000+00:00,2.64,32.631,-115.7346667,7.718,ci14609108
2010-04-05 02:12:56.590000+00:00,3.08,32.5433333,-115.7916667,5.939,ci14609116
2010-04-05 02:14:38.580000+00:00,3.04,32.1323333,-115.2851667,9.995,ci14609140
2010-04-05 02:16:46.800000+00:00,2.92,32.49,-115.5671667,5.566,ci10171342
2010-04-05 02:17:43.560000+00:00,2.79,32.5318333,-115.6076667,6.355,ci10148322
2010-04-05 02:19:03.130000+00:00,3.35,32.4983333,-115.7663333,1.153,ci14609212
2010-04-05 02:23:59.330000+00:00,3.25,32.5903333,-115.7846667,1.102,ci14609228
2010-04-05 02:24:57.640000+00:00,2.75,33.4801667,-116.4545,13.341,ci14609236
2010-04-05 02:29:16.310000+00:00,2.83,32.6446667,-115.7653333,3.639,ci14609252
2010-04-05 02:33:21.070000+00:00,2.98,32.5673333,-115.768,2.513,ci14609268
2010-04-05 02:34:00.100000+00:00,2.7,32.576,-115.721,2.263,ci10148402
2010-04-05 02:34:49.570000+00:00,2.83,32.611,-115.7425,4.253,ci14609292
2010-04-05 02:37:19.110000+00:00,2.8,32.6176667,-115.7816667,5.585,ci14609332
2010-04-05 02:38:56.640000+00:00,3.09,32.3555,-115.404,9.995,ci14609364
2010-04-05 02:40:10.470000+00:00,3.39,32.5483333,-115.6653333,5.843,ci14609348
2010-04-05 02:40:18.080000+00:00,3.0,32.5258333,-115.6623333,10.005,ci10171402
2010-04-05 02:41:30.690000+00:00,2.88,32.58,-115.723,3.031,ci14609356
2010-04-05 02:42:11.540000+00:00,2.94,32.6206667,-115.7661667,2.675,ci14609372
2010-04-05 02:43:34.040000+00:00,2.73,32.5526667,-115.7388333,5.609,ci14609380
2010-04-05 02:46:17.500000+00:00,3.17,32.6025,-115.7773333,7.515,ci14609436
2010-04-05 02:47:25.660000+00:00,2.83,32.59,-115.7578333,4.841,ci14609452
2010-04-05 02:47:27.410000+00:00,4.51,32.2851667,-115.3025,10.003,ci30389759
2010-04-05 02:50:13.010000+00:00,2.5,32.5575,-115.7821667,3.803,ci10171422
2010-04-05 02:51:31.100000+00:00,2.61,32.6386667,-115.794,4.643,ci14609484
2010-04-05 02:54:34.450000+00:00,4.25,32.4728333,-115.6293333,13.771,ci14609500
2010-04-05 02:56:03.360000+00:00,2.5,32.6061667,-115.7405,5.303,ci10171442
2010-04-05 02:57:01.320000+00:00,2.5,32.6208333,-115.7571667,4.011,ci10171446
2010-04-05 02:58:21.740000+00:00,2.84,32.5316667,-115.727,0.028,ci10171450
2010-04-05 02:59:05.230000+00:00,3.24,32.651,-115.745,3.623,ci14609516
2010-04-05 02:59:15.280000+00:00,3.26,32.5656667,-115.7595,14.058,ci10171454
2010-04-05 03:00:33.350000+00:00,2.59,32.5558333,-115.7366667,5.573,ci10171458
2010-04-05 03:01:14.800000+00:00,2.95,32.6358333,-115.7443333,3.403,ci14609540
2010-04-05 03:01:38.500000+00:00,3.46,32.2723333,-115.339,9.963,ci10171502
2010-04-05 03:02:35.840000+00:00,3.52,32.6555,-115.7953333,0.225,ci14609548
2010-04-05 03:03:41.030000+00:00,3.08,32.648,-115.7913333,0.073,ci14609556
2010-04-05 03:04:45.800000+00:00,2.5,32.6908333,-115.8053333,0.013,ci10171582
2010-04-05 03:04:50.640000+00:00,3.25,32.6006667,-115.7586667,6.358,ci14609572
2010-04-05 03:05:56.030000+00:00,2.74,32.6711667,-115.8148333,0.273,ci14609580
2010-04-05 03:06:27.910000+00:00,3.15,32.2025,-115.397,9.966,ci10171602
2010-04-05 03:08:47.980000+00:00,3.36,32.2535,-115.3455,9.962,ci10171622
2010-04-05 03:09:36.650000+00:00,2.77,32.4895,-115.7078333,5.592,ci10171626
2010-04-05 03:09:53.750000+00:00,3.87,32.5413333,-115.6515,13.553,ci14609604
2010-04-05 03:11:01.740000+00:00,4.41,32.0863333,-115.0346667,9.97,ci30237759
2010-04-05 03:13:13.820000+00:00,2.8,32.977,-115.6268333,1.069,ci14609628
2010-04-05 03:13:59.660000+00:00,3.98,32.1386667,-115.3013333,9.995,ci10171686
2010-04-05 03:14:51.990000+00:00,3.38,32.5461667,-115.771,4.483,ci10171682
2010-04-05 03:15:24.770000+00:00,4.96,32.6465,-115.8055,1.243,ci14609660
2010-04-05 03:17:24.660000+00:00,2.5,32.652,-115.8,4.963,ci14609668
2010-04-05 03:19:12.740000+00:00,2.5,33.0003333,-115.585,9.589,ci10171762
2010-04-05 03:20:24.100000+00:00,2.93,32.6916667,-115.7945,3.753,ci14609676
2010-04-05 03:21:41.460000+00:00,2.67,32.5616667,-115.769,1.603,ci10171766
2010-04-05 03:23:12.650000+00:00,2.77,32.605,-115.7595,4.093,ci14609724
2010-04-05 03:23:23.780000+00:00,2.75,33.041,-115.5836667,5.649,ci10171806
2010-04-05 03:24:22.850000+00:00,2.51,32.6411667,-115.803,-0.007,ci10171826
2010-04-05 03:24:32.980000+00:00,2.65,32.6641667,-115.8745,3.643,ci10171822
2010-04-05 03:27:56.390000+00:00,3.16,32.572,-115.7456667,3.533,ci14609788
2010-04-05 03:28:45.090000+00:00,3.02,32.1543333,-115.2621667,9.987,ci14609820
2010-04-05 03:29:33.590000+00:00,3.31,32.2766667,-115.3688333,9.995,ci10171866
2010-04-05 03:29:54.530000+00:00,2.92,32.6118333,-115.7456667,3.738,ci10171862
2010-04-05 03:32:07.260000+00:00,4.4,32.2095,-115.2651667,9.987,ci14609924
2010-04-05 03:34:04.060000+00:00,2.5,32.3706667,-115.5276667,9.97,ci10171882
2010-04-05 03:37:54.590000+00:00,3.05,33.0463333,-115.5768333,7.219,ci14609932
2010-04-05 03:38:06.920000+00:00,2.5,33.0295,-115.5441667,15.734,ci30901767
2010-04-05 03:43:09.780000+00:00,2.75,32.6788333,-115.8096667,1.033,ci14609948
2010-04-05 03:43:54.830000+00:00,2.71,32.6256667,-115.4741667,15.02,ci10171914
2010-04-05 03:44:40.210000+00:00,2.84,33.0561667,-115.5795,7.519,ci14609972
2010-04-05 03:44:56.070000+00:00,3.23,32.5815,-115.7005,4.693,ci10171922
2010-04-05 03:45:50.560000+00:00,3.34,32.6426667,-115.7561667,2.693,ci14609988
2010-04-05 03:48:42.380000+00:00,2.65,32.1431667,-115.1628333,9.97,ci10171982
2010-04-05 03:49:17.320000+00:00,2.6,32.6365,-115.783,4.483,ci14610020
2010-04-05 03:49:32.620000+00:00,2.55,32.6356667,-115.7828333,5.663,ci10171986
2010-04-05 03:53:06.630000+00:00,2.9,32.1776667,-115.206,9.945,ci10172014
2010-04-05 03:55:11.080000+00:00,2.76,32.144,-115.4583333,9.976,ci14610084
2010-04-05 03:55:59.600000+00:00,2.62,32.6855,-115.8361667,0.009,ci14610060
2010-04-05 03:56:30.130000+00:00,3.12,32.545,-115.7466667,1.833,ci14610068
2010-04-05 03:57:03.130000+00:00,2.58,32.4908333,-115.663,5.743,ci14610076
2010-04-05 03:58:47.010000+00:00,3.13,32.6178333,-115.7891667,-0.008,ci14610092
2010-04-05 03:59:25.460000+00:00,3.53,32.4783333,-115.6593333,0.451,ci14610100
2010-04-05 04:00:09.820000+00:00,3.17,32.1721667,-115.3233333,9.995,ci10172062
2010-04-05 04:02:33.590000+00:00,3.09,32.4861667,-115.662,13.126,ci14610108
2010-04-05 04:03:26.400000+00:00,3.23,32.4858333,-115.6076667,6.064,ci10172074
2010-04-05 04:04:45.850000+00:00,2.89,32.2468333,-115.3503333,9.962,ci10172114
2010-04-05 04:05:11.870000+00:00,3.39,32.0723333,-115.0433333,9.97,ci10172110
2010-04-05 04:06:22.730000+00:00,2.66,32.48,-115.5901667,6.075,ci10172118
2010-04-05 04:07:02.070000+00:00,3.27,32.2783333,-115.342,9.995,ci14610140
2010-04-05 04:07:42.090000+00:00,3.63,32.4398333,-115.5735,6.266,ci14610148
2010-04-05 04:09:51.410000+00:00,2.72,32.5856667,-115.7813333,-0.007,ci10172130
2010-04-05 04:10:13.840000+00:00,4.29,32.39,-115.5833333,14.966,ci14610172
2010-04-05 04:13:03.860000+00:00,2.68,32.686,-115.8078333,0.375,ci14610180
2010-04-05 04:14:22.490000+00:00,3.18,32.334,-115.5651667,6.766,ci14610188
2010-04-05 04:15:35.310000+00:00,3.04,32.2678333,-115.3258333,9.995,ci14610212
2010-04-05 04:16:31.110000+00:00,3.18,32.2713333,-115.3505,9.995,ci14610196
2010-04-05 04:17:29.320000+00:00,2.91,32.281,-115.3428333,9.98,ci10172290
2010-04-05 04:18:10.150000+00:00,2.94,32.5563333,-115.6706667,10.493,ci14610204
2010-04-05 04:19:18.660000+00:00,2.88,32.3515,-115.333,10.003,ci10172330
2010-04-05 04:21:00.860000+00:00,3.27,32.1291667,-115.1051667,9.97,ci14610228
2010-04-05 04:22:15.870000+00:00,3.84,32.079,-115.2308333,9.986,ci14610268
2010-04-05 04:24:07.250000+00:00,2.79,32.6243333,-115.7903333,0.513,ci14610244
2010-04-05 04:24:53+00:00,3.22,32.2011667,-115.1761667,9.986,ci10172370
2010-04-05 04:25:33.930000+00:00,2.97,32.6431667,-115.8621667,11.403,ci14610260
2010-04-05 04:28:30.740000+00:00,2.86,32.3186667,-115.5603333,9.966,ci10172390
2010-04-05 04:31:55.930000+00:00,2.96,32.5936667,-115.7103333,4.863,ci14610316
2010-04-05 04:34:46.790000+00:00,3.2,32.6128333,-115.7603333,2.363,ci14610332
2010-04-05 04:35:52.560000+00:00,3.06,32.138,-115.3031667,9.995,ci10172494
2010-04-05 04:35:55.490000+00:00,3.73,32.164,-115.2118333,9.986,ci30341759
2010-04-05 04:36:39.600000+00:00,3.47,32.62,-115.7726667,0.283,ci10172498
2010-04-05 04:37:20.410000+00:00,3.76,32.1718333,-115.2043333,9.994,ci14610356
2010-04-05 04:39:56.720000+00:00,2.62,32.3683333,-115.5215,9.966,ci10172510
2010-04-05 04:44:17.730000+00:00,3.0,32.6586667,-115.7475,4.403,ci14610428
2010-04-05 04:45:08.110000+00:00,2.65,32.4325,-115.5808333,6.966,ci10172526
2010-04-05 04:45:56.380000+00:00,2.54,32.613,-115.774,3.513,ci14610436
2010-04-05 04:50:03.840000+00:00,3.06,32.4525,-115.5938333,6.626,ci14610476
2010-04-05 05:03:19.470000+00:00,2.85,32.2595,-115.3721667,9.995,ci14610540
2010-04-05 05:06:20.500000+00:00,2.74,32.4688333,-115.6146667,5.606,ci14610564
2010-04-05 05:09:47.650000+00:00,3.42,32.3055,-115.41,9.966,ci10172682
2010-04-05 05:12:35.530000+00:00,3.0,32.233,-115.3785,9.991,ci14610604
2010-04-05 05:14:33.410000+00:00,2.55,32.6415,-115.7558333,10.173,ci10172690
2010-04-05 05:16:45.920000+00:00,3.49,32.6773333,-115.7603333,5.579,ci14610612
2010-04-05 05:19:07.980000+00:00,2.9,32.5935,-115.7946667,0.863,ci14610628
2010-04-05 05:21:27.710000+00:00,2.85,32.4581667,-115.6048333,1.967,ci10172714
2010-04-05 05:21:51.680000+00:00,3.16,32.1543333,-115.4108333,9.966,ci10172718
2010-04-05 05:22:05.040000+00:00,3.07,32.3761667,-115.5305,10.003,ci10172722
2010-04-05 05:28:05.490000+00:00,3.43,32.683,-115.8511667,3.463,ci14610652
2010-04-05 05:28:24.730000+00:00,2.54,32.6603333,-115.7643333,4.713,ci10172726
2010-04-05 05:28:45.230000+00:00,3.45,32.5858333,-115.7496667,0.003,ci10172750
2010-04-05 05:30:48.350000+00:00,3.32,32.52,-115.6065,14.236,ci14610660
2010-04-05 05:32:06.460000+00:00,2.94,32.2238333,-115.447,9.966,ci14610692
2010-04-05 05:35:47.420000+00:00,2.56,32.4888333,-115.668,13.413,ci10172802
2010-04-05 05:37:49.620000+00:00,2.62,32.5828333,-115.786,0.663,ci14610716
2010-04-05 05:39:50.910000+00:00,3.33,32.3005,-115.4393333,9.966,ci14610732
2010-04-05 05:41:37.780000+00:00,3.96,32.6298333,-115.7781667,0.043,ci14610748
2010-04-05 05:42:18.830000+00:00,2.81,33.463,-116.4545,10.218,ci14610756
2010-04-05 05:42:43.440000+00:00,3.56,32.1486667,-115.3986667,9.966,ci10172814
2010-04-05 05:45:05.510000+00:00,3.1,32.0473333,-115.2751667,9.986,ci10172822
2010-04-05 05:46:10.080000+00:00,2.61,32.7131667,-115.8025,2.903,ci14610772
2010-04-05 05:51:19.760000+00:00,3.0,32.385,-115.5888333,9.966,ci14610796
2010-04-05 05:51:56.860000+00:00,2.8,32.3871667,-115.5925,6.913,ci10172878
2010-04-05 05:55:47.810000+00:00,3.42,32.1335,-115.3341667,9.979,ci14610844
2010-04-05 05:59:20.270000+00:00,2.74,32.45,-115.607,7.771,ci14610852
2010-04-05 06:03:19.390000+00:00,3.37,32.7186667,-115.8775,1.343,ci14610868
2010-04-05 06:05:29.830000+00:00,2.79,32.2898333,-115.3941667,9.961,ci10149446
2010-04-05 06:06:14.130000+00:00,2.54,32.71,-115.8825,0.003,ci14610892
2010-04-05 06:10:01.300000+00:00,2.83,32.2088333,-115.1188333,9.944,ci10172950
2010-04-05 06:10:21.370000+00:00,2.57,32.6146667,-115.789,10.103,ci14610900
2010-04-05 06:10:47.010000+00:00,3.1,32.1795,-115.2435,9.987,ci10149454
2010-04-05 06:11:20.140000+00:00,2.95,32.3376667,-115.4388333,9.966,ci10173030
2010-04-05 06:17:00.520000+00:00,4.19,32.63,-115.8,7.103,ci14610940
2010-04-05 06:19:48.140000+00:00,3.16,32.1235,-115.3463333,9.995,ci10173074
2010-04-05 06:20:28.560000+00:00,2.5,32.3913333,-115.6028333,14.973,ci10173078
2010-04-05 06:21:02.460000+00:00,3.17,32.0523333,-115.2595,9.986,ci14610948
2010-04-05 06:23:09.680000+00:00,2.58,32.6656667,-115.821,7.722,ci14610972
2010-04-05 06:25:25.720000+00:00,2.59,32.7226667,-115.8445,1.663,ci14610980
2010-04-05 06:27:08.290000+00:00,3.09,32.6338333,-115.7556667,4.113,ci14610996
2010-04-05 06:28:41.240000+00:00,3.61,32.1323333,-115.3148333,9.995,ci10173094
2010-04-05 06:31:23.900000+00:00,2.68,32.6725,-115.8058333,0.313,ci10149606
2010-04-05 06:31:28.350000+00:00,3.4,32.6098333,-115.7925,0.0,ci14611076
2010-04-05 06:37:13.600000+00:00,2.61,32.6825,-115.8298333,4.493,ci14611084
2010-04-05 06:40:35.360000+00:00,2.62,32.6408333,-115.7646667,6.013,ci14611092
2010-04-05 06:40:55.240000+00:00,2.6,32.6345,-115.7866667,-0.017,ci10149922
2010-04-05 06:42:01.800000+00:00,3.27,32.097,-115.17,9.986,ci10149926
2010-04-05 06:44:06.230000+00:00,2.84,32.347,-115.4078333,9.962,ci14611132
2010-04-05 06:45:28.980000+00:00,2.66,32.6366667,-115.7458333,1.963,ci14611124
2010-04-05 06:48:01.040000+00:00,2.55,32.5603333,-115.831,0.677,ci14611148
2010-04-05 06:49:23.550000+00:00,2.99,32.289,-115.4335,5.746,ci10149934
2010-04-05 06:49:46.340000+00:00,3.49,32.6813333,-115.8633333,7.155,ci14611180
2010-04-05 06:56:49.680000+00:00,2.69,32.189,-115.2235,9.97,ci14611220
2010-04-05 06:59:12.700000+00:00,3.18,32.3891667,-115.619,5.596,ci14611212
2010-04-05 06:59:27.600000+00:00,3.39,32.1446667,-115.3561667,9.991,ci10173190
2010-04-05 07:02:28.420000+00:00,2.97,32.392,-115.5871667,5.566,ci14611244
2010-04-05 07:02:56.350000+00:00,2.82,32.2313333,-115.3493333,9.995,ci10173194
2010-04-05 07:03:45.340000+00:00,3.79,32.1008333,-115.1646667,9.994,ci14611260
2010-04-05 07:06:20.150000+00:00,2.81,32.6376667,-115.7405,3.093,ci14611268
2010-04-05 07:15:34.590000+00:00,4.13,32.279,-115.3505,9.979,ci14611332
2010-04-05 07:19:30.120000+00:00,2.64,32.5685,-115.704,4.923,ci14611364
2010-04-05 07:19:44.820000+00:00,2.7,32.5915,-115.778,0.112,ci10173310
2010-04-05 07:25:43.970000+00:00,2.65,32.135,-115.1976667,9.954,ci10150006
2010-04-05 07:29:03.630000+00:00,3.05,32.3316667,-115.5786667,9.966,ci10173370
2010-04-05 07:30:46.230000+00:00,2.68,32.5513333,-115.7241667,4.323,ci14611428
2010-04-05 07:44:40.270000+00:00,2.71,32.2006667,-115.3356667,9.995,ci10173430
2010-04-05 07:46:23.680000+00:00,2.68,32.5491667,-115.6826667,4.983,ci14611508
2010-04-05 07:46:40.830000+00:00,2.63,32.5901667,-115.7108333,5.973,ci14611516
2010-04-05 07:46:50.480000+00:00,2.55,32.6316667,-115.7256667,9.757,ci10173454
2010-04-05 07:49:06.180000+00:00,2.64,32.3803333,-115.578,6.986,ci14611532
2010-04-05 07:49:22.190000+00:00,2.6,32.5541667,-115.7263333,5.419,ci14611540
2010-04-05 07:51:35.810000+00:00,3.02,32.119,-115.1898333,9.97,ci10173466
2010-04-05 07:54:50.010000+00:00,2.82,32.4998333,-115.6473333,5.626,ci14611564
2010-04-05 07:55:15.690000+00:00,3.04,32.2723333,-115.3261667,9.995,ci10173470
2010-04-05 07:57:15.670000+00:00,3.47,32.1103333,-115.2546667,9.966,ci14611572
2010-04-05 07:58:12.670000+00:00,3.16,32.1156667,-115.092,9.954,ci10173794
2010-04-05 08:01:42.040000+00:00,2.59,32.4011667,-115.608,6.833,ci10173798
2010-04-05 08:02:38.050000+00:00,2.76,32.2798333,-115.462,9.966,ci10173806
2010-04-05 08:05:48.450000+00:00,2.69,32.6066667,-115.7513333,-0.027,ci14611596
2010-04-05 08:06:08.900000+00:00,2.56,32.6591667,-115.784,14.483,ci10173854
2010-04-05 08:09:12.870000+00:00,3.41,32.2316667,-115.298,9.995,ci10150242
2010-04-05 08:09:52.350000+00:00,3.22,32.4831667,-115.6238333,5.635,ci14611620
2010-04-05 08:12:45.150000+00:00,3.28,32.634,-115.7685,5.973,ci14611652
2010-04-05 08:16:03.770000+00:00,2.57,32.6578333,-115.7963333,0.073,ci14611660
2010-04-05 08:16:34.300000+00:00,2.57,32.6196667,-115.7915,1.233,ci10173970
2010-04-05 08:20:59.910000+00:00,2.91,32.256,-115.3146667,9.987,ci14611708
2010-04-05 08:23:22.550000+00:00,3.78,32.162,-115.265,14.987,ci14611700
2010-04-05 08:24:17.670000+00:00,2.83,32.6205,-115.7865,4.463,ci10173982
2010-04-05 08:26:45.530000+00:00,2.77,32.047,-115.2108333,9.97,ci14611732
2010-04-05 08:27:37.160000+00:00,2.72,32.6083333,-115.7385,6.433,ci14611716
2010-04-05 08:27:47.060000+00:00,2.97,32.1648333,-115.3081667,9.962,ci10173994
2010-04-05 08:29:27.990000+00:00,3.93,32.1621667,-115.2903333,10.003,ci14611724
2010-04-05 08:30:49.910000+00:00,3.14,32.6665,-115.8258333,5.153,ci14611740
2010-04-05 08:32:18.100000+00:00,3.02,32.2671667,-115.3315,9.98,ci10174030
2010-04-05 08:32:43.390000+00:00,3.69,32.2271667,-115.2875,9.995,ci10150482
2010-04-05 08:37:46.090000+00:00,3.05,32.4623333,-115.644,6.286,ci14611764
2010-04-05 08:38:19.230000+00:00,2.86,32.6588333,-115.8118333,3.493,ci10174034
2010-04-05 08:42:23.350000+00:00,2.81,32.6566667,-115.8058333,9.713,ci14611772
2010-04-05 08:42:35.690000+00:00,3.35,32.6168333,-115.7256667,4.271,ci14611780
2010-04-05 08:43:57.580000+00:00,3.0,32.2175,-115.3231667,9.995,ci10150562
2010-04-05 08:47:45.480000+00:00,3.07,32.508,-115.676,5.503,ci14611812
2010-04-05 08:48:05.300000+00:00,3.28,32.6718333,-115.8101667,0.065,ci10174046
2010-04-05 08:52:57.700000+00:00,2.78,32.2075,-115.328,9.962,ci14611828
2010-04-05 08:53:17.040000+00:00,2.61,32.0773333,-115.1461667,9.96,ci10174070
2010-04-05 08:54:24.480000+00:00,3.17,32.1651667,-115.2878333,9.987,ci14611836
2010-04-05 08:57:17.080000+00:00,2.81,32.379,-115.5386667,9.966,ci14611860
2010-04-05 08:57:58.150000+00:00,2.79,32.1101667,-115.0515,9.976,ci10174078
2010-04-05 09:00:32.700000+00:00,3.03,32.0755,-115.2951667,9.995,ci10174086
2010-04-05 09:01:23.520000+00:00,3.81,32.1148333,-115.2588333,9.986,ci14611884
2010-04-05 09:04:49.340000+00:00,3.02,32.48,-115.6165,9.966,ci14611900
2010-04-05 09:05:11.350000+00:00,3.03,32.2525,-115.292,9.987,ci10174102
2010-04-05 09:05:33.960000+00:00,2.63,32.54,-115.7081667,1.298,ci10174098
2010-04-05 09:09:08.860000+00:00,2.72,32.5463333,-115.6398333,11.982,ci14611916
2010-04-05 09:12:43.500000+00:00,3.31,32.2985,-115.338,9.995,ci14611924
2010-04-05 09:13:38.780000+00:00,2.7,32.6498333,-115.7365,5.633,ci10174130
2010-04-05 09:15:21.630000+00:00,2.5,32.614,-115.8028333,-0.017,ci14611956
2010-04-05 09:15:54.580000+00:00,3.33,32.2786667,-115.3521667,9.995,ci14611964
2010-04-05 09:20:14.880000+00:00,2.77,32.635,-115.7483333,3.283,ci14612012
2010-04-05 09:20:28.930000+00:00,2.51,32.6838333,-115.8178333,1.723,ci10174194
2010-04-05 09:22:26.420000+00:00,2.96,32.4043333,-115.5691667,10.326,ci14612004
2010-04-05 09:26:31.680000+00:00,3.0,32.3833333,-115.5758333,4.186,ci14612036
2010-04-05 09:38:46.130000+00:00,3.03,32.1638333,-115.3356667,9.957,ci14612076
2010-04-05 09:40:00.690000+00:00,2.89,32.6736667,-115.7858333,3.363,ci14612068
2010-04-05 09:40:33.060000+00:00,2.66,32.2915,-115.3241667,9.947,ci10174254
2010-04-05 09:44:15.690000+00:00,2.51,32.068,-115.185,9.986,ci10174258
2010-04-05 09:44:34.800000+00:00,2.83,32.2781667,-115.3846667,9.962,ci14612084
2010-04-05 09:50:27.180000+00:00,2.55,32.6245,-115.7258333,8.113,ci14612092
2010-04-05 09:52:56.210000+00:00,3.91,32.265,-115.3848333,9.995,ci14612108
2010-04-05 09:56:03.900000+00:00,2.96,32.634,-115.7688333,2.703,ci14612124
2010-04-05 09:58:34.660000+00:00,3.57,32.0551667,-115.2706667,9.986,ci14612132
2010-04-05 10:01:11.430000+00:00,2.91,32.5246667,-115.6835,2.953,ci14612156
2010-04-05 10:01:11.760000+00:00,3.73,32.0065,-114.9453333,9.971,ci10174282
2010-04-05 10:05:37.080000+00:00,4.0,32.634,-115.8093333,10.063,ci14612172
2010-04-05 10:09:24.920000+00:00,4.07,32.2416667,-115.1888333,14.994,ci14612188
2010-04-05 10:12:02.510000+00:00,3.34,32.1263333,-115.2631667,9.986,ci10174330
2010-04-05 10:13:15.760000+00:00,3.51,32.2656667,-115.3173333,9.995,ci14612196
2010-04-05 10:13:32.460000+00:00,3.1,32.724,-115.969,5.6,usp000hahu
2010-04-05 10:13:53.130000+00:00,2.56,32.5333333,-115.7121667,3.343,ci10174350
2010-04-05 10:14:02.020000+00:00,2.81,32.6793333,-115.8373333,0.002,ci10151842
2010-04-05 10:15:42.120000+00:00,2.54,32.604,-115.7461667,4.113,ci14612212
2010-04-05 10:16:21.820000+00:00,3.16,32.1338333,-115.3025,9.995,ci10174374
2010-04-05 10:17:22.900000+00:00,2.56,32.5586667,-115.675,8.343,ci14612220
2010-04-05 10:18:52.700000+00:00,2.75,32.192,-115.3326667,9.97,ci14612236
2010-04-05 10:19:54.090000+00:00,2.5,32.5588333,-115.6853333,0.038,ci10174410
2010-04-05 10:20:00.750000+00:00,2.96,32.5871667,-115.699,9.977,ci14612244
2010-04-05 10:22:44.260000+00:00,2.93,32.0673333,-115.2373333,6.996,ci14612252
2010-04-05 10:26:34.720000+00:00,3.6,32.1028333,-115.0845,9.97,ci14612268
2010-04-05 10:27:20.320000+00:00,2.73,32.6933333,-115.8535,5.473,ci10174422
2010-04-05 10:29:02.820000+00:00,2.91,32.2291667,-115.3503333,9.995,ci10174458
2010-04-05 10:29:36.710000+00:00,3.04,32.4901667,-115.6548333,1.846,ci10174462
2010-04-05 10:29:52.380000+00:00,2.56,33.3771667,-116.3081667,7.328,ci14612300
2010-04-05 10:30:59.700000+00:00,3.21,32.1361667,-115.2806667,9.995,ci14612308
2010-04-05 10:32:27.820000+00:00,2.69,32.3906667,-115.4733333,6.984,ci10174466
2010-04-05 10:33:03.300000+00:00,3.36,32.6526667,-115.7971667,1.643,ci14612324
2010-04-05 10:36:31.390000+00:00,2.6,32.6155,-115.7808333,2.835,ci14612332
2010-04-05 10:39:21.370000+00:00,3.39,32.6245,-115.7465,3.053,ci14612364
2010-04-05 10:43:23.910000+00:00,3.26,32.6536667,-115.7996667,2.973,ci14612372
2010-04-05 10:46:42.930000+00:00,2.56,33.4558333,-116.473,10.938,ci14612380
2010-04-05 10:48:02.670000+00:00,3.0,32.5965,-115.7728333,11.449,ci14612388
2010-04-05 10:49:44.840000+00:00,3.01,32.2801667,-115.3426667,9.995,ci14612396
2010-04-05 10:50:04.890000+00:00,2.87,32.2858333,-115.349,10.008,ci10174534
2010-04-05 10:54:08.820000+00:00,2.6,32.6475,-115.8068333,-0.007,ci14612404
2010-04-05 10:55:54.060000+00:00,2.56,32.5021667,-115.6571667,10.491,ci14612444
2010-04-05 10:56:44.210000+00:00,2.79,32.2796667,-115.3108333,6.825,ci14612420
2010-04-05 10:58:38.240000+00:00,2.79,32.6615,-115.7858333,0.033,ci14612436
2010-04-05 11:02:55.180000+00:00,3.18,32.1771667,-115.3258333,9.995,ci14612452
2010-04-05 11:12:30.450000+00:00,2.98,32.2791667,-115.3283333,9.995,ci14612508
2010-04-05 11:14:14.890000+00:00,4.93,32.6638333,-115.8088333,13.653,ci14612516
2010-04-05 11:20:27.970000+00:00,2.5,32.6838333,-115.8426667,2.113,ci14612524
2010-04-05 11:20:41.630000+00:00,3.67,32.6953333,-115.8101667,5.443,ci14612532
2010-04-05 11:21:39.050000+00:00,2.5,32.5705,-115.7363333,4.513,ci10174870
2010-04-05 11:23:18.600000+00:00,2.91,32.6478333,-115.7458333,4.003,ci14612540
2010-04-05 11:23:41.570000+00:00,3.1,32.6028333,-115.7673333,2.623,ci14612548
2010-04-05 11:25:10.410000+00:00,2.6,32.6975,-115.8333333,1.803,ci14612580
2010-04-05 11:25:59.230000+00:00,3.33,32.6393333,-115.7368333,4.621,ci14612588
2010-04-05 11:27:08.090000+00:00,3.34,32.6185,-115.7626667,1.815,ci14612596
2010-04-05 11:29:45.980000+00:00,2.87,32.1691667,-115.1941667,9.994,ci14612604
2010-04-05 11:31:21.830000+00:00,2.74,32.6483333,-115.758,0.873,ci14612612
2010-04-05 11:32:13.100000+00:00,2.51,32.4046667,-115.3976667,9.995,ci10175130
2010-04-05 11:40:33.110000+00:00,3.08,32.6148333,-115.7816667,2.243,ci14612652
2010-04-05 11:41:04.620000+00:00,2.5,32.3238333,-115.4211667,9.962,ci10175330
2010-04-05 11:41:07.930000+00:00,2.94,32.7085,-115.8006667,2.863,ci10175310
2010-04-05 11:44:03.280000+00:00,2.69,32.5241667,-115.6776667,1.533,ci14612676
2010-04-05 11:48:11.230000+00:00,3.27,32.627,-115.7475,8.503,ci14612708
2010-04-05 11:53:53.830000+00:00,2.87,32.622,-115.7443333,9.623,ci14612724
2010-04-05 11:54:00.920000+00:00,2.97,32.2066667,-115.306,9.941,ci10175550
2010-04-05 11:56:14.210000+00:00,2.85,32.6708333,-115.826,6.863,ci14612732
2010-04-05 12:05:51.770000+00:00,2.68,32.6443333,-115.7605,3.595,ci14612772
2010-04-05 12:06:29.530000+00:00,3.21,32.678,-115.8133333,11.093,ci14612780
2010-04-05 12:08:41.160000+00:00,2.91,32.2963333,-115.4016667,9.979,ci10162326
2010-04-05 12:10:05.800000+00:00,2.63,32.5165,-115.645,4.756,ci14612804
2010-04-05 12:10:40.510000+00:00,3.05,32.2965,-115.3505,9.995,ci14612812
2010-04-05 12:13:59.450000+00:00,2.66,32.2623333,-115.4173333,9.966,ci10162402
2010-04-05 12:17:01.230000+00:00,3.26,32.1881667,-115.3238333,9.995,ci10175870
2010-04-05 12:17:09.760000+00:00,3.1,32.5005,-115.6916667,14.975,ci14612828
2010-04-05 12:26:49.820000+00:00,3.02,32.299,-115.4608333,9.966,ci14612868
2010-04-05 12:27:39.690000+00:00,2.7,32.6768333,-115.838,6.973,ci14612876
2010-04-05 12:31:59.440000+00:00,2.89,32.138,-115.2901667,9.995,ci14612900
2010-04-05 12:32:37.190000+00:00,3.08,32.1955,-115.0781667,9.97,ci10176050
2010-04-05 12:33:26.740000+00:00,2.57,32.6596667,-115.7936667,-0.027,ci10176070
2010-04-05 12:35:37.960000+00:00,2.76,32.5335,-115.6691667,14.053,ci14612916
2010-04-05 12:39:10.540000+00:00,2.78,32.1188333,-115.2993333,9.995,ci14612924
2010-04-05 12:43:16.660000+00:00,3.15,32.1821667,-115.3316667,9.995,ci14612964
2010-04-05 12:47:09.890000+00:00,3.03,32.1696667,-115.2908333,9.995,ci10176310
2010-04-05 12:47:36.770000+00:00,3.21,32.6573333,-115.8076667,0.153,ci14612988
2010-04-05 12:49:36.230000+00:00,3.85,32.587,-115.7603333,3.323,ci14612996
2010-04-05 12:53:00.270000+00:00,2.68,32.6166667,-115.747,4.143,ci10176390
2010-04-05 12:53:36.330000+00:00,2.85,32.227,-115.3075,9.995,ci10176410
2010-04-05 12:57:43.400000+00:00,2.82,33.673,-117.9578333,15.387,ci14613044
2010-04-05 12:59:50.720000+00:00,3.12,32.6158333,-115.767,0.053,ci14613060
2010-04-05 13:04:12.400000+00:00,3.24,32.0788333,-115.1236667,9.994,ci14613076
2010-04-05 13:07:28.620000+00:00,3.62,32.6121667,-115.7653333,0.473,ci14613084
2010-04-05 13:12:22.550000+00:00,3.3,32.169,-115.286,9.986,ci14613116
2010-04-05 13:14:03.990000+00:00,2.75,32.2828333,-115.2741667,9.98,ci10176470
2010-04-05 13:22:22.120000+00:00,2.61,32.4091667,-115.6526667,5.566,ci10176550
2010-04-05 13:24:56.270000+00:00,3.38,32.6311667,-115.7866667,4.563,ci14613188
2010-04-05 13:26:39+00:00,2.51,32.6571667,-115.8363333,9.563,ci14613196
2010-04-05 13:27:27.710000+00:00,3.49,32.2175,-115.3338333,9.979,ci14613204
2010-04-05 13:33:05.360000+00:00,4.73,32.6401667,-115.8018333,0.002,ci14613212
2010-04-05 13:35:56.300000+00:00,3.45,32.6681667,-115.849,5.473,ci30405759
2010-04-05 13:46:17.830000+00:00,2.72,32.6156667,-115.786,3.465,ci14613252
2010-04-05 13:48:25.280000+00:00,2.75,32.1181667,-115.2243333,9.986,ci14613260
2010-04-05 13:50:33.140000+00:00,2.63,32.3173333,-115.3688333,9.995,ci14613268
2010-04-05 13:53:55.650000+00:00,2.71,32.6455,-115.7973333,3.403,ci14613276
2010-04-05 13:54:53.630000+00:00,2.87,32.609,-115.7965,0.703,ci14613284
2010-04-05 13:56:54.400000+00:00,3.08,32.1581667,-115.3358333,9.961,ci14613300
2010-04-05 13:59:03.380000+00:00,3.86,32.189,-115.3821667,9.979,ci14613292
2010-04-05 13:59:26.320000+00:00,3.98,32.288,-115.4468333,10.008,ci10176870
2010-04-05 14:03:16+00:00,2.78,32.604,-115.7178333,8.703,ci14613316
2010-04-05 14:04:49.150000+00:00,2.63,32.637,-115.7375,2.243,ci14613332
2010-04-05 14:05:21.440000+00:00,2.86,32.4421667,-115.685,-0.009,ci14613340
2010-04-05 14:07:04.550000+00:00,4.08,32.1953333,-115.3335,9.979,ci14613348
2010-04-05 14:08:45.500000+00:00,2.54,32.5843333,-115.7776667,3.903,ci10176950
2010-04-05 14:10:14.640000+00:00,3.4,32.6633333,-115.7933333,0.253,ci14613364
2010-04-05 14:11:46.200000+00:00,4.04,32.6953333,-115.781,4.473,ci10177010
2010-04-05 14:13:24.830000+00:00,2.52,32.5671667,-115.6976667,4.463,ci14613380
2010-04-05 14:16:35.690000+00:00,2.99,32.6551667,-115.791,1.983,ci14613420
2010-04-05 14:27:05.190000+00:00,2.68,32.6311667,-115.748,2.933,ci14613444
2010-04-05 14:27:05.320000+00:00,3.59,32.0168333,-114.9995,9.97,ci10177190
2010-04-05 14:30:19.230000+00:00,3.5,32.1153333,-115.0965,9.97,ci14613460
2010-04-05 14:31:04.280000+00:00,2.73,32.6536667,-115.6703333,9.023,ci10177230
2010-04-05 14:34:44.060000+00:00,3.04,32.6186667,-115.7901667,3.013,ci14613492
2010-04-05 14:35:15.410000+00:00,2.67,32.8085,-115.6031667,14.085,ci10177370
2010-04-05 14:38:05.590000+00:00,3.02,32.076,-115.3198333,9.962,ci10177390
2010-04-05 14:45:27.460000+00:00,2.52,32.661,-115.747,10.027,ci10177490
2010-04-05 14:51:39.250000+00:00,2.65,32.4666667,-115.6005,14.966,ci14613572
2010-04-05 14:59:02.570000+00:00,2.81,32.1851667,-115.2865,9.986,ci14613580
2010-04-05 14:59:51.400000+00:00,3.29,32.3,-115.3235,7.895,ci10177610
2010-04-05 15:01:43.290000+00:00,3.64,32.4538333,-115.6501667,0.646,ci14613588
2010-04-05 15:04:17.720000+00:00,3.88,32.1846667,-115.308,9.995,ci14613596
2010-04-05 15:08:17.180000+00:00,3.79,32.724,-115.8755,0.443,ci14613604
2010-04-05 15:09:26.420000+00:00,3.22,32.1005,-115.2566667,9.986,ci10177750
2010-04-05 15:10:19.520000+00:00,3.24,32.2288333,-115.314,9.962,ci10177730
2010-04-05 15:15:26.070000+00:00,3.53,32.5861667,-115.7816667,2.373,ci14613620
2010-04-05 15:18:15.220000+00:00,2.76,32.6861667,-115.8206667,2.75,ci14613636
2010-04-05 15:21:27.840000+00:00,2.6,32.3085,-115.6131667,9.951,ci10177930
2010-04-05 15:23:10+00:00,2.8,32.6513333,-115.7945,3.403,ci14613660
2010-04-05 15:29:10.650000+00:00,3.23,32.109,-115.2143333,9.938,ci10178030
2010-04-05 15:33:27.500000+00:00,3.26,32.1143333,-115.1931667,9.97,ci10178050
2010-04-05 15:34:40.730000+00:00,3.7,32.6006667,-115.7325,12.773,ci14613700
2010-04-05 15:36:27.810000+00:00,3.32,32.0698333,-115.3101667,9.955,ci10178110
2010-04-05 15:44:05.600000+00:00,2.57,32.4915,-115.647,2.944,ci14613716
2010-04-05 15:45:09.030000+00:00,2.92,32.2406667,-115.3616667,9.987,ci14613740
2010-04-05 15:47:32.830000+00:00,2.84,32.621,-115.7985,1.483,ci10178170
2010-04-05 15:47:34.480000+00:00,3.59,32.578,-115.6946667,7.303,ci14613732
2010-04-05 15:52:40.900000+00:00,2.73,32.5626667,-115.7553333,3.078,ci14613756
2010-04-05 15:56:53.010000+00:00,2.69,32.4183333,-115.5365,14.893,ci14613772
2010-04-05 15:57:45.880000+00:00,2.77,32.587,-115.7488333,2.103,ci14613780
2010-04-05 15:58:38.450000+00:00,3.24,32.2431667,-115.3206667,9.995,ci14613796
2010-04-05 16:01:39.290000+00:00,3.1,32.579,-115.7246667,2.643,ci14613804
2010-04-05 16:06:02.960000+00:00,3.68,32.6003333,-115.7838333,3.403,ci14613828
2010-04-05 16:07:07.040000+00:00,2.65,32.6871667,-115.8763333,0.573,ci10178370
2010-04-05 16:12:55.490000+00:00,2.87,33.0411667,-115.9211667,2.087,ci14613852
2010-04-05 16:13:15.400000+00:00,2.6,32.5345,-115.7378333,5.543,ci10178390
2010-04-05 16:14:43.210000+00:00,3.06,32.6141667,-115.7448333,1.703,ci14613860
2010-04-05 16:22:14.540000+00:00,2.86,32.6533333,-115.8296667,10.193,ci14613900
2010-04-05 16:24:33.600000+00:00,2.6,32.5931667,-115.7826667,2.023,ci14613908
2010-04-05 16:25:07.190000+00:00,2.82,32.5641667,-115.7153333,3.379,ci14613916
2010-04-05 16:25:47.110000+00:00,4.26,32.078,-115.2681667,9.986,ci14613932
2010-04-05 16:29:29.080000+00:00,3.51,32.5478333,-115.7115,4.183,ci14613940
2010-04-05 16:33:29.440000+00:00,3.63,32.0721667,-115.0866667,9.97,ci14613964
2010-04-05 16:37:22.120000+00:00,2.58,32.4686667,-115.7025,9.973,ci10178810
2010-04-05 16:37:52.640000+00:00,2.77,32.6346667,-115.7855,0.733,ci10178690
2010-04-05 16:38:32.280000+00:00,3.21,32.222,-115.3273333,9.995,ci10179370
2010-04-05 16:44:06.470000+00:00,2.54,32.4173333,-115.6105,-0.027,ci14614012
2010-04-05 16:46:36.410000+00:00,3.08,32.0635,-115.2816667,9.986,ci14614020
2010-04-05 16:48:32.160000+00:00,3.43,32.6523333,-115.828,11.333,ci14614028
2010-04-05 16:48:47.070000+00:00,3.69,32.036,-115.2651667,9.986,ci10178850
2010-04-05 16:49:29.600000+00:00,2.63,32.6386667,-115.7931667,4.693,ci10178870
2010-04-05 16:51:58.020000+00:00,3.21,32.1691667,-115.2513333,9.987,ci14614036
2010-04-05 16:53:47.570000+00:00,2.96,32.6023333,-115.7785,1.673,ci14614044
2010-04-05 16:56:09.280000+00:00,2.95,32.6655,-115.7958333,0.029,ci14614052
2010-04-05 16:59:02.160000+00:00,3.07,32.6341667,-115.7793333,0.015,ci14614068
2010-04-05 16:59:24.220000+00:00,2.61,32.4891667,-115.6605,2.724,ci10178950
2010-04-05 16:59:24.860000+00:00,3.07,32.1983333,-115.3623333,9.988,ci10178970
2010-04-05 17:03:09.390000+00:00,3.36,32.6065,-115.7846667,2.753,ci14614092
2010-04-05 17:05:04.790000+00:00,2.75,32.1936667,-115.2825,9.987,ci14614100
2010-04-05 17:16:02.230000+00:00,2.75,32.3961667,-115.5763333,0.666,ci14614132
2010-04-05 17:23:18.670000+00:00,2.8,32.6821667,-115.751,8.623,ci10179010
2010-04-05 17:24:20.620000+00:00,3.05,32.2081667,-115.3726667,9.995,ci10179030
2010-04-05 17:26:51.770000+00:00,3.6,33.0451667,-116.4133333,13.1,ci14614172
2010-04-05 17:28:23.270000+00:00,2.83,32.3673333,-115.4508333,9.991,ci10179090
2010-04-05 17:28:28.760000+00:00,3.15,33.0436667,-116.4095,13.2,ci14614188
2010-04-05 17:33:05.110000+00:00,2.95,32.4635,-115.6173333,15.646,ci14614228
2010-04-05 17:33:43.370000+00:00,3.15,32.0496667,-114.9893333,9.972,ci10179190
2010-04-05 17:40:02.670000+00:00,2.6,32.243,-115.2911667,9.987,ci10179290
2010-04-05 17:42:44.240000+00:00,3.41,32.623,-115.7606667,2.205,ci14614300
2010-04-05 17:51:20.550000+00:00,2.81,32.677,-115.9058333,8.919,ci14614340
2010-04-05 17:55:24.380000+00:00,2.56,32.2096667,-115.249,9.976,ci10179350
2010-04-05 18:01:36.020000+00:00,2.69,32.5136667,-115.6606667,9.188,ci14614388
2010-04-05 18:03:55.890000+00:00,2.64,32.5518333,-115.7445,0.163,ci10179430
2010-04-05 18:03:59.300000+00:00,3.26,32.5573333,-115.7866667,3.144,ci10179434
2010-04-05 18:12:08.410000+00:00,2.8,32.1286667,-115.19,9.976,ci14614444
2010-04-05 18:12:32.650000+00:00,3.09,32.1368333,-115.2968333,9.962,ci10179470
2010-04-05 18:12:53.840000+00:00,2.81,32.3001667,-115.4045,9.966,ci10179490
2010-04-05 18:15:18.440000+00:00,3.42,32.6275,-115.7875,0.003,ci10179550
2010-04-05 18:16:58.870000+00:00,2.65,32.7006667,-115.757,5.533,ci10179530
2010-04-05 18:17:10.640000+00:00,3.18,32.1748333,-115.0765,9.92,ci10180310
2010-04-05 18:21:38.470000+00:00,3.07,32.2601667,-115.5031667,9.883,ci10179610
2010-04-05 18:22:38.290000+00:00,2.5,32.1683333,-115.2303333,9.936,ci10179630
2010-04-05 18:26:02.450000+00:00,2.77,32.5993333,-115.741,1.663,ci14614492
2010-04-05 18:26:13.470000+00:00,3.01,32.6513333,-115.8371667,9.202,ci14614500
2010-04-05 18:27:08.800000+00:00,2.66,32.16,-115.3801667,9.995,ci14614508
2010-04-05 18:31:10.510000+00:00,2.59,32.7218333,-115.8676667,1.663,ci14614532
2010-04-05 18:39:22.420000+00:00,2.73,32.7223333,-115.8748333,0.003,ci14614548
2010-04-05 18:42:53.340000+00:00,2.84,32.6595,-115.8125,2.653,ci14614556
2010-04-05 18:47:11.590000+00:00,3.61,32.66,-115.8121667,1.303,ci14614580
2010-04-05 18:50:35.380000+00:00,2.53,32.2761667,-115.3723333,9.995,ci14614596
2010-04-05 18:51:33.430000+00:00,2.81,32.6698333,-115.824,7.003,ci14614588
2010-04-05 18:53:27.600000+00:00,2.66,32.3238333,-115.339,9.97,ci14614620
2010-04-05 18:57:07.880000+00:00,2.56,32.1833333,-115.351,9.962,ci14614636
2010-04-05 18:58:58.110000+00:00,2.79,32.1591667,-115.3713333,9.995,ci14614628
2010-04-05 19:01:33.800000+00:00,2.75,32.6706667,-115.816,4.683,ci14614652
2010-04-05 19:06:30.040000+00:00,3.12,32.6305,-115.7526667,2.453,ci14614668
2010-04-05 19:07:14.470000+00:00,3.01,32.0326667,-115.0933333,9.97,ci10180090
2010-04-05 19:08:59.930000+00:00,2.68,32.418,-115.5853333,0.004,ci14614676
2010-04-05 19:10:08.600000+00:00,3.11,32.6773333,-115.8155,0.963,ci14614684
2010-04-05 19:10:34.800000+00:00,2.96,32.4023333,-115.5901667,3.756,ci10180190
2010-04-05 19:12:59.580000+00:00,3.18,32.2721667,-115.3593333,10.955,ci14614692
2010-04-05 19:14:32.610000+00:00,3.18,32.1948333,-115.2661667,9.987,ci14614708
2010-04-05 19:15:11.300000+00:00,2.93,32.4081667,-115.579,0.556,ci10180230
2010-04-05 19:16:33.440000+00:00,3.68,32.399,-115.5516667,14.306,ci14614700
2010-04-05 19:17:10.670000+00:00,2.5,32.6856667,-115.8255,4.213,ci10180250
2010-04-05 19:17:25.940000+00:00,3.75,32.1421667,-115.224,7.006,ci10180270
2010-04-05 19:20:39.530000+00:00,2.79,32.4211667,-115.5678333,1.923,ci14614716
2010-04-05 19:28:06.100000+00:00,2.63,32.6326667,-115.7563333,2.433,ci14614756
2010-04-05 19:30:45.350000+00:00,3.52,32.0616667,-114.9765,9.986,ci14614772
2010-04-05 19:42:36.450000+00:00,3.28,32.6583333,-115.8226667,2.333,ci14614796
2010-04-05 19:47:29.600000+00:00,2.72,32.6148333,-115.8106667,0.122,ci14614820
2010-04-05 19:51:22.500000+00:00,2.93,32.6601667,-115.8381667,5.913,ci14614844
2010-04-05 20:07:51.170000+00:00,2.8,32.1205,-115.2805,9.986,ci14614932
2010-04-05 20:09:41.660000+00:00,3.03,32.284,-115.3563333,9.995,ci14614924
2010-04-05 20:12:17.910000+00:00,3.06,32.3006667,-115.337,9.987,ci14614940
2010-04-05 20:16:26.060000+00:00,2.99,32.1883333,-115.3185,9.995,ci14614948
2010-04-05 20:18:07.640000+00:00,2.86,32.6633333,-115.8266667,9.513,ci14614956
2010-04-05 20:18:22.030000+00:00,2.61,32.691,-115.8385,2.092,ci10180870
2010-04-05 20:21:04.040000+00:00,2.77,32.1543333,-115.1058333,9.949,ci10180930
2010-04-05 20:28:31.930000+00:00,3.13,32.172,-115.1955,9.97,ci14615044
2010-04-05 20:36:22.520000+00:00,3.25,32.0846667,-115.1026667,9.976,ci10181150
2010-04-05 20:38:55.200000+00:00,2.5,32.1318333,-115.3121667,9.962,ci10181170
2010-04-05 20:38:59.470000+00:00,3.76,32.2628333,-115.3371667,10.012,ci14615084
2010-04-05 20:39:29.280000+00:00,3.84,32.3058333,-115.3435,9.995,ci10181190
2010-04-05 20:40:58.150000+00:00,2.93,32.6721667,-115.8195,0.013,ci14615076
2010-04-05 20:45:05.320000+00:00,2.5,32.6825,-115.8526667,3.353,ci14615100
2010-04-05 20:46:42.160000+00:00,2.51,32.6675,-115.8536667,4.463,ci14615108
2010-04-05 20:47:07.580000+00:00,2.85,32.6978333,-115.9495,6.772,ci10181270
2010-04-05 20:52:34.060000+00:00,2.5,32.0963333,-115.1266667,9.96,ci10181370
2010-04-05 20:52:57.020000+00:00,2.53,32.6056667,-115.7963333,4.955,ci10181390
2010-04-05 20:56:02.190000+00:00,3.84,32.1378333,-115.1373333,9.97,ci14615180
2010-04-05 21:01:33.270000+00:00,3.27,32.1388333,-115.1546667,9.962,ci10181410
2010-04-05 21:01:42.270000+00:00,2.94,32.653,-115.7791667,3.733,ci14615220
2010-04-05 21:04:36.440000+00:00,3.72,32.6781667,-115.8588333,2.023,ci14615212
2010-04-05 21:06:50.220000+00:00,3.31,32.6813333,-115.863,0.513,ci10181510
2010-04-05 21:07:50.420000+00:00,3.52,32.6843333,-115.8588333,1.453,ci14615252
2010-04-05 21:08:15.070000+00:00,3.86,32.1586667,-115.2268333,9.986,ci10181530
2010-04-05 21:12:25.620000+00:00,2.66,32.6568333,-115.789,3.803,ci14615260
2010-04-05 21:15:31.290000+00:00,2.99,32.375,-115.5576667,6.976,ci10181610
2010-04-05 21:16:36.770000+00:00,3.45,32.1231667,-115.2923333,9.995,ci14615284
2010-04-05 21:18:11.690000+00:00,3.1,32.6875,-115.8611667,0.843,ci14615276
2010-04-05 21:25:28.850000+00:00,2.91,32.6838333,-115.926,7.85,ci14615292
2010-04-05 21:29:34.890000+00:00,3.57,32.0963333,-115.1425,9.972,ci10181730
2010-04-05 21:29:36.460000+00:00,2.54,32.6418333,-115.7901667,4.883,ci14615300
2010-04-05 21:29:47.270000+00:00,2.69,32.636,-115.8026667,2.895,ci10181690
2010-04-05 21:31:35.760000+00:00,3.11,32.682,-115.8603333,1.063,ci14615332
2010-04-05 21:39:09.540000+00:00,2.51,32.4163333,-115.5888333,7.089,ci14615364
2010-04-05 21:41:02.410000+00:00,2.98,32.7238333,-115.8928333,0.662,ci14615356
2010-04-05 21:43:43.930000+00:00,3.43,32.634,-115.746,2.923,ci14615372
2010-04-05 21:45:11.890000+00:00,2.51,32.7245,-115.8841667,2.082,ci10181890
2010-04-05 21:51:05.870000+00:00,2.98,32.7221667,-115.8911667,0.892,ci14615404
2010-04-05 22:05:23.670000+00:00,3.46,32.3426667,-115.39,14.995,ci14615460
2010-04-05 22:06:07.200000+00:00,3.31,32.2665,-115.4708333,9.95,ci10182170
2010-04-05 22:07:32.060000+00:00,3.92,32.113,-115.2043333,9.978,ci14615468
2010-04-05 22:07:36.310000+00:00,2.62,32.6206667,-115.7625,12.923,ci10182190
2010-04-05 22:14:47.840000+00:00,3.02,32.1751667,-115.2351667,9.936,ci14615484
2010-04-05 22:23:17.930000+00:00,2.85,32.1095,-115.1646667,9.97,ci14615516
2010-04-05 22:35:19.330000+00:00,2.94,32.2298333,-115.2885,9.995,ci14615580
2010-04-05 22:41:31.050000+00:00,3.12,32.6096667,-115.7716667,3.383,ci14615596
2010-04-05 22:42:58.160000+00:00,3.14,32.1635,-115.3315,9.995,ci10182550
2010-04-05 22:43:17.350000+00:00,2.63,32.5443333,-115.8186667,5.675,ci10182610
2010-04-05 22:43:21.680000+00:00,3.78,32.2125,-115.268,9.987,ci10182570
2010-04-05 22:50:43.240000+00:00,3.04,32.2043333,-115.3291667,9.995,ci14615620
2010-04-05 22:54:39.970000+00:00,3.32,32.5446667,-115.7011667,5.743,ci14615636
2010-04-05 23:01:39.900000+00:00,2.85,32.101,-115.1041667,9.974,ci10182730
2010-04-05 23:02:30.540000+00:00,3.59,32.6476667,-115.7631667,9.975,ci14615652
2010-04-05 23:06:30.730000+00:00,3.8,32.115,-115.3251667,9.995,ci14615668
2010-04-05 23:08:39.420000+00:00,2.8,32.0755,-115.0626667,9.97,ci10182770
2010-04-05 23:09:39.900000+00:00,3.36,32.6433333,-115.7685,4.563,ci14615676
2010-04-05 23:14:53.180000+00:00,2.82,32.4045,-115.396,9.962,ci14615700
2010-04-05 23:17:41.480000+00:00,2.64,32.3595,-115.5563333,-0.004,ci14615692
2010-04-05 23:18:56.400000+00:00,3.05,32.1411667,-115.1683333,9.97,ci14615724
2010-04-05 23:22:36.380000+00:00,2.65,32.3136667,-115.3735,9.995,ci10183350
2010-04-05 23:26:11.190000+00:00,2.57,32.2303333,-115.3236667,9.995,ci14615732
2010-04-05 23:28:33.240000+00:00,3.76,32.1023333,-115.1845,9.986,ci14615748
2010-04-05 23:31:24.650000+00:00,2.64,32.2753333,-115.3401667,9.995,ci10182970
2010-04-05 23:32:27.130000+00:00,3.22,32.6143333,-115.782,2.413,ci14615756
2010-04-05 23:39:30.680000+00:00,3.67,32.2821667,-115.4106667,9.966,ci14615788
2010-04-05 23:40:07.680000+00:00,2.81,32.3133333,-115.4888333,9.97,ci10183010
2010-04-05 23:41:09.190000+00:00,2.95,32.1456667,-115.296,9.995,ci10183050
2010-04-05 23:41:37.920000+00:00,3.12,32.0708333,-115.0766667,9.95,ci10183090
2010-04-05 23:42:30.660000+00:00,3.12,32.5891667,-115.7671667,2.523,ci14615796
2010-04-05 23:43:08.530000+00:00,2.69,32.6223333,-115.7818333,3.133,ci10183130
2010-04-05 23:43:25.800000+00:00,2.7,32.5263333,-115.7573333,5.649,ci14615844
2010-04-05 23:45:29.820000+00:00,2.6,32.5358333,-115.6935,2.433,ci14615876
2010-04-05 23:56:34.740000+00:00,2.65,32.2556667,-115.3573333,9.936,ci14615924
2010-04-05 23:59:24.680000+00:00,3.08,32.2485,-115.3711667,9.962,ci14615932
2010-04-06 00:04:08.410000+00:00,2.52,32.7711667,-115.4238333,16.075,ci10183430
2010-04-06 00:05:19.080000+00:00,3.08,32.1601667,-115.2365,9.986,ci14615972
2010-04-06 00:14:50.170000+00:00,2.86,32.3118333,-115.3431667,9.995,ci14616020
2010-04-06 00:16:55.460000+00:00,3.37,32.6046667,-115.7776667,4.493,ci14616012
2010-04-06 00:19:05.070000+00:00,3.03,32.5935,-115.726,3.983,ci14616028
2010-04-06 00:20:45.540000+00:00,2.71,32.169,-115.4376667,9.966,ci10183630
2010-04-06 00:21:47.240000+00:00,2.64,32.1275,-115.2771667,9.986,ci14616036
2010-04-06 00:28:55.330000+00:00,3.06,32.1898333,-115.2026667,9.976,ci14616076
2010-04-06 00:30:28.470000+00:00,2.87,32.1935,-115.3033333,9.995,ci14616084
2010-04-06 00:39:58.060000+00:00,2.85,32.18,-115.327,9.962,ci10183910
2010-04-06 00:40:24.170000+00:00,3.81,32.1436667,-115.265,9.986,ci14616148
2010-04-06 00:41:37.870000+00:00,3.27,32.5915,-115.756,4.353,ci14616140
2010-04-06 00:46:40.560000+00:00,3.21,32.0145,-114.983,9.971,ci14616164
2010-04-06 00:51:19.920000+00:00,3.65,32.6151667,-115.7966667,2.273,ci14616196
2010-04-06 00:53:53.530000+00:00,3.81,32.5755,-115.7841667,1.483,ci14616204
2010-04-06 00:56:40.710000+00:00,4.11,32.0913333,-115.2193333,9.986,ci14616212
2010-04-06 00:59:10.570000+00:00,3.29,32.2578333,-115.3618333,9.995,ci14616220
2010-04-06 00:59:57.930000+00:00,2.58,32.663,-115.8391667,7.303,ci14616228
2010-04-06 01:00:50.930000+00:00,3.48,32.1675,-115.2015,9.986,ci14616244
2010-04-06 01:02:38.440000+00:00,3.46,32.1596667,-115.0683333,9.97,ci10184250
2010-04-06 01:04:00.680000+00:00,2.98,32.5701667,-115.7293333,4.233,ci14616252
2010-04-06 01:04:35.540000+00:00,3.96,32.6405,-115.807,0.373,ci30605759
2010-04-06 01:04:44.080000+00:00,3.5,32.451,-115.535,11.1,usp000hap5
2010-04-06 01:06:44.880000+00:00,2.5,32.2763333,-115.567,9.966,ci10184290
2010-04-06 01:08:13.770000+00:00,3.61,32.115,-115.0395,9.97,ci14616308
2010-04-06 01:15:14.250000+00:00,3.39,32.2086667,-115.3351667,9.995,ci14616332
2010-04-06 01:22:26.820000+00:00,3.0,32.0488333,-115.075,9.96,ci10184470
2010-04-06 01:23:00.820000+00:00,4.51,32.2151667,-115.0715,9.994,ci14616380
2010-04-06 01:25:15.800000+00:00,3.0,32.424,-115.4695,6.856,ci10184490
2010-04-06 01:26:57.070000+00:00,3.6,32.138,-115.0885,9.968,ci10184494
2010-04-06 01:27:15.540000+00:00,2.77,32.439,-115.6798333,14.843,ci10184498
2010-04-06 01:28:46.770000+00:00,2.99,32.66,-115.7446667,6.083,ci14616388
2010-04-06 01:34:02.320000+00:00,3.04,32.1066667,-115.2598333,9.986,ci14616396
2010-04-06 01:40:17.470000+00:00,2.85,32.113,-115.2635,9.986,ci10184610
2010-04-06 01:40:25.560000+00:00,2.7,32.1423333,-115.2751667,9.979,ci14616412
2010-04-06 01:46:24.580000+00:00,3.24,32.2971667,-115.3271667,9.995,ci14616428
2010-04-06 01:46:55.280000+00:00,2.56,32.5923333,-115.718,3.352,ci10184630
2010-04-06 01:48:18.110000+00:00,3.17,32.1395,-115.3211667,9.995,ci14616444
2010-04-06 01:57:00.420000+00:00,3.82,32.1411667,-115.3103333,9.995,ci14616476
2010-04-06 01:58:14.550000+00:00,4.46,32.2786667,-115.3513333,9.995,ci14616484
2010-04-06 02:02:04.480000+00:00,3.26,32.3061667,-115.3165,9.987,ci14616500
2010-04-06 02:08:01.600000+00:00,2.79,32.104,-115.2045,9.976,ci10184698
2010-04-06 02:08:07.300000+00:00,3.42,32.0956667,-115.21,9.986,ci14616524
2010-04-06 02:08:49.440000+00:00,3.54,32.1243333,-115.2076667,9.986,ci30725759
2010-04-06 02:19:22.140000+00:00,2.51,32.605,-115.7541667,-0.027,ci14616548
2010-04-06 02:27:05.440000+00:00,2.58,32.6503333,-115.799,3.043,ci14616604
2010-04-06 02:29:08.260000+00:00,3.45,32.6753333,-115.814,6.693,ci14616612
2010-04-06 02:30:14.700000+00:00,2.88,32.344,-115.5625,15.146,ci30749759
2010-04-06 02:30:35.100000+00:00,3.1,32.1928333,-115.2648333,9.99,ci10185350
2010-04-06 02:38:04.120000+00:00,2.62,32.8111667,-116.0543333,0.878,ci14616652
2010-04-06 02:39:09.650000+00:00,2.98,32.6588333,-115.836,9.973,ci14616660
2010-04-06 02:44:39.570000+00:00,3.31,32.0526667,-115.047,9.96,ci10185490
2010-04-06 02:47:36.720000+00:00,2.91,32.21,-115.36,9.995,ci14616684
2010-04-06 02:54:40.170000+00:00,2.57,32.6283333,-115.785,2.683,ci14616708
2010-04-06 03:05:08.160000+00:00,2.66,32.2506667,-115.3913333,9.995,ci14616756
2010-04-06 03:09:53.100000+00:00,3.05,32.3115,-115.3796667,9.995,ci14616764
2010-04-06 03:13:34.440000+00:00,2.8,32.6371667,-115.7385,7.343,ci14616772
2010-04-06 03:13:46.500000+00:00,3.0,32.617,-115.851,3.722,ci30877767
2010-04-06 03:17:24.060000+00:00,2.72,32.2351667,-115.3375,9.936,ci14616820
2010-04-06 03:18:27.020000+00:00,2.56,32.3183333,-115.3318333,9.995,ci14616804
2010-04-06 03:20:18.170000+00:00,3.25,32.231,-115.347,9.963,ci14616852
2010-04-06 03:26:53.390000+00:00,3.38,32.211,-115.0473333,9.97,ci14616868
2010-04-06 03:31:23.040000+00:00,2.85,32.6866667,-115.8565,1.113,ci14616884
2010-04-06 03:34:14.470000+00:00,2.56,32.6171667,-115.7845,3.635,ci14616892
2010-04-06 03:36:48.870000+00:00,2.84,32.2665,-115.2815,9.97,ci10186150
2010-04-06 03:38:08.920000+00:00,3.23,32.2986667,-115.3913333,9.957,ci14616948
2010-04-06 03:38:16.780000+00:00,2.68,32.4621667,-115.769,6.975,ci10186190
2010-04-06 03:49:08.100000+00:00,2.52,32.2786667,-115.3441667,9.947,ci10186250
2010-04-06 03:51:08.920000+00:00,2.5,32.271,-115.3545,9.962,ci14616996
2010-04-06 03:52:11.700000+00:00,3.59,32.2523333,-115.3323333,9.978,ci10186390
2010-04-06 03:52:18.590000+00:00,2.97,32.6671667,-115.801,4.913,ci14617004
2010-04-06 03:52:51.290000+00:00,2.74,32.6591667,-115.8231667,0.032,ci10186370
2010-04-06 03:55:58.580000+00:00,2.8,32.2461667,-115.3971667,9.966,ci10186418
2010-04-06 03:58:49.210000+00:00,2.93,32.5561667,-115.6963333,3.673,ci14617036
2010-04-06 03:59:22.160000+00:00,2.61,32.3651667,-115.5786667,9.966,ci10186430
2010-04-06 04:00:43.430000+00:00,2.6,32.3573333,-115.4826667,9.966,ci14617044
2010-04-06 04:09:18.420000+00:00,3.59,32.0723333,-115.1871667,9.986,ci10187990
2010-04-06 04:12:21.260000+00:00,4.56,32.5936667,-115.7738333,3.983,ci14617100
2010-04-06 04:17:09.650000+00:00,2.76,32.6468333,-115.775,0.125,ci14617108
2010-04-06 04:20:07.130000+00:00,3.23,32.5916667,-115.781,3.863,ci14617116
2010-04-06 04:20:58.870000+00:00,2.72,32.261,-115.3923333,9.995,ci10188250
2010-04-06 04:25:20.830000+00:00,2.85,32.3091667,-115.5835,9.966,ci10188750
2010-04-06 04:34:35.220000+00:00,3.13,32.0638333,-115.0738333,9.976,ci10188870
2010-04-06 04:34:59.190000+00:00,2.68,32.2558333,-115.3073333,9.947,ci14617188
2010-04-06 04:43:08.590000+00:00,2.94,32.2431667,-115.3115,9.986,ci14617244
2010-04-06 04:49:33.950000+00:00,2.73,32.5638333,-115.7001667,9.713,ci14617260
2010-04-06 04:51:32.720000+00:00,2.68,32.7073333,-115.8651667,3.773,ci14617268
2010-04-06 04:53:02.370000+00:00,2.81,32.6025,-115.7815,4.545,ci14617276
2010-04-06 04:56:10.090000+00:00,2.62,32.6296667,-115.7558333,0.373,ci14617300
2010-04-06 04:59:45.790000+00:00,3.2,32.17,-115.283,9.995,ci14617308
2010-04-06 05:06:44.270000+00:00,2.59,32.476,-115.6455,5.746,ci14617348
2010-04-06 05:13:35.730000+00:00,2.96,32.5966667,-115.7788333,2.633,ci14617396
2010-04-06 05:15:33.200000+00:00,3.19,32.0291667,-115.0688333,9.97,ci10189730
2010-04-06 05:15:55.780000+00:00,2.96,32.4221667,-115.6633333,5.616,ci14617404
2010-04-06 05:19:51.970000+00:00,3.12,32.6503333,-115.7975,4.713,ci14617412
2010-04-06 05:19:59.570000+00:00,2.81,32.579,-115.7666667,10.451,ci10189810
2010-04-06 05:20:41.120000+00:00,3.01,32.1341667,-115.2595,9.97,ci10189830
2010-04-06 05:25:50.870000+00:00,2.85,32.6631667,-115.8113333,5.063,ci14617436
2010-04-06 05:28:06.980000+00:00,2.55,32.651,-115.7446667,5.783,ci14617444
2010-04-06 05:31:00.880000+00:00,2.54,32.6508333,-115.8035,4.663,ci14617460
2010-04-06 05:35:17.270000+00:00,2.86,32.0333333,-115.2788333,9.986,ci14617476
2010-04-06 05:37:44.270000+00:00,2.5,32.5943333,-115.7436667,3.943,ci14617500
2010-04-06 05:38:51.640000+00:00,2.5,32.3838333,-115.5653333,-0.027,ci14617516
2010-04-06 05:39:22.090000+00:00,2.78,32.1688333,-115.2473333,9.986,ci10190090
2010-04-06 05:40:54.890000+00:00,2.74,32.6321667,-115.7821667,-0.027,ci14617524
2010-04-06 05:41:49.560000+00:00,2.78,32.631,-115.808,5.519,ci14617532
2010-04-06 05:42:24.860000+00:00,2.78,32.2595,-115.337,9.995,ci10190134
2010-04-06 05:43:54.400000+00:00,2.94,32.2358333,-115.3078333,9.995,ci10190150
2010-04-06 05:47:08.980000+00:00,2.59,32.5935,-115.7403333,2.733,ci14617548
2010-04-06 06:02:00.300000+00:00,2.6,32.1856667,-115.3495,9.97,ci14617628
2010-04-06 06:03:27.630000+00:00,2.64,32.2508333,-115.3578333,9.995,ci14617612
2010-04-06 06:03:54.910000+00:00,2.94,32.6595,-115.8296667,5.022,ci14617620
2010-04-06 06:12:18.550000+00:00,2.73,32.658,-115.7975,4.873,ci14617676
2010-04-06 06:15:08.890000+00:00,2.89,32.1831667,-115.3248333,9.995,ci14617692
2010-04-06 06:18:18.600000+00:00,2.84,32.147,-115.325,9.995,ci14617700
2010-04-06 06:19:49.040000+00:00,3.14,32.6735,-115.7695,1.963,ci14617716
2010-04-06 06:27:53.360000+00:00,3.57,32.2315,-115.3213333,2.055,ci10190550
2010-04-06 06:27:59.030000+00:00,2.88,32.7123333,-115.8711667,1.643,ci14617748
2010-04-06 06:32:23.070000+00:00,2.94,32.1795,-115.2625,9.987,ci14617788
2010-04-06 06:33:56.250000+00:00,2.64,32.1448333,-115.1728333,6.97,ci14617796
2010-04-06 06:38:02.540000+00:00,2.85,32.6033333,-115.7688333,3.323,ci14617804
2010-04-06 06:38:51.550000+00:00,3.47,32.2766667,-115.3515,9.995,ci14617812
2010-04-06 06:39:50.750000+00:00,3.6,32.3985,-115.4975,10.956,ci14617820
2010-04-06 06:46:20.680000+00:00,2.79,32.6341667,-115.7575,0.483,ci14617852
2010-04-06 06:46:41.870000+00:00,2.61,32.2371667,-115.3021667,6.99,ci10191290
2010-04-06 06:53:10.390000+00:00,3.52,32.2076667,-115.3316667,9.995,ci14617876
2010-04-06 06:53:33.830000+00:00,2.95,32.669,-115.8515,6.992,ci10191330
2010-04-06 06:54:35.450000+00:00,3.3,32.1228333,-115.161,9.97,ci10191390
2010-04-06 07:01:05.370000+00:00,3.06,32.2663333,-115.381,9.995,ci14617900
2010-04-06 07:03:42.200000+00:00,2.74,32.2536667,-115.3311667,9.995,ci14617916
2010-04-06 07:03:56.980000+00:00,2.9,32.2086667,-115.275,9.98,ci10191450
2010-04-06 07:07:07.780000+00:00,2.86,32.2956667,-115.33,9.993,ci10191474
2010-04-06 07:16:55.500000+00:00,2.94,32.1481667,-115.2136667,9.97,ci14617972
2010-04-06 07:19:29.120000+00:00,3.31,32.6236667,-115.7486667,1.933,ci14617964
2010-04-06 07:20:26.390000+00:00,2.89,32.2895,-115.4031667,9.997,ci10191550
2010-04-06 07:21:17.980000+00:00,2.63,32.6993333,-115.8528333,7.443,ci14617980
2010-04-06 07:21:48.330000+00:00,2.74,32.6126667,-115.7805,3.823,ci10191650
2010-04-06 07:23:02.170000+00:00,3.71,32.708,-115.8731667,4.363,ci14617996
2010-04-06 07:25:06.390000+00:00,3.08,32.706,-115.8761667,1.539,ci14618004
2010-04-06 07:25:41.930000+00:00,3.38,32.109,-115.1838333,9.97,ci10191694
2010-04-06 07:28:05.940000+00:00,2.9,32.613,-115.7693333,6.273,ci14618020
2010-04-06 07:28:27.970000+00:00,2.79,32.2275,-115.3031667,9.957,ci10191710
2010-04-06 07:31:36.030000+00:00,2.72,32.1275,-115.295,9.995,ci10191738
2010-04-06 07:42:44.950000+00:00,2.53,32.5061667,-115.6605,2.603,ci14618108
2010-04-06 07:45:44.500000+00:00,2.83,32.0271667,-115.0525,9.994,ci14618148
2010-04-06 07:47:59.150000+00:00,3.59,32.0706667,-115.084,9.994,ci14618140
2010-04-06 07:56:51.890000+00:00,3.83,32.6343333,-115.7388333,3.733,ci14618180
2010-04-06 08:18:51.650000+00:00,2.68,32.6403333,-115.7473333,3.353,ci14618244
2010-04-06 08:19:43.800000+00:00,3.05,32.574,-115.688,6.053,ci14618252
2010-04-06 08:22:34.580000+00:00,2.71,32.6141667,-115.7985,2.923,ci14618268
2010-04-06 08:25:06.840000+00:00,3.59,32.11,-115.1633333,9.97,ci14618284
2010-04-06 08:25:47.830000+00:00,3.19,32.6931667,-115.8546667,-0.027,ci14618292
2010-04-06 08:27:12.450000+00:00,3.12,32.7033333,-115.8476667,1.703,ci14618300
2010-04-06 08:27:30.360000+00:00,3.8,32.6955,-115.855,1.043,ci14618308
2010-04-06 08:28:43.030000+00:00,3.01,32.6808333,-115.7885,1.253,ci10192030
2010-04-06 08:36:39.370000+00:00,2.62,32.2278333,-115.338,9.995,ci14618380
2010-04-06 08:38:41.120000+00:00,2.66,32.1186667,-115.1586667,9.97,ci14618364
2010-04-06 08:40:33.590000+00:00,3.25,32.6976667,-115.86,6.793,ci14618388
2010-04-06 08:52:55.120000+00:00,3.3,32.6345,-115.7373333,7.983,ci14618428
2010-04-06 08:54:49.590000+00:00,2.55,32.272,-115.3965,5.766,ci14618436
2010-04-06 08:56:35+00:00,2.64,32.2091667,-115.2676667,9.987,ci14618452
2010-04-06 08:58:51.600000+00:00,2.99,32.6723333,-115.8646667,6.183,ci14618468
2010-04-06 09:01:00.430000+00:00,2.84,32.2506667,-115.328,9.995,ci14618476
2010-04-06 09:01:49.480000+00:00,2.64,32.6618333,-115.789,0.725,ci14618484
2010-04-06 09:03:46.330000+00:00,3.81,32.2178333,-115.3663333,9.995,ci14618492
2010-04-06 09:09:13.860000+00:00,2.77,32.6241667,-115.7921667,2.543,ci14618508
2010-04-06 09:22:22.500000+00:00,3.21,32.3583333,-115.5,14.966,ci14618556
2010-04-06 09:25:15.950000+00:00,2.84,32.0375,-114.9618333,9.97,ci14618580
2010-04-06 09:28:36.880000+00:00,3.08,32.6188333,-115.785,2.063,ci14618588
2010-04-06 09:29:12.940000+00:00,3.4,32.676,-115.7875,4.593,ci14618596
2010-04-06 09:39:18.030000+00:00,2.68,32.645,-115.7758333,-0.007,ci14618652
2010-04-06 09:41:05.160000+00:00,3.61,32.407,-115.381,9.995,ci14618660
2010-04-06 09:51:13.500000+00:00,3.0,32.162,-115.2991667,9.995,ci14618708
2010-04-06 09:53:06.880000+00:00,2.85,32.1643333,-115.2445,9.986,ci14618716
2010-04-06 09:59:41.700000+00:00,2.69,32.3476667,-115.539,14.966,ci14618732
2010-04-06 10:00:01.710000+00:00,2.51,32.6643333,-115.8085,0.633,ci37005279
2010-04-06 10:03:00.250000+00:00,2.74,32.614,-115.7815,3.843,ci14618756
2010-04-06 10:03:30.230000+00:00,2.54,32.6405,-115.7615,3.099,ci10192730
2010-04-06 10:03:34.200000+00:00,2.72,32.6665,-115.8331667,4.875,ci14618764
2010-04-06 10:06:37.750000+00:00,4.51,32.6651667,-115.8106667,1.733,ci14618772
2010-04-06 10:09:05.620000+00:00,3.22,32.123,-115.1765,9.952,ci10192810
2010-04-06 10:15:07.800000+00:00,2.57,32.2276667,-115.3423333,9.987,ci10192914
2010-04-06 10:15:14.610000+00:00,3.17,32.2556667,-115.3683333,9.995,ci14618804
2010-04-06 10:23:20.460000+00:00,2.76,32.6405,-115.7808333,1.283,ci14618836
2010-04-06 10:27:54.560000+00:00,2.5,32.605,-115.7388333,3.253,ci14618852
2010-04-06 10:36:52.080000+00:00,2.88,32.5818333,-115.735,3.453,ci14618916
2010-04-06 10:46:57.780000+00:00,3.24,32.3813333,-115.3295,17.987,ci14618948
2010-04-06 10:51:07.150000+00:00,2.76,32.2968333,-115.3803333,9.97,ci14618988
2010-04-06 10:52:45.260000+00:00,3.11,32.2403333,-115.3221667,10.001,ci10193290
2010-04-06 10:54:20.160000+00:00,2.6,32.246,-115.3353333,19.413,ci10193330
2010-04-06 10:55:42.450000+00:00,2.53,32.6265,-115.7381667,6.643,ci10193390
2010-04-06 10:56:31.480000+00:00,2.98,32.0045,-115.1663333,9.977,ci10193634
2010-04-06 11:10:03.110000+00:00,2.72,32.384,-115.3453333,9.977,ci10193734
2010-04-06 11:12:33.580000+00:00,3.99,32.0755,-115.1211667,9.97,ci14619076
2010-04-06 11:23:42.920000+00:00,2.98,32.0123333,-115.1238333,9.97,ci14619108
2010-04-06 11:32:17.020000+00:00,2.53,32.0916667,-115.079,9.962,ci10193870
2010-04-06 11:33:21.330000+00:00,3.1,32.6173333,-115.7851667,6.323,ci14619132
2010-04-06 11:35:49.350000+00:00,2.5,32.2568333,-115.351,7.075,ci14619156
2010-04-06 11:36:18.850000+00:00,2.84,32.2003333,-115.2976667,9.993,ci10193930
2010-04-06 11:37:04.250000+00:00,2.73,32.6261667,-115.763,5.413,ci14619164
2010-04-06 11:46:18.590000+00:00,2.5,32.3053333,-115.3398333,14.995,ci14619212
2010-04-06 11:49:10.600000+00:00,2.69,32.2456667,-115.3595,9.995,ci14619228
2010-04-06 12:00:28.610000+00:00,2.6,32.1411667,-115.1495,11.793,ci37228565
2010-04-06 12:06:01.230000+00:00,2.97,32.2238333,-115.2816667,9.987,ci14619284
2010-04-06 12:14:30.910000+00:00,2.7,32.7226667,-115.8738333,1.403,ci14619324
2010-04-06 12:20:20.370000+00:00,2.85,32.4395,-115.5833333,6.246,ci14619356
2010-04-06 12:26:53.040000+00:00,3.01,32.0726667,-115.0895,9.97,ci14619388
2010-04-06 12:29:39.200000+00:00,2.55,32.6641667,-115.8076667,1.253,ci14619380
2010-04-06 12:39:56.990000+00:00,2.5,32.0651667,-115.2943333,9.995,ci14619460
2010-04-06 12:42:44.460000+00:00,2.75,32.2311667,-115.3443333,9.995,ci14619452
2010-04-06 12:43:23.360000+00:00,2.57,32.6285,-115.7365,7.733,ci14619468
2010-04-06 12:44:57.820000+00:00,3.13,32.3141667,-115.3318333,9.995,ci14619500
2010-04-06 12:47:05.020000+00:00,2.81,32.3233333,-115.4186667,9.966,ci14619492
2010-04-06 12:48:31.920000+00:00,3.21,32.0828333,-115.081,9.976,ci14619516
2010-04-06 12:50:42.300000+00:00,3.13,32.2035,-115.299,9.995,ci14619508
2010-04-06 13:01:32.670000+00:00,3.43,32.2005,-115.2851667,9.995,ci14619580
2010-04-06 13:02:03.270000+00:00,2.93,32.6623333,-115.7991667,1.853,ci10194850
2010-04-06 13:17:11.930000+00:00,2.69,32.5993333,-115.779,2.943,ci14619628
2010-04-06 13:18:16.800000+00:00,2.53,32.4091667,-115.6041667,1.346,ci14619636
2010-04-06 13:19:38.960000+00:00,2.59,32.6038333,-115.714,8.223,ci14619644
2010-04-06 13:21:55.130000+00:00,2.74,32.5923333,-115.7446667,8.903,ci14619652
2010-04-06 13:24:56.140000+00:00,3.06,32.6268333,-115.7846667,6.673,ci14619668
2010-04-06 13:32:01.350000+00:00,3.77,32.265,-115.3998333,9.966,ci14619692
2010-04-06 13:36:34.320000+00:00,2.62,32.2986667,-115.3203333,9.986,ci14619732
2010-04-06 13:44:22.350000+00:00,2.68,33.1548333,-115.9303333,11.236,ci14619748
2010-04-06 13:48:02.640000+00:00,3.05,32.1961667,-115.2915,9.995,ci14619764
2010-04-06 13:51:51.030000+00:00,3.11,32.6388333,-115.758,1.113,ci14619780
2010-04-06 13:59:47.930000+00:00,2.53,32.078,-115.137,9.97,ci14619796
2010-04-06 14:07:33.110000+00:00,2.63,32.3573333,-115.2586667,9.985,ci10195150
2010-04-06 14:16:47.590000+00:00,2.75,32.2163333,-115.3475,9.995,ci14619884
2010-04-06 14:27:23.390000+00:00,3.2,32.6106667,-115.7848333,3.943,ci14619940
2010-04-06 14:31:14.890000+00:00,2.63,32.1258333,-115.2983333,9.955,ci10195334
2010-04-06 14:39:37.690000+00:00,2.65,32.2385,-115.3626667,9.995,ci14619996
2010-04-06 14:42:56.110000+00:00,2.85,32.6481667,-115.7515,6.943,ci14620004
2010-04-06 14:44:40.820000+00:00,2.89,32.2391667,-115.3335,9.954,ci14620036
2010-04-06 14:48:59.790000+00:00,2.55,32.1201667,-115.2106667,9.976,ci14620044
2010-04-06 14:56:17.980000+00:00,2.58,32.657,-115.782,3.743,ci14620068
2010-04-06 14:56:32.550000+00:00,2.77,32.6281667,-115.7878333,1.283,ci10195454
2010-04-06 14:58:38.010000+00:00,3.53,32.6338333,-115.7711667,2.453,ci14620076
2010-04-06 15:04:58.790000+00:00,2.77,32.2013333,-115.2916667,9.995,ci14620100
2010-04-06 15:10:17.870000+00:00,2.84,32.3125,-115.3531667,9.986,ci14620108
2010-04-06 15:13:19.980000+00:00,3.91,32.7276667,-115.88,14.617,ci14620124
2010-04-06 15:21:20.260000+00:00,2.64,32.3903333,-115.6003333,7.37,ci14620148
2010-04-06 15:25:33.650000+00:00,2.67,32.6678333,-115.8313333,6.173,ci14620164
2010-04-06 15:27:00.090000+00:00,2.64,32.7136667,-115.8821667,3.553,ci14620172
2010-04-06 15:35:11.390000+00:00,3.15,32.1148333,-115.1085,9.976,ci14620228
2010-04-06 15:39:49.190000+00:00,2.91,32.1066667,-115.1555,9.976,ci14620244
2010-04-06 15:50:11.760000+00:00,2.65,32.6753333,-115.7781667,5.153,ci10195674
2010-04-06 16:14:08.740000+00:00,3.26,32.261,-115.2693333,9.98,ci10195754
2010-04-06 16:16:52.840000+00:00,2.52,32.6421667,-115.7583333,3.203,ci14620428
2010-04-06 16:19:55.140000+00:00,2.62,32.1466667,-115.1958333,9.986,ci14620436
2010-04-06 16:23:23.510000+00:00,3.15,32.27,-115.3536667,9.995,ci14620444
2010-04-06 16:23:57.550000+00:00,4.24,32.1443333,-115.307,9.995,ci14620452
2010-04-06 16:27:17.460000+00:00,2.59,32.2475,-115.3541667,9.952,ci10195794
2010-04-06 16:29:41.180000+00:00,2.66,32.1523333,-115.1846667,9.936,ci14620468
2010-04-06 16:33:58.050000+00:00,3.19,32.665,-115.8596667,5.953,ci14620476
2010-04-06 16:36:15.320000+00:00,3.07,32.1998333,-115.3476667,9.995,ci14620484
2010-04-06 16:42:42.760000+00:00,2.57,32.1021667,-115.0805,9.969,ci10195834
2010-04-06 16:44:06.740000+00:00,2.66,32.0921667,-115.2978333,9.995,ci14620516
2010-04-06 16:46:07.820000+00:00,2.76,32.167,-115.3978333,9.966,ci14620524
2010-04-06 17:02:19.150000+00:00,2.57,32.3076667,-115.4433333,9.966,ci14620588
2010-04-06 17:08:07.380000+00:00,2.62,32.6331667,-115.7946667,3.883,ci14620596
2010-04-06 17:10:46.490000+00:00,2.66,32.6806667,-115.8408333,5.263,ci14620612
2010-04-06 17:16:09.730000+00:00,2.62,32.1168333,-115.103,9.97,ci10195990
2010-04-06 17:17:40.810000+00:00,3.93,32.0078333,-114.9786667,10.001,ci14620636
2010-04-06 17:19:35.820000+00:00,3.98,32.1523333,-115.2946667,9.995,ci14620652
2010-04-06 17:20:53.960000+00:00,2.59,32.6348333,-115.7345,5.753,ci10196030
2010-04-06 17:21:21.620000+00:00,2.55,32.2561667,-115.3271667,9.992,ci10196050
2010-04-06 17:31:16.940000+00:00,4.28,32.055,-115.0818333,9.97,ci14620676
2010-04-06 17:33:22.610000+00:00,2.97,32.7036667,-115.864,6.333,ci14620684
2010-04-06 17:36:50.270000+00:00,3.31,32.215,-115.221,9.987,ci14620700
2010-04-06 17:44:16.210000+00:00,3.01,32.01,-115.0153333,9.985,ci10196110
2010-04-06 17:46:41.040000+00:00,2.9,32.2165,-115.3465,9.993,ci10196150
2010-04-06 17:54:06.620000+00:00,2.65,32.2216667,-115.3481667,12.605,ci14620756
2010-04-06 17:56:36.540000+00:00,2.83,32.7038333,-115.8756667,3.633,ci14620764
2010-04-06 17:57:37.420000+00:00,2.68,32.699,-115.7905,5.253,ci14620772
2010-04-06 17:58:31.600000+00:00,2.5,32.6596667,-115.7945,6.073,ci10196170
2010-04-06 17:58:33.070000+00:00,3.3,32.6161667,-115.7733333,5.225,ci14620780
2010-04-06 18:01:52.850000+00:00,2.76,32.6165,-115.7843333,3.693,ci14620812
2010-04-06 18:06:33.990000+00:00,3.02,32.2148333,-115.3123333,9.986,ci14620836
2010-04-06 18:10:11.410000+00:00,2.75,32.6423333,-115.7318333,8.658,ci10196278
2010-04-06 18:16:55.220000+00:00,3.37,32.5908333,-115.7848333,2.443,ci14620916
2010-04-06 18:23:40.280000+00:00,2.62,32.2786667,-115.343,9.954,ci14620996
2010-04-06 18:25:56.760000+00:00,2.94,32.4165,-115.5835,0.146,ci14620988
2010-04-06 18:33:41.960000+00:00,2.72,32.608,-115.7821667,3.783,ci14621028
2010-04-06 18:37:15.620000+00:00,3.08,33.1458333,-115.9635,12.56,ci14621052
2010-04-06 18:45:32.790000+00:00,2.58,32.1758333,-115.269,9.987,ci14621068
2010-04-06 18:54:38.460000+00:00,2.97,32.3048333,-115.3896667,9.995,ci14621140
2010-04-06 19:02:00.880000+00:00,3.55,32.7046667,-115.8603333,5.153,ci14621164
2010-04-06 19:09:06.620000+00:00,2.76,32.2208333,-115.2786667,9.947,ci10197074
2010-04-06 19:09:24+00:00,2.5,32.21,-115.3635,9.993,ci10197090
2010-04-06 19:09:46.090000+00:00,3.27,32.1481667,-115.2173333,9.957,ci14621220
2010-04-06 19:21:06.400000+00:00,2.68,32.3035,-115.3293333,9.995,ci14621268
2010-04-06 19:26:08.080000+00:00,2.57,32.2225,-115.3068333,9.995,ci14621300
2010-04-06 19:32:14.430000+00:00,2.53,32.2985,-115.338,5.575,ci14621332
2010-04-06 19:33:42+00:00,2.99,32.2378333,-115.3678333,9.961,ci14621340
2010-04-06 19:34:05.200000+00:00,2.92,32.2521667,-115.3836667,9.995,ci10197142
2010-04-06 19:36:13.350000+00:00,3.09,32.2388333,-115.3508333,9.995,ci14621356
2010-04-06 19:43:17.460000+00:00,3.22,32.688,-115.8066667,4.743,ci14621372
2010-04-06 19:48:52.080000+00:00,2.6,33.2668333,-116.0585,3.399,ci14621412
2010-04-06 20:07:46.390000+00:00,3.13,32.1668333,-115.2433333,9.986,ci14621476
2010-04-06 20:12:31.450000+00:00,3.13,32.0863333,-115.1528333,9.97,ci14621500
2010-04-06 20:15:56.370000+00:00,3.54,32.103,-115.1733333,9.97,ci10197310
2010-04-06 20:16:41.550000+00:00,2.99,32.01,-114.9625,9.988,ci10197314
2010-04-06 20:33:12.020000+00:00,2.67,32.3073333,-115.3075,9.995,ci14621564
2010-04-06 20:45:01.840000+00:00,2.76,32.072,-115.1606667,5.646,ci14621636
2010-04-06 20:46:39.700000+00:00,2.59,32.2295,-115.2495,9.946,ci10197410
2010-04-06 20:48:38.130000+00:00,2.69,32.3461667,-115.5816667,14.786,ci14621644
2010-04-06 20:50:53.250000+00:00,2.88,32.6038333,-115.7783333,2.313,ci14621660
2010-04-06 20:56:08.420000+00:00,3.44,32.1841667,-115.2,9.986,ci14621692
2010-04-06 21:01:18.380000+00:00,3.15,32.125,-115.0665,9.976,ci14621716
2010-04-06 21:10:53.200000+00:00,2.9,32.2273333,-115.3391667,9.961,ci14621748
2010-04-06 21:11:31.430000+00:00,2.79,32.7206667,-115.8745,1.233,ci14621756
2010-04-06 21:12:14.530000+00:00,3.41,32.0501667,-115.1163333,9.97,ci10197650
2010-04-06 21:17:44.400000+00:00,3.11,32.2016667,-115.3306667,9.995,ci14621788
2010-04-06 21:18:30.660000+00:00,3.31,32.0925,-115.0141667,9.97,ci10197690
2010-04-06 21:24:59.310000+00:00,2.81,32.6008333,-115.7711667,2.843,ci14621828
2010-04-06 21:25:20.810000+00:00,2.76,32.2826667,-115.382,9.957,ci10197730
2010-04-06 21:28:25.920000+00:00,2.88,32.1913333,-117.584,9.846,ci14621908
2010-04-06 21:33:00.680000+00:00,2.56,32.2291667,-115.3453333,9.995,ci10197810
2010-04-06 21:37:18.520000+00:00,2.6,32.3018333,-115.3388333,9.95,ci10197850
2010-04-06 21:44:11.040000+00:00,2.52,32.1876667,-115.3666667,9.962,ci14621972
2010-04-06 22:09:10.430000+00:00,4.23,32.6331667,-115.753,1.043,ci14622036
2010-04-06 22:13:25.870000+00:00,2.63,32.2661667,-115.3395,9.962,ci10197990
2010-04-06 22:14:30.040000+00:00,2.83,32.6478333,-115.7978333,5.003,ci14622060
2010-04-06 22:33:30.770000+00:00,2.58,32.2953333,-115.3676667,9.998,ci14622140
2010-04-06 22:42:15.600000+00:00,2.96,32.6103333,-115.7793333,4.213,ci14622156
2010-04-06 22:53:39.070000+00:00,2.56,32.2808333,-115.3123333,9.995,ci10198210
2010-04-06 23:00:53.280000+00:00,2.5,32.1305,-115.2396667,9.986,ci14622252
2010-04-06 23:02:36.990000+00:00,3.12,32.26,-115.2771667,17.417,ci14622260
2010-04-06 23:14:54.560000+00:00,2.65,32.2115,-115.3388333,9.995,ci14622324
2010-04-06 23:16:51.080000+00:00,3.33,32.1645,-115.265,9.987,ci14622340
2010-04-06 23:18:56.980000+00:00,2.52,32.707,-115.868,4.483,ci14622356
2010-04-06 23:40:26.520000+00:00,2.68,32.6283333,-115.7535,2.583,ci14622444
2010-04-06 23:41:19.480000+00:00,3.89,32.2898333,-115.4226667,9.966,ci14622460
2010-04-06 23:50:45.970000+00:00,2.6,32.618,-115.784,4.713,ci14622476
2010-04-07 00:02:45.760000+00:00,2.62,32.1355,-115.1811667,13.726,ci14622500
2010-04-07 00:21:19.570000+00:00,2.87,32.1335,-115.2128333,9.977,ci14622588
2010-04-07 00:42:22.610000+00:00,2.54,32.296,-115.3168333,9.537,ci14622668
2010-04-07 00:50:00.980000+00:00,2.66,32.5981667,-115.7816667,4.423,ci14622692
2010-04-07 00:51:20.220000+00:00,2.8,32.667,-115.8331667,7.523,ci14622700
2010-04-07 01:06:43.100000+00:00,2.55,32.4315,-115.5496667,5.053,ci14622756
2010-04-07 01:10:59.110000+00:00,2.75,32.223,-115.3001667,9.986,ci14622772
2010-04-07 01:12:04.100000+00:00,2.79,32.6278333,-115.7735,7.673,ci14622780
2010-04-07 01:24:49.280000+00:00,2.58,32.6105,-115.7741667,4.903,ci14622852
2010-04-07 01:26:53.990000+00:00,2.74,32.6913333,-115.8703333,3.723,ci14622860
2010-04-07 01:29:00.040000+00:00,2.67,32.2528333,-115.3113333,9.537,ci14622876
2010-04-07 01:38:15.690000+00:00,2.81,32.6808333,-115.7815,4.163,ci14622908
2010-04-07 01:43:50.120000+00:00,3.22,32.109,-115.1961667,9.526,ci14622932
2010-04-07 01:48:59.050000+00:00,3.06,32.1545,-115.202,9.986,ci14622956
2010-04-07 01:49:29.010000+00:00,2.91,32.1761667,-115.2091667,9.986,ci30525759
2010-04-07 01:59:56.640000+00:00,2.63,32.6018333,-115.7698333,5.093,ci14623012
2010-04-07 02:14:59.480000+00:00,3.18,32.0953333,-115.0895,9.985,ci14623076
2010-04-07 02:15:39.250000+00:00,3.23,32.1461667,-115.1048333,9.534,ci37010487
2010-04-07 02:30:46.980000+00:00,3.12,32.6061667,-115.77,4.463,ci14623108
2010-04-07 02:42:19.830000+00:00,2.5,32.274,-115.3428333,1.653,ci14623156
2010-04-07 02:47:16.250000+00:00,2.91,32.6448333,-115.7171667,9.653,ci14623172
2010-04-07 02:47:30.770000+00:00,2.53,32.6333333,-115.7316667,4.215,ci30549759
2010-04-07 02:50:56.890000+00:00,2.82,32.1956667,-115.324,9.997,ci14623180
2010-04-07 02:52:03.040000+00:00,2.78,32.1646667,-115.2528333,9.987,ci10198750
2010-04-07 03:29:05.210000+00:00,2.52,32.1595,-115.2495,9.993,ci14623348
2010-04-07 03:31:55.080000+00:00,3.6,32.16,-115.2978333,9.993,ci14623372
2010-04-07 03:36:15.910000+00:00,3.54,32.1045,-115.2376667,9.977,ci14623388
2010-04-07 03:37:47.030000+00:00,3.57,32.6331667,-115.7473333,4.723,ci14623396
2010-04-07 03:46:09.110000+00:00,2.5,32.3375,-115.5738333,6.573,ci14623428
2010-04-07 03:47:21.320000+00:00,2.88,32.663,-115.8013333,7.933,ci14623436
2010-04-07 03:54:30.690000+00:00,2.73,32.23,-115.3701667,9.993,ci14623460
2010-04-07 03:58:22.390000+00:00,2.77,32.1811667,-115.3095,9.993,ci14623484
2010-04-07 04:16:12.470000+00:00,3.34,32.178,-115.2981667,9.993,ci14623556
2010-04-07 04:18:34.310000+00:00,3.02,32.7226667,-115.8816667,3.382,ci14623572
2010-04-07 04:19:04.770000+00:00,2.73,32.315,-115.3576667,6.953,ci10199282
2010-04-07 04:19:21.120000+00:00,2.87,32.1541667,-115.222,9.977,ci10199278
2010-04-07 05:03:06.380000+00:00,3.4,32.2195,-115.3555,9.993,ci14623708
2010-04-07 05:16:12.020000+00:00,2.52,32.6558333,-115.8186667,9.573,ci14623756
2010-04-07 05:17:17.410000+00:00,2.78,32.1685,-115.2048333,9.977,ci14623780
2010-04-07 05:20:19.070000+00:00,2.53,32.3423333,-115.4076667,14.997,ci14623772
2010-04-07 05:21:13.070000+00:00,2.56,32.6728333,-115.827,4.093,ci14623796
2010-04-07 05:21:25.940000+00:00,4.27,32.7335,-115.9045,1.947,ci14623804
2010-04-07 05:21:41.570000+00:00,4.28,32.7116667,-115.8923333,7.263,ci30461759
2010-04-07 05:23:39.970000+00:00,2.73,32.7213333,-115.8955,6.042,ci30469759
2010-04-07 05:25:32+00:00,3.83,32.7185,-115.9118333,1.952,ci14623812
2010-04-07 05:27:08.510000+00:00,2.64,32.5731667,-115.7508333,4.573,ci10199650
2010-04-07 05:27:41.380000+00:00,3.58,32.7315,-115.913,1.692,ci14623820
2010-04-07 05:29:56.150000+00:00,2.54,32.72,-115.9075,2.792,ci30701759
2010-04-07 05:39:07.650000+00:00,3.08,32.7343333,-115.908,2.272,ci14623868
2010-04-07 05:41:54.280000+00:00,2.66,32.0933333,-115.168,4.952,ci14623916
2010-04-07 05:48:23.660000+00:00,3.44,32.7103333,-115.8888333,6.082,ci14623932
2010-04-07 05:56:29.830000+00:00,2.62,32.6548333,-115.849,10.183,ci14623980
2010-04-07 06:01:45.140000+00:00,2.68,32.6246667,-115.7366667,8.283,ci14623996
2010-04-07 06:04:32.440000+00:00,3.67,32.3816667,-115.5608333,14.873,ci14624012
2010-04-07 06:07:43.240000+00:00,2.54,32.674,-115.8003333,2.608,ci14624036
2010-04-07 06:10:22.930000+00:00,3.08,32.7143333,-115.8618333,2.943,ci14624028
2010-04-07 06:13:38.530000+00:00,2.78,32.1981667,-115.2525,9.993,ci10200090
2010-04-07 06:24:56.090000+00:00,2.88,32.7165,-115.8953333,2.872,ci14624140
2010-04-07 06:30:35.170000+00:00,3.16,32.4248333,-115.5498333,12.356,ci14624156
2010-04-07 07:15:48.480000+00:00,3.1,32.0685,-114.9123333,14.985,ci14624316
2010-04-07 07:27:53.020000+00:00,2.94,32.1261667,-115.132,9.526,ci14624364
2010-04-07 07:33:57.190000+00:00,3.34,32.7356667,-115.904,1.002,ci14624396
2010-04-07 07:42:22.110000+00:00,3.38,32.6388333,-115.7428333,3.933,ci14624428
2010-04-07 07:44:17.110000+00:00,3.28,32.1713333,-115.2741667,9.537,ci14624452
2010-04-07 07:49:57.370000+00:00,2.67,32.1901667,-115.2618333,9.993,ci10200914
2010-04-07 07:54:22.940000+00:00,3.34,32.625,-115.7856667,3.153,ci14624484
2010-04-07 07:59:50.350000+00:00,2.94,32.2861667,-115.3315,9.993,ci14624492
2010-04-07 08:01:39.370000+00:00,2.98,32.6763333,-115.7945,5.753,ci14624500
2010-04-07 08:15:06.190000+00:00,2.79,32.0963333,-115.1158333,-0.444,ci10200974
2010-04-07 08:21:00.870000+00:00,2.68,32.651,-115.7676667,3.063,ci14624556
2010-04-07 08:41:06.700000+00:00,3.66,32.206,-115.2873333,9.537,ci14624668
2010-04-07 08:42:48.910000+00:00,2.97,32.2,-115.3,9.993,ci14624676
2010-04-07 09:14:30.570000+00:00,2.83,32.0658333,-115.0991667,9.977,ci14624804
2010-04-07 09:21:47.640000+00:00,2.5,32.2706667,-115.4446667,9.957,ci10201370
2010-04-07 09:25:51.760000+00:00,3.62,32.7326667,-115.902,2.532,ci14624868
2010-04-07 09:27:35.890000+00:00,3.75,32.737,-115.885,3.402,ci14624948
2010-04-07 09:52:04.800000+00:00,3.02,32.2845,-115.3135,9.993,ci14625052
2010-04-07 09:52:38.430000+00:00,2.68,32.2733333,-115.3331667,9.957,ci37228773
2010-04-07 10:04:09.550000+00:00,3.02,32.6175,-115.7886667,4.003,ci14625100
2010-04-07 10:12:23.380000+00:00,2.87,32.7285,-115.9228333,-0.013,ci14625164
2010-04-07 10:35:31.840000+00:00,3.08,32.2456667,-115.3353333,9.993,ci14625236
2010-04-07 10:43:33.620000+00:00,2.57,32.6541667,-115.788,8.223,ci14625284
2010-04-07 10:44:19.600000+00:00,2.9,32.0476667,-115.0631667,6.984,ci37228781
2010-04-07 10:47:05.270000+00:00,2.65,32.717,-115.9156667,1.482,ci14625300
2010-04-07 10:51:52.880000+00:00,2.59,32.2468333,-115.282,10.577,ci10201994
2010-04-07 10:58:57.940000+00:00,2.63,32.6476667,-115.742,6.063,ci14625372
2010-04-07 11:00:40.400000+00:00,3.38,32.625,-115.799,3.173,ci14625404
2010-04-07 11:01:40.830000+00:00,2.72,32.6285,-115.7868333,2.643,ci30477759
2010-04-07 11:04:13.670000+00:00,3.87,32.2953333,-115.4193333,9.997,ci14625420
2010-04-07 11:05:58.050000+00:00,2.61,32.2596667,-115.464,9.964,ci10202070
2010-04-07 11:30:47.700000+00:00,2.89,32.2111667,-115.253,10.001,ci14625500
2010-04-07 11:49:07.920000+00:00,3.17,32.7215,-115.9125,1.572,ci14625628
2010-04-07 11:50:14.900000+00:00,3.14,32.271,-115.3308333,9.993,ci10202454
2010-04-07 11:51:55.870000+00:00,2.5,32.4148333,-115.5416667,7.323,ci14625636
2010-04-07 11:54:34.180000+00:00,2.5,32.0968333,-115.1183333,9.945,ci14625652
2010-04-07 11:56:48.520000+00:00,2.5,32.1396667,-115.267,9.993,ci14625644
2010-04-07 11:57:54.970000+00:00,2.87,32.2745,-115.3346667,9.993,ci14625660
2010-04-07 12:06:51.630000+00:00,2.65,32.311,-115.2831667,9.95,ci10202510
2010-04-07 12:08:18.630000+00:00,3.16,32.2731667,-115.3635,9.993,ci14625700
2010-04-07 12:09:32.630000+00:00,2.71,32.659,-115.8003333,4.143,ci14625716
2010-04-07 12:15:47.080000+00:00,3.36,32.2631667,-115.3331667,9.993,ci14625732
2010-04-07 12:18:38.150000+00:00,3.05,32.275,-115.3463333,9.993,ci14625748
2010-04-07 12:34:38.380000+00:00,3.24,32.6066667,-115.7778333,4.623,ci14625828
2010-04-07 12:36:06.080000+00:00,2.51,32.2078333,-115.2881667,9.993,ci10202650
2010-04-07 12:43:03.040000+00:00,3.74,32.2526667,-115.3386667,9.993,ci14625852
2010-04-07 12:47:31.590000+00:00,3.29,32.6631667,-115.7961667,7.573,ci14625868
2010-04-07 12:49:56.140000+00:00,3.22,32.6645,-115.8043333,3.143,ci14625884
2010-04-07 13:01:36.920000+00:00,2.59,32.5996667,-115.7481667,2.173,ci14625908
2010-04-07 13:04:11.840000+00:00,2.66,32.3035,-115.3325,7.743,ci14625916
2010-04-07 13:07:28.600000+00:00,2.75,32.21,-115.3255,10.113,ci14625940
2010-04-07 13:11:55.840000+00:00,2.84,32.1596667,-115.2041667,9.976,ci14625972
2010-04-07 13:18:09.030000+00:00,2.95,32.2563333,-115.2688333,17.457,ci14625980
2010-04-07 13:23:02.170000+00:00,2.53,32.7171667,-115.8953333,2.852,ci14625996
2010-04-07 13:30:04.210000+00:00,2.65,32.2065,-115.2266667,9.993,ci10202950
2010-04-07 13:30:38.060000+00:00,2.84,32.2461667,-115.3226667,9.993,ci14626052
2010-04-07 13:31:57.800000+00:00,2.87,32.4916667,-115.5968333,8.763,ci14626044
2010-04-07 13:44:25.790000+00:00,3.22,32.2338333,-115.2868333,9.993,ci14626092
2010-04-07 13:51:29.120000+00:00,2.9,32.6821667,-115.8085,5.083,ci14626108
2010-04-07 14:33:09.500000+00:00,2.74,32.717,-115.8178333,3.853,ci14626260
2010-04-07 14:33:34.350000+00:00,2.73,32.6193333,-115.7863333,2.723,ci14626276
2010-04-07 14:34:32.580000+00:00,2.57,32.133,-115.1736667,9.936,ci37228965
2010-04-07 14:35:21.340000+00:00,2.54,32.3566667,-115.4568333,14.997,ci14626284
2010-04-07 14:38:05.140000+00:00,3.04,32.0391667,-115.0003333,9.97,ci14626292
2010-04-07 14:43:15.960000+00:00,2.75,32.2151667,-115.2556667,9.993,ci14626308
2010-04-07 14:48:30.620000+00:00,2.52,32.2431667,-115.3408333,9.993,ci14626316
2010-04-07 14:49:14.400000+00:00,2.68,32.2651667,-115.3665,9.993,ci10203218
2010-04-07 14:50:03.380000+00:00,2.84,32.2858333,-115.3216667,5.363,ci37228989
2010-04-07 15:04:43.170000+00:00,3.51,32.6926667,-115.857,6.603,ci14626372
2010-04-07 15:14:05.440000+00:00,2.57,32.3865,-115.4085,10.127,ci14626404
2010-04-07 15:15:37.970000+00:00,2.67,32.1065,-114.9768333,14.97,ci37229045
2010-04-07 15:19:16.030000+00:00,2.5,32.4316667,-115.5211667,11.137,ci14626428
2010-04-07 15:27:18.530000+00:00,2.89,32.1568333,-115.2541667,9.993,ci10203294
2010-04-07 15:28:36.880000+00:00,2.52,32.2355,-115.3376667,9.962,ci37229061
2010-04-07 15:29:18.630000+00:00,2.77,34.2986667,-119.8441667,5.09,ci14626452
2010-04-07 15:30:25.690000+00:00,2.58,32.3278333,-115.3411667,9.547,ci37229069
2010-04-07 15:31:07.460000+00:00,3.07,32.2495,-115.2646667,9.993,ci14626460
2010-04-07 15:32:37.260000+00:00,2.68,32.3325,-115.4416667,5.127,ci14626468
2010-04-07 15:36:42.770000+00:00,3.13,32.153,-115.0668333,9.985,ci14626484
2010-04-07 15:37:43.210000+00:00,2.71,32.0226667,-115.118,14.96,ci37229077
2010-04-07 15:47:04.940000+00:00,2.57,32.2396667,-115.3091667,9.995,ci37229093
2010-04-07 15:52:50.980000+00:00,3.46,32.3215,-115.2978333,9.993,ci14626548
2010-04-07 16:02:42.380000+00:00,2.65,32.2306667,-115.31,10.01,ci14626588
2010-04-07 16:22:35.700000+00:00,3.5,32.2715,-115.369,8.553,ci14626660
2010-04-07 16:38:37.620000+00:00,3.66,32.5908333,-115.7291667,3.623,ci14626708
2010-04-07 16:46:33.910000+00:00,2.72,32.5653333,-115.6731667,9.833,ci14626724
2010-04-07 16:51:09+00:00,3.36,32.1993333,-115.1846667,9.977,ci14626748
2010-04-07 16:54:53.480000+00:00,2.53,32.6071667,-115.7656667,3.013,ci14626756
2010-04-07 17:01:48.780000+00:00,3.67,32.226,-115.2743333,9.993,ci14626796
2010-04-07 17:02:44.590000+00:00,3.07,32.496,-115.5978333,10.493,ci10203498
2010-04-07 17:15:08.020000+00:00,2.8,32.2385,-115.3698333,9.993,ci10203590
2010-04-07 17:15:13.830000+00:00,2.57,33.0906667,-115.94,1.02,ci14626860
2010-04-07 17:26:24.050000+00:00,2.99,32.2925,-115.3323333,14.593,ci14626908
2010-04-07 17:29:52.400000+00:00,2.65,32.0396667,-115.0323333,9.96,ci10203870
2010-04-07 17:39:57.520000+00:00,2.54,32.1063333,-115.1166667,14.936,ci37229205
2010-04-07 17:41:02.070000+00:00,3.01,32.7175,-115.889,5.155,ci14626956
2010-04-07 17:45:51.570000+00:00,2.76,32.1028333,-115.095,14.985,ci14626988
2010-04-07 17:47:57.070000+00:00,2.86,32.5235,-115.649,1.254,ci14626996
2010-04-07 17:49:45.260000+00:00,3.02,32.2446667,-115.2628333,9.993,ci14627012
2010-04-07 18:14:38.280000+00:00,2.61,32.2276667,-115.3183333,9.993,ci14627092
2010-04-07 18:33:08.610000+00:00,2.82,32.647,-115.728,3.313,ci14627156
2010-04-07 18:45:40.430000+00:00,3.35,32.6138333,-115.764,6.973,ci14627220
2010-04-07 18:51:46.970000+00:00,2.51,32.3215,-115.2945,9.993,ci14627252
2010-04-07 18:55:04.570000+00:00,2.71,32.3758333,-115.376,9.987,ci14627284
2010-04-07 18:57:04.500000+00:00,2.52,32.3981667,-115.4373333,14.997,ci14627268
2010-04-07 19:31:33.860000+00:00,2.94,32.3328333,-115.2886667,4.993,ci14627380
2010-04-07 19:40:22.160000+00:00,2.96,32.2893333,-115.241,9.983,ci14627404
2010-04-07 19:44:11.170000+00:00,3.09,32.6916667,-115.79,8.155,ci14627412
2010-04-07 19:45:19.680000+00:00,3.4,32.0965,-115.1541667,9.526,ci10204178
2010-04-07 19:47:32.390000+00:00,3.19,32.1811667,-115.2666667,9.983,ci14627420
2010-04-07 19:48:01.080000+00:00,2.63,32.1823333,-115.2861667,24.854,ci37229365
2010-04-07 19:56:41.160000+00:00,2.78,32.3088333,-115.3418333,14.995,ci14627452
2010-04-07 20:11:10.720000+00:00,3.87,32.6751667,-115.7676667,3.905,ci14627500
2010-04-07 20:12:53.520000+00:00,2.5,32.3111667,-115.4071667,9.961,ci10204210
2010-04-07 20:14:57.500000+00:00,2.98,32.3951667,-115.5086667,13.724,ci14627516
2010-04-07 20:33:30.220000+00:00,2.59,32.2353333,-115.2305,24.253,ci14627588
2010-04-07 20:37:37.330000+00:00,3.6,32.2288333,-115.3088333,9.993,ci14627612
2010-04-07 20:38:53.460000+00:00,2.76,32.2,-115.3,9.954,ci30781759
2010-04-07 20:42:21.860000+00:00,2.94,32.184,-115.1095,9.985,ci14627644
2010-04-07 20:46:47.530000+00:00,2.55,32.1823333,-115.1848333,6.976,ci14627660
2010-04-07 20:48:47.420000+00:00,3.12,32.6326667,-115.7425,3.643,ci14627652
2010-04-07 20:57:43.750000+00:00,2.54,32.575,-115.701,8.143,ci14627700
2010-04-07 21:00:45.380000+00:00,4.3,32.3156667,-115.2588333,14.994,ci10204370
2010-04-07 21:01:33.800000+00:00,3.72,32.2215,-115.3095,9.995,ci10204374
2010-04-07 21:17:54.990000+00:00,3.02,32.1508333,-115.2491667,9.985,ci14627732
2010-04-07 21:21:52.460000+00:00,3.37,32.6368333,-115.7481667,2.304,ci14627772
2010-04-07 21:26:39.230000+00:00,2.57,32.3465,-115.3356667,9.993,ci14627780
2010-04-07 21:41:16.400000+00:00,2.5,32.2278333,-115.3595,9.962,ci14627820
2010-04-07 21:48:36.260000+00:00,2.81,32.6165,-115.7671667,4.015,ci14627844
2010-04-07 21:48:47.220000+00:00,2.66,32.693,-115.8315,4.085,ci10204478
2010-04-07 21:51:06.260000+00:00,3.45,32.1476667,-115.1676667,14.977,ci30717759
2010-04-07 22:05:18.180000+00:00,3.29,32.142,-115.2655,14.985,ci10204550
2010-04-07 22:06:01.890000+00:00,2.52,32.6678333,-115.9176667,4.423,ci10204554
2010-04-07 22:11:41.020000+00:00,2.64,32.2131667,-115.3603333,9.547,ci10584277
2010-04-07 22:18:12.440000+00:00,3.2,32.5718333,-115.6631667,11.473,ci10584285
2010-04-07 22:24:50.950000+00:00,2.51,32.496,-115.5941667,11.063,ci10584325
2010-04-07 22:29:08.130000+00:00,2.55,32.6733333,-115.7523333,5.525,ci10584333
2010-04-07 22:30:07.960000+00:00,3.06,32.2711667,-115.3436667,9.994,ci10584357
2010-04-07 22:33:07.040000+00:00,2.63,32.2951667,-115.3746667,9.996,ci10584365
2010-04-07 22:40:29.940000+00:00,3.99,35.9415,-120.4941667,9.931,nc71379106
2010-04-07 22:47:15.730000+00:00,3.05,32.4341667,-115.5338333,9.723,ci10584429
2010-04-07 23:06:31.030000+00:00,2.5,32.2808333,-115.336,10.019,ci10204790
2010-04-07 23:15:02.170000+00:00,3.16,32.21,-115.3555,9.995,ci10584533
2010-04-07 23:15:35.440000+00:00,2.88,32.177,-115.2106667,9.978,ci10204758
2010-04-07 23:21:37.480000+00:00,3.31,32.1713333,-115.2513333,9.985,ci10584549
2010-04-07 23:22:21.940000+00:00,2.63,32.2188333,-115.2826667,9.975,ci10204810
2010-04-07 23:23:22.720000+00:00,2.67,32.605,-115.7798333,0.092,ci10584573
2010-04-07 23:23:47.760000+00:00,2.55,32.6731667,-115.9223333,3.233,ci10204822
2010-04-07 23:47:59.570000+00:00,3.0,33.0956667,-115.933,2.9,ci10584645
2010-04-07 23:56:56.320000+00:00,2.54,32.2,-115.3,9.982,ci30789759
2010-04-08 00:01:29.990000+00:00,2.63,32.2656667,-115.3346667,6.797,ci37228557
2010-04-08 00:08:10.210000+00:00,2.57,32.6245,-115.7543333,7.497,ci10584717
2010-04-08 00:18:21.490000+00:00,3.03,32.1051667,-115.0226667,14.949,ci10584781
2010-04-08 00:25:37.920000+00:00,4.01,32.2156667,-115.2586667,9.985,ci10584821
2010-04-08 00:36:03.160000+00:00,3.35,32.614,-115.7801667,5.413,ci10584853
2010-04-08 00:40:29.800000+00:00,2.76,32.2415,-115.262,9.985,ci10584869
2010-04-08 00:57:01.600000+00:00,2.84,32.041,-115.0571667,9.968,ci10205250
2010-04-08 01:11:05.280000+00:00,3.4,32.2368333,-115.2648333,9.985,ci10584981
2010-04-08 01:11:27.980000+00:00,2.64,32.6156667,-115.7551667,6.88,ci10205270
2010-04-08 01:15:39.310000+00:00,2.84,32.6968333,-115.8438333,4.498,ci10585005
2010-04-08 01:31:52.270000+00:00,2.53,32.6145,-116.127,6.194,ci10205314
2010-04-08 01:44:33.340000+00:00,3.13,32.627,-116.1238333,6.883,ci10585093
2010-04-08 01:45:37.320000+00:00,2.8,32.2063333,-115.3211667,9.985,ci10205370
2010-04-08 01:47:37.330000+00:00,2.81,32.6203333,-116.1275,6.103,ci10585109
2010-04-08 01:49:53.680000+00:00,2.98,32.3443333,-115.4126667,18.775,ci10585117
2010-04-08 01:54:07.930000+00:00,2.93,32.2246667,-115.268,9.985,ci10205422
2010-04-08 02:05:08.150000+00:00,2.69,32.294,-115.3058333,11.555,ci10585173
2010-04-08 02:08:23.820000+00:00,2.97,32.6953333,-115.7896667,7.597,ci10585205
2010-04-08 02:18:01.010000+00:00,2.94,32.7215,-115.8885,3.618,ci10585237
2010-04-08 02:36:54.600000+00:00,2.61,32.1635,-115.2353333,9.953,ci10585309
2010-04-08 02:38:20.780000+00:00,3.09,32.6176667,-115.7781667,5.465,ci10585341
2010-04-08 02:41:01.160000+00:00,2.91,32.2765,-115.3843333,9.993,ci10585349
2010-04-08 02:41:39.690000+00:00,3.1,32.2893333,-115.3843333,10.195,ci10585357
2010-04-08 02:47:57.030000+00:00,4.23,32.6855,-115.7635,3.99,ci10585381
2010-04-08 02:52:56.360000+00:00,2.55,32.657,-115.7845,9.145,ci10585389
2010-04-08 02:53:06.590000+00:00,3.08,32.7278333,-116.0111667,1.963,ci10585397
2010-04-08 03:11:57.130000+00:00,3.29,32.0788333,-115.0323333,14.538,ci10585493
2010-04-08 03:22:32.670000+00:00,3.61,32.7143333,-115.8738333,2.678,ci10585533
2010-04-08 03:25:35.940000+00:00,2.51,32.5941667,-115.722,10.633,ci10585549
2010-04-08 03:26:04.300000+00:00,2.85,32.1763333,-115.2496667,7.785,ci10585557
2010-04-08 03:27:52.900000+00:00,3.89,32.4223333,-115.5361667,11.533,ci10585565
2010-04-08 03:29:33.790000+00:00,2.57,32.7061667,-115.8036667,7.612,ci37018771
2010-04-08 03:31:28.460000+00:00,2.97,32.2795,-115.3321667,5.515,ci10585581
2010-04-08 03:34:38.680000+00:00,2.91,32.6758333,-115.9168333,3.29,ci10585589
2010-04-08 03:36:28.590000+00:00,2.63,32.4245,-115.5576667,0.093,ci10585597
2010-04-08 03:37:46.260000+00:00,3.09,32.3925,-115.5591667,8.233,ci10585621
2010-04-08 03:38:17.860000+00:00,2.74,32.686,-115.7603333,6.407,ci37020843
2010-04-08 03:43:55.120000+00:00,2.72,32.703,-115.9746667,8.793,ci10585645
2010-04-08 03:56:41.330000+00:00,2.84,32.4128333,-115.5528333,7.883,ci10585701
2010-04-08 04:02:09.550000+00:00,3.95,32.1258333,-115.0835,9.985,ci10585717
2010-04-08 04:04:08.390000+00:00,2.58,32.4346667,-115.5316667,2.393,ci37022139
2010-04-08 04:13:43.880000+00:00,3.06,32.4223333,-115.5358333,13.683,ci10585749
2010-04-08 04:24:21.550000+00:00,2.83,32.2403333,-115.0763333,9.985,ci10585797
2010-04-08 04:25:16.060000+00:00,3.59,32.0396667,-115.0648333,9.977,ci37022619
2010-04-08 04:31:14.200000+00:00,3.21,32.0273333,-115.05,9.97,ci10585829
2010-04-08 04:34:41.080000+00:00,2.77,32.6193333,-115.7556667,6.615,ci10585837
2010-04-08 04:46:14.820000+00:00,3.57,32.2448333,-115.0935,9.985,ci10585901
2010-04-08 04:52:46.820000+00:00,2.54,32.2953333,-115.2855,9.947,ci10585925
2010-04-08 05:03:29.180000+00:00,2.79,32.277,-115.3541667,13.855,ci10585965
2010-04-08 05:06:11.580000+00:00,3.25,32.033,-115.0638333,9.97,ci10585989
2010-04-08 05:30:19.520000+00:00,3.58,32.2231667,-115.331,9.995,ci10586053
2010-04-08 05:36:49.050000+00:00,2.94,32.1893333,-115.268,9.985,ci10586069
2010-04-08 05:45:42.590000+00:00,3.22,32.1973333,-115.2201667,9.985,ci10586109
2010-04-08 05:59:33.450000+00:00,2.71,32.3605,-115.4106667,10.01,ci37027723
2010-04-08 06:03:56.480000+00:00,2.68,32.0805,-115.0218333,9.978,ci30861767
2010-04-08 06:21:14.890000+00:00,2.65,32.6763333,-115.7598333,7.547,ci10586261
2010-04-08 06:34:53.070000+00:00,2.62,32.6621667,-115.7663333,9.262,ci10586325
2010-04-08 06:40:23.050000+00:00,2.83,32.523,-115.5943333,13.763,ci10586373
2010-04-08 06:42:09.020000+00:00,2.74,32.2273333,-115.3201667,9.985,ci37030603
2010-04-08 06:50:37.150000+00:00,2.54,32.51,-115.6088333,12.323,ci10586405
2010-04-08 07:09:01.740000+00:00,2.53,32.6113333,-115.7506667,8.475,ci10586485
2010-04-08 07:12:27.700000+00:00,2.5,32.1323333,-115.2225,9.986,ci10586525
2010-04-08 07:23:49.340000+00:00,2.62,32.593,-115.768,6.373,ci10586541
2010-04-08 07:24:08.860000+00:00,2.85,32.2008333,-115.3226667,9.985,ci37032043
2010-04-08 07:29:22.020000+00:00,2.5,32.2373333,-115.3195,9.985,ci10586573
2010-04-08 07:30:36.710000+00:00,2.65,32.6906667,-115.91,10.018,ci10586581
2010-04-08 07:47:05.430000+00:00,2.63,32.6651667,-115.7643333,10.207,ci10586645
2010-04-08 08:06:32.650000+00:00,3.06,32.6138333,-115.7858333,4.503,ci10586709
2010-04-08 08:15:34.590000+00:00,2.6,32.266,-115.4066667,9.993,ci10586741
2010-04-08 08:18:24.610000+00:00,2.87,32.1893333,-115.2015,9.977,ci30869759
2010-04-08 08:32:47.170000+00:00,2.86,32.6028333,-115.7588333,8.235,ci10586829
2010-04-08 08:33:37.370000+00:00,2.66,32.1671667,-115.2983333,9.985,ci10586837
2010-04-08 08:34:14.630000+00:00,2.57,32.239,-115.3948333,9.984,ci37033339
2010-04-08 08:35:47.290000+00:00,2.88,32.1585,-115.204,9.977,ci10586845
2010-04-08 08:52:36.930000+00:00,2.54,32.6655,-115.7718333,9.405,ci10586941
2010-04-08 09:00:54.760000+00:00,2.79,32.608,-115.7601667,8.695,ci10586965
2010-04-08 09:03:16.790000+00:00,2.71,32.3901667,-115.5393333,9.033,ci10586989
2010-04-08 09:14:35.660000+00:00,2.61,32.7105,-115.8478333,8.778,ci10587029
2010-04-08 09:19:06.650000+00:00,2.71,32.6658333,-115.9196667,4.008,ci10587061
2010-04-08 09:21:28.330000+00:00,2.51,32.1598333,-115.1701667,3.362,ci10587077
2010-04-08 09:23:03.430000+00:00,2.69,32.2195,-115.2165,10.015,ci10587069
2010-04-08 09:33:27.950000+00:00,2.64,32.3175,-115.3091667,9.985,ci37033787
2010-04-08 09:44:50.860000+00:00,2.7,32.2138333,-115.3416667,9.995,ci10587229
2010-04-08 09:45:32.760000+00:00,3.2,32.1636667,-115.2736667,9.985,ci10587245
2010-04-08 09:48:01.750000+00:00,3.15,32.1876667,-115.2525,9.985,ci10587269
2010-04-08 10:04:28.570000+00:00,2.97,32.2753333,-115.32,9.985,ci10587325
2010-04-08 10:04:44.770000+00:00,2.86,32.1733333,-115.3515,9.988,ci37034627
2010-04-08 10:10:44.700000+00:00,2.66,32.217,-115.2966667,8.235,ci10587357
2010-04-08 10:30:44.580000+00:00,2.51,32.9948333,-116.3525,7.754,ci10587413
2010-04-08 10:34:40.320000+00:00,2.59,32.1111667,-115.3066667,10.01,ci10587429
2010-04-08 10:37:59.700000+00:00,2.92,32.6716667,-115.8166667,10.195,ci10587445
2010-04-08 10:40:56.630000+00:00,2.76,32.6551667,-115.7938333,4.205,ci10587461
2010-04-08 10:56:10.530000+00:00,2.62,32.5941667,-115.7673333,4.973,ci10587549
2010-04-08 10:56:48.490000+00:00,2.6,32.6041667,-115.7606667,8.985,ci37034955
2010-04-08 11:02:08.400000+00:00,2.59,32.1426667,-115.2558333,9.985,ci10587565
2010-04-08 11:21:00.130000+00:00,3.37,32.1703333,-115.2785,9.985,ci10587693
2010-04-08 11:33:33.910000+00:00,2.54,32.5078333,-115.6331667,14.419,ci37040956
2010-04-08 11:36:17.450000+00:00,2.69,32.2726667,-115.3458333,9.995,ci10587757
2010-04-08 11:38:14.740000+00:00,2.96,32.1496667,-115.1625,9.977,ci10587781
2010-04-08 11:45:39.280000+00:00,2.64,32.6656667,-115.7735,2.605,ci10587797
2010-04-08 12:03:31.070000+00:00,2.86,32.1738333,-115.2586667,9.985,ci37035299
2010-04-08 12:12:18.590000+00:00,2.71,32.0903333,-115.1891667,9.526,ci37035411
2010-04-08 12:35:07.260000+00:00,2.68,32.2303333,-115.3216667,10.815,ci10587981
2010-04-08 12:38:44.320000+00:00,3.66,32.6915,-115.8351667,10.99,ci10588005
2010-04-08 13:02:19.490000+00:00,2.63,32.1123333,-115.2618333,9.534,ci37036875
2010-04-08 13:09:09.230000+00:00,2.76,32.2383333,-115.3318333,9.995,ci10588181
2010-04-08 13:12:32.660000+00:00,2.52,32.3351667,-115.375,9.961,ci10588197
2010-04-08 13:46:57.820000+00:00,3.14,32.2128333,-115.339,9.995,ci10588293
2010-04-08 13:52:15.260000+00:00,2.76,32.7065,-115.9066667,9.43,ci10588317
2010-04-08 13:52:48.700000+00:00,3.14,32.1685,-115.2981667,9.985,ci37037411
2010-04-08 13:52:53.470000+00:00,2.71,32.7073333,-115.9023333,11.258,ci37037419
2010-04-08 13:55:38.120000+00:00,2.75,32.1358333,-115.0881667,9.945,ci10588349
2010-04-08 14:26:05.480000+00:00,3.1,32.6016667,-115.7656667,6.185,ci10588421
2010-04-08 14:48:24.710000+00:00,2.67,32.818,-116.0925,9.25,ci10588501
2010-04-08 14:50:14.200000+00:00,2.75,32.641,-115.7891667,2.505,ci10588509
2010-04-08 14:57:43.340000+00:00,2.88,32.419,-115.5541667,13.293,ci37039099
2010-04-08 14:58:50.780000+00:00,2.53,32.292,-115.3715,9.995,ci10588557
2010-04-08 15:01:10.130000+00:00,2.5,32.2881667,-115.2891667,9.952,ci10588573
2010-04-08 15:04:42.340000+00:00,2.89,32.2031667,-115.2178333,9.985,ci10588581
2010-04-08 15:06:35.550000+00:00,3.12,32.4098333,-115.5496667,0.543,ci10588589
2010-04-08 15:08:10.180000+00:00,3.11,32.1288333,-115.2613333,9.985,ci10588597
2010-04-08 15:15:34.930000+00:00,2.92,32.4601667,-115.614,0.693,ci10588661
2010-04-08 15:35:01.430000+00:00,2.88,32.2985,-115.3941667,14.993,ci37039443
2010-04-08 15:35:18+00:00,3.1,32.235,-115.3215,9.995,ci37039451
2010-04-08 15:44:58.950000+00:00,4.42,32.61,-115.7611667,7.755,ci10588789
2010-04-08 15:47:46.400000+00:00,2.76,32.6043333,-115.7481667,8.627,ci10588797
2010-04-08 15:51:06.420000+00:00,2.56,32.0795,-115.3561667,9.962,ci10588813
2010-04-08 16:16:50+00:00,3.03,32.088,-115.009,9.945,ci10588909
2010-04-08 16:27:21.630000+00:00,2.75,32.4768333,-115.5896667,13.883,ci37041171
2010-04-08 16:41:30.140000+00:00,2.77,32.41,-115.5586667,12.333,ci10589013
2010-04-08 16:44:25.010000+00:00,5.29,32.1646667,-115.2683333,9.985,ci10589037
2010-04-08 16:48:44.640000+00:00,3.18,32.1595,-115.34,-0.017,ci37042123
2010-04-08 16:50:03.280000+00:00,2.73,32.6361667,-115.7136667,6.223,ci37228469
2010-04-08 16:54:13.340000+00:00,2.6,32.61,-115.7536667,4.215,ci10589045
2010-04-08 16:54:34.140000+00:00,3.3,32.6848333,-115.8365,9.43,ci10589053
2010-04-08 16:58:43.590000+00:00,2.59,32.211,-115.2443333,9.952,ci10589085
2010-04-08 17:17:57.880000+00:00,2.59,32.6533333,-115.7756667,3.515,ci10589149
2010-04-08 17:20:28.310000+00:00,2.61,32.4736667,-115.5968333,14.463,ci10589157
2010-04-08 17:29:28.580000+00:00,3.32,32.4543333,-115.602,13.433,ci10589189
2010-04-08 17:33:23.470000+00:00,2.55,32.2418333,-115.2783333,9.99,ci37043243
2010-04-08 17:34:58.950000+00:00,2.91,32.225,-115.2636667,9.985,ci10589205
2010-04-08 17:40:57.200000+00:00,2.53,32.2603333,-115.4058333,9.993,ci10589213
2010-04-08 17:48:39.510000+00:00,3.3,32.5803333,-115.7358333,2.343,ci10589261
2010-04-08 17:49:04.130000+00:00,3.13,32.5883333,-115.7345,3.698,ci37043347
2010-04-08 17:50:04.430000+00:00,3.02,32.5838333,-115.7376667,3.628,ci10589269
2010-04-08 17:53:02.390000+00:00,2.66,32.5781667,-115.7216667,2.563,ci10589285
2010-04-08 18:16:08.310000+00:00,2.6,32.5763333,-115.7275,2.483,ci10589389
2010-04-08 18:22:50.350000+00:00,2.76,32.1441667,-115.2646667,9.985,ci10589421
2010-04-08 18:50:41.960000+00:00,2.59,32.2551667,-115.3345,9.982,ci37045331
2010-04-08 18:59:59.030000+00:00,2.66,32.6745,-115.7678333,4.537,ci10589549
2010-04-08 19:14:35.210000+00:00,2.89,32.2833333,-115.4095,9.993,ci10589613
2010-04-08 19:27:36.350000+00:00,3.26,32.6693333,-115.8201667,11.215,ci10589677
2010-04-08 19:28:04.280000+00:00,2.87,32.5996667,-115.7446667,8.138,ci37046347
2010-04-08 19:33:36.760000+00:00,2.69,32.0533333,-114.9913333,9.984,ci10589717
2010-04-08 19:38:37.300000+00:00,2.93,32.2538333,-115.3313333,9.995,ci10589733
2010-04-08 20:23:30.500000+00:00,2.91,32.0448333,-115.016,9.968,ci10589909
2010-04-08 20:44:39.500000+00:00,2.64,32.1018333,-115.2995,8.982,ci37049011
2010-04-08 21:01:11.310000+00:00,3.4,32.6886667,-115.9101667,10.168,ci10590013
2010-04-08 21:14:29.250000+00:00,2.94,32.7011667,-115.8903333,7.588,ci10590061
2010-04-08 21:24:59.270000+00:00,2.85,32.189,-115.1161667,9.431,ci10590101
2010-04-08 21:26:12.250000+00:00,3.17,32.2201667,-115.2551667,14.427,ci10590109
2010-04-08 21:32:52.160000+00:00,3.33,32.3341667,-115.4053333,19.118,ci10590125
2010-04-08 21:41:18.370000+00:00,3.49,32.1036667,-115.0918333,9.427,ci10590157
2010-04-08 21:44:15.960000+00:00,2.56,32.0728333,-115.2111667,9.429,ci37050251
2010-04-08 22:23:09.410000+00:00,3.28,32.6981667,-115.9081667,9.708,ci10590325
2010-04-08 22:37:26.270000+00:00,2.57,32.3161667,-115.3885,9.439,ci10590381
2010-04-08 22:44:37.130000+00:00,2.87,32.2641667,-115.3803333,9.438,ci10590405
2010-04-08 22:47:00.570000+00:00,3.85,32.208,-115.2241667,14.43,ci10590413
2010-04-08 23:01:36.180000+00:00,2.5,32.3076667,-115.3255,18.442,ci10590461
2010-04-08 23:06:22.520000+00:00,2.71,32.5676667,-115.6803333,11.333,ci10590493
2010-04-08 23:19:14.110000+00:00,2.64,32.6351667,-115.7366667,10.027,ci10590525
2010-04-08 23:34:03.470000+00:00,2.62,32.7083333,-115.9791667,8.963,ci37053323
2010-04-08 23:46:21.910000+00:00,2.82,32.1301667,-115.1988333,14.489,ci10590613
2010-04-08 23:55:11.240000+00:00,3.24,32.6241667,-115.7673333,4.845,ci10590661
2010-04-08 23:56:09.070000+00:00,3.39,32.6145,-115.7651667,4.205,ci10590669
2010-04-09 00:00:59.240000+00:00,3.02,32.3481667,-115.4796667,9.431,ci37053803
2010-04-09 00:01:01.370000+00:00,2.92,32.6166667,-115.7638333,4.435,ci30933767
2010-04-09 00:14:42.720000+00:00,2.81,32.3425,-115.4001667,9.433,ci30997759
2010-04-09 00:19:01.070000+00:00,4.05,32.2828333,-115.3976667,9.438,ci10590725
2010-04-09 00:21:07.720000+00:00,2.51,32.6088333,-115.6908333,11.958,ci31029759
2010-04-09 00:22:10.360000+00:00,2.94,32.6613333,-115.7948333,8.095,ci10590741
2010-04-09 00:26:34.870000+00:00,3.08,32.6891667,-115.9093333,10.618,ci10590757
2010-04-09 00:33:31.280000+00:00,2.61,32.1221667,-115.1695,4.423,ci10590813
2010-04-09 00:43:27.750000+00:00,2.62,32.658,-115.7761667,8.955,ci10590837
2010-04-09 00:53:33.880000+00:00,3.14,32.4775,-115.6231667,8.663,ci10590893
2010-04-09 00:54:59.330000+00:00,2.77,32.254,-115.3893333,12.718,ci31381759
2010-04-09 01:18:34.800000+00:00,2.74,32.237,-115.277,13.571,ci10590965
2010-04-09 02:12:48.470000+00:00,2.95,32.012,-115.102,9.423,ci10591117
2010-04-09 02:16:19.440000+00:00,3.05,32.6865,-115.8583333,7.088,ci10591125
2010-04-09 02:17:00.960000+00:00,2.86,32.1831667,-115.2833333,9.985,ci31517759
2010-04-09 02:27:47.080000+00:00,3.42,32.1031667,-115.1856667,9.419,ci10591141
2010-04-09 02:37:26.060000+00:00,2.5,32.2238333,-115.2548333,13.007,ci10591205
2010-04-09 02:46:37.340000+00:00,2.91,32.6078333,-115.7595,8.665,ci10591261
2010-04-09 02:55:48.270000+00:00,3.96,32.054,-115.1633333,14.427,ci10591309
2010-04-09 03:00:08.770000+00:00,2.56,32.2818333,-115.3613333,9.441,ci10591317
2010-04-09 03:22:25.920000+00:00,2.56,32.3923333,-115.495,14.903,ci10591349
2010-04-09 03:47:26.890000+00:00,2.8,32.0996667,-115.1861667,18.689,ci10591373
2010-04-09 04:16:31.980000+00:00,2.9,32.1025,-115.1861667,8.987,ci10591421
2010-04-09 04:22:41.570000+00:00,2.59,32.1261667,-115.2426667,15.03,ci10591445
2010-04-09 04:26:15.860000+00:00,2.5,32.2436667,-115.2235,12.639,ci10591485
2010-04-09 04:33:10.150000+00:00,3.11,32.1733333,-115.323,14.451,ci10591517
2010-04-09 04:34:44.960000+00:00,3.36,32.7888333,-116.0315,11.826,ci10591525
2010-04-09 04:34:46.260000+00:00,3.66,32.3315,-115.357,9.44,ci37066451
2010-04-09 04:47:32.260000+00:00,2.62,32.001,-115.0723333,10.503,ci10591597
2010-04-09 05:32:14.470000+00:00,4.4,32.176,-115.3063333,14.427,ci10591725
2010-04-09 05:38:00.710000+00:00,2.51,32.2455,-115.3981667,9.429,ci37067731
2010-04-09 05:38:28.360000+00:00,3.14,32.2116667,-115.3668333,9.429,ci10591741
2010-04-09 05:44:03.430000+00:00,2.72,32.6825,-115.804,9.565,ci10591757
2010-04-09 05:48:04.950000+00:00,2.71,32.1196667,-115.0723333,9.97,ci10591773
2010-04-09 05:55:23.590000+00:00,2.79,32.2958333,-115.4498333,14.429,ci10591797
2010-04-09 06:10:04.780000+00:00,2.71,32.259,-115.3126667,6.407,ci10591829
2010-04-09 06:12:25.740000+00:00,2.56,32.7168333,-115.8231667,3.672,ci10591845
2010-04-09 06:30:45.940000+00:00,2.55,32.6198333,-115.7771667,4.605,ci10591981
2010-04-09 06:41:53.330000+00:00,2.55,32.6911667,-115.7971667,9.425,ci10592021
2010-04-09 06:51:41.330000+00:00,3.58,32.001,-115.0946667,7.579,ci10592053
2010-04-09 06:52:31.380000+00:00,2.66,32.6451667,-115.7028333,8.665,ci37070955
2010-04-09 06:53:13.330000+00:00,2.5,32.1418333,-115.2626667,5.897,ci37070979
2010-04-09 06:53:39.780000+00:00,2.5,32.0628333,-115.062,16.641,ci37070987
2010-04-09 06:58:24.940000+00:00,2.99,32.0136667,-115.069,9.97,ci10592085
2010-04-09 07:11:56.700000+00:00,2.87,32.0285,-115.0418333,13.093,ci10592133
2010-04-09 07:20:22.310000+00:00,3.25,32.0445,-115.0493333,13.607,ci10592157
2010-04-09 07:24:33.530000+00:00,2.97,32.0586667,-115.066,16.657,ci10592173
2010-04-09 07:25:46.190000+00:00,2.5,32.0688333,-115.0418333,14.351,ci37071435
2010-04-09 07:47:30.880000+00:00,3.77,32.3295,-115.422,14.438,ci10592213
2010-04-09 07:54:17.840000+00:00,2.52,32.5893333,-115.6815,10.965,ci10592237
2010-04-09 08:18:28.380000+00:00,2.66,32.5856667,-115.7128333,3.503,ci10592341
2010-04-09 08:34:27.710000+00:00,2.5,32.1425,-115.2546667,16.247,ci10592381
2010-04-09 08:50:34.400000+00:00,2.99,32.3265,-115.4685,18.509,ci10592445
2010-04-09 09:06:06.510000+00:00,2.73,32.7208333,-115.9005,2.488,ci10592501
2010-04-09 09:42:16.630000+00:00,2.78,32.4221667,-115.4575,14.438,ci10592621
2010-04-09 09:51:21.070000+00:00,2.76,32.127,-115.1563333,8.987,ci10592661
2010-04-09 10:06:02.030000+00:00,2.79,32.2821667,-115.3465,14.432,ci10592717
2010-04-09 10:09:04.150000+00:00,3.33,32.3748333,-115.3905,14.432,ci10592725
2010-04-09 10:11:39.330000+00:00,2.6,32.2193333,-115.3125,14.432,ci10592733
2010-04-09 10:34:51.500000+00:00,2.78,32.4966667,-115.6258333,13.653,ci10592829
2010-04-09 10:55:15.750000+00:00,2.67,32.0926667,-115.1658333,17.77,ci10592901
2010-04-09 11:02:30.960000+00:00,2.89,32.581,-115.7515,3.103,ci10592925
2010-04-09 11:12:08.010000+00:00,2.62,32.6063333,-115.7628333,6.735,ci10592949
2010-04-09 11:39:09.250000+00:00,3.23,32.101,-115.1831667,9.419,ci37073883
2010-04-09 11:53:53.210000+00:00,3.14,32.0073333,-115.0673333,9.425,ci37074211
2010-04-09 11:56:24.080000+00:00,2.62,32.6026667,-115.763,7.295,ci10593125
2010-04-09 11:59:02.040000+00:00,3.52,32.6068333,-115.7648333,7.245,ci10593141
2010-04-09 12:04:05.900000+00:00,2.71,32.2528333,-115.412,8.982,ci10593181
2010-04-09 12:11:24.200000+00:00,2.62,32.3236667,-115.4025,14.438,ci10593197
2010-04-09 12:28:08.640000+00:00,2.61,32.1773333,-115.265,17.657,ci10593293
2010-04-09 12:50:14.350000+00:00,2.75,32.4591667,-115.574,7.593,ci10593357
2010-04-09 12:52:44.190000+00:00,3.17,32.139,-115.2143333,16.617,ci10593373
2010-04-09 12:55:10.930000+00:00,2.8,32.6671667,-115.7921667,8.965,ci10593381
2010-04-09 13:49:49.960000+00:00,2.5,32.317,-115.4403333,13.777,ci10593557
2010-04-09 13:50:26.570000+00:00,2.65,32.0796667,-115.0866667,9.413,ci30965767
2010-04-09 13:57:50.320000+00:00,2.74,32.7208333,-115.8935,2.928,ci10593597
2010-04-09 14:19:29.240000+00:00,2.59,32.5305,-115.5953333,13.153,ci10593685
2010-04-09 14:44:54.800000+00:00,2.82,32.7081667,-115.8915,10.448,ci10593797
2010-04-09 15:54:05.600000+00:00,3.14,32.0658333,-115.1385,11.879,ci10594021
2010-04-09 16:08:07.920000+00:00,3.47,32.5971667,-115.7473333,4.545,ci10594061
2010-04-09 16:08:17.830000+00:00,3.2,32.5965,-115.7313333,5.365,ci37075923
2010-04-09 16:17:27.860000+00:00,2.6,32.5958333,-115.7473333,4.985,ci10594101
2010-04-09 17:20:20.670000+00:00,2.67,32.3625,-115.3095,9.431,ci10594301
2010-04-09 17:27:55.920000+00:00,2.72,32.6076667,-115.7788333,4.513,ci10594317
2010-04-09 17:35:49.990000+00:00,2.65,32.6536667,-115.7276667,10.28,ci10594357
2010-04-09 17:36:13.920000+00:00,2.98,32.6526667,-115.7255,9.685,ci31629759
2010-04-09 17:41:10.030000+00:00,2.64,32.3243333,-115.3471667,9.447,ci37077803
2010-04-09 17:48:38.410000+00:00,2.73,32.2763333,-115.3531667,3.462,ci10594381
2010-04-09 18:13:06.170000+00:00,2.55,32.5588333,-115.6873333,8.911,ci10594421
2010-04-09 18:31:20.310000+00:00,3.27,32.721,-115.8868333,6.26,ci10594461
2010-04-09 18:32:11.350000+00:00,3.36,32.1736667,-115.0905,16.677,ci37078283
2010-04-09 18:41:11.020000+00:00,2.94,32.0825,-115.1336667,9.425,ci37078443
2010-04-09 18:57:34.260000+00:00,2.94,32.0798333,-115.1146667,13.102,ci10594509
2010-04-09 19:11:17+00:00,2.54,32.1445,-115.1983333,11.852,ci10594541
2010-04-09 19:24:13.930000+00:00,3.21,32.6685,-116.0018333,12.253,ci10594589
2010-04-09 19:25:19.400000+00:00,2.56,32.6658333,-116.0058333,10.123,ci10594597
2010-04-09 19:32:18.250000+00:00,3.02,32.1213333,-115.1456667,15.162,ci10594605
2010-04-09 20:08:58.830000+00:00,2.67,32.6648333,-115.7846667,8.145,ci10594637
2010-04-09 20:17:33.580000+00:00,2.58,32.1903333,-115.2716667,9.448,ci37078955
2010-04-09 20:17:36.720000+00:00,2.87,32.1423333,-115.1596667,9.433,ci37078963
2010-04-09 20:27:46.920000+00:00,2.61,32.1526667,-115.2098333,15.17,ci10594685
2010-04-09 20:53:26.560000+00:00,4.08,32.308,-115.3591667,9.432,ci10594757
2010-04-09 21:02:47.430000+00:00,2.93,32.1305,-115.1613333,18.797,ci10594773
2010-04-09 21:04:49.940000+00:00,2.77,32.2863333,-115.3636667,7.659,ci37080683
2010-04-09 21:07:42.780000+00:00,2.74,32.3176667,-115.3748333,10.482,ci10594781
2010-04-09 21:12:48.240000+00:00,2.51,32.2895,-115.3611667,14.438,ci10594797
2010-04-09 21:16:00.460000+00:00,2.6,32.2576667,-115.386,9.956,ci10594829
2010-04-09 21:17:22.620000+00:00,2.73,32.6818333,-115.6331667,10.724,ci10594813
2010-04-09 21:25:16.530000+00:00,2.84,32.6633333,-116.0041667,11.913,ci10594837
2010-04-09 21:35:33.450000+00:00,2.54,32.0585,-115.1176667,10.562,ci10594901
2010-04-09 21:38:47.570000+00:00,2.98,32.0418333,-115.0595,11.62,ci37081003
2010-04-09 21:48:33.820000+00:00,2.79,32.124,-116.6621667,5.608,ci10594933
2010-04-09 21:55:26.190000+00:00,2.72,32.5048333,-115.6553333,8.584,ci10594941
2010-04-09 21:58:00.420000+00:00,3.57,32.6668333,-115.7833333,9.465,ci10594957
2010-04-09 22:17:20.800000+00:00,3.16,32.4738333,-115.6286667,3.318,ci10594989
2010-04-09 22:30:04.810000+00:00,2.57,32.2331667,-115.2166667,9.43,ci37082307
2010-04-09 22:40:24.720000+00:00,3.03,32.407,-115.4858333,14.198,ci10595053
2010-04-09 23:05:42+00:00,4.7,32.1818333,-115.245,12.267,ci10595133
2010-04-09 23:28:17.920000+00:00,2.68,32.2588333,-115.274,9.43,ci37083083
2010-04-09 23:28:41.940000+00:00,3.3,32.177,-115.2866667,15.257,ci10595157
2010-04-10 00:08:46.200000+00:00,2.76,32.3415,-115.331,12.802,ci10595261
2010-04-10 00:13:56.080000+00:00,2.96,32.2293333,-115.2196667,15.58,ci10595277
2010-04-10 00:17:38.850000+00:00,2.78,32.319,-115.3311667,12.812,ci10595285
2010-04-10 00:28:10.050000+00:00,2.67,32.3131667,-115.3236667,13.032,ci10595325
2010-04-10 00:47:18.110000+00:00,2.78,32.3533333,-115.4775,13.982,ci10595413
2010-04-10 01:01:43.230000+00:00,3.17,32.136,-115.0596667,13.77,ci10595453
2010-04-10 01:05:24+00:00,3.33,32.6531667,-115.7375,2.675,ci10595461
2010-04-10 01:27:33.840000+00:00,2.75,36.3731667,-117.8471667,-1.138,ci10595501
2010-04-10 01:50:57.260000+00:00,3.19,32.1753333,-115.2038333,9.43,ci10595613
2010-04-10 01:56:16.760000+00:00,2.76,32.0426667,-115.0641667,13.98,ci10595645
2010-04-10 02:16:04.260000+00:00,3.36,32.6688333,-115.778,8.527,ci10595677
2010-04-10 02:18:09.580000+00:00,3.63,32.6076667,-115.7576667,7.807,ci10595685
2010-04-10 02:20:33.320000+00:00,3.19,32.248,-115.3163333,14.007,ci10595693
2010-04-10 02:38:25.340000+00:00,2.69,32.1256667,-115.1216667,9.413,ci10595797
2010-04-10 02:39:19.430000+00:00,3.02,32.5343333,-115.6613333,8.322,ci10595805
2010-04-10 02:47:23.710000+00:00,2.79,36.3748333,-117.8481667,-1.008,ci10595869
2010-04-10 03:09:32.530000+00:00,3.81,32.6745,-115.8023333,8.037,ci10595917
2010-04-10 03:13:28.440000+00:00,2.71,32.2551667,-115.3366667,15.234,ci10595949
2010-04-10 03:21:02.110000+00:00,2.5,32.637,-115.719,3.945,ci10595965
2010-04-10 03:37:55.750000+00:00,2.82,32.6573333,-115.7335,6.467,ci10596061
2010-04-10 03:40:41.500000+00:00,3.21,32.6888333,-115.7993333,8.947,ci10596077
2010-04-10 03:43:27.560000+00:00,2.96,32.6911667,-115.797,9.017,ci10596093
2010-04-10 04:05:13.970000+00:00,3.28,32.6515,-115.7315,7.285,ci10596173
2010-04-10 04:12:27.970000+00:00,3.36,32.6643333,-115.722,8.777,ci10596205
2010-04-10 04:26:58.230000+00:00,3.07,32.1863333,-114.9638333,14.431,ci10596269
2010-04-10 04:31:17.700000+00:00,2.52,32.3351667,-115.3371667,-0.208,ci10596277
2010-04-10 04:32:13.460000+00:00,3.1,32.1471667,-114.9571667,15.72,ci10596301
2010-04-10 05:10:54.620000+00:00,2.69,32.3213333,-115.3395,17.892,ci10596413
2010-04-10 05:17:50.680000+00:00,2.5,32.731,-115.8213333,4.102,ci10596429
2010-04-10 05:20:32.880000+00:00,2.84,32.6551667,-115.7666667,8.457,ci10596437
2010-04-10 05:31:18.130000+00:00,2.55,32.226,-115.2518333,17.221,ci10596461
2010-04-10 05:47:52.110000+00:00,2.73,32.1098333,-115.0965,18.02,ci10596509
2010-04-10 06:31:25.700000+00:00,3.42,32.113,-115.0973333,19.067,ci10596605
2010-04-10 06:55:27.060000+00:00,2.73,32.0971667,-115.2265,9.157,ci37204509
2010-04-10 06:59:08.820000+00:00,2.88,32.1773333,-115.2236667,4.497,ci10596661
2010-04-10 07:11:14.950000+00:00,2.66,32.537,-115.648,10.373,ci10596685
2010-04-10 07:29:47.920000+00:00,2.92,32.5913333,-115.7145,8.355,ci10596741
2010-04-10 07:30:53.920000+00:00,2.58,32.0683333,-115.2566667,8.98,ci37204661
2010-04-10 07:47:20.550000+00:00,2.62,32.2243333,-115.3281667,16.862,ci10596781
2010-04-10 08:40:37.730000+00:00,2.91,32.103,-115.0081667,18.101,ci10596957
2010-04-10 08:44:37.820000+00:00,2.5,32.0605,-115.0596667,10.141,ci37205197
2010-04-10 08:46:53.370000+00:00,3.8,32.1,-115.0961667,8.987,ci10596989
2010-04-10 08:48:26.480000+00:00,2.92,32.0656667,-115.0783333,8.977,ci10165362
2010-04-10 08:54:54.410000+00:00,2.55,32.0573333,-115.0673333,13.423,ci10596997
2010-04-10 09:12:28.030000+00:00,4.5,32.6753333,-115.7581667,9.715,ci10597061
2010-04-10 09:13:22.660000+00:00,3.62,32.6766667,-115.7505,9.872,ci37205253
2010-04-10 09:17:14.130000+00:00,3.19,32.681,-115.7598333,10.245,ci10597069
2010-04-10 09:19:05.010000+00:00,3.08,32.6855,-115.757,10.795,ci10597077
2010-04-10 09:23:55.340000+00:00,3.03,32.6815,-115.7571667,9.395,ci10597101
2010-04-10 09:24:42.380000+00:00,3.02,32.4298333,-115.5276667,13.425,ci10597109
2010-04-10 09:31:59.540000+00:00,2.74,32.6805,-115.7551667,9.43,ci10597213
2010-04-10 09:40:23.960000+00:00,2.66,32.0891667,-115.0738333,17.357,ci10597245
2010-04-10 09:52:01.200000+00:00,3.58,32.6805,-115.76,10.355,ci10597293
2010-04-10 10:04:12.030000+00:00,2.68,32.6895,-115.7655,8.765,ci10597357
2010-04-10 10:04:56.150000+00:00,2.54,32.6805,-115.766,8.53,ci31109759
2010-04-10 10:49:44.190000+00:00,2.6,32.2921667,-115.3316667,13.912,ci10597533
2010-04-10 12:46:33.150000+00:00,2.77,32.6726667,-115.7748333,8.972,ci10597845
2010-04-10 12:52:58.840000+00:00,2.79,32.5973333,-115.7225,8.452,ci10597853
2010-04-10 12:53:32.140000+00:00,2.69,32.6785,-115.7741667,7.892,ci10597861
2010-04-10 13:14:29.800000+00:00,3.04,32.7073333,-115.795,2.192,ci10597877
2010-04-10 13:21:54.150000+00:00,3.52,32.672,-115.7813333,8.482,ci10597885
2010-04-10 13:22:51.510000+00:00,2.5,32.256,-115.2583333,6.201,ci37206893
2010-04-10 13:27:05.470000+00:00,2.92,32.6478333,-115.7445,3.602,ci10597909
2010-04-10 14:10:09.030000+00:00,2.5,32.7145,-115.9026667,3.302,ci37206917
2010-04-10 14:20:46.860000+00:00,2.64,32.2813333,-115.332,15.822,ci10597989
2010-04-10 15:16:21.480000+00:00,2.61,32.3226667,-115.331,13.982,ci10598141
2010-04-10 15:43:09.800000+00:00,3.08,32.278,-115.347,16.729,ci10598173
2010-04-10 16:05:56.420000+00:00,2.99,32.1568333,-115.1761667,18.867,ci10598237
2010-04-10 16:37:51.450000+00:00,3.39,32.2321667,-115.2375,6.46,ci10598341
2010-04-10 17:08:46.880000+00:00,2.52,32.6301667,-115.7553333,5.467,ci10598453
2010-04-10 17:31:40.140000+00:00,3.55,32.6586667,-115.7921667,8.197,ci10598493
2010-04-10 17:53:28.900000+00:00,2.65,32.873,-116.0893333,6.658,ci10598573
2010-04-10 18:04:31.180000+00:00,2.62,32.6816667,-115.7635,2.167,ci10598613
2010-04-10 18:19:59.280000+00:00,2.59,32.0178333,-115.09,8.972,ci31093759
2010-04-10 18:23:02.740000+00:00,2.54,32.6755,-115.7585,10.065,ci10598645
2010-04-10 18:42:33.030000+00:00,2.85,32.2221667,-115.2285,18.639,ci10598685
2010-04-10 18:47:59.560000+00:00,3.75,32.676,-115.801,8.567,ci10598693
2010-04-10 19:01:58.870000+00:00,2.55,32.1543333,-115.238,15.969,ci10598717
2010-04-10 19:11:52.060000+00:00,2.95,32.2745,-115.3131667,13.982,ci10598757
2010-04-10 19:48:01.730000+00:00,2.74,32.0521667,-115.0913333,12.691,ci37207917
2010-04-10 20:12:31.330000+00:00,2.57,32.0393333,-115.1625,6.342,ci37207973
2010-04-10 20:28:51.340000+00:00,2.68,32.179,-115.1321667,13.793,ci10598941
2010-04-10 21:11:23.890000+00:00,2.5,32.1943333,-115.3343333,9.438,ci10599069
2010-04-10 21:38:13.330000+00:00,2.75,32.1528333,-115.0916667,14.171,ci10599125
2010-04-10 21:42:42.610000+00:00,2.61,32.6673333,-115.7828333,7.757,ci10599133
2010-04-10 22:03:58.970000+00:00,3.3,32.6758333,-115.7595,10.747,ci10599181
2010-04-10 22:37:37.430000+00:00,3.27,32.1066667,-115.1433333,17.937,ci10599269
2010-04-10 22:39:00.250000+00:00,3.17,32.1778333,-115.086,13.16,ci10599285
2010-04-10 22:42:49.600000+00:00,2.79,35.3896667,-117.8925,3.124,ci10599293
2010-04-10 22:56:05.340000+00:00,2.52,32.2918333,-115.3258333,13.982,ci10599333
2010-04-10 23:11:54.960000+00:00,3.31,32.684,-115.7663333,10.417,ci10599373
2010-04-10 23:43:43.320000+00:00,3.15,32.6155,-115.767,6.353,ci10599437
2010-04-11 00:07:34.150000+00:00,2.78,32.6005,-115.6821667,9.575,ci10599485
2010-04-11 00:08:01.510000+00:00,2.67,32.413,-115.576,1.533,ci37225997
2010-04-11 00:10:58.650000+00:00,2.96,32.4296667,-115.553,0.003,ci10599493
2010-04-11 00:11:45.910000+00:00,2.95,32.4205,-115.5623333,9.363,ci10599501
2010-04-11 00:32:42.760000+00:00,3.33,32.2313333,-115.1873333,14.453,ci10599557
2010-04-11 00:46:31.790000+00:00,3.88,32.09,-115.1626667,17.419,ci31157759
2010-04-11 00:50:14.400000+00:00,2.89,32.1376667,-115.15,15.203,ci10599621
2010-04-11 00:50:36.100000+00:00,2.57,32.1738333,-115.1485,6.55,ci37229925
2010-04-11 01:00:15.360000+00:00,2.51,32.6168333,-115.7736667,6.098,ci10599637
2010-04-11 01:02:14.760000+00:00,3.16,32.6141667,-115.7536667,7.205,ci10599653
2010-04-11 01:30:29.870000+00:00,2.66,32.2145,-115.1536667,19.221,ci10599789
2010-04-11 01:49:29.840000+00:00,2.56,32.3065,-115.3286667,1.145,ci10599821
2010-04-11 03:06:28.240000+00:00,2.75,32.2801667,-115.3678333,15.241,ci10600029
2010-04-11 04:51:16.960000+00:00,2.93,32.0798333,-115.143,18.473,ci10600261
2010-04-11 05:21:46.090000+00:00,2.99,32.6345,-115.7571667,7.045,ci10600333
2010-04-11 05:28:39.560000+00:00,2.83,32.6003333,-115.7323333,6.123,ci10600341
2010-04-11 05:30:11.700000+00:00,2.97,32.5295,-115.6141667,13.783,ci10600349
2010-04-11 05:51:06.510000+00:00,2.62,32.117,-115.0995,9.413,ci10600413
2010-04-11 05:55:30.530000+00:00,2.51,32.5998333,-115.7101667,9.853,ci10600421
2010-04-11 05:55:48.400000+00:00,2.63,32.4405,-115.5646667,0.363,ci37226453
2010-04-11 06:02:24.390000+00:00,2.74,32.3241667,-115.3435,18.862,ci10600437
2010-04-11 06:12:58.680000+00:00,2.79,32.3436667,-115.385,14.438,ci10600485
2010-04-11 06:22:06+00:00,2.69,32.2518333,-115.3535,14.438,ci10600533
2010-04-11 06:30:26.270000+00:00,3.32,32.6343333,-115.7151667,7.255,ci10600549
2010-04-11 07:10:47.640000+00:00,2.84,32.527,-115.6278333,8.753,ci10600709
2010-04-11 08:13:54.670000+00:00,2.56,32.68,-115.8431667,9.138,ci10600917
2010-04-11 08:39:29.740000+00:00,2.92,32.4381667,-115.536,9.984,ci10600981
2010-04-11 08:48:55.350000+00:00,2.55,32.6281667,-115.7613333,2.725,ci10601005
2010-04-11 08:49:19.350000+00:00,2.72,32.43,-115.557,0.203,ci37227069
2010-04-11 08:50:13.330000+00:00,3.49,32.348,-115.4216667,14.228,ci10601013
2010-04-11 08:52:20.600000+00:00,3.43,32.089,-115.0621667,15.827,ci10601021
2010-04-11 09:21:44.610000+00:00,2.82,32.3346667,-115.43,13.188,ci10601157
2010-04-11 09:52:52.260000+00:00,3.52,32.3113333,-115.3181667,18.682,ci10601253
2010-04-11 09:57:48.010000+00:00,2.52,32.3398333,-115.3468333,7.492,ci10601269
2010-04-11 09:59:09.270000+00:00,2.51,32.2806667,-115.3553333,14.432,ci10601277
2010-04-11 10:22:02.020000+00:00,2.69,32.6513333,-115.7231667,3.265,ci10601349
2010-04-11 10:30:42.180000+00:00,2.7,32.6113333,-115.7636667,8.065,ci10601373
2010-04-11 11:09:29.680000+00:00,2.59,32.6156667,-115.7575,5.035,ci10601493
2010-04-11 11:50:32.780000+00:00,3.05,32.6078333,-115.768,5.385,ci10601613
2010-04-11 11:57:58.290000+00:00,2.6,32.3423333,-115.3416667,14.082,ci10601629
2010-04-11 11:59:25.670000+00:00,2.58,32.6763333,-115.7521667,9.247,ci10601637
2010-04-11 12:14:47.510000+00:00,2.51,32.1005,-115.1435,12.529,ci10601661
2010-04-11 12:46:34.090000+00:00,2.84,32.1018333,-115.0171667,13.547,ci37227365
2010-04-11 12:49:15.380000+00:00,3.33,32.099,-115.1508333,14.423,ci10601749
2010-04-11 13:15:10.810000+00:00,2.65,32.304,-115.333,17.282,ci10601813
2010-04-11 13:17:48.200000+00:00,2.71,32.058,-115.0388333,12.007,ci37230301
2010-04-11 13:20:48.710000+00:00,3.42,32.1756667,-115.0756667,15.687,ci10601837
2010-04-11 13:29:09.740000+00:00,3.68,32.1555,-115.0826667,19.177,ci10601877
2010-04-11 13:54:42.450000+00:00,2.86,32.1323333,-115.0548333,13.693,ci37227477
2010-04-11 13:54:52.990000+00:00,3.45,32.0988333,-115.0201667,17.02,ci37227469
2010-04-11 14:14:13.170000+00:00,2.87,32.2441667,-115.3525,17.438,ci10602029
2010-04-11 14:29:07.660000+00:00,3.25,32.3116667,-115.366,15.13,ci10602077
2010-04-11 14:29:53.080000+00:00,2.87,32.7133333,-115.9806667,3.513,ci10602085
2010-04-11 14:31:48.370000+00:00,2.59,32.165,-115.1046667,14.121,ci10602093
2010-04-11 14:56:20.560000+00:00,3.47,32.2046667,-115.1001667,13.987,ci10602149
2010-04-11 15:15:54.690000+00:00,3.41,32.0778333,-115.1176667,10.31,ci10602229
2010-04-11 15:39:40.210000+00:00,2.6,32.2501667,-115.3241667,14.432,ci10602301
2010-04-11 16:01:15.180000+00:00,2.58,32.1701667,-115.2575,12.727,ci10602349
2010-04-11 16:08:19.590000+00:00,2.76,32.3426667,-115.3248333,19.132,ci10602373
2010-04-11 16:13:41.140000+00:00,2.8,32.2041667,-115.0708333,16.131,ci10602389
2010-04-11 16:23:42.190000+00:00,3.04,32.3153333,-115.3651667,14.432,ci10602405
2010-04-11 16:42:04.040000+00:00,4.36,32.3326667,-115.318,17.552,ci10602453
2010-04-11 16:44:42.310000+00:00,3.14,32.2825,-115.3193333,14.987,ci37227701
2010-04-11 16:48:21.720000+00:00,3.11,32.3576667,-115.328,10.232,ci10602461
2010-04-11 18:34:02.220000+00:00,2.69,32.0666667,-115.0766667,19.943,ci10602733
2010-04-11 19:01:44.590000+00:00,2.82,32.6023333,-115.7173333,3.303,ci10602757
2010-04-11 19:13:49.330000+00:00,3.98,32.1231667,-115.083,18.751,ci10602797
2010-04-11 19:17:33.540000+00:00,3.04,32.099,-115.064,13.701,ci37227837
2010-04-11 19:22:11.310000+00:00,3.08,32.0883333,-115.0405,17.541,ci10602813
2010-04-11 19:24:55.630000+00:00,2.63,32.7066667,-115.8525,4.178,ci10602829
2010-04-11 19:49:55.900000+00:00,2.72,32.646,-115.7595,4.475,ci10602917
2010-04-11 19:54:26.980000+00:00,2.86,32.1473333,-115.173,14.42,ci10602941
2010-04-11 19:55:19.860000+00:00,3.04,32.6081667,-115.7521667,7.865,ci10602949
2010-04-11 20:05:47.280000+00:00,3.37,32.6455,-115.7655,4.325,ci10602989
2010-04-11 20:07:28.550000+00:00,2.83,32.3406667,-115.3355,12.012,ci10603005
2010-04-11 20:26:46.030000+00:00,2.66,32.1788333,-115.1993333,14.21,ci37227933
2010-04-11 21:08:13.200000+00:00,2.83,32.092,-115.0583333,5.331,ci10603149
2010-04-11 21:09:14.880000+00:00,3.19,32.4288333,-115.5388333,1.383,ci10603141
2010-04-11 21:44:05.590000+00:00,2.61,32.5048333,-115.5915,13.633,ci10603221
2010-04-11 21:45:26.840000+00:00,2.66,32.2868333,-115.3121667,16.481,ci10603229
2010-04-11 21:51:47.540000+00:00,2.86,32.4213333,-115.5505,0.194,ci10603285
2010-04-11 21:52:05.180000+00:00,2.86,32.4133333,-115.55,7.019,ci37228013
2010-04-11 22:02:36.240000+00:00,3.26,32.4033333,-115.5373333,10.891,ci10603301
2010-04-11 22:03:13.400000+00:00,2.85,32.2195,-115.316,10.628,ci37228029
2010-04-11 22:04:05.350000+00:00,2.62,32.26,-115.349,12.468,ci37228037
2010-04-11 22:15:48.690000+00:00,2.58,32.267,-115.328,13.502,ci37228053
2010-04-11 22:22:50.560000+00:00,2.52,32.1063333,-115.043,13.751,ci10603381
2010-04-11 22:24:34.640000+00:00,2.59,32.6161667,-115.762,7.115,ci10603373
2010-04-11 22:55:10.470000+00:00,3.59,32.6455,-115.7635,4.555,ci10603485
2010-04-11 23:23:45.430000+00:00,2.68,32.3785,-115.5471667,8.529,ci37228125
2010-04-11 23:42:54.090000+00:00,2.58,32.607,-115.752,3.995,ci10603621
2010-04-12 00:06:55.060000+00:00,3.17,32.3681667,-115.3745,9.438,ci10603669
2010-04-12 00:19:40.570000+00:00,2.53,32.3871667,-115.5506667,8.863,ci10603701
2010-04-12 00:20:04.080000+00:00,2.8,32.3176667,-115.326,18.202,ci31245767
2010-04-12 00:47:55.590000+00:00,3.53,32.1961667,-115.09,14.648,ci31261767
2010-04-12 01:09:56.760000+00:00,2.88,32.3333333,-115.3306667,7.762,ci10603757
2010-04-12 01:40:00.190000+00:00,2.57,32.3418333,-115.3273333,9.431,ci10603789
2010-04-12 01:51:21.460000+00:00,2.9,32.2441667,-115.2848333,9.427,ci10603829
2010-04-12 01:52:07.860000+00:00,3.87,32.224,-115.282,13.437,ci10603837
2010-04-12 01:53:37.030000+00:00,2.51,32.2268333,-115.2945,9.985,ci31437783
2010-04-12 02:04:24.180000+00:00,3.37,32.6813333,-115.8015,9.335,ci10603853
2010-04-12 02:27:35.710000+00:00,2.51,32.5991667,-115.712,9.853,ci10603909
2010-04-12 02:47:01.280000+00:00,2.99,32.6076667,-115.7521667,3.775,ci10603957
2010-04-12 02:49:41.990000+00:00,2.54,32.5986667,-115.7556667,3.285,ci10603973
2010-04-12 02:54:10.930000+00:00,2.66,32.7265,-115.873,2.108,ci31181759
2010-04-12 03:12:37.010000+00:00,2.6,32.6148333,-115.7138333,4.803,ci10604021
2010-04-12 03:37:03.320000+00:00,2.96,32.5125,-115.6286667,6.563,ci10604101
2010-04-12 04:03:36.770000+00:00,2.59,32.4783333,-115.6316667,2.183,ci10604157
2010-04-12 05:29:50.660000+00:00,3.29,32.4235,-115.496,15.803,ci10604285
2010-04-12 05:33:18.110000+00:00,2.63,32.2188333,-115.262,9.427,ci10604317
2010-04-12 05:35:22.210000+00:00,3.22,32.5678333,-115.6571667,11.693,ci10604309
2010-04-12 06:48:24.050000+00:00,2.71,32.6566667,-115.79,9.135,ci10604413
2010-04-12 07:09:39.550000+00:00,2.75,32.3203333,-115.3788333,17.921,ci10604453
2010-04-12 07:44:21.480000+00:00,3.78,32.6041667,-115.7211667,9.723,ci10604477
2010-04-12 09:08:22.020000+00:00,3.49,32.6928333,-115.8028333,8.835,ci10604581
2010-04-12 10:02:36.860000+00:00,2.7,32.1815,-115.2298333,15.807,ci10604685
2010-04-12 10:34:37.040000+00:00,2.89,32.656,-115.7941667,7.505,ci10604733
2010-04-12 10:36:14.280000+00:00,3.62,32.6578333,-115.7915,1.622,ci10604749
2010-04-12 10:46:00.560000+00:00,3.17,32.6638333,-115.7873333,0.755,ci10604773
2010-04-12 10:53:15.240000+00:00,3.57,32.1186667,-115.0223333,14.427,ci10604789
2010-04-12 11:07:19.340000+00:00,2.51,32.6926667,-115.803,8.585,ci10604813
2010-04-12 11:40:32.980000+00:00,2.78,32.7085,-115.8643333,5.178,ci10604837
2010-04-12 12:04:38.830000+00:00,2.58,32.0518333,-115.1573333,9.419,ci37225477
2010-04-12 12:14:40.510000+00:00,2.84,32.0376667,-115.1263333,9.419,ci10604909
2010-04-12 12:51:48.100000+00:00,2.51,32.2861667,-115.4165,9.993,ci10604973
2010-04-12 13:01:20.960000+00:00,2.71,32.6791667,-115.8098333,5.795,ci10604989
2010-04-12 13:21:19.270000+00:00,2.64,32.4188333,-115.5386667,0.233,ci10605053
2010-04-12 13:29:50.340000+00:00,2.65,32.2431667,-115.3181667,18.787,ci10605061
2010-04-12 14:00:30.710000+00:00,2.95,32.6245,-115.7545,6.525,ci10605117
2010-04-12 14:17:50.700000+00:00,3.32,32.6716667,-115.7765,3.345,ci10605141
2010-04-12 14:33:51.250000+00:00,3.1,32.6511667,-115.7256667,9.725,ci10605149
2010-04-12 15:20:46.290000+00:00,2.76,32.6731667,-115.7903333,4.135,ci10605245
2010-04-12 15:34:55.050000+00:00,3.15,32.6795,-115.7978333,8.855,ci10605269
2010-04-12 15:53:43.520000+00:00,2.76,32.6611667,-115.778,1.875,ci10605285
2010-04-12 18:10:33.500000+00:00,2.8,32.6745,-115.7773333,9.175,ci10605469
2010-04-12 18:20:56.660000+00:00,2.5,32.2876667,-115.4093333,9.993,ci10605485
2010-04-12 18:40:09.620000+00:00,2.55,32.322,-115.3755,18.601,ci10605525
2010-04-12 18:49:40.050000+00:00,2.6,32.6276667,-115.7535,10.365,ci10605533
2010-04-12 19:51:18.340000+00:00,3.3,32.1976667,-115.2745,9.432,ci10605685
2010-04-12 20:43:13.590000+00:00,3.14,32.5443333,-115.6395,9.833,ci10605749
2010-04-12 20:54:23.040000+00:00,2.66,32.294,-115.3638333,15.418,ci10605773
2010-04-12 21:38:24.050000+00:00,2.84,32.5826667,-115.8191667,9.583,ci10605869
2010-04-12 21:56:47.340000+00:00,2.89,32.3071667,-115.4096667,15.479,ci10605909
2010-04-12 22:18:40.540000+00:00,3.17,32.6856667,-115.764,6.683,ci10605957
2010-04-12 22:28:54.760000+00:00,2.56,32.6283333,-115.7493333,7.415,ci10605965
2010-04-12 22:40:09.930000+00:00,2.85,32.655,-115.7743333,2.845,ci10605989
2010-04-12 23:06:22.320000+00:00,2.98,32.1796667,-115.037,17.101,ci37225973
2010-04-12 23:06:29.870000+00:00,3.52,32.1478333,-115.1358333,17.396,ci10606053
2010-04-12 23:34:04.940000+00:00,2.87,32.6701667,-115.755,9.193,ci10606101
2010-04-13 00:10:53.750000+00:00,2.59,32.2425,-115.2635,9.436,ci10606133
2010-04-13 00:37:56.410000+00:00,2.57,34.0051667,-119.1453333,4.836,ci10606181
2010-04-13 01:01:04.630000+00:00,2.71,32.6153333,-115.7378333,10.203,ci10606205
2010-04-13 01:06:09.570000+00:00,2.56,32.2118333,-115.2595,17.099,ci10606213
2010-04-13 02:17:49.630000+00:00,2.7,32.1643333,-115.2721667,14.909,ci10606365
2010-04-13 03:08:52.510000+00:00,2.85,32.6856667,-115.8071667,9.275,ci10606445
2010-04-13 03:39:31.740000+00:00,3.43,32.6638333,-115.7798333,2.253,ci10606485
2010-04-13 03:41:23.330000+00:00,2.54,32.6673333,-115.7766667,2.067,ci10606501
2010-04-13 04:20:46.810000+00:00,2.6,32.0828333,-115.058,8.193,ci10606597
2010-04-13 04:22:00.820000+00:00,2.64,32.2245,-115.3553333,17.938,ci10606589
2010-04-13 05:36:13.850000+00:00,3.39,32.2713333,-115.3718333,13.982,ci10606693
2010-04-13 06:39:30.670000+00:00,2.85,32.286,-115.3625,18.658,ci10606789
2010-04-13 06:47:28.560000+00:00,2.75,32.117,-115.1745,13.927,ci10606813
2010-04-13 08:00:00.140000+00:00,2.65,32.1408333,-115.1661667,13.332,ci10606957
2010-04-13 08:02:22.600000+00:00,2.87,32.1355,-115.1005,13.517,ci10606965
2010-04-13 09:32:30.180000+00:00,2.83,32.7,-115.9086667,9.078,ci10607125
2010-04-13 09:37:27.290000+00:00,2.61,32.296,-115.4238333,10.848,ci10607149
2010-04-13 11:52:12.250000+00:00,2.51,32.3395,-115.4088333,9.448,ci10607349
2010-04-13 11:56:27.990000+00:00,2.95,32.2215,-115.2718333,13.649,ci10607365
2010-04-13 12:16:01.350000+00:00,3.23,32.1803333,-115.0471667,14.567,ci10607397
2010-04-13 12:18:34.970000+00:00,3.62,32.0121667,-115.0146667,18.608,ci10607389
2010-04-13 12:58:56.260000+00:00,2.96,32.0591667,-115.072,16.747,ci10607469
2010-04-13 13:15:36.770000+00:00,3.38,32.7133333,-115.8588333,2.258,ci10607485
2010-04-13 13:17:10.470000+00:00,3.08,32.1686667,-115.0891667,13.267,ci37220101
2010-04-13 15:01:22.620000+00:00,2.5,32.1325,-114.9611667,14.541,ci10607621
2010-04-13 15:06:51.460000+00:00,3.19,32.0758333,-115.1561667,16.48,ci10607629
2010-04-13 15:36:32.100000+00:00,3.95,32.6761667,-115.7865,4.235,ci10607677
2010-04-13 15:45:14.570000+00:00,3.02,32.0325,-115.0235,14.97,ci10607685
2010-04-13 15:59:39.580000+00:00,2.58,32.213,-115.2005,15.31,ci10607733
2010-04-13 16:06:21.720000+00:00,2.59,32.3446667,-115.3373333,14.182,ci37220445
2010-04-13 16:16:57.160000+00:00,2.66,32.3348333,-115.3476667,8.672,ci10607781
2010-04-13 16:24:56.700000+00:00,3.24,32.711,-115.9815,3.323,ci10607813
2010-04-13 16:27:19.590000+00:00,2.84,32.303,-115.2613333,14.13,ci10607821
2010-04-13 17:22:05.960000+00:00,2.6,32.1188333,-115.0793333,13.113,ci10607925
2010-04-13 17:23:11.530000+00:00,3.02,32.3305,-115.3013333,17.71,ci10607917
2010-04-13 17:41:58.050000+00:00,3.19,32.6676667,-115.7585,9.987,ci10607965
2010-04-13 18:02:57.780000+00:00,2.81,32.0273333,-114.9961667,14.421,ci10607997
2010-04-13 18:15:06.470000+00:00,2.56,32.5393333,-115.6058333,12.445,ci10608021
2010-04-13 18:42:22.640000+00:00,2.7,32.7246667,-115.8561667,2.838,ci10608053
2010-04-13 18:50:24.030000+00:00,3.04,32.2211667,-115.2333333,13.051,ci10608077
2010-04-13 19:02:21.950000+00:00,2.57,32.1266667,-115.181,14.42,ci10608101
2010-04-13 19:40:14.440000+00:00,2.75,32.6753333,-115.7613333,9.447,ci10608157
2010-04-13 21:00:16.760000+00:00,2.58,32.1623333,-115.2493333,9.728,ci10608301
2010-04-13 21:25:10.970000+00:00,2.74,32.2711667,-115.3331667,14.078,ci10608341
2010-04-13 21:33:50.940000+00:00,2.54,32.2651667,-115.3568333,8.938,ci10608357
2010-04-13 22:04:02.970000+00:00,2.95,32.1588333,-115.1628333,12.33,ci10608445
2010-04-13 22:05:33.790000+00:00,3.08,32.2288333,-115.2851667,19.277,ci10608437
2010-04-13 22:11:46.870000+00:00,2.65,32.1903333,-115.173,14.593,ci10608453
2010-04-13 22:16:28.020000+00:00,2.97,32.6478333,-115.7113333,8.203,ci10608469
2010-04-13 22:18:48.840000+00:00,3.1,32.177,-115.1748333,12.08,ci10608485
2010-04-13 22:37:31.840000+00:00,2.91,32.1488333,-115.1631667,12.32,ci10608549
2010-04-13 22:37:59.500000+00:00,2.87,32.139,-115.1608333,12.119,ci31925767
2010-04-13 23:36:18.390000+00:00,2.92,32.6665,-115.7853333,8.355,ci10608605
2010-04-13 23:40:01.610000+00:00,2.62,32.6681667,-115.7723333,4.555,ci10608613
2010-04-14 00:49:45.440000+00:00,2.83,32.1853333,-115.2085,14.04,ci10608741
2010-04-14 01:05:57.810000+00:00,2.82,32.6596667,-115.7615,7.417,ci10608757
2010-04-14 02:04:28.980000+00:00,2.56,32.7123333,-115.8495,3.688,ci10608877
2010-04-14 04:11:13.800000+00:00,2.79,32.3098333,-115.3158333,18.292,ci10609029
2010-04-14 04:59:17.640000+00:00,2.7,32.5026667,-115.643,8.353,ci10609141
2010-04-14 05:27:29.510000+00:00,2.68,32.6648333,-115.7768333,1.73,ci10609229
2010-04-14 05:52:20.360000+00:00,2.94,32.6241667,-115.7595,5.143,ci10609269
2010-04-14 06:35:30.460000+00:00,2.51,32.3601667,-115.4061667,17.308,ci10609373
2010-04-14 07:12:39+00:00,2.52,32.6053333,-115.7456667,8.01,ci10609445
2010-04-14 11:19:59.520000+00:00,3.84,32.678,-115.7673333,2.263,ci10609773
2010-04-14 11:21:03.340000+00:00,2.73,32.675,-115.7743333,-0.007,ci31645759
2010-04-14 11:21:51.540000+00:00,2.56,32.6811667,-115.765,2.443,ci31653767
2010-04-14 12:40:23.730000+00:00,2.66,32.1603333,-115.2818333,14.429,ci37200701
2010-04-14 12:44:26.480000+00:00,2.5,32.1613333,-115.2008333,12.47,ci10609893
2010-04-14 12:46:06.870000+00:00,2.54,32.2903333,-115.3108333,19.379,ci37200949
2010-04-14 13:18:17.260000+00:00,2.72,32.6235,-115.762,5.243,ci10609973
2010-04-14 13:45:39.460000+00:00,3.29,32.3325,-115.3183333,15.557,ci10610021
2010-04-14 15:18:52+00:00,2.97,32.1396667,-115.1736667,15.95,ci10610149
2010-04-14 15:39:21.180000+00:00,2.53,32.669,-115.7781667,9.623,ci10610173
2010-04-14 16:04:38.580000+00:00,2.53,32.2775,-115.2968333,14.986,ci10610213
2010-04-14 16:25:36.480000+00:00,2.58,32.403,-115.3501667,8.682,ci37202389
2010-04-14 16:45:30.970000+00:00,2.65,32.0836667,-115.0098333,9.421,ci10610261
2010-04-14 17:23:07.760000+00:00,3.5,32.3438333,-115.3133333,9.427,ci10610333
2010-04-14 17:24:37.020000+00:00,2.68,32.662,-115.7553333,3.537,ci10610341
2010-04-14 17:39:28.570000+00:00,2.74,32.6391667,-115.7206667,9.285,ci10610381
2010-04-14 17:42:23.140000+00:00,3.1,32.163,-115.1973333,16.74,ci10610389
2010-04-14 19:11:15.930000+00:00,2.59,32.631,-115.6828333,9.855,ci10610533
2010-04-14 19:14:39.070000+00:00,3.23,32.5858333,-115.689,10.615,ci10610541
2010-04-14 21:11:24.470000+00:00,2.51,32.3531667,-115.4463333,3.808,ci10610765
2010-04-14 21:18:35.830000+00:00,2.86,32.6225,-115.7813333,5.643,ci10610789
2010-04-14 21:35:30.340000+00:00,2.68,32.2063333,-115.2288333,14.687,ci10610829
2010-04-14 21:36:34.470000+00:00,2.69,32.463,-115.5725,9.053,ci10610837
2010-04-14 22:05:12.360000+00:00,2.88,32.2355,-115.3465,13.985,ci10610877
2010-04-14 22:34:53.470000+00:00,3.29,32.2695,-115.2075,9.438,ci31813759
2010-04-14 22:34:54.360000+00:00,4.37,32.1901667,-115.1923333,13.979,ci10610941
2010-04-14 22:38:10.200000+00:00,2.84,32.1705,-115.1718333,14.48,ci37203085
2010-04-15 00:06:03.520000+00:00,2.72,32.666,-115.794,7.487,ci10611045
2010-04-15 00:37:00.050000+00:00,3.39,32.2425,-115.2916667,15.997,ci10611069
2010-04-15 01:09:42.350000+00:00,2.57,32.138,-115.1836667,17.419,ci10611125
2010-04-15 02:00:33.120000+00:00,2.71,32.6666667,-115.7583333,9.205,ci10611181
2010-04-15 02:05:38.990000+00:00,2.53,32.0951667,-115.096,9.382,ci10611205
2010-04-15 02:13:22.910000+00:00,2.64,32.0881667,-115.046,8.98,ci10611245
2010-04-15 02:28:37.660000+00:00,2.54,32.1081667,-115.1158333,9.423,ci10611261
2010-04-15 02:31:54.900000+00:00,2.52,32.672,-115.761,9.327,ci10611269
2010-04-15 02:51:29.550000+00:00,2.7,32.5998333,-115.7041667,7.715,ci10611309
2010-04-15 02:52:23.580000+00:00,3.21,32.1166667,-115.1701667,9.423,ci31845759
2010-04-15 03:51:51.670000+00:00,2.73,32.0693333,-115.0636667,8.01,ci37186405
2010-04-15 03:53:14.990000+00:00,2.56,32.0585,-115.076,9.42,ci37186413
2010-04-15 04:04:12.340000+00:00,2.99,32.098,-115.0886667,9.97,ci10611461
2010-04-15 04:05:53.630000+00:00,3.34,32.719,-115.814,2.692,ci37186429
2010-04-15 04:17:09.680000+00:00,2.75,32.0816667,-115.0743333,11.87,ci10611517
2010-04-15 04:26:13.730000+00:00,2.92,32.6516667,-115.7265,3.455,ci10611525
2010-04-15 04:26:45.710000+00:00,2.71,32.2968333,-115.3221667,14.412,ci37186701
2010-04-15 05:06:38.870000+00:00,3.35,32.0715,-115.1276667,13.627,ci10611581
2010-04-15 05:07:32+00:00,3.74,32.101,-115.0718333,14.317,ci37186749
2010-04-15 05:08:04.980000+00:00,3.62,32.0685,-115.0823333,6.889,ci37186757
2010-04-15 05:10:52.290000+00:00,2.51,32.083,-115.0801667,10.28,ci37186773
2010-04-15 05:12:04.520000+00:00,2.79,32.116,-115.0853333,12.429,ci10611589
2010-04-15 05:14:27.370000+00:00,3.21,32.0125,-115.0903333,5.929,ci10611597
2010-04-15 05:15:45.210000+00:00,2.62,32.116,-115.0726667,8.835,ci37186853
2010-04-15 05:20:23.060000+00:00,2.76,32.252,-115.2681667,14.302,ci37186877
2010-04-15 05:24:42.930000+00:00,2.92,32.1413333,-115.1553333,12.782,ci10611621
2010-04-15 05:46:26.120000+00:00,2.56,32.0836667,-115.0586667,18.66,ci10611661
2010-04-15 06:19:55.700000+00:00,3.5,32.6115,-115.7615,8.053,ci10611701
2010-04-15 06:23:39.910000+00:00,2.65,32.6173333,-115.7663333,7.333,ci10611717
2010-04-15 06:26:33.730000+00:00,2.67,32.0498333,-115.0668333,12.567,ci10611725
2010-04-15 06:29:45.950000+00:00,2.65,32.1176667,-115.2145,8.956,ci10611733
2010-04-15 06:35:20.510000+00:00,3.19,32.7073333,-115.8586667,6.618,ci10611741
2010-04-15 07:07:39.530000+00:00,2.98,32.3293333,-115.3321667,7.701,ci10611797
2010-04-15 07:09:39.480000+00:00,2.72,32.3281667,-115.3286667,9.491,ci10611805
2010-04-15 07:11:10.610000+00:00,2.64,32.7071667,-115.7716667,8.775,ci10611813
2010-04-15 07:17:22.280000+00:00,2.95,32.366,-115.3251667,15.392,ci10611837
2010-04-15 07:29:17.810000+00:00,3.1,32.1633333,-115.0611667,16.427,ci10611861
2010-04-15 08:27:21.690000+00:00,2.51,32.2896667,-115.3448333,13.092,ci10611981
2010-04-15 08:51:05.420000+00:00,3.02,32.6223333,-115.7673333,7.403,ci10612053
2010-04-15 09:20:37.380000+00:00,4.38,32.0251667,-115.0638333,17.92,ci10612165
2010-04-15 09:21:37.780000+00:00,4.38,32.0338333,-115.057,9.386,ci31829759
2010-04-15 09:25:02.990000+00:00,2.63,32.6903333,-115.7796667,4.617,ci10612181
2010-04-15 09:27:37.420000+00:00,2.8,32.1036667,-115.0416667,13.199,ci31837759
2010-04-15 09:28:18.550000+00:00,3.24,32.2451667,-115.3126667,9.391,ci10612189
2010-04-15 09:47:44.500000+00:00,2.86,32.0763333,-115.092,8.95,ci10612205
2010-04-15 10:20:23.980000+00:00,3.84,32.0468333,-115.0946667,8.95,ci31821759
2010-04-15 10:20:46.910000+00:00,4.73,32.096,-115.0111667,16.603,ci10612285
2010-04-15 10:33:42.630000+00:00,2.51,32.6928333,-115.8053333,7.747,ci10612301
2010-04-15 11:56:26.480000+00:00,2.97,32.3583333,-115.3145,8.943,ci10612493
2010-04-15 12:21:17.240000+00:00,2.59,32.1728333,-115.2145,17.5,ci37192453
2010-04-15 12:22:10.760000+00:00,3.65,32.0275,-115.0263333,18.227,ci10612541
2010-04-15 12:26:01.790000+00:00,2.89,32.1476667,-115.224,8.956,ci10612557
2010-04-15 12:59:21.450000+00:00,2.69,32.2703333,-115.2723333,19.36,ci10612637
2010-04-15 14:28:54+00:00,3.0,32.6735,-115.7643333,8.687,ci10612725
2010-04-15 15:01:53.780000+00:00,2.61,32.4,-115.5543333,8.763,ci10612781
2010-04-15 16:32:00.730000+00:00,2.63,32.2506667,-115.3486667,14.438,ci10612925
2010-04-15 17:24:23.750000+00:00,2.53,32.1456667,-115.1645,14.42,ci10613045
2010-04-15 17:40:29.920000+00:00,2.69,32.6695,-115.7791667,9.227,ci10613061
2010-04-15 18:13:46.430000+00:00,2.68,32.2708333,-115.2876667,14.99,ci10613109
2010-04-15 20:05:47.600000+00:00,2.81,32.3321667,-115.371,18.948,ci10613293
2010-04-15 20:13:41.860000+00:00,2.67,32.1551667,-115.2143333,14.26,ci10613317
2010-04-15 20:38:47.600000+00:00,2.58,32.3108333,-115.4438333,-0.999,ci10613349
2010-04-15 21:08:49.060000+00:00,2.58,32.4838333,-115.6195,15.203,ci10613469
2010-04-15 21:10:21.310000+00:00,2.85,32.6621667,-115.7585,8.937,ci10613477
2010-04-15 21:10:57.630000+00:00,2.88,32.6855,-115.7613333,2.325,ci10613485
2010-04-15 21:13:05.040000+00:00,3.03,32.6585,-115.7603333,8.897,ci10613493
2010-04-15 21:33:13.140000+00:00,3.5,32.6483333,-115.7211667,9.415,ci10613517
2010-04-15 22:31:16.410000+00:00,2.7,32.6811667,-115.9135,4.378,ci10613605
2010-04-15 23:53:53.300000+00:00,2.54,32.3116667,-115.322,14.436,ci37197109
2010-04-15 23:53:56.320000+00:00,3.17,32.3235,-115.3235,19.282,ci37197101
2010-04-16 01:23:17.600000+00:00,3.42,32.6665,-115.7905,5.307,ci10613973
2010-04-16 01:35:06.040000+00:00,2.71,32.3593333,-115.3251667,9.432,ci10614005
2010-04-16 02:12:46.160000+00:00,3.54,32.2641667,-115.3415,8.982,ci10614101
2010-04-16 02:25:33.920000+00:00,2.69,32.3028333,-115.3358333,8.691,ci10614125
2010-04-16 03:52:58.920000+00:00,2.73,32.2543333,-115.3298333,17.742,ci10614277
2010-04-16 04:00:00.050000+00:00,2.83,32.2691667,-115.3295,16.968,ci10614293
2010-04-16 04:06:10.630000+00:00,3.18,32.3086667,-115.436,17.258,ci10614317
2010-04-16 04:16:57.850000+00:00,3.0,32.4425,-115.5496667,8.213,ci10614365
2010-04-16 04:30:01.760000+00:00,3.6,32.6323333,-115.7341667,2.975,ci10614397
2010-04-16 04:30:24.060000+00:00,3.31,32.6105,-115.7281667,1.965,ci32069767
2010-04-16 04:39:51.040000+00:00,2.82,32.6226667,-115.7391667,2.615,ci32045759
2010-04-16 05:33:36.950000+00:00,3.3,32.1625,-115.2826667,8.979,ci10614493
2010-04-16 05:57:54.020000+00:00,2.61,32.3438333,-115.313,8.984,ci10614541
2010-04-16 06:31:39.110000+00:00,2.52,32.6968333,-115.8496667,4.938,ci10614629
2010-04-16 06:48:12.490000+00:00,2.65,32.1808333,-115.1941667,12.822,ci10614685
2010-04-16 06:49:20.060000+00:00,3.22,32.0583333,-115.2038333,11.539,ci37174245
2010-04-16 07:04:30.890000+00:00,2.69,32.1301667,-115.1895,8.987,ci10614717
2010-04-16 07:07:48.310000+00:00,2.79,32.132,-115.1976667,13.979,ci10614733
2010-04-16 08:12:11.810000+00:00,2.9,32.2581667,-115.34,17.482,ci10614869
2010-04-16 08:17:46.230000+00:00,2.58,32.6188333,-115.7398333,9.313,ci10614877
2010-04-16 08:25:23.500000+00:00,2.9,32.4328333,-115.5493333,0.333,ci10614901
2010-04-16 09:01:02.010000+00:00,2.72,32.6985,-116.0295,10.643,ci10614957
2010-04-16 09:08:11.260000+00:00,2.63,32.236,-115.2486667,8.984,ci37174581
2010-04-16 10:24:10.490000+00:00,2.55,32.3328333,-115.3173333,14.432,ci10615133
2010-04-16 10:35:41.830000+00:00,2.71,32.6526667,-115.8553333,9.718,ci10615157
2010-04-16 10:49:18.240000+00:00,2.8,32.6701667,-115.7803333,8.067,ci10615181
2010-04-16 11:25:02.910000+00:00,2.97,32.463,-115.633,5.103,ci32037759
2010-04-16 12:28:25.100000+00:00,2.69,32.3438333,-115.3321667,8.984,ci10615413
2010-04-16 13:16:19.320000+00:00,3.69,32.2196667,-115.2655,8.979,ci10615501
2010-04-16 14:28:43.960000+00:00,3.77,32.092,-115.1821667,9.419,ci10615613
2010-04-16 14:30:00.120000+00:00,2.73,32.2855,-115.3386667,18.622,ci32093759
2010-04-16 14:36:19.940000+00:00,2.67,32.2078333,-115.2746667,9.436,ci10615629
2010-04-16 15:08:43.820000+00:00,2.69,32.676,-115.7723333,8.817,ci10615661
2010-04-16 15:44:29.860000+00:00,4.0,32.2963333,-115.346,9.432,ci10615725
2010-04-16 16:06:37.760000+00:00,2.73,32.2661667,-115.2718333,13.081,ci10615789
2010-04-16 16:39:33.020000+00:00,3.02,32.239,-115.349,9.438,ci10615853
2010-04-16 16:56:04.640000+00:00,2.76,32.2628333,-115.2753333,9.43,ci10615861
2010-04-16 17:02:48.340000+00:00,2.71,32.0546667,-115.0233333,15.953,ci10615893
2010-04-16 17:04:43.840000+00:00,2.57,32.3025,-115.331,9.432,ci10615877
2010-04-16 17:10:22.820000+00:00,2.59,32.321,-115.331,13.666,ci10615901
2010-04-16 17:59:22.350000+00:00,2.73,32.2103333,-115.2596667,4.717,ci10616029
2010-04-16 17:59:44.060000+00:00,2.51,32.3695,-115.4708333,9.995,ci37177309
2010-04-16 18:19:02.490000+00:00,2.57,32.2691667,-115.318,17.027,ci10616061
2010-04-16 18:44:36.130000+00:00,2.51,32.2088333,-115.26,14.306,ci10616117
2010-04-16 19:03:24.300000+00:00,2.93,32.1876667,-115.2008333,13.223,ci10616133
2010-04-16 19:20:09.480000+00:00,2.95,32.7041667,-115.7781667,8.657,ci10616181
2010-04-16 19:26:11.100000+00:00,2.76,32.6293333,-115.7271667,2.985,ci10616205
2010-04-16 19:48:17.770000+00:00,2.57,32.6186667,-115.7636667,7.603,ci10616253
2010-04-16 20:13:40.240000+00:00,3.28,32.1878333,-115.2206667,8.979,ci10616293
2010-04-16 21:17:23.560000+00:00,2.74,32.3105,-115.3138333,18.812,ci10616357
2010-04-16 21:28:44.080000+00:00,3.39,32.66,-115.7706667,8.537,ci10616381
2010-04-16 21:56:50.760000+00:00,2.73,32.597,-115.7248333,8.125,ci10616421
2010-04-16 22:12:31.940000+00:00,2.84,32.6071667,-115.7543333,3.043,ci10616461
2010-04-16 22:21:39.080000+00:00,2.59,32.2771667,-115.3656667,10.453,ci10616493
2010-04-16 22:24:36.980000+00:00,3.07,32.2881667,-115.3901667,7.041,ci10616485
2010-04-16 22:26:56.620000+00:00,2.68,32.2326667,-115.4103333,9.548,ci37178853
2010-04-16 23:16:01.260000+00:00,2.76,32.6348333,-115.7496667,9.877,ci10616573
2010-04-16 23:54:50.160000+00:00,3.72,32.6098333,-115.7593333,7.243,ci10616661
2010-04-17 00:42:24.690000+00:00,3.05,32.1855,-115.2123333,17.603,ci10616741
2010-04-17 01:02:47.370000+00:00,2.78,32.1801667,-115.1985,4.56,ci10616789
2010-04-17 02:30:21.760000+00:00,2.57,36.631,-119.2796667,22.488,nc71383706
2010-04-17 03:16:22.960000+00:00,2.58,32.2118333,-115.2996667,17.743,ci10616965
2010-04-17 04:21:17.830000+00:00,2.69,32.2303333,-115.2691667,4.369,ci10617093
2010-04-17 04:37:03.920000+00:00,2.88,32.373,-115.4668333,13.641,ci10617149
2010-04-17 05:39:07.880000+00:00,2.59,32.2535,-115.3216667,12.993,ci10617253
2010-04-17 05:52:57.020000+00:00,3.38,32.2383333,-115.2631667,15.556,ci10617277
2010-04-17 05:53:24.030000+00:00,2.77,32.6828333,-115.7591667,5.13,ci32373767
2010-04-17 06:37:55.350000+00:00,2.73,32.5315,-115.6358333,8.223,ci10617373
2010-04-17 06:57:26.540000+00:00,2.56,32.4006667,-115.4735,11.234,ci10617397
2010-04-17 07:45:24.580000+00:00,3.3,32.0536667,-115.0426667,17.1,ci10617493
2010-04-17 07:51:01.820000+00:00,2.67,32.2111667,-115.2753333,13.899,ci10617501
2010-04-17 08:12:19.340000+00:00,2.87,32.319,-115.3103333,9.264,ci10617541
2010-04-17 09:06:56.720000+00:00,3.26,32.5861667,-115.6741667,8.935,ci10617613
2010-04-17 10:15:41.740000+00:00,2.83,32.609,-115.7058333,6.825,ci10617685
2010-04-17 10:56:31.730000+00:00,2.74,32.2051667,-115.2688333,19.357,ci10617773
2010-04-17 12:43:04.130000+00:00,3.42,32.5368333,-115.6111667,13.994,ci10617949
2010-04-17 13:48:02.080000+00:00,2.5,32.2225,-115.3443333,14.068,ci10618093
2010-04-17 13:58:13.410000+00:00,2.71,32.1138333,-115.1408333,18.61,ci10618117
2010-04-17 14:37:30.110000+00:00,2.51,32.0636667,-115.0871667,4.053,ci10618165
2010-04-17 14:50:05.850000+00:00,2.95,32.4955,-115.6333333,7.403,ci10618205
2010-04-17 16:09:54.080000+00:00,4.12,32.3096667,-115.3425,8.971,ci10618341
2010-04-17 17:25:22.550000+00:00,3.15,32.2443333,-115.3541667,13.982,ci10618469
2010-04-17 18:21:20.190000+00:00,2.77,32.6928333,-115.8411667,4.598,ci10618525
2010-04-17 18:24:20.940000+00:00,2.62,32.1515,-115.2335,10.669,ci10618541
2010-04-17 18:41:27.910000+00:00,2.73,32.6921667,-115.8406667,4.518,ci10618573
2010-04-17 18:41:49.260000+00:00,2.52,32.4468333,-115.576,4.435,ci37172365
2010-04-17 18:55:42.680000+00:00,3.05,32.2565,-115.396,13.943,ci10618621
2010-04-17 19:41:22.790000+00:00,3.91,32.5151667,-115.5961667,12.084,ci10618741
2010-04-17 19:46:59.260000+00:00,3.09,32.075,-115.168,7.849,ci10618781
2010-04-17 19:53:25.470000+00:00,2.92,32.1353333,-115.2148333,13.96,ci10618789
2010-04-17 21:28:02.760000+00:00,3.72,32.321,-115.3898333,3.411,ci10618989
2010-04-17 21:34:50.090000+00:00,2.88,34.2053333,-117.5378333,8.143,ci10618997
2010-04-18 02:10:19.530000+00:00,2.97,32.1118333,-115.1681667,13.746,ci10619485
2010-04-18 02:27:28.530000+00:00,3.5,32.6871667,-115.778,5.447,ci10619533
2010-04-18 02:33:42.570000+00:00,2.6,32.6203333,-115.7753333,4.623,ci10619541
2010-04-18 03:12:35.620000+00:00,3.02,32.2775,-115.3443333,13.194,ci10619605
2010-04-18 03:16:58.280000+00:00,3.75,32.0675,-115.1091667,8.95,ci10619629
2010-04-18 03:27:30.610000+00:00,2.54,32.0666667,-115.1138333,13.972,ci10619653
2010-04-18 05:29:26.080000+00:00,2.9,32.0488333,-115.0778333,8.249,ci10619853
2010-04-18 06:21:19.550000+00:00,2.63,32.3456667,-115.4106667,8.571,ci10619941
2010-04-18 06:25:48.580000+00:00,2.68,32.7203333,-115.8741667,0.778,ci10619949
2010-04-18 09:30:58.390000+00:00,3.22,32.361,-115.3258333,8.984,ci10620269
2010-04-18 09:36:34.530000+00:00,2.6,32.3971667,-115.5418333,13.835,ci10620285
2010-04-18 09:40:01.380000+00:00,2.74,32.2468333,-115.29,14.602,ci10620301
2010-04-18 10:30:52.120000+00:00,3.45,32.686,-115.8421667,5.028,ci10620421
2010-04-18 12:04:45.190000+00:00,2.68,32.0803333,-115.1111667,13.352,ci10620613
2010-04-18 14:37:10.970000+00:00,2.51,32.2296667,-115.2188333,13.689,ci10620917
2010-04-18 14:54:23.240000+00:00,2.67,32.6141667,-115.7638333,5.503,ci10620933
2010-04-18 15:02:10.630000+00:00,2.5,32.6603333,-115.7233333,6.795,ci10620965
2010-04-18 15:51:34.950000+00:00,2.86,32.6645,-115.8596667,9.288,ci10621061
2010-04-18 16:07:45.520000+00:00,2.54,32.2885,-115.3691667,14.238,ci10621093
2010-04-18 16:49:29.450000+00:00,2.83,32.288,-115.364,9.438,ci10621125
2010-04-18 16:50:54.860000+00:00,2.76,32.2248333,-115.2793333,13.019,ci10621133
2010-04-18 17:04:18.420000+00:00,3.12,32.157,-115.2171667,16.197,ci10621141
2010-04-18 18:00:04.280000+00:00,2.53,32.2438333,-115.309,12.331,ci10621245
2010-04-18 18:36:15.500000+00:00,2.85,32.2326667,-115.3573333,9.995,ci10621285
2010-04-18 18:37:35.290000+00:00,2.81,32.6786667,-115.8098333,7.303,ci10621293
2010-04-18 18:40:42.540000+00:00,2.61,32.4193333,-115.5291667,13.155,ci10621301
2010-04-18 19:08:42.440000+00:00,2.6,33.9665,-117.762,11.502,ci10621349
2010-04-18 20:47:29.380000+00:00,2.61,32.2681667,-115.3233333,9.432,ci10621493
2010-04-18 21:27:20.030000+00:00,3.28,32.409,-115.5435,8.316,ci10621613
2010-04-18 21:31:45.210000+00:00,2.96,32.6895,-115.7583333,8.777,ci10621629
2010-04-18 22:02:53.620000+00:00,2.69,32.2778333,-115.3628333,9.438,ci10621701
2010-04-18 22:07:32.340000+00:00,2.55,32.5756667,-115.7073333,6.813,ci10621717
2010-04-18 22:27:58.410000+00:00,2.64,32.6111667,-115.7408333,10.105,ci10621781
2010-04-18 23:19:57.420000+00:00,3.04,32.0763333,-115.0806667,8.987,ci10621869
2010-04-18 23:35:56.630000+00:00,2.57,32.1968333,-115.2518333,12.957,ci10621885
2010-04-19 01:52:42.350000+00:00,3.67,32.3131667,-115.4068333,13.678,ci10622149
2010-04-19 02:07:38.500000+00:00,3.56,32.3456667,-115.3245,14.754,ci10622189
2010-04-19 02:18:15.740000+00:00,2.78,32.3156667,-115.3718333,8.773,ci10622213
2010-04-19 02:26:46.290000+00:00,3.21,32.3596667,-115.3363333,1.633,ci10622229
2010-04-19 03:36:43.410000+00:00,2.77,32.7456667,-115.883,9.558,ci10622341
2010-04-19 04:26:08.310000+00:00,4.21,32.6953333,-115.8426667,9.05,ci10622405
2010-04-19 04:54:38.350000+00:00,2.99,32.7001667,-115.8448333,8.888,ci10622453
2010-04-19 07:09:20.010000+00:00,2.5,32.1871667,-115.272,14.193,ci10622685
2010-04-19 07:53:19.290000+00:00,2.53,33.2183333,-115.5156667,4.729,ci10622781
2010-04-19 07:54:45.090000+00:00,3.27,32.0755,-115.0545,15.61,ci10622789
2010-04-19 09:31:58.170000+00:00,2.52,32.1366667,-115.1743333,18.336,ci10622925
2010-04-19 10:30:39.490000+00:00,3.0,32.6421667,-115.7455,3.997,ci10623045
2010-04-19 10:59:58.380000+00:00,2.54,32.3315,-115.4135,8.873,ci10623117
2010-04-19 14:39:13.470000+00:00,3.1,32.1728333,-115.1871667,15.512,ci10623557
2010-04-19 15:10:59.280000+00:00,2.77,32.4515,-115.5401667,1.775,ci10623629
2010-04-19 15:20:45.410000+00:00,2.92,32.2716667,-115.3876667,-0.897,ci10623661
2010-04-19 15:48:39.290000+00:00,2.62,32.6895,-115.943,12.348,ci10623749
2010-04-19 16:02:57.640000+00:00,2.61,32.2481667,-115.3238333,10.921,ci10623797
2010-04-19 18:40:59.930000+00:00,2.84,32.1826667,-115.2006667,15.222,ci10624109
2010-04-19 18:48:44.750000+00:00,3.04,32.653,-115.717,8.675,ci10624125
2010-04-19 18:59:02.190000+00:00,2.74,32.6383333,-115.7301667,2.665,ci10624165
2010-04-19 19:28:36.750000+00:00,2.7,32.1621667,-115.2138333,13.27,ci10624253
2010-04-19 20:11:19.330000+00:00,2.53,32.2206667,-115.2465,13.03,ci10624349
2010-04-19 20:40:13.560000+00:00,2.52,32.168,-115.2426667,12.052,ci10624421
2010-04-19 20:43:04.850000+00:00,2.53,32.1471667,-115.1668333,15.562,ci10624429
2010-04-19 21:35:21.240000+00:00,2.52,32.3025,-115.4041667,7.251,ci10624549
2010-04-20 01:13:21.600000+00:00,2.65,32.676,-115.7756667,9.507,ci10625013
2010-04-20 01:16:27.270000+00:00,2.62,32.6468333,-115.7346667,4.115,ci10625021
2010-04-20 02:14:47.180000+00:00,2.59,32.1298333,-115.1565,13.622,ci10625141
2010-04-20 03:09:44.900000+00:00,3.19,32.3628333,-115.3143333,8.533,ci10625213
2010-04-20 03:30:46.870000+00:00,2.51,32.2066667,-115.288,17.349,ci10625245
2010-04-20 03:48:14.730000+00:00,2.69,32.1168333,-115.1373333,14.819,ci10625277
2010-04-20 04:25:42.960000+00:00,2.81,32.1346667,-115.1243333,13.059,ci10625357
2010-04-20 04:27:22.840000+00:00,2.66,32.6593333,-115.8405,6.788,ci10625373
2010-04-20 05:15:43.850000+00:00,3.32,32.1835,-115.2608333,14.366,ci10625445
2010-04-20 05:22:54.960000+00:00,2.66,33.6711667,-117.9396667,8.387,ci10625469
2010-04-20 06:30:30.980000+00:00,3.03,32.7258333,-115.8995,1.698,ci10625565
2010-04-20 07:30:25.360000+00:00,3.24,32.2355,-115.2571667,12.666,ci10625661
2010-04-20 09:17:15.530000+00:00,2.72,32.0546667,-115.0863333,11.099,ci10625845
2010-04-20 10:04:46.110000+00:00,2.52,32.6911667,-115.7988333,8.805,ci10625941
2010-04-20 10:37:56.160000+00:00,2.56,32.5593333,-115.6985,6.713,ci10625989
2010-04-20 10:53:26.170000+00:00,2.64,32.0355,-115.0936667,6.02,ci10626005
2010-04-20 14:21:37.450000+00:00,2.51,32.4401667,-115.5613333,8.566,ci10626309
2010-04-20 15:00:28.810000+00:00,3.64,32.6443333,-115.7188333,9.715,ci10626357
2010-04-20 19:07:35.860000+00:00,3.03,32.5493333,-115.64,10.323,ci10626661
2010-04-20 22:12:51.340000+00:00,2.51,32.1911667,-115.2625,9.709,ci10626917
2010-04-20 22:40:07.680000+00:00,2.74,32.2896667,-115.3753333,12.631,ci10626973
2010-04-21 00:15:10.930000+00:00,2.64,32.2638333,-115.375,4.353,ci10627061
2010-04-21 00:28:40.510000+00:00,2.6,32.2346667,-115.3388333,12.973,ci10627093
2010-04-21 00:48:40.940000+00:00,2.93,32.1655,-115.2248333,17.526,ci10627109
2010-04-21 03:41:41.100000+00:00,2.58,32.707,-116.0286667,9.793,ci10627221
2010-04-21 03:56:55.300000+00:00,2.88,32.234,-115.328,8.613,ci10627229
2010-04-21 04:06:19.400000+00:00,2.79,32.2605,-115.3075,17.633,ci10627245
2010-04-21 04:19:13.830000+00:00,2.54,32.2148333,-115.2618333,17.289,ci10627261
2010-04-21 04:20:07.650000+00:00,2.64,32.231,-115.2635,12.999,ci10145602
2010-04-21 05:28:07.870000+00:00,2.63,32.2446667,-115.31,1.341,ci10627365
2010-04-21 08:02:42.900000+00:00,2.64,32.7096667,-115.8798333,5.218,ci10627445
2010-04-21 09:33:32.960000+00:00,2.86,32.4355,-115.5431667,12.668,ci10627565
2010-04-21 10:37:14.570000+00:00,4.15,32.5258333,-115.6181667,12.993,ci10627653
2010-04-21 10:53:47.810000+00:00,2.77,32.2966667,-115.3391667,9.221,ci10627669
2010-04-21 11:01:06.700000+00:00,2.9,32.6833333,-115.8401667,8.63,ci10627685
2010-04-21 11:15:48.940000+00:00,2.96,32.2965,-115.3443333,0.453,ci10627701
2010-04-21 11:51:29.170000+00:00,2.56,32.0495,-115.0606667,11.46,ci37171611
2010-04-21 13:33:46.930000+00:00,3.09,32.248,-115.3315,11.971,ci10627813
2010-04-21 16:46:42.810000+00:00,2.71,32.3156667,-115.316,9.201,ci10627957
2010-04-21 18:01:22.800000+00:00,2.54,32.3136667,-115.4105,7.614,ci10628037
2010-04-21 20:02:42.850000+00:00,2.66,32.1908333,-115.1,14.98,ci10628149
2010-04-21 20:04:28.610000+00:00,2.77,32.1153333,-115.0491667,16.739,ci10628165
2010-04-21 20:07:36.870000+00:00,2.59,32.109,-115.0668333,12.589,ci10628157
2010-04-21 21:22:57.100000+00:00,2.53,32.0731667,-115.2095,6.922,ci10628229
2010-04-21 21:43:22.380000+00:00,3.23,32.5146667,-115.6276667,9.633,ci10628237
2010-04-21 22:05:06.030000+00:00,2.61,32.7,-115.7465,9.325,ci10628269
2010-04-21 22:45:19.550000+00:00,3.39,32.6523333,-115.7446667,3.077,ci10628293
2010-04-21 23:31:42.440000+00:00,2.82,32.0828333,-115.2468333,13.532,ci10628317
2010-04-22 02:03:29.070000+00:00,2.99,32.11,-115.161,10.889,ci10628413
2010-04-22 02:09:45.110000+00:00,2.57,32.296,-115.3611667,8.791,ci10628421
2010-04-22 04:43:46.230000+00:00,3.12,32.221,-115.3565,4.739,ci32613759
2010-04-22 04:49:06.400000+00:00,2.58,32.121,-115.184,17.849,ci10628573
2010-04-22 04:51:59.600000+00:00,2.5,32.1843333,-115.3161667,8.023,ci10628565
2010-04-22 06:08:01.580000+00:00,2.61,32.6255,-115.726,3.453,ci10628669
2010-04-22 08:18:20.040000+00:00,2.86,32.6955,-115.7818333,7.397,ci10628749
2010-04-22 10:50:37.840000+00:00,2.76,32.6551667,-115.7421667,2.815,ci10628917
2010-04-22 11:10:33.020000+00:00,3.04,32.2245,-115.3443333,12.441,ci10628973
2010-04-22 11:30:58.040000+00:00,2.67,32.2288333,-115.301,11.121,ci10629045
2010-04-22 11:31:20.460000+00:00,2.81,32.0273333,-115.0761667,8.949,ci37120524
2010-04-22 11:40:08.120000+00:00,2.62,32.6903333,-115.8405,6.15,ci10629053
2010-04-22 11:55:14.730000+00:00,2.69,32.7,-115.8381667,8.91,ci10629077
2010-04-22 13:49:09.210000+00:00,2.74,32.7,-115.9318333,8.428,ci10629165
2010-04-22 14:16:33.760000+00:00,2.63,32.211,-115.3113333,14.844,ci10629205
2010-04-22 14:22:03.390000+00:00,4.21,32.6703333,-115.8073333,4.945,ci10629213
2010-04-22 14:32:22.230000+00:00,2.67,32.6686667,-115.7891667,7.735,ci10629237
2010-04-22 14:58:17.150000+00:00,2.52,32.7063333,-115.9256667,8.698,ci10629277
2010-04-22 15:29:18.070000+00:00,2.66,32.1853333,-115.3298333,4.324,ci10629333
2010-04-22 16:45:10.320000+00:00,2.66,32.0991667,-115.1305,16.889,ci10629421
2010-04-22 16:58:44.860000+00:00,2.67,32.6743333,-115.7895,8.045,ci10629445
2010-04-22 17:03:43.340000+00:00,2.67,32.661,-115.7868333,8.145,ci10629461
2010-04-22 17:12:13.050000+00:00,4.63,32.6595,-115.8075,5.315,ci10629477
2010-04-22 17:19:08.980000+00:00,2.7,32.274,-115.3141667,7.771,ci10629485
2010-04-22 17:35:46.370000+00:00,3.33,32.1568333,-115.282,1.879,ci10629517
2010-04-22 17:52:27.380000+00:00,3.33,32.6615,-115.7978333,7.965,ci10629541
2010-04-22 19:01:17.640000+00:00,2.84,32.2303333,-115.2798333,9.389,ci10629629
2010-04-22 20:33:41.560000+00:00,2.75,32.268,-115.334,7.791,ci10629741
2010-04-22 22:30:05.520000+00:00,3.33,32.0493333,-115.101,8.95,ci10629877
2010-04-22 22:49:00.060000+00:00,2.64,32.6783333,-115.821,9.585,ci10629909
2010-04-22 23:20:03.810000+00:00,3.02,32.1398333,-115.1725,15.126,ci10629973
2010-04-22 23:28:26.020000+00:00,3.8,32.6541667,-115.7626667,3.255,ci10630013
2010-04-22 23:49:42.160000+00:00,2.56,32.4421667,-115.5506667,1.016,ci10630077
2010-04-23 00:25:19.440000+00:00,2.5,32.1248333,-115.2003333,11.962,ci37117412
2010-04-23 00:59:12.020000+00:00,3.9,32.2443333,-115.3305,-0.289,ci10630189
2010-04-23 02:11:10.280000+00:00,2.6,32.2673333,-115.3435,8.147,ci32637759
2010-04-23 02:11:14.320000+00:00,2.91,32.5703333,-115.6836667,8.513,ci10630277
2010-04-23 02:26:33.090000+00:00,2.55,32.7341667,-115.88,2.228,ci10146342
2010-04-23 02:42:39.620000+00:00,2.89,32.6653333,-115.8238333,9.615,ci10630453
2010-04-23 02:43:46.030000+00:00,2.74,32.744,-115.8226667,3.022,ci10630469
2010-04-23 02:59:57.420000+00:00,3.18,32.1983333,-115.2768333,11.873,ci10630517
2010-04-23 03:10:25.500000+00:00,2.62,32.4416667,-115.5846667,9.446,ci10630549
2010-04-23 03:15:12.420000+00:00,2.67,32.6681667,-115.795,7.465,ci10630557
2010-04-23 05:31:33.570000+00:00,2.84,32.496,-115.6365,0.673,ci10630741
2010-04-23 08:27:00.580000+00:00,2.9,32.6491667,-115.7921667,1.395,ci10631021
2010-04-23 09:20:15.220000+00:00,2.57,32.2733333,-115.298,12.179,ci10631109
2010-04-23 09:30:26.130000+00:00,3.75,32.2745,-115.3368333,14.301,ci10631117
2010-04-23 10:34:02.580000+00:00,2.72,32.2191667,-115.2495,9.389,ci10631237
2010-04-23 11:07:42.640000+00:00,2.63,32.149,-115.3538333,-0.757,ci10631269
2010-04-23 15:31:50.340000+00:00,2.85,32.1101667,-115.2065,18.452,ci10631597
2010-04-23 18:24:26.860000+00:00,3.42,32.2171667,-115.2641667,13.589,ci10631781
2010-04-23 18:25:03.060000+00:00,3.19,32.085,-115.1821667,13.644,ci37119516
2010-04-23 19:01:26.580000+00:00,2.81,32.3116667,-115.4206667,6.023,ci10631813
2010-04-23 20:18:34.030000+00:00,3.14,32.5886667,-115.7101667,3.193,ci10631885
2010-04-23 20:33:53.580000+00:00,2.76,36.0738333,-117.8871667,1.217,ci10631941
2010-04-23 20:45:54.550000+00:00,2.53,32.6283333,-115.7958333,4.108,ci10632013
2010-04-23 21:07:16.530000+00:00,2.74,32.3161667,-115.3851667,0.568,ci10632045
2010-04-23 21:44:08.770000+00:00,2.72,32.1711667,-115.1746667,13.282,ci10632093
2010-04-23 22:04:03.670000+00:00,2.72,32.647,-115.7296667,4.345,ci10632109
2010-04-24 00:37:55.600000+00:00,2.62,32.8375,-116.0898333,5.36,ci10632413
2010-04-24 01:35:09.660000+00:00,2.57,32.3731667,-115.411,19.291,ci10632557
2010-04-24 01:47:17.290000+00:00,2.56,32.2501667,-115.3431667,12.541,ci10632573
2010-04-24 01:47:59.300000+00:00,2.57,36.322,-120.5145,13.717,nc71387341
2010-04-24 01:48:33.620000+00:00,2.57,32.1731667,-115.2743333,8.73,ci37117652
2010-04-24 03:02:05.770000+00:00,2.68,32.6741667,-115.7793333,9.115,ci10632693
2010-04-24 03:54:33.020000+00:00,2.5,32.1416667,-115.2553333,9.389,ci10632765
2010-04-24 04:24:14.580000+00:00,2.88,33.1603333,-116.4463333,13.43,ci10632781
2010-04-24 06:07:49+00:00,3.17,32.6421667,-115.7341667,3.885,ci10632853
2010-04-24 06:34:45.740000+00:00,2.65,32.2583333,-115.4016667,-0.609,ci10632893
2010-04-24 12:02:44.950000+00:00,3.28,32.146,-115.255,14.356,ci10633389
2010-04-24 13:57:51.710000+00:00,3.32,32.224,-115.294,15.433,ci10633517
2010-04-24 14:01:15.710000+00:00,2.62,32.0705,-115.1421667,9.396,ci10633533
2010-04-24 14:57:22.460000+00:00,2.59,32.2046667,-115.275,15.913,ci37118156
2010-04-24 14:57:29.850000+00:00,2.74,32.2588333,-115.2818333,9.823,ci10633605
2010-04-24 15:13:48.070000+00:00,2.52,32.6841667,-115.8048333,8.225,ci10633637
2010-04-24 15:14:18.920000+00:00,2.63,32.2168333,-115.3098333,10.523,ci37118164
2010-04-24 18:56:50.300000+00:00,2.52,32.1908333,-115.2475,14.09,ci10633949
2010-04-24 20:06:59.200000+00:00,2.86,32.2225,-115.3456667,9.391,ci10634045
2010-04-24 21:05:38.890000+00:00,2.7,32.4365,-115.5571667,1.706,ci10634101
2010-04-24 21:59:30.550000+00:00,2.91,32.0175,-115.049,8.949,ci10634149
2010-04-24 22:53:12.840000+00:00,2.86,32.3528333,-115.3268333,9.534,ci10634221
2010-04-25 01:53:21.560000+00:00,2.5,32.119,-115.201,19.192,ci10634509
2010-04-25 02:33:22.160000+00:00,3.42,32.3545,-115.3993333,14.951,ci10634557
2010-04-25 02:34:45.200000+00:00,3.09,32.2911667,-115.3933333,7.261,ci10634565
2010-04-25 05:11:46.590000+00:00,3.83,32.1813333,-115.266,13.009,ci10634717
2010-04-25 05:44:54.970000+00:00,2.54,32.1643333,-115.3416667,4.723,ci10634749
2010-04-25 06:50:05.960000+00:00,2.5,32.343,-115.3451667,-0.197,ci10634853
2010-04-25 06:57:17.820000+00:00,3.3,32.2631667,-115.3418333,11.711,ci10634869
2010-04-25 09:50:24.760000+00:00,2.58,32.6693333,-115.8168333,8.995,ci10635101
2010-04-25 11:58:00.580000+00:00,2.51,32.6856667,-115.7915,6.355,ci10635285
2010-04-25 12:45:23.810000+00:00,2.65,32.0381667,-115.0825,8.959,ci10635365
2010-04-25 14:54:16.790000+00:00,2.96,32.6826667,-115.9196667,9.848,ci10635525
2010-04-25 16:41:05.100000+00:00,2.68,32.1033333,-115.0465,17.76,ci10635709
2010-04-25 18:04:01.280000+00:00,3.82,32.338,-115.3305,2.994,ci10635781
2010-04-25 18:35:26.350000+00:00,2.96,32.0461667,-115.117,9.382,ci37117252
2010-04-25 18:35:38.140000+00:00,3.92,32.0428333,-115.0511667,14.416,ci10635813
2010-04-25 20:58:07.360000+00:00,2.64,32.5696667,-115.6905,9.233,ci10636037
2010-04-25 23:09:11.610000+00:00,2.66,32.2516667,-115.3365,8.171,ci10636245
2010-04-26 03:26:49.770000+00:00,3.02,32.1243333,-115.2258333,9.389,ci10636565
2010-04-26 07:44:02.510000+00:00,3.26,32.1683333,-115.2743333,6.429,ci10636885
2010-04-26 08:04:38.560000+00:00,2.7,32.1721667,-115.2598333,7.299,ci10636917
2010-04-26 08:04:42.790000+00:00,2.8,34.4025,-119.307,12.877,ci10636909
2010-04-26 09:46:38.200000+00:00,2.71,32.6856667,-115.7888333,7.895,ci10637013
2010-04-26 13:23:10.490000+00:00,2.62,32.1258333,-115.2431667,9.389,ci37158283
2010-04-26 14:53:50.840000+00:00,2.78,32.0715,-115.1633333,12.359,ci14680404
2010-04-26 15:09:05.250000+00:00,2.54,32.5403333,-115.6768333,4.303,ci14680428
2010-04-26 15:14:22.530000+00:00,3.82,32.2161667,-115.2363333,18.686,ci14680436
2010-04-26 16:10:53.490000+00:00,3.4,32.4261667,-115.5443333,7.636,ci14680500
2010-04-26 19:43:48.600000+00:00,2.65,32.4511667,-115.5611667,9.726,ci14680788
2010-04-26 20:14:58.730000+00:00,3.34,36.5695,-120.3831667,8.624,nc71388751
2010-04-26 20:44:40.080000+00:00,2.95,32.2666667,-115.4415,4.093,ci14680868
2010-04-26 21:04:31.330000+00:00,2.76,32.3035,-115.3875,7.374,ci14680924
2010-04-26 22:54:06.550000+00:00,2.82,32.2825,-115.4191667,-1.027,ci14681028
2010-04-27 00:09:47.420000+00:00,3.96,32.2725,-115.3533333,13.471,ci14681116
2010-04-27 00:19:01.940000+00:00,3.4,32.274,-115.3536667,8.701,ci14681124
2010-04-27 01:39:45.330000+00:00,3.01,32.2365,-115.28,14.247,ci14681228
2010-04-27 01:59:38.460000+00:00,2.61,32.7231667,-115.8531667,3.968,ci14681276
2010-04-27 03:33:56.270000+00:00,2.74,32.2655,-115.3481667,9.541,ci14681364
2010-04-27 04:35:45.300000+00:00,2.56,32.102,-115.156,16.742,ci14681436
2010-04-27 08:57:58.030000+00:00,2.92,32.3005,-115.4005,17.848,ci14681828
2010-04-27 09:31:11.950000+00:00,2.88,32.1718333,-115.214,17.939,ci14681876
2010-04-27 10:40:02.510000+00:00,2.51,32.0695,-115.0533333,14.489,ci14681972
2010-04-27 10:55:35.720000+00:00,4.58,32.6921667,-115.8465,3.278,ci14682004
2010-04-27 10:57:19+00:00,3.21,32.7043333,-115.8381667,4.71,ci35989759
2010-04-27 10:57:58.360000+00:00,2.82,32.6926667,-115.8383333,3.24,ci35997759
2010-04-27 11:05:44.380000+00:00,2.67,32.685,-115.8436667,4.05,ci14682028
2010-04-27 11:20:17.420000+00:00,3.33,32.235,-115.2518333,18.189,ci14682092
2010-04-27 11:23:19.430000+00:00,2.64,32.6845,-115.8453333,3.13,ci14682188
2010-04-27 11:23:22.780000+00:00,2.98,32.6946667,-115.835,3.44,ci32733759
2010-04-27 11:25:09.340000+00:00,3.82,32.327,-115.3333333,10.161,ci14682284
2010-04-27 11:25:40.350000+00:00,3.75,32.3426667,-115.3601667,9.418,ci10147398
2010-04-27 11:35:48.660000+00:00,2.65,32.3638333,-115.3161667,4.604,ci37152539
2010-04-27 13:06:36.870000+00:00,3.07,32.6941667,-115.841,7.04,ci14682564
2010-04-27 13:29:11.780000+00:00,3.1,32.6936667,-115.843,6.338,ci14682676
2010-04-27 13:33:04.290000+00:00,2.68,32.6738333,-115.9151667,4.608,ci14682692
2010-04-27 13:34:12.910000+00:00,3.22,32.6813333,-115.914,4.358,ci14682700
2010-04-27 13:36:43.280000+00:00,2.92,32.6963333,-115.8408333,7.47,ci14682716
2010-04-27 13:41:38.980000+00:00,2.52,32.6791667,-115.912,4.058,ci14682740
2010-04-27 17:10:09.900000+00:00,2.58,32.2823333,-115.3901667,5.412,ci14683060
2010-04-27 17:12:50.030000+00:00,3.3,32.7383333,-115.8256667,4.492,ci14683068
2010-04-27 17:56:45.680000+00:00,2.62,32.8356667,-116.2193333,7.948,ci14683156
2010-04-27 18:12:21.450000+00:00,2.67,32.3355,-115.3288333,9.432,ci14683204
2010-04-27 18:43:01.920000+00:00,3.58,32.6685,-115.792,5.185,ci14683268
2010-04-27 20:19:02.970000+00:00,2.67,32.0683333,-114.9996667,8.949,ci14683452
2010-04-27 20:46:04.830000+00:00,3.44,32.216,-115.2163333,15.059,ci14683468
2010-04-27 21:29:35.520000+00:00,2.89,32.6833333,-115.8436667,4.548,ci14683556
2010-04-27 23:01:11.610000+00:00,2.51,32.3125,-115.323,2.364,ci14683652
2010-04-28 01:01:16.490000+00:00,3.39,32.6845,-115.8408333,2.96,ci14683836
2010-04-28 02:27:23.920000+00:00,2.95,32.2453333,-115.2761667,17.119,ci14683916
2010-04-28 02:56:57.420000+00:00,3.09,32.6993333,-115.8366667,3.9,ci14683996
2010-04-28 04:04:27.230000+00:00,2.76,32.2246667,-115.3016667,9.391,ci14684060
2010-04-28 14:29:19.030000+00:00,2.68,32.0398333,-115.0783333,13.102,ci14684740
2010-04-28 15:40:41.480000+00:00,3.59,32.3166667,-115.3693333,15.271,ci14684788
2010-04-28 17:00:15.160000+00:00,2.79,32.6211667,-115.7385,3.823,ci14684852
2010-04-28 17:12:56.130000+00:00,3.13,32.0653333,-115.0651667,9.39,ci14684876
2010-04-28 17:17:36.870000+00:00,2.57,32.3343333,-115.4231667,-0.599,ci14684892
2010-04-28 20:21:43.890000+00:00,2.61,32.2223333,-115.2858333,12.469,ci14685076
2010-04-28 20:29:38.060000+00:00,3.02,32.2998333,-115.3871667,8.394,ci14685092
2010-04-28 21:29:06.570000+00:00,2.72,32.7071667,-115.9473333,9.208,ci14685124
2010-04-28 22:06:49.220000+00:00,2.52,32.1968333,-115.3036667,4.56,ci14685148
2010-04-28 22:41:08.660000+00:00,2.62,32.3198333,-115.3301667,9.391,ci14685188
2010-04-28 23:06:05.050000+00:00,2.72,32.6185,-115.7365,10.273,ci14685212
2010-04-28 23:36:42.480000+00:00,2.77,32.7085,-115.9501667,8.958,ci14685220
2010-04-29 00:59:49.950000+00:00,2.73,32.6476667,-115.7378333,4.225,ci14685268
2010-04-29 01:23:26.870000+00:00,2.64,32.1753333,-115.2686667,8.379,ci14685316
2010-04-29 01:38:33.230000+00:00,2.64,32.3215,-115.383,12.521,ci14685332
2010-04-29 02:16:09.540000+00:00,2.89,32.0816667,-115.217,9.39,ci14685348
2010-04-29 02:51:25.270000+00:00,2.9,32.3098333,-115.3205,12.161,ci14685396
2010-04-29 03:45:04.740000+00:00,2.66,32.2578333,-115.2971667,3.243,ci14685420
2010-04-29 05:38:04.270000+00:00,2.79,32.6856667,-115.8163333,7.705,ci14685484
2010-04-29 05:53:48.890000+00:00,3.57,32.276,-115.3095,13.841,ci14685516
2010-04-29 06:28:51.430000+00:00,2.5,32.275,-115.3573333,2.581,ci14685548
2010-04-29 06:53:04.400000+00:00,2.55,34.1678333,-119.1408333,-0.157,ci14685564
2010-04-29 07:48:46.070000+00:00,2.66,32.3558333,-115.4911667,8.211,ci14685628
2010-04-29 14:59:41.100000+00:00,2.85,32.0888333,-115.2258333,14.19,ci14685876
2010-04-29 15:02:37.670000+00:00,2.8,32.3266667,-115.3075,10.864,ci14685884
2010-04-29 15:28:48.160000+00:00,2.77,32.611,-115.7253333,3.423,ci14685908
2010-04-29 15:32:20.100000+00:00,2.97,32.6046667,-115.7635,6.265,ci14685916
2010-04-29 17:51:15.810000+00:00,4.03,32.6125,-115.7673333,6.085,ci14686028
2010-04-29 17:51:50.430000+00:00,3.35,32.5816667,-115.75,6.875,ci32829759
2010-04-29 19:01:30.370000+00:00,2.89,32.101,-115.1503333,14.969,ci14686108
2010-04-29 19:37:00.150000+00:00,3.16,32.61,-115.7648333,7.685,ci14686124
2010-04-29 19:46:23.080000+00:00,2.78,32.1585,-115.19,9.968,ci14686132
2010-04-29 20:25:17.420000+00:00,3.48,32.6383333,-115.7236667,9.245,ci14686172
2010-04-29 21:20:44.770000+00:00,2.73,32.1366667,-115.1716667,9.974,ci14686268
2010-04-29 21:53:52.900000+00:00,3.24,32.6315,-115.7343333,3.363,ci14686340
2010-04-30 00:03:20.660000+00:00,2.55,32.616,-115.7708333,6.075,ci14686452
2010-04-30 00:09:47.210000+00:00,2.99,32.064,-115.1681667,18.222,ci14686460
2010-04-30 00:31:54.900000+00:00,3.08,32.1663333,-115.198,18.612,ci14686500
2010-04-30 00:54:21.510000+00:00,2.94,32.6633333,-115.6743333,9.315,ci14686508
2010-04-30 00:55:14.560000+00:00,2.58,32.609,-115.7688333,6.345,ci14686516
2010-04-30 01:18:00.220000+00:00,2.54,32.105,-115.1495,11.783,ci14686532
2010-04-30 04:50:05.680000+00:00,3.05,32.195,-115.2178333,17.892,ci14686692
2010-04-30 07:30:33.800000+00:00,2.98,32.671,-115.8288333,8.408,ci14686860
2010-04-30 10:37:49.030000+00:00,2.52,32.2128333,-115.2696667,18.741,ci14687028
2010-04-30 11:42:43.830000+00:00,2.5,32.1118333,-115.1515,13.732,ci14687092
2010-04-30 13:05:19.090000+00:00,2.75,32.1793333,-115.2696667,10.6,ci14687140
2010-04-30 13:08:16.560000+00:00,2.51,32.2088333,-115.2671667,12.97,ci14687148
2010-04-30 13:34:22.440000+00:00,2.63,32.2215,-115.2738333,9.39,ci14687156
2010-04-30 15:15:37.680000+00:00,3.19,32.5815,-115.654,12.285,ci14687260
2010-04-30 16:42:53.820000+00:00,2.52,32.2666667,-115.2741667,13.912,ci14687396
2010-04-30 17:18:00.200000+00:00,3.0,32.494,-115.563,13.735,ci14687420
2010-04-30 17:54:55.870000+00:00,2.54,32.1685,-115.219,15.54,ci14687444
2010-04-30 18:25:54.650000+00:00,2.74,32.6738333,-115.7698333,2.277,ci14687468
2010-04-30 19:10:35.540000+00:00,2.51,32.6763333,-115.7948333,8.595,ci14687500
2010-05-01 00:35:27.630000+00:00,3.61,32.2576667,-115.3225,2.881,ci14687740
2010-05-01 01:45:52.090000+00:00,3.78,32.3041667,-115.4633333,4.911,ci14687804
2010-05-01 04:24:38.630000+00:00,2.81,32.0436667,-115.0395,8.949,ci14687940
2010-05-01 05:02:45.290000+00:00,2.87,32.1216667,-115.2063333,17.67,ci14687988
2010-05-01 05:24:51.410000+00:00,2.53,32.0958333,-115.0471667,10.54,ci14688020
2010-05-01 07:18:09.430000+00:00,2.87,32.673,-115.829,5.678,ci14688180
2010-05-01 08:43:06.760000+00:00,3.46,32.7165,-115.8905,3.948,ci14688260
2010-05-01 08:45:52.250000+00:00,2.5,32.1163333,-115.225,13.81,ci14688268
2010-05-01 13:24:30.780000+00:00,2.98,35.5063333,-118.2825,4.45,ci14688476
2010-05-01 15:49:59.700000+00:00,2.71,32.2391667,-115.3948333,-0.396,ci14688620
2010-05-01 16:44:21.500000+00:00,2.55,32.4755,-115.6403333,3.164,ci14688644
2010-05-01 18:03:35.780000+00:00,2.61,32.226,-115.3448333,5.475,ci14688708
2010-05-01 18:32:12.200000+00:00,2.56,32.255,-115.32,5.544,ci14688732
2010-05-01 18:42:08.950000+00:00,2.53,32.6618333,-115.7586667,3.987,ci14688740
2010-05-01 19:43:30.920000+00:00,3.16,32.2793333,-115.3901667,5.794,ci14688820
2010-05-01 20:43:01.050000+00:00,2.52,32.1541667,-115.309,14.436,ci14688884
2010-05-01 22:30:53.790000+00:00,2.5,32.2488333,-115.3173333,4.6,ci10169502
2010-05-01 22:30:54.840000+00:00,3.37,32.2103333,-115.3181667,6.399,ci14688996
2010-05-01 22:31:29.730000+00:00,3.0,32.688,-115.797,5.475,ci14689004
2010-05-01 23:10:34.830000+00:00,2.8,32.2536667,-115.393,2.601,ci14689036
2010-05-01 23:28:15.590000+00:00,2.7,32.253,-115.4178333,1.023,ci14689060
2010-05-01 23:29:12.640000+00:00,2.75,32.255,-115.4225,1.391,ci14689076
2010-05-01 23:55:39.220000+00:00,2.51,32.2101667,-115.2501667,3.227,ci14689116
2010-05-02 02:06:46.820000+00:00,3.22,32.3453333,-115.466,14.391,ci14689228
2010-05-02 03:49:18.780000+00:00,2.61,32.6505,-115.7975,8.445,ci14689324
2010-05-02 04:03:26.210000+00:00,2.66,32.2036667,-115.249,14.39,ci14689356
2010-05-02 04:13:21.510000+00:00,2.64,32.0426667,-115.1713333,18.352,ci14689372
2010-05-02 04:59:15.510000+00:00,3.46,32.089,-115.0338333,11.72,ci14689420
2010-05-02 06:01:23.450000+00:00,2.83,32.1186667,-115.255,14.389,ci14689452
2010-05-02 06:53:35.190000+00:00,2.89,32.33,-115.4451667,1.371,ci14689516
2010-05-02 08:46:05.310000+00:00,3.92,32.3513333,-115.5525,13.936,ci14689652
2010-05-02 09:16:57.270000+00:00,2.58,32.13,-115.1873333,17.14,ci14689676
2010-05-02 09:41:01.790000+00:00,2.65,32.7158333,-115.8871667,3.668,ci14689700
2010-05-02 11:03:20.990000+00:00,2.81,32.6848333,-115.8556667,2.548,ci14689772
2010-05-02 11:33:45.910000+00:00,2.61,32.101,-115.2218333,14.427,ci14689796
2010-05-02 13:21:44.100000+00:00,3.01,32.1093333,-115.111,14.382,ci14689972
2010-05-02 13:23:10.180000+00:00,3.4,32.3761667,-115.4525,15.051,ci14689980
2010-05-02 13:45:04.530000+00:00,2.92,32.0411667,-115.0968333,12.696,ci14690004
2010-05-02 15:43:43.490000+00:00,2.55,32.28,-115.4276667,-0.549,ci14690116
2010-05-02 17:37:00.250000+00:00,2.99,36.5735,-120.3773333,11.844,nc71391511
2010-05-02 19:11:12.150000+00:00,2.87,32.0426667,-115.1901667,9.382,ci14690380
2010-05-02 20:27:56.100000+00:00,2.83,32.219,-115.3195,-0.589,ci14690476
2010-05-02 21:42:15.880000+00:00,2.63,33.702,-118.3608333,3.0,ci14690524
2010-05-02 22:27:57.160000+00:00,2.58,32.3871667,-115.5028333,0.561,ci14690596
2010-05-03 00:58:38.820000+00:00,2.7,32.0433333,-115.0978333,15.242,ci14690748
2010-05-03 01:42:59.390000+00:00,3.0,32.2026667,-115.3013333,15.541,ci14690804
2010-05-03 02:29:09.150000+00:00,3.01,32.5836667,-115.7641667,5.183,ci14690820
2010-05-03 03:05:22.240000+00:00,2.7,32.105,-115.2766667,-0.591,ci14690868
2010-05-03 03:34:48.550000+00:00,3.1,32.3943333,-115.5631667,12.666,ci32973759
2010-05-03 03:42:12.510000+00:00,3.03,32.3978333,-115.5588333,14.396,ci14690932
2010-05-03 03:44:26.470000+00:00,2.56,32.377,-115.5968333,5.616,ci14690940
2010-05-03 06:25:05.840000+00:00,2.77,32.0083333,-115.133,17.216,ci14691108
2010-05-03 12:21:36.990000+00:00,2.51,32.2543333,-115.3875,-0.549,ci14691444
2010-05-03 13:11:49.010000+00:00,2.68,32.2786667,-115.3905,5.534,ci14691500
2010-05-03 13:29:00.220000+00:00,2.53,32.6181667,-115.7863333,4.895,ci14691532
2010-05-03 13:33:35.850000+00:00,2.74,32.1381667,-115.3235,14.427,ci14691540
2010-05-03 18:32:42.240000+00:00,2.52,32.1033333,-115.1668333,14.15,ci14691844
2010-05-03 21:13:03.620000+00:00,2.81,32.022,-115.0466667,14.403,ci14691964
2010-05-04 02:35:28.400000+00:00,2.94,32.3173333,-115.4358333,19.181,ci14692260
2010-05-04 07:23:51.940000+00:00,2.67,32.267,-115.311,2.861,ci14692580
2010-05-04 08:05:28.590000+00:00,3.33,32.1863333,-115.2693333,14.259,ci14692612
2010-05-04 09:10:53.320000+00:00,3.5,32.0378333,-115.1978333,14.396,ci14692700
2010-05-04 10:08:20.410000+00:00,2.51,32.074,-115.1441667,16.772,ci14692772
2010-05-04 11:26:32.050000+00:00,4.68,32.2636667,-115.2866667,14.059,ci14692836
2010-05-04 11:38:21.440000+00:00,3.4,33.7825,-120.276,8.532,ci14692844
2010-05-04 13:23:48.630000+00:00,2.91,32.7016667,-116.0338333,10.943,ci14692988
2010-05-04 18:24:32.610000+00:00,3.17,32.7065,-115.7891667,6.487,ci14693268
2010-05-04 21:14:51.120000+00:00,2.62,32.122,-115.1703333,14.802,ci14693468
2010-05-04 23:38:32.600000+00:00,2.51,32.7345,-115.8283333,4.442,ci14693644
2010-05-05 02:17:58.500000+00:00,2.94,32.1726667,-115.247,12.719,ci14693852
2010-05-05 02:19:04.850000+00:00,2.84,32.202,-115.2993333,6.61,ci36905799
2010-05-05 02:21:45.890000+00:00,2.6,32.1915,-115.2393333,12.979,ci14693868
2010-05-05 06:02:47.240000+00:00,2.76,32.2046667,-115.2853333,13.35,ci14694124
2010-05-05 06:52:03.400000+00:00,2.95,32.7191667,-115.8863333,2.868,ci14694220
2010-05-05 06:58:35.640000+00:00,3.93,32.7153333,-115.887,2.958,ci14694236
2010-05-05 08:55:40.550000+00:00,3.8,32.7213333,-115.888,2.058,ci14694388
2010-05-05 09:00:47.420000+00:00,2.54,32.7225,-115.8858333,1.678,ci14694404
2010-05-05 10:12:23.570000+00:00,2.56,32.2868333,-115.3773333,9.438,ci14694556
2010-05-05 10:25:03.630000+00:00,3.01,33.7685,-120.263,5.476,ci14694564
2010-05-05 11:06:27.870000+00:00,2.96,32.2111667,-115.3818333,-0.489,ci14694628
2010-05-05 11:07:50.070000+00:00,3.71,32.2188333,-115.286,18.709,ci14694636
2010-05-05 13:37:50.560000+00:00,2.66,32.7181667,-115.8756667,2.328,ci14694772
2010-05-05 18:25:56.090000+00:00,3.31,32.6803333,-115.9341667,8.168,ci14695068
2010-05-05 18:35:56.540000+00:00,2.53,32.2996667,-115.3825,1.98,ci14695100
2010-05-05 21:38:07.450000+00:00,3.29,32.2608333,-115.3586667,2.371,ci14695300
2010-05-05 21:39:32.200000+00:00,3.35,32.0511667,-115.0971667,9.842,ci33029759
2010-05-05 21:40:56.600000+00:00,3.78,32.0125,-115.0161667,9.96,ci14695308
2010-05-05 21:41:57.030000+00:00,3.78,32.131,-115.08,14.396,ci36934359
2010-05-05 21:46:18.980000+00:00,3.02,32.0488333,-115.0906667,7.056,ci14695324
2010-05-05 21:55:21.200000+00:00,3.32,32.0625,-115.041,14.39,ci14695340
2010-05-05 21:58:15.830000+00:00,2.86,32.0336667,-115.0875,12.692,ci14695356
2010-05-05 23:38:38.280000+00:00,2.57,32.71,-115.9036667,4.318,ci14695436
2010-05-06 03:20:51.820000+00:00,2.83,32.707,-115.8701667,4.778,ci14695564
2010-05-06 04:16:48.380000+00:00,3.71,35.9563333,-117.3381667,1.368,ci14695652
2010-05-06 04:17:24.740000+00:00,3.0,32.706,-115.8681667,4.728,ci14695660
2010-05-06 05:45:35.080000+00:00,2.54,32.7091667,-115.8655,4.638,ci14695788
2010-05-06 06:37:16.350000+00:00,2.96,32.7081667,-115.8736667,3.598,ci14695812
2010-05-06 08:07:04.670000+00:00,2.82,32.2156667,-115.271,11.429,ci14695868
2010-05-06 08:07:34.870000+00:00,2.75,32.2076667,-115.2758333,13.409,ci33053759
2010-05-06 09:01:41.100000+00:00,4.23,32.7091667,-115.8763333,2.918,ci14695916
2010-05-06 09:33:59.330000+00:00,2.96,32.7088333,-115.8758333,3.478,ci14696036
2010-05-06 11:16:02.600000+00:00,2.59,32.7103333,-115.8675,5.248,ci14696164
2010-05-06 15:34:15.790000+00:00,2.65,32.5913333,-115.6915,8.863,ci14696452
2010-05-06 16:24:17.710000+00:00,2.56,32.6193333,-115.7031667,7.765,ci14696492
2010-05-06 17:31:34.280000+00:00,3.01,32.3141667,-115.4371667,0.591,ci14696612
2010-05-06 17:33:36.700000+00:00,2.82,32.35,-115.4561667,-0.609,ci14696620
2010-05-06 18:22:27.090000+00:00,2.88,32.7088333,-115.8816667,2.158,ci14696692
2010-05-06 19:03:51.760000+00:00,2.73,32.3146667,-115.4511667,5.251,ci14696772
2010-05-06 21:26:04.920000+00:00,2.77,32.4231667,-115.5783333,1.746,ci14696908
2010-05-06 22:14:32.400000+00:00,2.51,32.4068333,-115.5823333,1.383,ci14696988
2010-05-06 23:45:00.820000+00:00,3.13,32.7055,-115.8726667,4.038,ci14697108
2010-05-07 00:01:56.080000+00:00,2.56,32.1713333,-115.3503333,4.793,ci14697172
2010-05-07 01:20:26.100000+00:00,3.65,32.6905,-115.9011667,4.058,ci14697252
2010-05-07 03:02:20.080000+00:00,2.89,32.0655,-115.1838333,13.649,ci14697284
2010-05-07 09:34:41.200000+00:00,2.55,33.4263333,-116.5945,8.691,ci14697636
2010-05-07 09:48:11.860000+00:00,2.56,32.0343333,-115.1913333,14.286,ci36942519
2010-05-07 11:08:19.730000+00:00,2.62,32.723,-116.0295,1.993,ci14697724
2010-05-07 11:32:49.330000+00:00,2.88,32.7155,-115.874,3.448,ci14697756
2010-05-07 11:36:12.780000+00:00,2.71,32.6823333,-115.7753333,1.897,ci14697772
2010-05-07 11:59:52.930000+00:00,3.34,32.2986667,-115.3243333,3.231,ci14697788
2010-05-07 12:00:07.640000+00:00,3.3,32.3258333,-115.342,10.429,ci33117759
2010-05-07 12:02:01.790000+00:00,3.76,32.3595,-115.3176667,14.394,ci14697796
2010-05-07 20:49:30.920000+00:00,2.69,35.3706667,-118.4706667,4.31,ci10656053
2010-05-08 01:28:51.650000+00:00,2.54,32.2095,-115.2671667,8.855,ci10656397
2010-05-08 01:31:32.780000+00:00,3.4,32.7041667,-115.874,6.32,ci10656389
2010-05-08 03:14:47.040000+00:00,2.65,32.6728333,-115.8531667,6.653,ci10656557
2010-05-08 06:01:41.670000+00:00,2.82,32.2325,-115.3348333,12.344,ci10656717
2010-05-08 06:03:24.860000+00:00,2.53,32.7245,-115.8741667,6.15,ci10656725
2010-05-08 08:59:18.150000+00:00,2.53,32.16,-115.266,13.089,ci10656949
2010-05-08 11:49:20.570000+00:00,3.46,32.5663333,-115.6668333,9.433,ci10657125
2010-05-08 13:47:03.380000+00:00,3.4,33.2666667,-116.0476667,3.389,ci10657237
2010-05-08 14:25:24.950000+00:00,3.66,32.1965,-115.2566667,15.93,ci10657277
2010-05-08 17:30:02.590000+00:00,2.59,32.7245,-115.8478333,5.19,ci10657453
2010-05-08 18:31:17.190000+00:00,3.28,32.7438333,-115.8231667,9.327,ci10657525
2010-05-08 18:33:10.750000+00:00,4.8,32.6815,-115.7971667,5.955,ci10657533
2010-05-08 18:35:12.570000+00:00,2.94,32.669,-115.8045,5.573,ci33157759
2010-05-08 18:46:27.460000+00:00,4.69,32.6755,-115.8101667,2.383,ci10657549
2010-05-08 18:53:24.130000+00:00,3.95,32.2263333,-115.4346667,9.966,ci10657565
2010-05-08 19:15:54.870000+00:00,2.69,32.6953333,-115.7875,7.195,ci10657661
2010-05-08 19:22:17.960000+00:00,2.88,32.3303333,-115.33,8.214,ci10657693
2010-05-08 19:23:06.270000+00:00,4.27,35.0081667,-119.2678333,16.276,ci10657701
2010-05-08 19:39:48.230000+00:00,2.63,32.3323333,-115.3806667,9.779,ci10657757
2010-05-08 19:52:58.590000+00:00,3.34,32.6773333,-115.8011667,7.525,ci10657789
2010-05-08 20:12:17.790000+00:00,2.7,32.6336667,-115.715,9.205,ci10657845
2010-05-08 21:04:11.490000+00:00,3.0,32.2868333,-115.37,8.639,ci10657981
2010-05-08 21:57:07.520000+00:00,2.65,32.1403333,-115.2248333,14.392,ci10658053
2010-05-08 22:24:11.330000+00:00,2.62,32.6641667,-115.7913333,7.965,ci10658085
2010-05-08 22:32:26.980000+00:00,3.22,32.7076667,-115.8766667,3.25,ci10658109
2010-05-09 00:53:18.720000+00:00,2.8,32.6668333,-115.809,7.293,ci10658293
2010-05-09 00:58:14.450000+00:00,2.75,32.0791667,-115.0976667,17.962,ci10658301
2010-05-09 03:33:43.970000+00:00,4.05,32.6726667,-115.8121667,6.363,ci10658421
2010-05-09 04:16:57.620000+00:00,3.33,32.4216667,-115.5543333,13.274,ci10658461
2010-05-09 05:32:49.100000+00:00,2.9,32.6766667,-115.8088333,6.873,ci10658541
2010-05-09 05:44:28.330000+00:00,2.52,32.6296667,-115.7685,3.905,ci10658549
2010-05-09 07:24:36.830000+00:00,2.64,32.0431667,-115.1751667,8.949,ci10658685
2010-05-09 09:10:56.540000+00:00,3.03,32.3681667,-115.435,14.249,ci10658789
2010-05-09 14:46:48.470000+00:00,3.36,32.2725,-115.2575,17.639,ci10659101
2010-05-09 17:58:46.090000+00:00,3.12,32.4206667,-115.5501667,14.344,ci10659325
2010-05-09 18:01:13.830000+00:00,2.78,32.7101667,-116.0256667,7.293,ci10659341
2010-05-09 18:39:18.140000+00:00,2.76,32.2378333,-115.2363333,18.559,ci10659381
2010-05-09 19:49:42.820000+00:00,2.9,32.2441667,-115.287,13.339,ci10659421
2010-05-09 20:44:10.100000+00:00,3.11,32.004,-115.1011667,9.382,ci10659453
2010-05-09 20:58:16.340000+00:00,3.06,32.2115,-115.2763333,16.349,ci10659469
2010-05-09 21:01:23.540000+00:00,2.65,32.1686667,-115.2901667,10.499,ci10659477
2010-05-09 21:04:02.770000+00:00,2.58,32.1705,-115.3015,9.439,ci10659493
2010-05-09 21:56:15.600000+00:00,2.69,32.0178333,-114.9745,14.39,ci10659517
2010-05-09 22:27:08.490000+00:00,2.65,32.2166667,-115.3466667,10.402,ci37136363
2010-05-10 00:04:11.100000+00:00,3.07,32.258,-115.352,6.399,ci10659597
2010-05-10 01:10:02.140000+00:00,2.89,32.6668333,-115.7866667,7.765,ci10659613
2010-05-10 01:37:45.550000+00:00,2.65,32.1248333,-115.1465,15.562,ci10659645
2010-05-10 01:40:16.140000+00:00,3.28,32.1195,-115.139,16.136,ci10659661
2010-05-10 04:53:14.010000+00:00,2.8,32.2611667,-115.3053333,13.469,ci10659789
2010-05-10 08:57:46.470000+00:00,2.86,32.7095,-115.8831667,5.39,ci10660061
2010-05-10 10:11:44.780000+00:00,2.89,32.3288333,-115.3066667,13.624,ci10660109
2010-05-10 10:24:24.540000+00:00,2.66,32.2981667,-115.352,12.603,ci10660133
2010-05-10 12:59:29.110000+00:00,3.03,32.3566667,-115.336,8.714,ci10660221
2010-05-10 15:47:19.130000+00:00,2.53,32.2308333,-115.3548333,-0.271,ci10660413
2010-05-10 18:13:42.690000+00:00,3.54,32.2758333,-115.342,14.004,ci10660557
2010-05-10 20:41:35.580000+00:00,2.62,32.639,-115.7378333,4.185,ci10660773
2010-05-10 21:28:55.050000+00:00,3.85,35.5298333,-118.373,0.97,ci10660837
2010-05-10 23:26:00.790000+00:00,2.71,32.247,-115.2641667,9.43,ci10660981
2010-05-10 23:53:53.950000+00:00,2.53,32.205,-115.2278333,12.378,ci10661005
2010-05-11 06:31:45.600000+00:00,2.61,32.2643333,-115.3548333,6.529,ci10661253
2010-05-11 07:13:18.610000+00:00,2.78,32.2845,-115.3548333,2.984,ci10661293
2010-05-11 08:04:33.560000+00:00,2.83,32.0491667,-115.0316667,13.5,ci10661365
2010-05-11 08:06:01.870000+00:00,2.52,32.0801667,-115.0398333,13.56,ci10661357
2010-05-11 08:40:34.670000+00:00,3.76,32.275,-115.3641667,-0.591,ci10661437
2010-05-11 08:54:33.660000+00:00,2.59,32.7091667,-115.8631667,6.84,ci10661445
2010-05-11 09:50:45.710000+00:00,2.77,32.3033333,-115.353,7.894,ci10661517
2010-05-11 10:16:02.550000+00:00,2.52,32.238,-115.361,8.533,ci10661549
2010-05-11 10:41:16.340000+00:00,3.56,32.1098333,-115.2081667,9.389,ci10661573
2010-05-11 12:06:31.950000+00:00,2.63,32.1858333,-115.197,16.622,ci10661597
2010-05-11 12:10:00.880000+00:00,2.72,32.2438333,-115.3793333,9.438,ci10661613
2010-05-11 13:22:48.500000+00:00,3.3,32.6005,-115.7545,2.575,ci10661685
2010-05-11 15:16:04.220000+00:00,2.61,32.5038333,-115.6328333,8.063,ci10661789
2010-05-11 17:14:06.470000+00:00,2.6,32.481,-115.623,0.013,ci10661901
2010-05-11 19:38:19.840000+00:00,3.36,32.1258333,-115.0833333,9.976,ci10662013
2010-05-11 19:57:53.660000+00:00,2.98,32.3011667,-115.3125,14.139,ci10662029
2010-05-11 20:34:13.920000+00:00,2.92,32.3396667,-115.3845,13.619,ci10662045
2010-05-11 20:36:56.150000+00:00,3.29,32.186,-115.1476667,16.039,ci10662053
2010-05-11 22:58:03.290000+00:00,2.96,32.2245,-115.2745,15.039,ci37101116
2010-05-12 04:01:00.160000+00:00,3.4,32.161,-115.1913333,16.899,ci10662365
2010-05-12 10:52:27.770000+00:00,2.7,32.2103333,-115.2995,12.489,ci10662725
2010-05-12 12:48:34.660000+00:00,2.77,32.0428333,-115.1646667,9.396,ci10662805
2010-05-12 13:33:23.830000+00:00,3.61,32.7216667,-115.8745,5.18,ci10662837
2010-05-12 15:15:29.750000+00:00,2.6,32.695,-115.8403333,7.43,ci10662925
2010-05-12 15:42:21.680000+00:00,2.5,32.3245,-115.399,14.189,ci10662941
2010-05-12 15:48:00.270000+00:00,2.64,32.1483333,-115.2266667,12.279,ci10662949
2010-05-12 17:57:18.950000+00:00,3.87,32.0701667,-115.029,9.39,ci10663093
2010-05-12 19:00:41.870000+00:00,3.94,32.0738333,-115.0676667,9.269,ci10663141
2010-05-12 19:12:27.210000+00:00,3.19,32.3223333,-115.3281667,8.759,ci10663157
2010-05-12 19:13:31.980000+00:00,3.13,32.3168333,-115.3405,3.779,ci10663165
2010-05-12 21:57:39.790000+00:00,2.53,32.2793333,-115.3216667,13.653,ci10663317
2010-05-12 22:46:37.060000+00:00,2.52,32.2165,-115.2755,12.715,ci10663389
2010-05-12 23:13:08.590000+00:00,2.63,32.18,-115.3,9.398,ci10153042
2010-05-12 23:15:39.770000+00:00,2.63,32.25,-115.2971667,11.392,ci10663413
2010-05-12 23:51:45.650000+00:00,2.72,32.2146667,-115.2961667,3.649,ci10663445
2010-05-12 23:55:03.150000+00:00,2.98,32.2003333,-115.2598333,16.772,ci10663453
2010-05-13 01:06:47.820000+00:00,2.58,32.208,-115.2466667,13.372,ci10663493
2010-05-13 01:13:07.560000+00:00,2.56,32.0155,-115.0608333,14.377,ci10663509
2010-05-13 01:14:03.910000+00:00,2.57,32.038,-115.0591667,11.7,ci37140371
2010-05-13 03:36:11.510000+00:00,2.53,32.2418333,-115.2786667,13.082,ci10663693
2010-05-13 07:51:51.860000+00:00,2.67,32.1448333,-115.1741667,11.573,ci10663933
2010-05-13 08:02:52.470000+00:00,2.92,32.6503333,-115.7428333,3.262,ci10663941
2010-05-13 08:20:18.730000+00:00,3.48,32.3036667,-115.3911667,2.669,ci10663957
2010-05-13 08:38:18.120000+00:00,2.55,32.6991667,-115.8661667,5.903,ci10663981
2010-05-13 09:01:34.270000+00:00,2.84,32.6766667,-115.8061667,7.303,ci10663997
2010-05-13 09:38:27+00:00,2.53,32.6568333,-115.6835,9.443,ci10664021
2010-05-13 10:52:06.140000+00:00,2.56,32.3555,-115.3346667,3.993,ci10664077
2010-05-13 13:51:05.490000+00:00,2.67,32.257,-115.3528333,9.369,ci10664253
2010-05-13 14:36:02.620000+00:00,2.88,32.0556667,-115.0961667,8.949,ci10664269
2010-05-13 15:48:07+00:00,2.66,32.6238333,-115.7231667,4.032,ci10664293
2010-05-13 17:23:43.960000+00:00,3.28,32.4178333,-115.5533333,12.484,ci10664381
2010-05-13 18:25:02.930000+00:00,2.81,32.1956667,-115.262,10.728,ci10664453
2010-05-13 22:20:26.160000+00:00,2.86,32.1976667,-115.2481667,18.679,ci10664677
2010-05-13 22:51:23.580000+00:00,2.64,32.0128333,-114.9428333,9.67,ci10664741
2010-05-14 00:12:16.590000+00:00,3.15,32.3081667,-115.3761667,9.289,ci10664797
2010-05-14 01:42:10.510000+00:00,3.2,32.2623333,-115.3663333,2.449,ci10664909
2010-05-14 01:57:49.880000+00:00,2.74,32.2476667,-115.2733333,13.026,ci10664941
2010-05-14 02:13:27.700000+00:00,2.54,32.2911667,-115.3885,18.558,ci10664957
2010-05-14 03:37:33.170000+00:00,2.66,32.2416667,-115.2295,17.969,ci10665093
2010-05-14 04:13:17.260000+00:00,2.73,32.729,-115.877,2.8,ci10665133
2010-05-14 04:55:34.520000+00:00,3.1,32.6933333,-115.8658333,6.503,ci10665149
2010-05-14 05:11:07.870000+00:00,3.92,32.7038333,-115.861,4.8,ci10665173
2010-05-14 05:18:04.140000+00:00,2.68,32.1675,-115.2176667,13.559,ci10665181
2010-05-14 05:43:52.610000+00:00,2.81,32.1603333,-115.214,14.969,ci10665229
2010-05-14 07:53:22.330000+00:00,2.95,32.7895,-116.1148333,9.368,ci10665373
2010-05-14 08:07:51.820000+00:00,3.23,32.0823333,-115.1421667,9.396,ci10665413
2010-05-14 10:05:10.860000+00:00,2.58,32.6451667,-115.7901667,3.295,ci10665533
2010-05-14 10:06:51.520000+00:00,2.64,34.3175,-116.921,7.287,ci10665541
2010-05-14 10:07:03.110000+00:00,2.56,34.3198333,-116.9233333,8.807,ci33381759
2010-05-14 10:40:17+00:00,2.67,32.7855,-116.1116667,9.258,ci10665573
2010-05-14 11:35:17.090000+00:00,3.47,35.9578333,-117.3286667,0.968,ci10665629
2010-05-14 12:29:02.700000+00:00,3.28,32.6066667,-115.7536667,8.335,ci10665693
2010-05-14 12:30:28.680000+00:00,2.94,32.2881667,-115.3681667,13.549,ci10665709
2010-05-14 12:41:27.080000+00:00,2.99,32.091,-115.1031667,13.343,ci10665733
2010-05-14 14:48:13.730000+00:00,2.52,32.1328333,-115.1991667,17.472,ci10665901
2010-05-14 15:46:51.130000+00:00,2.5,32.5125,-115.6011667,9.154,ci10665933
2010-05-14 17:53:17.810000+00:00,2.67,32.2491667,-115.3218333,10.008,ci10666085
2010-05-14 23:21:56.180000+00:00,2.57,32.6513333,-115.7185,8.775,ci10666397
2010-05-14 23:41:06.280000+00:00,3.47,32.6645,-115.8495,7.023,ci10666413
2010-05-15 00:20:28.770000+00:00,2.51,32.1923333,-115.2946667,9.808,ci10666461
2010-05-15 03:19:01.380000+00:00,3.9,34.0838333,-119.0396667,16.671,ci10666645
2010-05-15 05:47:11.360000+00:00,2.58,32.2616667,-115.2245,12.873,ci10666805
2010-05-15 08:38:54.720000+00:00,4.29,32.2078333,-115.2625,16.249,ci10667013
2010-05-15 08:45:29.370000+00:00,4.05,32.1913333,-115.246,15.869,ci10667021
2010-05-15 08:50:29.890000+00:00,3.29,32.2218333,-115.2768333,13.439,ci10667037
2010-05-15 08:52:37.500000+00:00,2.99,32.2071667,-115.286,9.649,ci10667045
2010-05-15 09:01:33.700000+00:00,2.53,32.2286667,-115.2778333,13.169,ci10667069
2010-05-15 10:27:37.540000+00:00,2.62,35.5981667,-120.6983333,7.227,nc71398466
2010-05-15 11:00:34.350000+00:00,2.61,34.0118333,-117.583,4.79,ci10667213
2010-05-15 11:11:55.080000+00:00,2.66,32.2366667,-115.2855,9.059,ci10667229
2010-05-15 11:33:17.030000+00:00,2.92,33.9928333,-118.3428333,12.167,ci10667245
2010-05-15 17:08:32.490000+00:00,2.58,35.3156667,-117.9598333,4.314,ci10667549
2010-05-16 03:01:02.650000+00:00,3.15,32.2233333,-115.287,17.949,ci10668173
2010-05-16 04:02:40.060000+00:00,3.23,32.0141667,-114.9638333,14.39,ci10668261
2010-05-16 09:02:11.180000+00:00,2.93,32.2085,-115.2053333,17.279,ci10668565
2010-05-16 12:02:54.120000+00:00,2.61,32.1935,-115.2308333,13.039,ci10668813
2010-05-16 12:07:10.710000+00:00,2.54,32.2298333,-115.2668333,11.056,ci10668845
2010-05-16 16:50:02.930000+00:00,2.81,32.6995,-115.8621667,6.333,ci10669109
2010-05-16 17:23:27.850000+00:00,2.81,36.4043333,-117.8548333,4.13,ci10669157
2010-05-16 18:33:25.750000+00:00,3.63,32.5355,-115.6351667,8.523,ci10669221
2010-05-16 19:15:09.890000+00:00,2.73,32.7128333,-115.7735,8.145,ci10669253
2010-05-16 22:50:24.280000+00:00,2.57,32.9108333,-117.8461667,3.617,ci10669381
2010-05-17 00:29:13.840000+00:00,2.81,32.2778333,-115.329,7.698,ci10669469
2010-05-17 01:31:40.700000+00:00,2.59,32.1623333,-115.2216667,9.392,ci10669541
2010-05-17 01:33:17.040000+00:00,2.88,32.203,-115.2216667,11.678,ci10669533
2010-05-17 05:09:04.730000+00:00,3.49,32.6626667,-115.7258333,8.605,ci10669861
2010-05-17 09:27:23.890000+00:00,2.76,32.1981667,-115.2565,13.909,ci10670165
2010-05-17 09:44:42.420000+00:00,3.36,32.1853333,-115.2361667,18.749,ci10670205
2010-05-17 13:13:03.920000+00:00,3.58,32.7075,-115.9105,8.46,ci10670413
2010-05-17 17:43:49.060000+00:00,2.67,32.2215,-115.2658333,13.1,ci10670613
2010-05-17 22:46:44.630000+00:00,2.51,32.2133333,-115.2476667,13.54,ci10670765
2010-05-18 00:29:12.660000+00:00,2.78,32.3275,-115.3186667,8.808,ci10670821
2010-05-18 06:20:39.680000+00:00,2.61,32.6201667,-115.758,8.845,ci10671045
2010-05-18 08:10:00.350000+00:00,3.54,33.8326667,-115.5703333,1.004,ci10671165
2010-05-18 09:52:18.120000+00:00,2.55,32.8253333,-115.9431667,9.455,ci10671213
2010-05-18 11:40:17.660000+00:00,2.64,32.2595,-115.365,5.164,ci10671309
2010-05-18 13:16:14.340000+00:00,3.07,32.291,-115.3928333,1.434,ci10671365
2010-05-18 21:11:50.070000+00:00,2.5,32.685,-115.8391667,8.493,ci10671837
2010-05-18 22:30:48.180000+00:00,2.62,32.219,-115.3126667,8.159,ci10671893
2010-05-18 22:40:05.210000+00:00,2.64,32.66,-115.786,4.945,ci10671909
2010-05-19 00:26:05.560000+00:00,2.87,32.5921667,-115.717,2.465,ci10671981
2010-05-19 00:38:59.780000+00:00,4.53,32.6601667,-115.8253333,8.913,ci10671989
2010-05-19 02:12:53.900000+00:00,2.67,32.6588333,-115.8176667,9.113,ci10672125
2010-05-19 03:38:02.020000+00:00,2.51,32.2418333,-115.2818333,9.892,ci10672237
2010-05-19 04:33:27.280000+00:00,2.59,32.6818333,-115.796,7.825,ci10672301
2010-05-19 06:24:48.220000+00:00,2.53,32.9065,-117.8488333,5.837,ci10672493
2010-05-19 06:32:27.220000+00:00,2.67,32.6611667,-115.8255,9.693,ci10672509
2010-05-19 07:21:34.700000+00:00,3.48,32.9938333,-116.3521667,8.834,ci10672565
2010-05-19 07:23:06.790000+00:00,3.65,32.6675,-115.8258333,8.963,ci10672573
2010-05-19 08:37:51.580000+00:00,2.57,32.6878333,-115.7786667,6.705,ci10672677
2010-05-19 08:38:16.630000+00:00,2.93,32.2445,-115.3336667,7.762,ci33413759
2010-05-19 12:32:09.810000+00:00,2.62,32.2305,-115.2798333,7.923,ci10672845
2010-05-19 12:32:48.680000+00:00,2.6,32.244,-115.2748333,12.772,ci33421759
2010-05-19 14:06:24.560000+00:00,3.26,32.2431667,-115.2941667,11.462,ci10672981
2010-05-19 14:10:23.180000+00:00,3.46,32.2666667,-115.3055,13.622,ci10672997
2010-05-19 14:39:26.430000+00:00,4.04,32.6453333,-115.7415,5.195,ci10673037
2010-05-19 16:59:37.090000+00:00,2.84,32.6876667,-115.807,8.907,ci10673221
2010-05-19 17:34:04.560000+00:00,2.73,32.8676667,-115.9778333,9.079,ci10673245
2010-05-19 18:51:28.290000+00:00,2.85,33.1975,-116.0211667,11.361,ci10673317
2010-05-20 03:41:44.650000+00:00,2.61,32.4385,-115.5423333,7.725,ci37231789
2010-05-20 03:41:53.750000+00:00,2.92,32.4005,-115.5428333,9.133,ci14715196
2010-05-20 04:01:16.490000+00:00,2.6,32.2248333,-115.2913333,9.496,ci14715220
2010-05-20 04:17:28.330000+00:00,2.88,32.6758333,-115.8478333,9.093,ci14715244
2010-05-20 04:39:42.210000+00:00,2.5,32.7076667,-115.9126667,7.478,ci14715268
2010-05-20 08:59:34.410000+00:00,3.68,32.6721667,-115.8523333,6.575,ci14715500
2010-05-20 09:22:39.940000+00:00,3.35,32.6736667,-115.8566667,6.575,ci14715524
2010-05-20 09:26:25.860000+00:00,4.15,32.6771667,-115.8558333,5.745,ci14715540
2010-05-20 09:30:25.540000+00:00,2.62,32.6823333,-115.8576667,8.075,ci14715548
2010-05-20 09:30:40.710000+00:00,2.62,32.6746667,-115.8551667,8.705,ci33477759
2010-05-20 09:42:25.260000+00:00,3.19,32.6801667,-115.8583333,6.475,ci14715564
2010-05-20 10:28:09.110000+00:00,3.42,32.6731667,-115.8601667,7.055,ci14715684
2010-05-20 12:05:36.470000+00:00,2.63,32.1248333,-115.1718333,9.616,ci37073276
2010-05-20 12:12:47.830000+00:00,3.1,32.0411667,-115.096,9.939,ci14715796
2010-05-20 13:14:14.210000+00:00,2.65,33.5095,-116.4616667,5.047,ci14715900
2010-05-20 13:22:37.680000+00:00,3.23,32.2463333,-115.2493333,14.946,ci14715916
2010-05-20 19:59:33.020000+00:00,2.88,32.206,-115.2645,4.953,ci14716324
2010-05-21 01:44:44.370000+00:00,3.05,33.8793333,-120.5513333,2.605,ci14716692
2010-05-21 10:10:13.150000+00:00,2.82,32.68,-115.8166667,9.785,ci14717380
2010-05-21 11:05:41.050000+00:00,2.52,32.4263333,-115.5281667,9.434,ci14717404
2010-05-21 12:56:51.940000+00:00,2.66,32.39,-115.5241667,13.444,ci14717476
2010-05-21 13:14:06.310000+00:00,2.54,32.6781667,-115.8558333,8.355,ci14717500
2010-05-21 15:42:35.160000+00:00,2.58,32.2741667,-115.2841667,13.273,ci14717620
2010-05-21 16:48:05.320000+00:00,2.67,32.1935,-115.2276667,8.205,ci14717676
2010-05-21 17:08:39.610000+00:00,2.64,32.2315,-115.2523333,8.417,ci14717708
2010-05-21 22:57:11.630000+00:00,2.8,32.6596667,-115.7706667,8.873,ci14717956
2010-05-21 23:33:58.700000+00:00,2.52,32.5908333,-115.7115,7.145,ci14718012
2010-05-22 02:11:34.840000+00:00,3.05,32.658,-115.8145,9.255,ci14718124
2010-05-22 04:28:58.830000+00:00,3.15,32.6593333,-115.815,9.505,ci14718172
2010-05-22 04:53:18.630000+00:00,4.03,32.7156667,-115.9476667,9.019,ci14718212
2010-05-22 06:26:46.870000+00:00,2.5,32.6811667,-115.8186667,9.865,ci14718308
2010-05-22 11:12:49.690000+00:00,2.82,32.272,-115.2286667,15.226,ci14718492
2010-05-22 13:12:29.880000+00:00,2.57,32.6621667,-115.7188333,8.853,ci14718572
2010-05-22 14:28:16.390000+00:00,2.52,35.6928333,-116.525,3.185,ci14718636
2010-05-22 14:59:14.530000+00:00,2.5,32.2475,-115.2938333,10.026,ci14718668
2010-05-22 15:28:32.150000+00:00,2.6,32.3191667,-115.2988333,7.953,ci14718676
2010-05-22 17:30:58.170000+00:00,4.9,32.6168333,-115.7563333,8.073,ci14718756
2010-05-22 17:33:17.900000+00:00,4.6,32.6243333,-115.7683333,7.493,ci14718764
2010-05-22 17:37:03.420000+00:00,2.68,32.6113333,-115.749,9.343,ci37231909
2010-05-22 17:37:50.060000+00:00,3.19,32.6295,-115.7711667,8.913,ci14718772
2010-05-22 17:44:14.700000+00:00,2.77,32.622,-115.7625,9.973,ci14718788
2010-05-22 17:45:10.640000+00:00,2.67,32.6175,-115.759,8.673,ci14718796
2010-05-22 17:59:46.020000+00:00,3.5,32.616,-115.7643333,6.393,ci14718836
2010-05-22 18:00:18.230000+00:00,2.64,32.6298333,-115.7715,9.233,ci33517775
2010-05-22 18:25:47.190000+00:00,2.58,32.573,-115.692,8.223,ci14718884
2010-05-22 18:29:16.640000+00:00,2.6,32.6153333,-115.762,8.063,ci14718900
2010-05-22 18:34:04.370000+00:00,2.94,32.587,-115.7038333,8.413,ci14718924
2010-05-22 18:51:36.790000+00:00,2.57,32.6235,-115.7621667,9.923,ci14718988
2010-05-22 19:40:02.420000+00:00,2.86,32.6156667,-115.7493333,7.603,ci14719052
2010-05-22 19:57:39.460000+00:00,3.03,32.605,-115.734,3.643,ci14719076
2010-05-22 20:15:52.900000+00:00,3.89,32.6128333,-115.7496667,7.993,ci14719124
2010-05-22 22:26:02.100000+00:00,2.77,32.6071667,-115.7415,7.323,ci14719340
2010-05-22 22:40:36.890000+00:00,2.5,32.3275,-115.4846667,17.787,ci14719380
2010-05-22 22:43:36.170000+00:00,2.91,32.6098333,-115.754,9.923,ci14719372
2010-05-22 23:22:09.120000+00:00,2.5,32.3036667,-115.3145,9.965,ci14719468
2010-05-23 00:25:22.100000+00:00,3.05,32.6106667,-115.7593333,5.503,ci14719524
2010-05-23 06:46:56.880000+00:00,2.88,32.181,-115.2401667,11.213,ci14719788
2010-05-23 08:05:02.470000+00:00,2.79,32.6311667,-115.7863333,8.425,ci14719804
2010-05-23 10:06:52.910000+00:00,2.85,32.13,-115.1658333,18.089,ci14719932
2010-05-23 11:16:39.870000+00:00,2.83,32.0978333,-115.0738333,8.997,ci14720004
2010-05-23 12:26:25.490000+00:00,2.64,32.6268333,-115.7916667,4.355,ci14720076
2010-05-23 14:33:37.020000+00:00,2.56,32.6273333,-115.769,9.523,ci14720164
2010-05-23 15:10:30+00:00,2.7,32.6288333,-115.7715,8.003,ci14720180
2010-05-23 18:17:34.100000+00:00,3.07,32.7123333,-115.875,8.285,ci14720308
2010-05-23 19:53:56.940000+00:00,3.08,32.1313333,-115.171,14.939,ci14720340
2010-05-23 23:23:58.740000+00:00,2.77,32.1171667,-115.0723333,14.929,ci14720468
2010-05-23 23:29:58.770000+00:00,2.51,32.2215,-115.286,4.625,ci14720484
2010-05-23 23:30:59.980000+00:00,2.72,32.6951667,-115.7635,8.765,ci14720476
2010-05-23 23:35:19.600000+00:00,2.76,33.6645,-118.3115,13.2,ci14720492
2010-05-24 00:36:56.580000+00:00,3.04,32.2478333,-115.2341667,19.705,ci14720524
2010-05-24 02:02:11.480000+00:00,2.56,32.6695,-115.819,7.815,ci14720588
2010-05-24 03:14:43.100000+00:00,2.68,32.3295,-115.3271667,8.175,ci14720644
2010-05-24 05:21:07.140000+00:00,4.15,32.669,-115.8223333,10.535,ci14720724
2010-05-24 06:57:41.500000+00:00,2.61,32.16,-115.197,14.945,ci14720796
2010-05-24 07:20:27.230000+00:00,2.52,32.6641667,-115.8215,10.415,ci14720844
2010-05-24 12:20:02.510000+00:00,2.87,32.1986667,-115.1976667,18.969,ci14721132
2010-05-24 16:32:24.860000+00:00,2.58,32.1455,-115.1855,16.199,ci14721252
2010-05-24 17:31:01.920000+00:00,2.51,32.129,-115.3341667,5.733,ci14721284
2010-05-24 22:08:08.230000+00:00,2.75,32.714,-115.9465,9.349,ci14721564
2010-05-24 22:23:36.480000+00:00,2.52,32.0186667,-115.0756667,14.921,ci37232453
2010-05-25 02:18:28+00:00,2.71,32.1806667,-115.2326667,18.975,ci14721844
2010-05-25 07:28:25.160000+00:00,2.73,33.2506667,-116.0376667,4.879,ci14722092
2010-05-25 07:40:43.330000+00:00,2.72,32.6116667,-115.7525,8.873,ci14722108
2010-05-25 08:53:32.360000+00:00,3.21,32.2383333,-115.33,8.575,ci14722260
2010-05-25 08:55:14.460000+00:00,3.07,32.2431667,-115.3155,8.545,ci14722268
2010-05-25 10:31:32.090000+00:00,2.92,32.6116667,-115.7506667,8.933,ci14722356
2010-05-25 12:00:30.900000+00:00,2.55,32.6836667,-115.8576667,8.705,ci14722460
2010-05-25 16:44:49.230000+00:00,2.67,32.2391667,-115.2731667,13.247,ci14722716
2010-05-25 19:49:51.570000+00:00,3.06,32.6076667,-115.7356667,9.173,ci14722972
2010-05-25 22:14:14.940000+00:00,2.56,32.7128333,-115.8733333,7.465,ci14723140
2010-05-25 22:22:10.160000+00:00,2.71,32.7036667,-115.7768333,8.265,ci14723156
2010-05-25 23:34:25.120000+00:00,2.76,32.2641667,-115.3786667,7.488,ci14723268
2010-05-26 01:59:51.060000+00:00,3.28,32.1551667,-115.1348333,19.149,ci14723412
2010-05-26 03:05:41.960000+00:00,2.71,32.1953333,-115.27,7.225,ci14723460
2010-05-26 03:31:26.830000+00:00,2.64,32.6088333,-115.7543333,9.653,ci14723492
2010-05-26 03:52:43.670000+00:00,3.74,32.2055,-117.6053333,13.896,ci14723532
2010-05-26 03:57:29.270000+00:00,4.22,32.2035,-117.604,16.786,ci14723540
2010-05-26 07:01:55.330000+00:00,2.95,32.3001667,-115.3491667,13.618,ci14723732
2010-05-26 10:25:49.230000+00:00,3.5,32.4028333,-115.5696667,13.927,ci14724004
2010-05-26 10:32:23.070000+00:00,2.95,32.4245,-115.5541667,9.217,ci14724020
2010-05-26 10:53:53.350000+00:00,3.38,32.4111667,-115.5601667,14.157,ci14724044
2010-05-26 14:32:17.370000+00:00,2.51,32.6926667,-115.8646667,8.725,ci14724268
2010-05-26 14:49:06.590000+00:00,2.58,32.3403333,-115.4448333,0.047,ci14724284
2010-05-26 14:50:05.050000+00:00,2.82,32.3053333,-115.4296667,8.503,ci37070236
2010-05-26 18:58:34.220000+00:00,2.65,32.0956667,-115.0826667,14.929,ci14724484
2010-05-26 23:12:54.060000+00:00,2.54,32.1821667,-115.2295,14.945,ci14724780
2010-05-26 23:44:37.490000+00:00,3.06,32.3101667,-115.4105,1.468,ci14724804
2010-05-26 23:45:10.710000+00:00,2.96,32.3328333,-115.411,0.438,ci10154482
2010-05-27 01:18:58.880000+00:00,2.5,32.222,-115.2823333,9.325,ci14724852
2010-05-27 03:02:27.490000+00:00,2.73,33.2568333,-116.368,2.773,ci14724892
2010-05-27 07:04:14+00:00,2.94,32.2841667,-116.6828333,16.988,ci14724996
2010-05-27 07:58:15.470000+00:00,2.7,32.1655,-115.2383333,6.735,ci14725036
2010-05-27 09:34:05.840000+00:00,2.77,32.4426667,-115.5468333,8.907,ci14725124
2010-05-27 11:48:42.190000+00:00,3.03,32.1563333,-115.1728333,17.389,ci14725268
2010-05-27 13:37:07.880000+00:00,3.35,32.6543333,-115.7455,3.663,ci14725364
2010-05-27 14:39:53.450000+00:00,2.78,32.26,-115.2913333,13.823,ci14725404
2010-05-27 18:45:13.200000+00:00,2.9,32.1398333,-115.1866667,9.939,ci14725532
2010-05-27 19:23:13.260000+00:00,3.0,32.0891667,-115.0553333,17.929,ci14725564
2010-05-27 20:21:59.990000+00:00,2.65,32.2176667,-115.3141667,7.523,ci14725644
2010-05-27 20:28:06.350000+00:00,3.12,32.2378333,-115.2896667,9.313,ci10154722
2010-05-27 20:28:27.890000+00:00,4.34,32.2503333,-115.2881667,14.258,ci14725676
2010-05-27 22:18:36.800000+00:00,2.97,32.2196667,-115.299,6.955,ci14725724
2010-05-27 22:48:00.570000+00:00,3.09,32.2593333,-115.281,13.485,ci14725764
2010-05-28 03:38:51.950000+00:00,2.55,34.8225,-116.4056667,3.85,ci14725900
2010-05-28 04:11:10.730000+00:00,2.63,32.4646667,-115.559,8.617,ci14725932
2010-05-28 07:43:55.030000+00:00,2.99,36.031,-117.7836667,0.623,ci14726092
2010-05-28 10:44:19.270000+00:00,3.71,32.2658333,-115.3351667,8.785,ci14726244
2010-05-28 11:27:26.740000+00:00,2.91,32.299,-115.3265,8.668,ci14726276
2010-05-28 14:36:05.660000+00:00,2.8,32.6475,-115.7351667,2.323,ci14726372
2010-05-28 16:14:26.510000+00:00,2.91,32.2603333,-115.3136667,5.175,ci14726484
2010-05-28 16:19:04.120000+00:00,2.86,32.2326667,-115.2815,9.295,ci14726492
2010-05-28 17:35:12.500000+00:00,2.76,32.2068333,-115.2775,3.055,ci14726580
2010-05-28 18:58:59.530000+00:00,2.59,32.1446667,-115.2013333,18.075,ci14726644
2010-05-28 23:25:13.240000+00:00,3.65,32.462,-115.566,9.963,ci14726836
2010-05-29 02:53:31.510000+00:00,2.58,32.154,-115.1646667,14.976,ci14726916
2010-05-29 08:02:23.270000+00:00,2.97,32.027,-115.1055,14.939,ci14727068
2010-05-29 08:11:28.060000+00:00,2.8,32.1643333,-115.0903333,14.947,ci14727076
2010-05-29 08:33:28.800000+00:00,3.76,32.1456667,-115.222,9.939,ci14727108
2010-05-29 09:20:18.290000+00:00,2.53,36.1663333,-120.1593333,10.16,nc71406181
2010-05-29 10:48:42.340000+00:00,2.64,32.1926667,-115.3191667,4.955,ci14727244
2010-05-29 11:35:31.300000+00:00,2.53,32.1036667,-115.171,6.995,ci14727276
2010-05-29 14:50:00.440000+00:00,3.83,32.7273333,-115.8721667,6.945,ci14727396
2010-05-29 16:43:03.740000+00:00,2.57,32.6621667,-115.7158333,8.933,ci14727516
2010-05-29 17:13:34.880000+00:00,2.58,32.332,-115.3236667,4.685,ci14727564
2010-05-29 17:43:07.410000+00:00,2.67,32.192,-115.2561667,12.925,ci14727580
2010-05-29 23:53:40.870000+00:00,2.8,32.6771667,-115.8618333,7.665,ci14727788
2010-05-30 01:06:32.080000+00:00,2.88,32.6213333,-115.7206667,10.903,ci14727908
2010-05-30 05:38:18.940000+00:00,2.55,32.2143333,-115.2558333,12.675,ci14728108
2010-05-30 12:22:28.250000+00:00,3.63,32.287,-115.3996667,5.758,ci14728444
2010-05-30 12:31:09.880000+00:00,2.85,32.3096667,-115.3918333,3.268,ci14728452
2010-05-30 15:37:35.860000+00:00,2.72,32.5546667,-115.5941667,14.097,ci14728612
2010-05-30 16:46:46.520000+00:00,2.51,32.2165,-115.2398333,16.025,ci14728684
2010-05-30 20:07:00.040000+00:00,2.89,32.6213333,-115.7685,9.373,ci14728884
2010-05-31 04:01:31.780000+00:00,2.68,32.5525,-115.586,11.397,ci14729252
2010-05-31 04:53:14.240000+00:00,2.54,32.6581667,-115.7401667,2.403,ci14729324
2010-05-31 04:53:55.540000+00:00,3.08,32.1396667,-115.1821667,16.589,ci14729332
2010-05-31 05:19:24.790000+00:00,2.62,32.6485,-115.7421667,2.883,ci14729348
2010-05-31 07:30:23.270000+00:00,2.8,33.898,-116.2975,10.631,ci14729460
2010-05-31 07:48:15.570000+00:00,2.81,32.1156667,-115.1853333,10.829,ci14729500
2010-05-31 09:27:43+00:00,2.7,32.1628333,-115.1423333,13.009,ci14729564
2010-05-31 12:04:33.160000+00:00,2.51,33.9141667,-116.7101667,11.631,ci14729676
2010-05-31 22:22:52.120000+00:00,2.97,32.1871667,-115.2696667,7.795,ci14730156
2010-06-01 06:48:50+00:00,2.54,32.126,-115.1756667,9.889,ci14730476
2010-06-01 10:03:10.830000+00:00,2.79,32.1311667,-115.1898333,24.909,ci37013319
2010-06-01 15:48:26.050000+00:00,2.52,32.6406667,-115.7253333,8.103,ci14730860
2010-06-02 04:33:44.020000+00:00,2.91,32.7018333,-116.0291667,9.259,ci14731388
2010-06-02 06:33:52.120000+00:00,3.08,32.0936667,-115.167,12.359,ci14731540
2010-06-02 09:30:49.520000+00:00,3.96,32.207,-115.2168333,19.955,ci14731660
2010-06-02 10:08:59.170000+00:00,3.11,32.276,-115.3501667,8.538,ci14731716
2010-06-02 11:16:45.060000+00:00,2.56,32.6303333,-115.7116667,6.483,ci14731788
2010-06-02 11:30:08.130000+00:00,2.54,32.2816667,-115.3668333,4.318,ci14731812
2010-06-02 14:50:37.370000+00:00,2.93,32.6815,-115.9658333,3.893,ci14732100
2010-06-02 15:55:45.630000+00:00,2.59,32.2318333,-115.2425,16.052,ci14732196
2010-06-02 16:07:49.610000+00:00,4.02,32.1805,-115.1955,14.939,ci14732212
2010-06-02 16:12:28.350000+00:00,2.85,32.2728333,-115.2933333,13.255,ci14732220
2010-06-02 16:13:37.260000+00:00,2.55,32.1615,-115.1755,16.809,ci10155922
2010-06-02 16:40:39.560000+00:00,3.03,32.1866667,-115.2108333,10.075,ci14732268
2010-06-03 04:38:25.150000+00:00,3.78,32.2105,-115.2483333,19.556,ci14732844
2010-06-03 05:07:37.600000+00:00,2.51,32.1533333,-115.2163333,6.195,ci37016887
2010-06-03 08:44:13.790000+00:00,3.18,33.5048333,-116.4626667,5.427,ci14733020
2010-06-03 14:15:48.880000+00:00,3.07,33.2515,-116.0488333,5.349,ci14733300
2010-06-03 18:10:03.780000+00:00,4.09,32.7006667,-115.907,7.635,ci14733516
2010-06-03 18:11:31.240000+00:00,2.71,32.712,-115.903,7.851,ci37233733
2010-06-03 18:31:53.720000+00:00,2.65,34.5731667,-118.9766667,14.129,ci14733548
2010-06-04 08:46:33.580000+00:00,2.51,32.7008333,-115.972,8.559,ci14734396
2010-06-04 10:01:39.070000+00:00,2.75,32.7105,-116.027,6.629,ci14734492
2010-06-04 15:33:03.750000+00:00,2.73,32.62,-115.7563333,7.343,ci14734684
2010-06-04 18:06:35.810000+00:00,3.44,32.5891667,-115.7166667,4.863,ci14734828
2010-06-04 18:12:59.910000+00:00,2.97,32.6271667,-115.7595,7.133,ci14734836
2010-06-04 22:28:44.470000+00:00,2.66,32.2863333,-115.413,5.838,ci14734996
2010-06-05 23:28:59.410000+00:00,2.7,32.6581667,-115.6886667,8.804,ci14736076
2010-06-06 00:18:40.510000+00:00,3.37,32.1605,-115.1676667,19.785,ci14736108
2010-06-06 05:24:51.830000+00:00,2.5,32.0303333,-115.0953333,15.079,ci14736260
2010-06-06 05:26:31.980000+00:00,2.77,32.1175,-115.092,22.767,ci14736268
2010-06-06 08:42:39.910000+00:00,3.1,32.0685,-115.056,26.794,ci14736372
2010-06-06 09:28:46.450000+00:00,2.88,32.1316667,-115.1138333,17.939,ci14736444
2010-06-06 09:57:12.930000+00:00,2.62,32.1051667,-115.0825,0.067,ci14736476
2010-06-06 10:34:53.680000+00:00,2.96,36.1538333,-118.057,-0.435,ci14736516
2010-06-06 11:40:15.460000+00:00,2.66,32.7073333,-115.905,7.65,ci14736596
2010-06-06 19:28:36.140000+00:00,2.51,32.1121667,-115.0781667,4.499,ci14736924
2010-06-06 21:56:58.460000+00:00,2.67,32.282,-115.383,8.434,ci14737028
2010-06-06 22:35:06.570000+00:00,2.64,36.3798333,-120.7041667,9.658,nc71410746
2010-06-07 04:11:46.060000+00:00,2.74,32.7115,-115.9018333,7.36,ci14737292
2010-06-07 06:49:05.550000+00:00,2.63,32.1901667,-115.0708333,9.947,ci14737388
2010-06-07 06:52:43.210000+00:00,3.94,32.1675,-115.0715,20.444,ci14737396
2010-06-07 07:04:11.170000+00:00,3.01,32.1081667,-115.0591667,17.947,ci10156322
2010-06-07 07:05:59.280000+00:00,3.12,32.0771667,-115.0686667,25.023,ci10156402
2010-06-07 07:13:36+00:00,3.18,32.1531667,-115.0801667,14.944,ci14737476
2010-06-07 09:17:11.480000+00:00,3.53,33.8591667,-118.4436667,14.038,ci14737572
2010-06-07 17:49:57.390000+00:00,2.67,34.3195,-116.8476667,-0.408,ci14737868
2010-06-07 18:14:44.830000+00:00,2.61,32.6335,-115.7,8.745,ci14737876
2010-06-07 20:32:56.510000+00:00,3.32,34.3165,-116.8475,0.019,ci14738052
2010-06-07 20:41:36.510000+00:00,3.22,34.3168333,-116.8466667,0.059,ci14738076
2010-06-07 21:01:52.480000+00:00,2.64,32.3036667,-115.3916667,9.878,ci14738116
2010-06-07 21:17:03.450000+00:00,2.6,32.4113333,-115.5245,8.975,ci14738164
2010-06-07 21:49:39.530000+00:00,2.51,32.2378333,-115.3121667,9.953,ci14738252
2010-06-07 23:59:27.440000+00:00,3.69,33.8571667,-118.4578333,11.168,ci14738436
2010-06-08 00:17:05.270000+00:00,2.68,33.8541667,-118.4631667,12.088,ci14738484
2010-06-08 02:58:11.740000+00:00,2.61,32.6446667,-115.776,3.235,ci14738620
2010-06-08 03:27:53.190000+00:00,2.74,32.0091667,-114.9946667,14.96,ci14738668
2010-06-08 03:37:44.520000+00:00,2.59,32.6898333,-115.7056667,9.335,ci14738676
2010-06-08 07:21:39.810000+00:00,2.56,34.6135,-116.291,3.493,ci14738812
2010-06-08 07:22:13.450000+00:00,2.85,32.611,-115.7328333,10.275,ci14738820
2010-06-08 08:07:57.850000+00:00,2.51,34.3141667,-116.8453333,0.399,ci14738836
2010-06-08 08:28:23.930000+00:00,2.72,34.3141667,-116.8461667,0.049,ci14738892
2010-06-08 08:58:20.470000+00:00,2.8,33.3331667,-116.3961667,6.266,ci14738932
2010-06-08 10:08:59.400000+00:00,2.5,34.3148333,-116.848,-0.114,ci14739044
2010-06-08 10:12:43.950000+00:00,2.67,34.3163333,-116.853,-0.411,ci14739076
2010-06-08 10:30:49.300000+00:00,2.95,32.6395,-115.7365,5.135,ci14739124
2010-06-08 10:53:53.340000+00:00,2.52,34.3173333,-116.8485,-0.581,ci14739172
2010-06-08 12:07:14.080000+00:00,2.57,32.1145,-115.1628333,14.255,ci14739292
2010-06-08 12:49:38.380000+00:00,2.74,32.1005,-115.1428333,19.883,ci14739348
2010-06-09 07:54:26.820000+00:00,3.09,32.324,-115.4273333,4.954,ci14740124
2010-06-09 11:02:06.510000+00:00,3.1,32.6956667,-115.8948333,7.533,ci14740244
2010-06-09 15:15:45.230000+00:00,2.74,32.2041667,-115.2625,4.137,ci14740396
2010-06-09 16:45:21.130000+00:00,3.38,32.2976667,-115.345,14.495,ci14740500
2010-06-09 17:28:25.510000+00:00,2.63,32.2206667,-115.2826667,9.937,ci14740556
2010-06-09 18:57:16.970000+00:00,2.52,32.1916667,-115.187,17.429,ci10192874
2010-06-10 01:12:22.140000+00:00,2.5,32.1936667,-115.1995,14.929,ci14740868
2010-06-10 07:12:44.770000+00:00,2.86,32.1483333,-115.1683333,18.719,ci14741116
2010-06-10 12:21:11.500000+00:00,2.66,32.6093333,-115.7545,9.635,ci14741276
2010-06-10 22:07:14.120000+00:00,4.14,32.1146667,-115.0905,14.944,ci10699845
2010-06-10 22:08:15.710000+00:00,3.44,32.2053333,-115.3515,5.112,ci10158082
2010-06-10 23:22:55.160000+00:00,2.53,32.0896667,-115.0556667,25.649,ci10699877
2010-06-10 23:58:35.410000+00:00,3.11,32.4323333,-115.2043333,15.254,ci10699885
2010-06-10 23:59:26.480000+00:00,3.03,32.3788333,-115.181,16.004,ci10192590
2010-06-11 01:03:38.560000+00:00,2.63,32.17,-115.2073333,14.395,ci10699933
2010-06-11 09:42:15.210000+00:00,3.12,32.3961667,-115.1798333,9.977,ci10158162
2010-06-11 09:42:20.790000+00:00,3.29,32.3411667,-115.1073333,9.969,ci10700149
2010-06-11 09:45:34.590000+00:00,2.66,32.3821667,-115.1821667,9.977,ci10700157
2010-06-11 12:44:50.600000+00:00,2.67,32.6538333,-115.687,8.735,ci10700229
2010-06-11 16:59:42.900000+00:00,3.98,32.3685,-115.321,14.993,ci10700293
2010-06-11 20:51:11.790000+00:00,4.27,32.405,-115.1896667,14.977,ci10700429
2010-06-11 20:55:34.210000+00:00,3.0,32.3878333,-115.196,9.987,ci10158242
2010-06-11 21:19:19.950000+00:00,2.65,32.4141667,-115.179,14.977,ci10700485
2010-06-12 01:11:50.200000+00:00,2.7,32.204,-115.1778333,14.936,ci10700565
2010-06-12 19:23:06.410000+00:00,2.92,32.6948333,-115.9065,4.523,ci10701141
2010-06-12 21:25:05.140000+00:00,2.61,32.35,-115.3951667,9.995,ci10701181
2010-06-13 02:04:12.980000+00:00,2.58,32.216,-115.2941667,9.987,ci10701357
2010-06-13 03:08:57.090000+00:00,4.45,33.3833333,-116.4158333,11.156,ci10701405
2010-06-13 03:09:20.360000+00:00,4.23,33.392,-116.3946667,4.196,ci10701413
2010-06-13 03:10:21.110000+00:00,2.65,33.3803333,-116.3911667,4.776,ci37004439
2010-06-13 04:58:27.440000+00:00,2.54,32.1628333,-115.1938333,9.986,ci10701645
2010-06-13 06:43:49.600000+00:00,2.66,32.1623333,-115.1891667,14.97,ci10701837
2010-06-13 10:49:02.130000+00:00,2.84,32.6398333,-115.7645,8.375,ci10702069
2010-06-13 12:19:53.550000+00:00,2.76,33.975,-116.9606667,15.999,ci10702181
2010-06-13 16:44:16.270000+00:00,2.9,32.653,-115.8996667,4.733,ci10702437
2010-06-13 20:42:41.870000+00:00,3.03,32.7055,-115.9201667,3.143,ci10702637
2010-06-13 20:42:59.390000+00:00,3.52,32.7001667,-115.9235,3.936,ci10702645
2010-06-13 22:55:40.420000+00:00,3.01,32.5118333,-115.6293333,7.573,ci10702797
2010-06-13 23:36:21.450000+00:00,3.04,32.4415,-115.5523333,0.993,ci10702837
2010-06-14 00:33:46.980000+00:00,2.71,32.995,-116.3513333,7.774,ci10702861
2010-06-14 07:02:27.440000+00:00,4.46,32.2345,-115.3095,9.993,ci10703133
2010-06-14 07:19:48.600000+00:00,2.59,32.2331667,-115.2866667,9.993,ci10703141
2010-06-14 07:29:56.420000+00:00,3.22,32.2503333,-115.3158333,9.993,ci10703173
2010-06-14 11:59:08.820000+00:00,3.14,32.1071667,-115.1948333,9.977,ci10703373
2010-06-14 12:04:54.360000+00:00,2.55,32.0975,-115.198,9.986,ci10703381
2010-06-14 23:33:20.320000+00:00,2.63,32.6215,-115.7743333,4.903,ci10703885
2010-06-15 00:30:45.570000+00:00,3.14,32.224,-115.2611667,15.256,ci10703941
2010-06-15 03:58:57.460000+00:00,3.21,32.6533333,-115.7508333,3.243,ci14745564
2010-06-15 04:26:58.240000+00:00,5.71,32.705,-115.9113333,8.756,ci14745580
2010-06-15 04:29:55.510000+00:00,3.79,32.7293333,-115.9596667,5.518,ci14745588
2010-06-15 04:30:27.160000+00:00,3.08,32.7241667,-115.9518333,5.145,ci10189474
2010-06-15 04:30:55.910000+00:00,3.1,32.6988333,-115.9183333,5.33,ci10189650
2010-06-15 04:31:21.800000+00:00,3.12,32.7161667,-115.9405,2.409,ci10189654
2010-06-15 04:31:55.240000+00:00,3.36,32.7308333,-115.957,5.158,ci14745596
2010-06-15 04:32:57.360000+00:00,2.71,32.7126667,-115.9223333,7.389,ci10189470
2010-06-15 04:33:04.910000+00:00,3.19,32.7161667,-115.9395,6.279,ci14745612
2010-06-15 04:34:26.410000+00:00,3.18,32.7135,-115.9516667,2.205,ci14745620
2010-06-15 04:35:47.540000+00:00,2.72,32.7203333,-115.9461667,8.058,ci14745628
2010-06-15 04:36:07.550000+00:00,4.1,32.6996667,-115.9115,7.411,ci14745636
2010-06-15 04:36:33.030000+00:00,3.92,32.6863333,-115.9048333,7.959,ci33869759
2010-06-15 04:37:40.190000+00:00,2.7,32.723,-115.928,0.188,ci10161762
2010-06-15 04:38:55.490000+00:00,2.55,32.7036667,-115.9081667,9.086,ci14745644
2010-06-15 04:39:46.080000+00:00,3.04,32.7206667,-115.9511667,7.628,ci14745652
2010-06-15 04:39:59.720000+00:00,2.91,32.7186667,-115.9371667,5.003,ci10189418
2010-06-15 04:40:16.600000+00:00,2.76,32.7063333,-115.9105,6.438,ci10189410
2010-06-15 04:40:25.290000+00:00,2.88,32.7088333,-115.9073333,5.13,ci10189414
2010-06-15 04:40:38.100000+00:00,3.84,32.698,-115.931,7.933,ci14745676
2010-06-15 04:43:10.780000+00:00,3.66,32.7011667,-115.9376667,9.248,ci14745684
2010-06-15 04:44:42.150000+00:00,2.84,32.7013333,-115.917,8.376,ci14745692
2010-06-15 04:45:46.300000+00:00,2.89,32.6818333,-115.8918333,6.026,ci14745716
2010-06-15 04:46:06.710000+00:00,3.08,32.7256667,-115.9445,7.348,ci14745732
2010-06-15 04:46:27.190000+00:00,2.69,32.7463333,-115.9755,4.518,ci10160402
2010-06-15 04:47:24.300000+00:00,3.49,32.7073333,-115.9251667,4.426,ci14745748
2010-06-15 04:48:06.400000+00:00,2.89,32.6855,-115.8981667,7.326,ci14745756
2010-06-15 04:50:15.660000+00:00,2.66,32.7165,-115.9575,3.45,ci14745812
2010-06-15 04:51:30.290000+00:00,2.53,32.7143333,-115.9486667,0.028,ci14745828
2010-06-15 04:52:10.180000+00:00,2.77,32.6976667,-115.9165,6.391,ci14745836
2010-06-15 04:53:14.310000+00:00,2.5,32.7251667,-115.949,8.328,ci14745868
2010-06-15 04:55:34.490000+00:00,2.74,32.7055,-115.9278333,4.859,ci14745900
2010-06-15 04:56:49.800000+00:00,3.58,32.7053333,-115.9473333,5.698,ci14745908
2010-06-15 04:57:52.610000+00:00,2.76,32.7178333,-115.9551667,5.486,ci14745916
2010-06-15 04:59:06.200000+00:00,2.99,32.695,-115.9201667,9.296,ci14745924
2010-06-15 04:59:08.530000+00:00,3.24,32.6665,-115.883,5.369,ci10189250
2010-06-15 04:59:45.530000+00:00,4.39,32.6995,-115.95,10.519,ci14745932
2010-06-15 05:01:55.090000+00:00,2.51,32.6996667,-115.9218333,14.536,ci10188914
2010-06-15 05:03:36.040000+00:00,2.51,32.7215,-115.9585,0.611,ci14745940
2010-06-15 05:08:44.550000+00:00,3.46,32.6431667,-115.9016667,9.206,ci14746004
2010-06-15 05:15:28.890000+00:00,2.76,32.6981667,-115.9315,5.826,ci14746052
2010-06-15 05:31:00.040000+00:00,3.72,32.6676667,-115.9141667,6.398,ci14746164
2010-06-15 05:31:20+00:00,3.65,32.7536667,-115.9885,1.403,ci33877759
2010-06-15 05:34:16.830000+00:00,4.35,32.7088333,-115.9563333,5.328,ci14746172
2010-06-15 05:36:58.690000+00:00,2.51,32.7261667,-115.9638333,5.318,ci14746180
2010-06-15 05:54:02.780000+00:00,2.84,32.7315,-115.9716667,4.176,ci14746348
2010-06-15 06:08:28.500000+00:00,3.79,32.6928333,-115.951,13.968,ci14746452
2010-06-15 06:08:48+00:00,2.95,32.6943333,-115.9028333,-0.187,ci10188430
2010-06-15 06:11:20.160000+00:00,2.72,32.7146667,-115.958,4.936,ci14746460
2010-06-15 06:12:10.010000+00:00,2.79,32.7021667,-115.9296667,8.388,ci14746468
2010-06-15 06:14:44.960000+00:00,2.69,32.694,-115.9488333,5.406,ci14746532
2010-06-15 06:23:37.340000+00:00,3.22,32.689,-115.9421667,14.906,ci14746604
2010-06-15 06:23:49.700000+00:00,3.48,32.6771667,-115.9358333,7.779,ci34021759
2010-06-15 06:32:12.770000+00:00,3.53,32.7005,-115.9165,13.856,ci14746668
2010-06-15 06:33:45.700000+00:00,2.9,32.7176667,-115.963,5.438,ci14746676
2010-06-15 06:40:18.590000+00:00,3.01,32.6973333,-115.9535,11.216,ci14746724
2010-06-15 06:45:04.730000+00:00,2.61,32.7186667,-115.9413333,4.986,ci14746756
2010-06-15 06:46:04.180000+00:00,2.61,32.6966667,-115.9125,7.156,ci14746764
2010-06-15 06:46:08.960000+00:00,3.63,32.6965,-115.9228333,11.811,ci14746772
2010-06-15 06:52:27.500000+00:00,3.44,32.6818333,-115.9205,12.976,ci14746844
2010-06-15 07:39:45.310000+00:00,2.89,32.7033333,-115.9273333,6.796,ci14747156
2010-06-15 07:43:08.250000+00:00,2.9,32.6861667,-115.9208333,11.786,ci14747172
2010-06-15 07:44:44.030000+00:00,2.57,32.7076667,-115.9451667,1.336,ci14747180
2010-06-15 07:48:12.840000+00:00,2.67,32.7171667,-115.9561667,8.176,ci14747220
2010-06-15 07:48:42.460000+00:00,2.76,32.714,-115.9335,1.936,ci14747228
2010-06-15 08:05:27.380000+00:00,2.67,32.7258333,-115.9653333,2.986,ci14747348
2010-06-15 08:09:48.420000+00:00,2.79,32.7301667,-115.9668333,8.248,ci14747372
2010-06-15 08:11:24.380000+00:00,3.63,32.7118333,-115.9468333,0.266,ci14747388
2010-06-15 08:14:47.020000+00:00,4.15,32.688,-115.9108333,3.536,ci14747396
2010-06-15 08:16:51.390000+00:00,3.97,32.683,-115.9148333,5.406,ci14747404
2010-06-15 08:24:33.740000+00:00,3.14,32.6676667,-115.8661667,2.079,ci14747428
2010-06-15 08:26:48.010000+00:00,3.3,32.6983333,-115.9241667,8.998,ci14747452
2010-06-15 08:28:59.120000+00:00,2.72,32.7213333,-115.957,4.716,ci14747468
2010-06-15 08:39:43.550000+00:00,3.15,32.696,-115.914,11.736,ci14747556
2010-06-15 08:44:09.380000+00:00,2.61,32.7036667,-115.9301667,5.086,ci14747580
2010-06-15 08:49:33.070000+00:00,2.74,32.6968333,-115.9145,1.646,ci14747612
2010-06-15 08:57:00.970000+00:00,3.01,32.6768333,-115.9148333,5.546,ci14747684
2010-06-15 09:06:35.730000+00:00,2.7,32.6975,-115.9211667,1.929,ci10186990
2010-06-15 09:06:37.440000+00:00,3.05,32.6718333,-115.9118333,2.013,ci14747756
2010-06-15 09:17:36.740000+00:00,2.61,32.6868333,-115.916,2.656,ci14747820
2010-06-15 09:51:19+00:00,3.56,32.6913333,-115.9301667,5.086,ci14748044
2010-06-15 09:52:20.580000+00:00,3.11,32.7051667,-115.9286667,1.906,ci14748052
2010-06-15 10:03:57.560000+00:00,2.57,32.721,-115.9586667,1.351,ci14748100
2010-06-15 10:05:33.590000+00:00,2.91,32.7145,-115.9616667,9.396,ci14748124
2010-06-15 10:28:28.600000+00:00,2.61,32.6921667,-115.9098333,4.206,ci14748252
2010-06-15 10:52:12.550000+00:00,2.88,32.6621667,-115.8065,3.709,ci14748356
2010-06-15 12:16:22.180000+00:00,2.6,32.7205,-115.9615,1.156,ci14748780
2010-06-15 12:30:18.360000+00:00,2.53,32.1485,-115.2578333,9.949,ci14748884
2010-06-15 12:41:53.360000+00:00,2.66,32.6765,-115.9105,3.728,ci14748932
2010-06-15 13:00:47.350000+00:00,2.65,32.722,-115.972,1.786,ci14749036
2010-06-15 13:18:02.680000+00:00,2.53,32.7051667,-115.9373333,5.106,ci14749100
2010-06-15 13:33:51.400000+00:00,2.56,32.714,-115.9545,8.178,ci14749164
2010-06-15 14:47:32.160000+00:00,2.78,32.7215,-115.9481667,5.006,ci14749380
2010-06-15 14:48:36.480000+00:00,2.95,32.6851667,-115.9303333,9.846,ci14749388
2010-06-15 14:56:43.440000+00:00,3.3,32.7158333,-115.9508333,4.806,ci14749420
2010-06-15 15:05:24.950000+00:00,2.63,32.7171667,-115.9433333,3.971,ci14749460
2010-06-15 15:21:58.080000+00:00,2.69,32.6858333,-115.8516667,2.383,ci14749508
2010-06-15 15:23:19.700000+00:00,2.58,32.7208333,-115.9465,3.316,ci14749516
2010-06-15 15:31:36.760000+00:00,2.72,32.702,-115.9206667,5.616,ci14749548
2010-06-15 16:23:44.430000+00:00,3.04,33.395,-116.4223333,10.106,ci14749724
2010-06-15 16:32:32.200000+00:00,3.62,32.709,-115.9586667,13.186,ci14749764
2010-06-15 17:06:12.040000+00:00,3.65,32.687,-115.906,13.286,ci14749860
2010-06-15 17:25:12.380000+00:00,2.91,32.6993333,-115.9471667,2.726,ci14749924
2010-06-15 20:12:13.930000+00:00,2.76,32.2355,-115.3668333,9.955,ci14750428
2010-06-15 21:31:48.140000+00:00,2.86,32.701,-115.9421667,7.396,ci14750596
2010-06-15 21:36:38.320000+00:00,3.02,32.7038333,-115.9336667,1.526,ci14750604
2010-06-15 22:17:15.570000+00:00,2.79,32.674,-115.9055,5.348,ci14750676
2010-06-15 23:05:37.950000+00:00,3.13,32.7151667,-115.9596667,8.956,ci14750724
2010-06-15 23:30:48.700000+00:00,3.24,32.7325,-115.976,4.016,ci14750780
2010-06-16 01:10:36.660000+00:00,2.63,32.7,-115.9478333,2.806,ci14751052
2010-06-16 01:30:50.520000+00:00,2.65,32.7138333,-115.9596667,2.886,ci14751100
2010-06-16 01:33:17.820000+00:00,2.52,32.6818333,-115.9218333,11.696,ci14751092
2010-06-16 02:42:03.420000+00:00,3.22,32.689,-115.9231667,7.446,ci14751300
2010-06-16 02:54:50.660000+00:00,2.59,32.698,-115.9098333,7.876,ci14751340
2010-06-16 03:14:51.860000+00:00,2.63,32.7286667,-115.9673333,3.446,ci14751396
2010-06-16 04:27:06.440000+00:00,2.9,32.6721667,-115.8558333,6.298,ci14751556
2010-06-16 05:04:10.620000+00:00,2.72,32.6711667,-115.837,3.103,ci14751620
2010-06-16 05:19:27.630000+00:00,2.5,32.6861667,-115.9493333,1.816,ci14751676
2010-06-16 05:43:15.450000+00:00,2.76,32.6896667,-115.9721667,1.156,ci14751716
2010-06-16 07:00:18.940000+00:00,2.89,32.7186667,-115.9595,10.976,ci14751836
2010-06-16 07:37:44.530000+00:00,2.88,32.7013333,-115.9508333,1.626,ci14751924
2010-06-16 07:39:50.220000+00:00,3.22,32.6748333,-115.9085,4.748,ci14751940
2010-06-16 07:47:06.630000+00:00,2.77,32.7041667,-115.913,7.736,ci14751964
2010-06-16 10:04:45.310000+00:00,3.31,32.674,-115.905,5.288,ci14752220
2010-06-16 10:36:44.150000+00:00,2.6,32.7518333,-115.876,0.842,ci14752252
2010-06-16 10:54:41.160000+00:00,3.56,32.7278333,-115.9741667,3.116,ci14752284
2010-06-16 11:20:53.780000+00:00,2.69,32.7181667,-115.9578333,5.556,ci14752332
2010-06-16 11:30:48.750000+00:00,3.77,32.6956667,-115.9286667,3.436,ci14752348
2010-06-16 12:03:16.580000+00:00,3.08,32.7075,-115.928,2.196,ci14752380
2010-06-16 12:58:52.860000+00:00,3.29,32.0626667,-115.2173333,9.939,ci14752460
2010-06-16 12:59:34.240000+00:00,2.69,32.5918333,-115.7786667,4.313,ci10165282
2010-06-16 13:21:34.960000+00:00,2.9,32.6773333,-115.8581667,4.738,ci14752524
2010-06-16 13:46:30.040000+00:00,2.98,33.3901667,-116.4108333,7.956,ci14752556
2010-06-16 15:09:12.810000+00:00,3.24,32.6906667,-115.9673333,3.016,ci14752700
2010-06-16 16:07:50.800000+00:00,2.66,32.7185,-115.9578333,3.066,ci14752836
2010-06-16 16:08:28.840000+00:00,2.6,32.7033333,-115.9586667,8.151,ci14752844
2010-06-16 16:19:41.020000+00:00,3.23,32.702,-115.9296667,3.816,ci14752884
2010-06-16 16:29:58.940000+00:00,2.93,32.1391667,-115.2866667,9.959,ci14752916
2010-06-16 16:39:20.100000+00:00,2.82,32.726,-115.9683333,2.396,ci14752924
2010-06-16 17:53:27.360000+00:00,2.99,32.7191667,-115.9506667,5.176,ci14753036
2010-06-16 19:15:21.670000+00:00,2.58,32.1896667,-115.2581667,9.939,ci14753164
2010-06-16 19:23:32.680000+00:00,2.82,32.6873333,-115.921,8.196,ci14753172
2010-06-16 21:04:24.090000+00:00,3.37,32.6731667,-115.8965,3.918,ci14753300
2010-06-16 21:21:49.520000+00:00,3.15,32.725,-115.9653333,0.076,ci14753356
2010-06-16 21:49:14.160000+00:00,2.76,32.7113333,-115.9548333,7.486,ci14753412
2010-06-17 00:43:09.960000+00:00,2.51,32.7508333,-115.8838333,0.972,ci14753668
2010-06-17 01:01:52.330000+00:00,2.52,32.3043333,-115.446,6.599,ci14753700
2010-06-17 01:44:04.620000+00:00,3.37,35.2033333,-118.6028333,5.532,ci14753740
2010-06-17 03:09:47.800000+00:00,2.79,35.2016667,-118.5988333,4.672,ci14753932
2010-06-17 03:39:58.610000+00:00,2.62,32.1966667,-115.2763333,9.94,ci14753988
2010-06-17 04:51:09.170000+00:00,2.94,32.6736667,-115.8576667,1.048,ci14754124
2010-06-17 06:27:36.730000+00:00,2.65,32.747,-115.8781667,0.992,ci14754204
2010-06-17 08:37:22.330000+00:00,2.96,32.1258333,-115.2025,9.945,ci14754324
2010-06-17 09:04:59.480000+00:00,3.74,32.0631667,-115.0613333,9.947,ci14754356
2010-06-17 09:05:38.190000+00:00,4.13,32.0748333,-115.004,9.934,ci10160722
2010-06-17 09:21:09.280000+00:00,3.1,32.086,-115.0155,9.947,ci14754388
2010-06-17 09:41:44.130000+00:00,3.05,32.7215,-115.9681667,0.976,ci14754412
2010-06-17 14:23:35.280000+00:00,3.34,32.7248333,-115.9658333,3.116,ci14754780
2010-06-17 15:12:08.600000+00:00,3.33,32.494,-115.6128333,5.835,ci14754900
2010-06-17 17:33:03.090000+00:00,2.73,32.7021667,-115.925,2.716,ci14755124
2010-06-17 20:45:10.410000+00:00,2.67,32.256,-115.365,9.949,ci14755404
2010-06-17 20:45:38.120000+00:00,2.92,32.233,-115.3658333,9.957,ci10179250
2010-06-18 04:49:11.480000+00:00,3.32,32.1228333,-115.2405,9.955,ci10714749
2010-06-18 07:00:50.310000+00:00,2.65,32.2428333,-115.3193333,5.535,ci10714829
2010-06-18 10:46:37.770000+00:00,2.6,32.6566667,-115.7395,5.793,ci10715061
2010-06-18 13:57:25.790000+00:00,3.41,32.6995,-115.9336667,1.986,ci10715237
2010-06-18 15:14:39.980000+00:00,3.41,33.3905,-116.4166667,8.706,ci10715365
2010-06-18 17:01:35.990000+00:00,2.65,32.995,-116.3541667,7.914,ci10715565
2010-06-18 17:55:24.840000+00:00,2.63,32.7266667,-115.9675,2.326,ci10715613
2010-06-18 19:57:11.930000+00:00,3.0,32.719,-115.9715,-0.194,ci10715837
2010-06-18 23:02:10.810000+00:00,3.02,32.683,-115.9241667,5.596,ci10716053
2010-06-19 00:18:35.570000+00:00,2.74,32.6673333,-115.8603333,4.538,ci10716125
2010-06-19 01:57:11.240000+00:00,3.47,32.196,-115.3385,9.955,ci10716205
2010-06-19 09:03:21.720000+00:00,2.82,32.7346667,-115.982,5.298,ci10716573
2010-06-19 11:28:57.920000+00:00,2.51,34.2735,-119.4681667,11.305,ci10716677
2010-06-19 14:29:40.610000+00:00,2.73,32.7015,-115.943,1.356,ci10716837
2010-06-19 15:02:24.970000+00:00,2.63,32.7196667,-115.96,2.386,ci10716869
2010-06-19 20:22:26.560000+00:00,2.73,32.2731667,-115.387,3.457,ci10717197
2010-06-19 21:13:47.760000+00:00,2.58,32.3161667,-115.4356667,8.469,ci10717261
2010-06-19 21:20:02.070000+00:00,2.66,32.167,-115.2518333,9.955,ci10717269
2010-06-19 21:51:45.430000+00:00,3.27,32.231,-115.3316667,14.387,ci10717277
2010-06-19 21:55:13.030000+00:00,2.62,32.2308333,-115.3461667,9.955,ci10717293
2010-06-19 23:55:21.060000+00:00,2.7,32.7023333,-115.786,10.023,ci10717405
2010-06-20 00:25:52.520000+00:00,2.77,32.714,-115.9471667,0.406,ci10717429
2010-06-20 01:04:45.200000+00:00,2.57,32.1068333,-115.0818333,9.929,ci10717477
2010-06-20 07:54:56.720000+00:00,2.53,32.5431667,-115.6963333,3.713,ci10717717
2010-06-20 08:53:57.240000+00:00,3.38,32.2215,-115.3928333,16.197,ci10717781
2010-06-20 11:27:23.550000+00:00,2.89,32.1011667,-115.2578333,9.955,ci10717909
2010-06-20 15:11:50.690000+00:00,2.62,32.2818333,-115.3441667,8.642,ci10718085
2010-06-20 15:32:34.990000+00:00,2.75,32.2593333,-115.346,9.957,ci10718117
2010-06-20 15:34:04.690000+00:00,2.64,32.2655,-115.3596667,0.147,ci10718125
2010-06-20 19:17:11+00:00,2.74,32.1976667,-115.2816667,5.995,ci10718373
2010-06-20 19:57:39.440000+00:00,3.77,32.0241667,-115.1898333,9.939,ci10718397
2010-06-21 05:21:31.790000+00:00,2.55,32.1458333,-115.251,9.945,ci10718813
2010-06-21 12:26:19.180000+00:00,3.11,32.7296667,-115.9931667,1.706,ci10719229
2010-06-21 15:04:07.850000+00:00,2.88,32.132,-115.2135,9.945,ci10719365
2010-06-21 15:55:26.040000+00:00,2.51,32.2625,-115.2386667,8.726,ci10719421
2010-06-22 10:27:49.320000+00:00,2.86,32.1415,-115.2066667,6.959,ci10720125
2010-06-22 12:51:30.580000+00:00,2.52,32.2511667,-115.3431667,12.895,ci10720229
2010-06-22 16:18:40.820000+00:00,2.82,32.253,-115.2761667,15.576,ci10720413
2010-06-22 18:20:12.540000+00:00,2.5,32.291,-115.456,9.997,ci10174790
2010-06-22 18:20:44.730000+00:00,2.8,32.3045,-115.423,6.411,ci10720493
2010-06-22 21:04:42.600000+00:00,2.5,32.715,-115.956,8.556,ci10720653
2010-06-23 08:39:05.280000+00:00,3.15,32.7063333,-115.931,4.886,ci10721237
2010-06-23 12:34:02.440000+00:00,2.9,32.389,-115.4963333,5.886,ci10721397
2010-06-23 13:27:01.720000+00:00,2.68,32.6843333,-115.9503333,3.506,ci10721453
2010-06-23 16:12:29.100000+00:00,2.5,32.7213333,-115.9485,2.576,ci10721613
2010-06-23 21:08:38.740000+00:00,3.06,32.7125,-115.9548333,3.016,ci10722005
2010-06-23 22:17:46.260000+00:00,3.24,32.327,-115.4285,9.966,ci10722141
2010-06-23 22:19:22.570000+00:00,2.83,32.2776667,-115.4443333,9.966,ci10164162
2010-06-24 11:52:56.770000+00:00,2.57,32.2755,-115.3468333,14.955,ci10722845
2010-06-24 12:14:27.570000+00:00,3.18,34.131,-117.4471667,7.263,ci10722861
2010-06-24 12:24:03.540000+00:00,2.62,32.3283333,-115.3388333,8.375,ci10722869
2010-06-24 13:17:18.690000+00:00,3.49,32.7126667,-115.9526667,1.256,ci10722925
2010-06-24 15:11:15.450000+00:00,3.48,32.0201667,-117.2211667,9.57,ci10723037
2010-06-24 16:15:27.990000+00:00,2.54,32.6055,-115.7655,0.953,ci10723117
2010-06-24 17:07:36.280000+00:00,3.96,32.72,-115.963,0.936,ci10723181
2010-06-24 17:36:21.100000+00:00,2.88,32.1448333,-115.2123333,9.975,ci10723293
2010-06-24 17:38:05.510000+00:00,2.5,32.7213333,-115.9766667,0.536,ci10723285
2010-06-24 19:12:23.130000+00:00,3.11,32.1688333,-115.2398333,13.799,ci10723509
2010-06-25 00:10:34.360000+00:00,3.05,32.7185,-115.9666667,1.486,ci10723933
2010-06-25 00:21:22.940000+00:00,2.92,32.0721667,-115.1748333,5.469,ci10723957
2010-06-25 06:37:52.800000+00:00,4.17,32.6188333,-115.7946667,6.413,ci10724149
2010-06-25 11:14:46.050000+00:00,2.9,32.6278333,-115.719,8.363,ci10724397
2010-06-25 13:55:19.830000+00:00,2.59,32.1415,-115.2158333,9.945,ci10724501
2010-06-25 18:38:29.820000+00:00,2.98,33.964,-117.7591667,11.363,ci10724709
2010-06-25 20:00:24.120000+00:00,2.61,32.2131667,-115.2516667,5.996,ci10724765
2010-06-25 20:08:43.460000+00:00,2.58,32.1348333,-115.2505,9.945,ci10724773
2010-06-25 22:05:28.310000+00:00,2.95,32.1373333,-115.2871667,10.945,ci10724837
2010-06-25 22:08:54.840000+00:00,3.0,35.337,-118.6091667,3.961,ci10724845
2010-06-25 23:50:50.100000+00:00,2.77,32.1225,-115.1888333,14.499,ci10724981
2010-06-26 02:28:19.050000+00:00,2.69,32.2471667,-115.2911667,13.836,ci10725077
2010-06-26 12:33:50.110000+00:00,2.54,32.4888333,-115.6338333,3.335,ci10725453
2010-06-26 21:54:46.760000+00:00,2.79,32.0723333,-115.1953333,9.945,ci10725877
2010-06-26 23:55:57.490000+00:00,3.01,32.6981667,-115.9181667,3.016,ci10725973
2010-06-27 00:17:44.550000+00:00,3.27,32.6721667,-115.919,7.626,ci10725989
2010-06-27 00:49:31.520000+00:00,2.98,32.415,-115.563,-0.035,ci10726005
2010-06-27 04:34:25.430000+00:00,2.56,32.1448333,-115.2918333,9.954,ci10726101
2010-06-27 07:04:34.050000+00:00,2.93,32.2516667,-115.4025,9.959,ci10726173
2010-06-27 09:26:41.170000+00:00,2.78,32.7005,-115.9301667,1.876,ci10726285
2010-06-27 10:04:04.580000+00:00,2.5,32.3145,-115.3311667,5.045,ci10726309
2010-06-27 12:22:13.510000+00:00,3.78,35.2025,-118.5958333,5.805,ci10726413
2010-06-27 12:59:18.710000+00:00,2.79,32.4835,-115.6095,11.905,ci10726445
2010-06-27 17:19:17.840000+00:00,2.64,32.5026667,-115.6288333,13.915,ci10726645
2010-06-27 19:57:02.630000+00:00,2.72,35.204,-118.5926667,7.075,ci10726829
2010-06-28 03:39:32.850000+00:00,3.11,32.7116667,-115.9501667,0.986,ci10727093
2010-06-28 15:27:25.820000+00:00,2.77,32.2575,-115.3778333,5.634,ci10727509
2010-06-29 00:10:45.280000+00:00,2.6,32.0931667,-115.1976667,7.055,ci10727821
2010-06-29 01:37:59.980000+00:00,3.54,32.2475,-115.3748333,5.955,ci10727893
2010-06-29 04:39:57.030000+00:00,2.5,32.2248333,-115.3766667,5.955,ci10728053
2010-06-29 06:15:36.420000+00:00,2.57,32.2403333,-115.3158333,2.055,ci10728141
2010-06-29 07:00:58.600000+00:00,2.7,35.5076667,-118.3635,1.903,ci10728165
2010-06-29 07:58:06.330000+00:00,2.72,32.2591667,-115.3823333,9.959,ci10728229
2010-06-29 14:57:28.820000+00:00,2.92,32.2853333,-115.3856667,13.194,ci10728533
2010-06-29 15:27:39.510000+00:00,2.51,32.3105,-115.3485,6.964,ci10728549
2010-06-29 18:10:47.590000+00:00,3.39,32.4066667,-115.5113333,16.719,ci10728701
2010-06-30 08:03:02.940000+00:00,3.59,32.6648333,-115.9123333,12.358,ci10729325
2010-06-30 08:20:39.380000+00:00,2.59,32.6763333,-115.9138333,6.746,ci10729349
2010-06-30 08:22:24.570000+00:00,2.56,32.6325,-115.7855,6.503,ci10729365
2010-06-30 15:30:32.030000+00:00,2.65,32.2426667,-115.2501667,16.155,ci10729573
2010-06-30 18:24:42.700000+00:00,2.94,32.1876667,-115.2808333,13.975,ci10729757
2010-06-30 19:50:04.440000+00:00,2.84,32.3961667,-115.547,13.155,ci10729837
2010-06-30 19:51:00.160000+00:00,2.85,32.4041667,-115.544,6.015,ci10729845
2010-06-30 21:24:47.720000+00:00,2.53,32.0826667,-115.0538333,6.91,ci10729925
2010-06-30 22:20:55.160000+00:00,2.7,32.1651667,-115.3076667,5.775,ci10729965
2010-07-01 00:20:45.920000+00:00,2.81,32.6736667,-115.9766667,5.336,ci10730069
2010-07-01 01:18:47.640000+00:00,2.6,32.3888333,-115.5693333,1.055,ci10730093
2010-07-01 01:24:33.630000+00:00,2.59,32.4143333,-115.5525,12.775,ci10730101
2010-07-01 01:25:25.960000+00:00,2.59,32.4206667,-115.5561667,5.435,ci10730109
2010-07-01 01:25:48.750000+00:00,2.83,32.4111667,-115.572,6.845,ci34157759
2010-07-01 01:26:41.070000+00:00,3.1,32.4101667,-115.5571667,5.715,ci10730117
2010-07-01 02:17:22.900000+00:00,2.82,32.4016667,-115.5588333,5.925,ci10730165
2010-07-01 02:17:56.340000+00:00,2.91,32.4073333,-115.5638333,-0.025,ci10730173
2010-07-01 07:51:30.720000+00:00,3.74,35.4816667,-118.4398333,0.703,ci10730349
2010-07-01 09:14:43.860000+00:00,2.6,32.0535,-115.1591667,6.949,ci10730389
2010-07-01 11:05:42.200000+00:00,2.72,32.0561667,-115.1093333,15.889,ci10730437
2010-07-01 17:58:55.340000+00:00,2.87,32.5128333,-115.6735,3.235,ci14771844
2010-07-01 18:13:06.890000+00:00,3.45,32.0186667,-115.0375,14.929,ci14771884
2010-07-01 19:08:25.250000+00:00,2.87,32.0751667,-115.0528333,9.934,ci14771924
2010-07-01 19:58:58.090000+00:00,2.56,32.1186667,-115.032,9.95,ci14772020
2010-07-02 01:01:29.790000+00:00,2.95,32.1736667,-115.2476667,18.096,ci14772188
2010-07-02 03:27:09.070000+00:00,3.51,32.8685,-116.2345,9.348,ci14772268
2010-07-02 13:22:24.740000+00:00,3.04,32.8698333,-116.233,9.291,ci14772556
2010-07-02 17:06:44.560000+00:00,3.92,32.0615,-115.1735,9.939,ci14772652
2010-07-02 17:07:59.840000+00:00,3.42,32.0353333,-115.1811667,9.945,ci10165682
2010-07-02 23:48:59.760000+00:00,2.64,32.0746667,-115.0436667,9.929,ci14772868
2010-07-03 00:17:52.040000+00:00,2.59,34.0413333,-117.2478333,18.232,ci14772892
2010-07-03 03:15:54.660000+00:00,2.97,32.207,-115.2458333,14.946,ci14772972
2010-07-03 04:30:16.210000+00:00,3.01,32.736,-115.976,4.806,ci14773012
2010-07-03 04:50:19.880000+00:00,2.78,32.3373333,-115.4056667,3.229,ci14773020
2010-07-03 12:53:17.060000+00:00,2.98,32.1716667,-115.2546667,5.266,ci14773244
2010-07-03 14:47:19.850000+00:00,2.61,32.7023333,-115.9671667,5.446,ci14773356
2010-07-03 19:18:11+00:00,2.57,32.209,-115.2835,6.955,ci14773524
2010-07-03 19:42:19.980000+00:00,2.52,32.0211667,-115.0396667,9.929,ci14773532
2010-07-03 21:05:55.430000+00:00,2.67,32.0188333,-115.0768333,9.929,ci14773548
2010-07-03 21:08:32.330000+00:00,2.88,32.037,-115.0755,7.249,ci14773556
2010-07-04 05:35:30.550000+00:00,2.99,32.1646667,-115.2633333,9.955,ci14773852
2010-07-04 10:26:53.290000+00:00,2.97,32.2,-115.335,5.495,ci14774036
2010-07-04 13:22:53.510000+00:00,2.81,32.0751667,-115.206,9.939,ci14774116
2010-07-04 13:34:38.920000+00:00,3.41,32.0061667,-114.9826667,9.947,ci14774124
2010-07-05 02:02:41.290000+00:00,2.56,32.153,-115.2535,14.955,ci14774660
2010-07-05 09:09:00.830000+00:00,2.51,32.1723333,-115.255,9.955,ci14774892
2010-07-05 09:51:35.040000+00:00,2.52,32.1451667,-115.231,9.945,ci14774948
2010-07-05 21:28:38.380000+00:00,2.56,34.4528333,-119.2033333,3.391,ci14775332
2010-07-05 22:03:39.380000+00:00,2.64,32.2585,-115.3598333,14.495,ci14775404
2010-07-06 02:38:29.090000+00:00,3.35,32.0586667,-115.1221667,9.939,ci14775604
2010-07-06 10:45:25.340000+00:00,2.99,32.2461667,-115.3565,9.955,ci14775788
2010-07-06 13:36:20.790000+00:00,2.51,32.6998333,-115.9293333,3.006,ci14775868
2010-07-06 16:36:58.720000+00:00,2.73,32.2526667,-115.3368333,5.874,ci14775980
2010-07-06 16:38:05.230000+00:00,4.27,32.218,-115.3461667,1.464,ci14776012
2010-07-06 16:40:43.940000+00:00,2.56,32.2716667,-115.3366667,15.288,ci10171326
2010-07-06 16:46:35.570000+00:00,2.61,32.2428333,-115.355,5.955,ci14776020
2010-07-07 11:12:51.330000+00:00,3.02,32.3078333,-115.4251667,13.379,ci14776636
2010-07-07 12:03:40.200000+00:00,2.58,32.2963333,-115.4155,5.575,ci14776676
2010-07-07 20:20:24.500000+00:00,2.53,32.1786667,-115.2851667,9.914,ci14777012
2010-07-07 23:53:33.480000+00:00,5.42,33.4173333,-116.4746667,12.318,ci10736069
2010-07-07 23:56:01.580000+00:00,2.83,33.4528333,-116.444,10.748,ci10736077
2010-07-07 23:56:17.320000+00:00,2.83,33.4205,-116.446,14.306,ci10171082
2010-07-07 23:56:30.930000+00:00,2.73,33.4958333,-116.4798333,13.324,ci10736085
2010-07-07 23:56:58.090000+00:00,2.86,33.4031667,-116.4595,12.246,ci10736093
2010-07-07 23:57:23.040000+00:00,3.0,33.391,-116.4508333,12.476,ci10736101
2010-07-07 23:59:29.620000+00:00,2.87,33.4123333,-116.4636667,10.966,ci10736133
2010-07-08 01:07:10.880000+00:00,3.01,33.4451667,-116.4061667,10.868,ci10737309
2010-07-08 01:09:05.790000+00:00,3.28,32.2365,-115.301,9.259,ci36942479
2010-07-08 01:12:56.340000+00:00,2.71,33.3866667,-116.4443333,12.736,ci10737413
2010-07-08 02:34:35.980000+00:00,3.4,33.4578333,-116.4761667,11.368,ci10738357
2010-07-08 03:35:54.850000+00:00,2.65,32.7145,-115.9493333,3.206,ci10738829
2010-07-08 10:03:14.210000+00:00,2.61,32.9378333,-116.285,5.908,ci10740589
2010-07-08 12:32:53.030000+00:00,2.64,33.4533333,-116.3988333,10.883,ci10741029
2010-07-08 15:45:26.260000+00:00,2.61,32.1795,-115.2468333,15.338,ci10741781
2010-07-08 16:22:50.960000+00:00,2.66,33.3781667,-116.4041667,8.146,ci10741949
2010-07-09 01:30:46.420000+00:00,3.15,36.1016667,-117.7086667,0.709,ci10743157
2010-07-09 02:10:32.030000+00:00,3.02,32.2945,-115.41,5.479,ci10743261
2010-07-09 03:27:38.410000+00:00,3.09,32.4685,-115.6235,1.395,ci10743373
2010-07-09 08:31:38.830000+00:00,2.59,32.1268333,-115.1428333,5.899,ci10743821
2010-07-09 17:15:01.460000+00:00,2.66,32.155,-115.2428333,14.609,ci10744533
2010-07-09 18:43:39.890000+00:00,2.7,34.101,-117.3123333,15.68,ci10744605
2010-07-10 03:33:41.590000+00:00,3.09,36.7911667,-118.1951667,3.651,ci10745413
2010-07-10 13:24:53.880000+00:00,2.85,33.1073333,-116.4238333,8.53,ci10746197
2010-07-10 14:37:27.540000+00:00,2.81,33.472,-116.522,11.724,ci10746293
2010-07-11 13:14:42.770000+00:00,2.84,32.1941667,-115.2568333,15.035,ci10747813
2010-07-11 14:32:51.270000+00:00,3.07,32.67,-115.8691667,7.848,ci10747941
2010-07-11 23:29:38.880000+00:00,2.7,32.4975,-115.64,12.035,ci10748485
2010-07-12 05:50:29.240000+00:00,3.3,33.4778333,-116.442,7.597,ci10748837
2010-07-12 08:37:50.710000+00:00,3.03,32.1003333,-115.1785,6.309,ci10749061
2010-07-12 10:00:28.540000+00:00,2.82,32.6616667,-115.8731667,12.658,ci10749165
2010-07-12 10:29:54.460000+00:00,2.51,32.2455,-115.3138333,5.513,ci10749181
2010-07-12 10:57:50.500000+00:00,2.91,32.2113333,-115.3275,0.495,ci10749197
2010-07-12 14:52:09.410000+00:00,2.77,32.0538333,-115.0928333,14.129,ci10749461
2010-07-12 19:55:11.490000+00:00,2.88,32.4965,-115.6266667,2.085,ci10749693
2010-07-12 21:10:12.440000+00:00,3.15,32.67,-115.9188333,11.856,ci10749781
2010-07-12 23:15:43.650000+00:00,2.58,32.6735,-115.9245,7.906,ci10749901
2010-07-13 19:43:41.040000+00:00,2.65,36.0775,-117.8885,-1.031,ci10750957
2010-07-14 01:21:43.170000+00:00,3.1,32.3045,-115.3236667,2.265,ci10751261
2010-07-14 01:26:50.090000+00:00,2.86,32.3025,-115.324,6.955,ci10751277
2010-07-14 02:26:09.690000+00:00,2.73,32.2738333,-115.3208333,5.955,ci10751341
2010-07-14 03:21:09.330000+00:00,3.06,32.0826667,-115.2246667,9.939,ci10751397
2010-07-14 07:09:32.860000+00:00,3.48,32.1368333,-115.2731667,12.535,ci10751509
2010-07-14 15:17:26.830000+00:00,3.88,32.2466667,-115.3323333,14.955,ci10751781
2010-07-14 17:30:32.750000+00:00,3.12,32.1743333,-115.2405,13.915,ci10751837
2010-07-14 20:14:54.700000+00:00,2.61,33.6471667,-116.767,11.888,ci10751997
2010-07-14 21:08:28.710000+00:00,3.02,32.2116667,-115.2345,16.526,ci10752085
2010-07-14 22:38:18.650000+00:00,2.89,34.1288333,-117.4403333,7.42,ci10752125
2010-07-15 08:32:38.850000+00:00,2.66,32.1536667,-115.2111667,13.629,ci10752541
2010-07-15 13:56:37.050000+00:00,2.61,32.2735,-115.4303333,6.925,ci10752709
2010-07-15 22:39:20.360000+00:00,2.87,32.2736667,-115.32,5.955,ci10753133
2010-07-15 22:39:41.300000+00:00,2.6,32.2066667,-115.3393333,5.566,ci34613759
2010-07-15 22:39:56.800000+00:00,2.69,32.2373333,-115.3258333,5.995,ci34613767
2010-07-15 23:08:15.890000+00:00,2.69,32.1313333,-115.2066667,2.309,ci10753157
2010-07-15 23:13:51.120000+00:00,3.03,32.1473333,-115.2085,5.699,ci10753165
2010-07-16 12:05:31.300000+00:00,2.83,32.144,-115.2513333,7.016,ci10753813
2010-07-16 15:29:59.210000+00:00,3.14,32.5618333,-115.7088333,7.648,ci10753933
2010-07-16 21:25:52.360000+00:00,2.54,33.2418333,-116.782,9.608,ci10754213
2010-07-16 22:19:36.240000+00:00,2.69,32.6775,-115.9338333,2.414,ci10754285
2010-07-17 06:53:31.450000+00:00,2.6,32.1198333,-115.2043333,5.576,ci10754493
2010-07-17 21:37:02.690000+00:00,2.97,32.1795,-115.2533333,14.405,ci10754973
2010-07-18 10:51:10.530000+00:00,2.84,32.7106667,-115.9563333,3.105,ci10755517
2010-07-18 11:16:55.920000+00:00,2.87,32.4353333,-115.5623333,1.025,ci10755549
2010-07-18 16:17:20.410000+00:00,2.81,32.2311667,-115.3396667,13.115,ci10755773
2010-07-18 21:05:49.890000+00:00,2.79,33.5041667,-116.4608333,2.032,ci10755973
2010-07-19 04:45:08.740000+00:00,2.64,32.2033333,-115.2428333,15.396,ci10756317
2010-07-19 12:09:18.800000+00:00,2.84,32.037,-115.1995,5.986,ci10756645
2010-07-19 13:06:51.240000+00:00,2.75,32.1733333,-115.1641667,16.99,ci10756669
2010-07-19 23:06:11.900000+00:00,3.91,32.1345,-115.1775,9.97,ci10756957
2010-07-20 10:18:03.460000+00:00,3.49,32.4813333,-115.6406667,1.076,ci10757205
2010-07-21 01:50:24.010000+00:00,2.59,32.7268333,-115.9733333,1.935,ci10757757
2010-07-21 02:29:22.250000+00:00,2.74,35.3336667,-117.8948333,5.854,ci10757773
2010-07-21 11:47:17.950000+00:00,2.57,32.044,-115.3303333,12.593,ci10757973
2010-07-21 13:29:19.650000+00:00,2.76,32.7115,-115.9388333,3.885,ci10758029
2010-07-21 16:40:48.630000+00:00,2.54,32.664,-115.8761667,4.144,ci10758157
2010-07-21 19:44:45.600000+00:00,2.9,32.1815,-115.2296667,9.97,ci10758277
2010-07-22 01:17:49.700000+00:00,3.04,32.02,-115.155,9.939,ci10758429
2010-07-22 01:19:38.140000+00:00,2.83,32.2366667,-115.3733333,1.195,ci10758437
2010-07-22 03:31:42.690000+00:00,2.72,32.1931667,-115.2665,11.515,ci10758557
2010-07-22 10:49:20.800000+00:00,3.07,34.4791667,-116.2666667,7.438,ci10758749
2010-07-22 15:33:55.810000+00:00,3.08,32.173,-115.1913333,19.735,ci10758933
2010-07-22 16:42:48.300000+00:00,2.78,32.2533333,-115.3636667,5.535,ci10758989
2010-07-22 23:49:43.480000+00:00,2.54,34.2195,-116.5766667,10.55,ci10759221
2010-07-23 01:33:03.320000+00:00,2.83,32.113,-115.2115,9.976,ci10759325
2010-07-23 12:32:53.540000+00:00,2.66,32.6936667,-115.9325,2.974,ci10759661
2010-07-23 12:54:39.090000+00:00,2.53,32.1136667,-115.202,9.976,ci10759669
2010-07-23 13:56:07.100000+00:00,2.54,32.0358333,-115.0606667,9.976,ci10759685
2010-07-23 18:08:18.660000+00:00,2.79,32.7926667,-116.1235,6.353,ci10759853
2010-07-23 21:23:24.380000+00:00,2.88,32.6105,-115.7863333,3.668,ci10759957
2010-07-24 02:29:41.030000+00:00,3.96,32.726,-115.9793333,3.305,ci10760117
2010-07-24 03:05:39.140000+00:00,3.04,32.6345,-115.6886667,13.653,ci10760165
2010-07-24 06:03:05.020000+00:00,2.67,32.2061667,-115.3196667,5.805,ci10760317
2010-07-24 06:41:15.730000+00:00,2.83,32.5995,-115.761,3.698,ci10760373
2010-07-24 13:14:46.930000+00:00,3.08,32.2596667,-115.3646667,5.515,ci10760605
2010-07-24 18:05:25.130000+00:00,3.97,32.246,-115.3561667,13.965,ci10760733
2010-07-24 18:15:25.210000+00:00,2.63,32.2653333,-115.3693333,5.754,ci10760741
2010-07-24 20:23:15.640000+00:00,2.66,32.2398333,-115.3643333,5.124,ci10760893
2010-07-24 21:03:51.660000+00:00,2.99,32.0523333,-115.1916667,9.945,ci10760949
2010-07-24 22:13:46.140000+00:00,3.02,32.2455,-115.3623333,2.345,ci10760973
2010-07-25 03:23:28+00:00,2.56,32.2593333,-115.3763333,9.995,ci10761205
2010-07-25 06:28:25.080000+00:00,2.59,32.0843333,-115.1981667,9.939,ci10761349
2010-07-25 07:06:57.280000+00:00,3.6,32.154,-115.2876667,9.955,ci10761373
2010-07-25 07:27:16.120000+00:00,3.85,32.1475,-115.2566667,6.255,ci10761397
2010-07-25 10:33:48.020000+00:00,2.51,32.2366667,-115.3693333,5.905,ci10761565
2010-07-25 21:25:41.400000+00:00,3.8,33.1575,-116.0053333,13.3,ci10761973
2010-07-25 22:13:58.190000+00:00,2.84,32.793,-116.1193333,6.393,ci10762013
2010-07-25 23:22:06.240000+00:00,2.7,32.1755,-115.2293333,0.736,ci10762053
2010-07-26 00:11:16.520000+00:00,3.95,32.2946667,-115.3798333,8.529,ci10762117
2010-07-26 00:33:55.970000+00:00,3.07,32.1523333,-115.2701667,9.955,ci10762165
2010-07-26 13:56:48.860000+00:00,2.5,33.189,-116.0488333,7.616,ci10762461
2010-07-26 21:39:03.450000+00:00,2.51,32.3515,-115.5293333,14.785,ci10762797
2010-07-27 03:21:29.160000+00:00,2.54,32.1136667,-115.2121667,7.006,ci10762989
2010-07-27 10:09:16.380000+00:00,2.69,34.8121667,-116.2718333,1.662,ci10763189
2010-07-27 10:45:54.670000+00:00,2.57,32.038,-115.1511667,9.929,ci10763213
2010-07-27 12:07:31.930000+00:00,2.61,32.2548333,-115.3185,0.865,ci10763245
2010-07-27 15:35:19.620000+00:00,2.72,32.1353333,-115.2666667,6.305,ci10763317
2010-07-27 20:58:05.230000+00:00,3.09,32.1841667,-115.2606667,9.085,ci10763509
2010-07-27 23:16:08.380000+00:00,3.07,32.1353333,-115.1921667,5.945,ci10763549
2010-07-28 07:21:58.400000+00:00,3.38,32.075,-115.2065,12.849,ci10763829
2010-07-28 07:22:35.160000+00:00,3.01,32.0638333,-115.2315,6.639,ci34965759
2010-07-28 11:44:40.250000+00:00,2.57,32.0978333,-115.232,6.969,ci10764013
2010-07-28 14:28:38.910000+00:00,2.78,32.246,-115.2373333,15.376,ci10764109
2010-07-28 23:20:35.600000+00:00,2.56,32.1263333,-115.1836667,9.929,ci35005759
2010-07-28 23:20:52.820000+00:00,2.78,32.203,-115.2,9.905,ci10764365
2010-07-29 18:02:34.940000+00:00,3.91,32.2346667,-115.3056667,12.625,ci10765061
2010-07-29 21:15:50.300000+00:00,3.06,32.2091667,-115.2383333,14.665,ci10765157
2010-07-29 23:24:14.210000+00:00,2.62,34.0336667,-116.9561667,7.459,ci10765285
2010-07-30 04:47:03+00:00,2.57,36.452,-120.2138333,2.539,nc71439331
2010-07-30 05:52:32.320000+00:00,2.64,33.1565,-116.0,8.516,ci10765533
2010-07-30 10:56:51.140000+00:00,2.85,36.4341667,-120.2278333,6.634,nc71439476
2010-07-30 12:21:01.530000+00:00,2.68,32.0583333,-115.1151667,9.929,ci10765765
2010-07-30 13:19:12.660000+00:00,2.87,36.4463333,-120.2253333,6.354,nc71439526
2010-07-30 16:29:49.150000+00:00,2.57,32.9055,-117.8613333,5.758,ci10765933
2010-07-31 04:56:05.510000+00:00,2.54,32.1573333,-115.2411667,14.355,ci10766461
2010-07-31 20:11:47.120000+00:00,2.99,32.1348333,-115.165,14.929,ci10767005
2010-08-01 05:02:21.400000+00:00,2.54,32.1093333,-115.7541667,9.925,ci10767309
2010-08-01 10:06:13.810000+00:00,2.64,32.2715,-115.4138333,5.629,ci10767525
2010-08-01 10:45:16.040000+00:00,3.67,32.025,-115.1943333,9.939,ci10767557
2010-08-01 18:37:22.690000+00:00,3.85,32.1333333,-115.2176667,9.939,ci10767757
2010-08-01 22:42:43.120000+00:00,3.06,33.9638333,-117.7595,12.104,ci10767877
2010-08-02 04:00:09.110000+00:00,3.4,36.2503333,-120.8158333,6.207,nc71440641
2010-08-03 00:33:00.350000+00:00,2.52,32.063,-115.0973333,9.939,ci10768621
2010-08-03 00:53:34.120000+00:00,2.7,32.667,-115.8318333,5.928,ci10768629
2010-08-03 01:11:36.580000+00:00,3.16,32.571,-115.7195,3.738,ci10768637
2010-08-03 01:36:48.630000+00:00,2.93,32.5628333,-115.7263333,2.618,ci10768677
2010-08-03 08:39:08.970000+00:00,3.31,32.1655,-115.2976667,9.955,ci10768933
2010-08-03 18:39:32.320000+00:00,2.64,36.2481667,-120.8153333,6.317,nc71441096
2010-08-04 01:21:46.190000+00:00,2.83,32.1106667,-115.2166667,5.956,ci10769397
2010-08-04 02:45:03.180000+00:00,2.6,32.2081667,-115.1406667,6.999,ci10769453
2010-08-04 03:24:43.440000+00:00,3.19,32.118,-115.0788333,9.947,ci10769493
2010-08-04 17:49:29.030000+00:00,2.65,32.1321667,-115.2176667,3.683,ci10769885
2010-08-04 18:57:53.130000+00:00,3.6,36.5352,-115.2445,2.8,nn00314719
2010-08-04 21:22:14.880000+00:00,3.01,36.4405,-120.2283333,6.289,nc71441501
2010-08-05 12:54:11.650000+00:00,2.55,32.0148333,-115.082,9.929,ci10770429
2010-08-05 15:08:23.960000+00:00,2.93,32.0933333,-115.0558333,9.945,ci10770485
2010-08-06 01:32:17.590000+00:00,2.82,32.16,-115.2065,14.669,ci10771013
2010-08-06 02:16:38.640000+00:00,2.5,32.2015,-115.247,9.976,ci10771077
2010-08-06 03:29:13.070000+00:00,2.76,32.2248333,-115.3726667,9.956,ci10771157
2010-08-06 17:39:31.670000+00:00,4.05,33.979,-116.4431667,7.177,ci10771621
2010-08-07 23:17:36.460000+00:00,2.65,32.0796667,-115.0643333,9.976,ci10772677
2010-08-08 14:23:23.970000+00:00,2.54,32.1735,-115.2718333,9.955,ci10773045
2010-08-08 16:41:33.870000+00:00,3.48,32.7251667,-115.977,2.855,ci10773085
2010-08-09 02:12:18.790000+00:00,2.72,32.1703333,-115.2496667,9.955,ci10773397
2010-08-09 17:36:12.480000+00:00,3.73,32.0653333,-115.2178333,9.947,ci10773949
2010-08-09 22:31:37+00:00,2.5,32.3701667,-115.4515,7.835,ci10774181
2010-08-10 03:47:58.480000+00:00,2.5,32.1561667,-115.2855,6.105,ci10774421
2010-08-10 04:10:28.590000+00:00,2.56,32.1761667,-115.2348333,9.976,ci10774437
2010-08-10 08:04:09.480000+00:00,2.64,32.3731667,-115.4356667,9.966,ci10774501
2010-08-10 09:54:52.660000+00:00,3.65,34.7243333,-120.4291667,0.738,ci10774605
2010-08-10 11:46:52.680000+00:00,2.65,32.1965,-115.239,9.952,ci10774701
2010-08-10 13:23:58.800000+00:00,3.1,32.353,-115.407,9.0,usp000hhw1
2010-08-10 13:24:49.430000+00:00,3.29,32.2358333,-115.3733333,9.954,ci10774757
2010-08-11 14:59:28.250000+00:00,2.96,32.2605,-115.3491667,0.709,ci10775573
2010-08-11 19:46:05.050000+00:00,2.79,32.1915,-115.267,9.946,ci10775797
2010-08-11 20:47:20.270000+00:00,3.38,33.3731667,-116.4128333,8.446,ci10775845
2010-08-11 21:31:51.590000+00:00,2.61,32.1015,-115.242,9.808,ci10775861
2010-08-12 03:04:08+00:00,2.72,32.1531667,-115.1903333,5.596,ci10776045
2010-08-12 06:26:37.510000+00:00,2.57,32.1758333,-115.1801667,14.929,ci10776125
2010-08-12 10:25:04.720000+00:00,2.57,34.116,-118.2191667,5.195,ci10776325
2010-08-12 11:43:59.110000+00:00,2.9,32.0518333,-116.331,14.405,ci10776405
2010-08-12 13:07:20.720000+00:00,3.03,32.1851667,-115.2666667,13.406,ci10776605
2010-08-12 16:21:25.330000+00:00,2.86,32.2003333,-115.286,12.086,ci10776789
2010-08-13 08:06:18.970000+00:00,2.55,33.498,-116.8525,11.057,ci10777277
2010-08-13 10:18:22.720000+00:00,2.95,32.0366667,-115.0195,9.976,ci10777357
2010-08-13 10:41:57.670000+00:00,2.8,32.1973333,-115.301,9.995,ci10777381
2010-08-13 15:55:28.020000+00:00,2.65,32.1548333,-115.2296667,9.936,ci10777549
2010-08-14 12:12:12.690000+00:00,2.57,33.966,-117.7635,9.944,ci10778285
2010-08-14 12:46:27.580000+00:00,2.66,32.1878333,-115.2928333,9.987,ci10778301
2010-08-14 13:23:06.240000+00:00,3.01,32.1721667,-115.2956667,9.995,ci10778317
2010-08-14 13:24:32.160000+00:00,2.84,32.1871667,-115.3058333,9.995,ci10778325
2010-08-14 13:50:12.080000+00:00,2.89,32.2093333,-115.3243333,9.995,ci10778389
2010-08-14 15:36:14.810000+00:00,2.56,32.1761667,-115.2203333,9.976,ci10778477
2010-08-14 22:29:47.680000+00:00,2.55,32.2046667,-115.3348333,9.952,ci10778717
2010-08-15 01:37:58.270000+00:00,3.79,32.0263333,-115.0856667,9.97,ci10778757
2010-08-15 01:47:21.760000+00:00,2.67,32.0448333,-115.0426667,9.97,ci10778765
2010-08-15 02:44:52.600000+00:00,2.53,32.8863333,-116.2555,4.574,ci10778797
2010-08-15 07:24:57.240000+00:00,2.76,32.2425,-115.339,9.995,ci10778909
2010-08-15 08:13:40.190000+00:00,2.83,32.0538333,-115.0583333,9.97,ci10778949
2010-08-15 10:55:08.550000+00:00,3.57,32.1588333,-115.2531667,9.986,ci10779005
2010-08-15 13:00:39.270000+00:00,2.59,35.9998333,-119.9796667,7.252,nc71441490
2010-08-15 14:41:08.830000+00:00,2.61,32.1833333,-115.2561667,9.976,ci10779109
2010-08-15 16:15:34.560000+00:00,2.56,32.2051667,-115.334,9.961,ci10779141
2010-08-15 21:06:47.710000+00:00,3.42,32.1496667,-115.2393333,9.986,ci10779277
2010-08-15 22:28:10.150000+00:00,2.77,32.2055,-115.2528333,9.969,ci10779293
2010-08-15 22:40:18.540000+00:00,2.66,32.0728333,-115.0741667,9.976,ci10779301
2010-08-16 07:31:47.690000+00:00,2.56,32.2031667,-115.2855,9.986,ci10779485
2010-08-16 10:29:46.300000+00:00,2.53,32.1285,-115.1721667,9.976,ci10779565
2010-08-16 10:54:55.520000+00:00,3.18,33.1693333,-119.3245,5.708,ci10779597
2010-08-16 13:33:01.280000+00:00,2.52,32.1978333,-115.2776667,9.986,ci10779661
2010-08-16 14:35:07.680000+00:00,3.13,32.1906667,-115.2838333,9.995,ci10779701
2010-08-16 19:51:09.220000+00:00,2.67,32.1296667,-115.2273333,9.936,ci10779973
2010-08-16 20:26:13.440000+00:00,2.64,32.1941667,-115.2691667,9.986,ci10779997
2010-08-16 20:29:17.720000+00:00,2.51,32.1763333,-115.2148333,9.936,ci10780005
2010-08-17 02:14:10.270000+00:00,3.22,32.1161667,-115.199,9.976,ci10780253
2010-08-17 02:16:31.920000+00:00,2.55,32.1573333,-115.2721667,9.995,ci10780261
2010-08-17 19:28:47.010000+00:00,3.1,34.388,-117.502,12.538,ci10780885
2010-08-18 00:12:13.200000+00:00,2.75,32.1131667,-115.108,9.945,ci10781045
2010-08-19 16:28:07.060000+00:00,2.85,32.0735,-115.1226667,9.929,ci10782293
2010-08-19 17:34:51.400000+00:00,2.73,32.0631667,-115.0628333,9.96,ci10782333
2010-08-20 09:40:24.160000+00:00,2.98,32.1546667,-115.231,14.835,ci10782957
2010-08-20 21:43:38.010000+00:00,2.55,32.636,-115.7161667,7.593,ci10783141
2010-08-21 04:52:37.900000+00:00,2.9,32.5201667,-115.649,3.905,ci10783301
2010-08-21 13:59:45.570000+00:00,3.59,33.8815,-116.693,11.981,ci10783581
2010-08-22 00:31:50.660000+00:00,2.63,32.0528333,-115.2073333,9.933,ci10783965
2010-08-22 02:46:04.140000+00:00,3.58,32.1425,-115.2543333,9.955,ci10784021
2010-08-22 22:18:25.810000+00:00,2.78,32.2851667,-115.4301667,3.286,ci10784477
2010-08-23 06:03:54.010000+00:00,2.68,32.0381667,-115.1118333,9.929,ci10784629
2010-08-23 11:09:00.860000+00:00,2.68,32.1313333,-115.1596667,9.939,ci10784693
2010-08-23 18:09:09.360000+00:00,2.6,32.1075,-115.1011667,9.945,ci10784917
2010-08-23 23:37:48.080000+00:00,2.61,32.1325,-115.1831667,9.976,ci10785077
2010-08-24 05:42:16.860000+00:00,3.97,33.5151667,-119.033,16.633,ci10785197
2010-08-24 08:10:59.160000+00:00,2.55,32.1145,-115.167,9.969,ci10785253
2010-08-24 21:43:39.960000+00:00,4.22,32.3633333,-115.411,9.966,ci10785477
2010-08-25 03:14:52.290000+00:00,2.83,36.0808333,-117.8841667,1.257,ci10785653
2010-08-25 07:34:43.160000+00:00,2.59,34.0576667,-118.9173333,11.26,ci10785733
2010-08-26 14:34:29.200000+00:00,3.72,32.846,-116.0405,12.023,ci10786597
2010-08-26 16:47:45.090000+00:00,3.45,32.7206667,-115.9638333,2.225,ci10786725
2010-08-26 19:01:36.910000+00:00,2.7,32.1796667,-115.2238333,9.976,ci10786885
2010-08-26 21:12:55.930000+00:00,2.52,34.1755,-117.7241667,7.93,ci10786981
2010-08-27 02:59:15.990000+00:00,2.51,32.2281667,-115.3303333,3.765,ci10787141
2010-08-27 10:01:02.720000+00:00,3.17,33.2255,-115.6425,2.063,ci10787333
2010-08-27 17:32:47.970000+00:00,3.57,33.2238333,-115.6298333,2.063,ci10787509
2010-08-28 01:48:04.450000+00:00,2.61,32.55,-115.7055,9.412,ci10787725
2010-08-28 07:02:12.270000+00:00,2.58,32.2143333,-115.28,9.987,ci10787805
2010-08-28 10:42:41.640000+00:00,2.68,32.1171667,-115.159,9.97,ci10787877
2010-08-28 10:59:32.770000+00:00,2.55,32.1035,-115.2656667,9.986,ci10787885
2010-08-28 11:08:08.290000+00:00,2.62,32.2088333,-115.342,6.295,ci10787893
2010-08-28 14:13:27.940000+00:00,3.26,33.231,-115.6385,3.133,ci10787949
2010-08-28 16:38:55.030000+00:00,3.04,32.4333333,-118.2248333,9.657,ci10788077
2010-08-28 17:07:59.670000+00:00,2.84,32.068,-115.0886667,9.97,ci10788101
2010-08-29 00:54:51.560000+00:00,2.75,32.1713333,-115.2583333,9.987,ci10788469
2010-08-29 04:37:10.290000+00:00,2.77,32.0173333,-115.1436667,9.939,ci10788517
2010-08-29 07:23:25.230000+00:00,2.84,32.2321667,-115.3691667,6.295,ci10788613
2010-08-29 15:53:43.420000+00:00,4.28,32.1803333,-115.293,9.955,ci10788765
2010-08-29 18:20:00.870000+00:00,2.58,32.191,-115.3473333,6.075,ci10788805
2010-08-29 21:39:04.220000+00:00,3.11,32.2131667,-115.3513333,7.574,ci10788893
2010-08-29 21:41:14.910000+00:00,3.38,32.1778333,-115.3608333,0.385,ci10788901
2010-08-29 22:55:49.700000+00:00,2.64,32.1626667,-115.2416667,14.419,ci10788957
2010-08-30 02:15:33.450000+00:00,3.03,32.1763333,-115.2965,4.804,ci10789053
2010-08-30 02:50:29.600000+00:00,2.58,32.1086667,-115.2286667,9.929,ci10789093
2010-08-30 05:02:39.300000+00:00,2.52,32.3653333,-115.4226667,9.956,ci10789149
2010-08-30 16:44:43.100000+00:00,2.79,32.01,-115.1155,9.96,ci10789389
2010-08-31 04:41:34.540000+00:00,2.99,32.1551667,-115.2146667,9.976,ci10789757
2010-08-31 08:22:29.530000+00:00,2.91,34.2255,-119.5166667,11.582,ci10789797
2010-08-31 09:32:46.510000+00:00,3.08,32.2283333,-115.295,9.995,ci10789845
2010-08-31 12:28:11.280000+00:00,2.53,32.3508333,-115.5801667,5.816,ci10789893
2010-09-01 17:19:13.590000+00:00,2.73,32.6578333,-115.9111667,6.724,ci10790669
2010-09-01 20:21:12.090000+00:00,2.67,32.5148333,-115.6465,5.536,ci10790757
2010-09-02 01:10:34.800000+00:00,2.6,33.154,-116.0035,11.93,ci10790829
2010-09-02 12:57:55.380000+00:00,2.55,32.1446667,-115.2021667,9.976,ci10791085
2010-09-02 17:23:25.160000+00:00,3.11,32.1371667,-115.2231667,9.993,ci10791189
2010-09-02 19:51:29.550000+00:00,2.54,32.257,-115.3496667,9.921,ci10791245
2010-09-03 11:24:44.940000+00:00,2.86,33.7375,-117.4835,7.983,ci10791717
2010-09-03 18:26:49.650000+00:00,2.98,32.507,-115.6536667,1.866,ci10791853
2010-09-04 01:27:53.920000+00:00,2.7,33.799,-117.0751667,15.996,ci10792053
2010-09-04 05:31:36.070000+00:00,2.68,33.3273333,-116.2016667,12.853,ci10792149
2010-09-04 07:40:10.970000+00:00,2.65,35.9496667,-117.6681667,3.08,ci10792237
2010-09-04 17:11:24.450000+00:00,3.43,32.1686667,-115.3111667,2.255,ci10792493
2010-09-04 22:40:53.710000+00:00,3.62,32.1203333,-115.2608333,11.615,ci10792661
2010-09-05 01:55:48.620000+00:00,2.59,35.9506667,-117.6695,3.34,ci10792749
2010-09-05 02:27:28.220000+00:00,2.54,32.1871667,-115.2566667,9.976,ci10792773
2010-09-05 06:19:32.190000+00:00,2.67,32.2545,-115.4356667,1.169,ci10792885
2010-09-05 06:27:22.580000+00:00,2.54,32.2098333,-115.3248333,5.655,ci10792893
2010-09-05 16:01:10.890000+00:00,3.65,32.1136667,-115.2613333,9.986,ci10793149
2010-09-06 10:58:36.200000+00:00,3.0,32.109,-115.102,12.0,usp000hkb8
2010-09-06 11:52:13.540000+00:00,2.99,35.5218333,-116.7718333,8.184,ci10793549
2010-09-06 17:54:45.060000+00:00,2.62,32.2141667,-115.2671667,9.699,ci10793613
2010-09-06 19:35:06.110000+00:00,3.15,32.6518333,-115.7128333,5.785,ci10793685
2010-09-06 23:29:26.700000+00:00,2.8,32.217,-115.261,10.0,usp000hkc3
2010-09-07 13:07:21.080000+00:00,2.65,35.7245,-116.963,2.624,ci10793837
2010-09-07 17:29:13.930000+00:00,3.45,35.7273333,-116.9566667,3.524,ci10793909
2010-09-07 18:50:43.090000+00:00,2.6,35.7245,-116.964,5.343,ci10793957
2010-09-08 05:19:19.490000+00:00,2.51,32.1013333,-115.1493333,9.929,ci10794221
2010-09-08 06:00:43.360000+00:00,3.21,32.2955,-115.3335,9.949,ci10794229
2010-09-08 12:56:02.390000+00:00,2.84,35.7251667,-116.9578333,5.094,ci10794317
2010-09-08 17:59:12.560000+00:00,2.86,32.1845,-115.2393333,14.376,ci10794373
2010-09-08 23:57:32.540000+00:00,2.59,32.2408333,-115.2865,9.986,ci10794581
2010-09-09 15:06:59.750000+00:00,2.51,32.128,-115.1586667,9.97,ci10794845
2010-09-09 19:50:00.630000+00:00,2.76,32.14,-115.2418333,13.969,ci10795029
2010-09-09 20:16:08.070000+00:00,2.52,32.2248333,-115.2443333,9.976,ci10795069
2010-09-11 19:20:04.140000+00:00,3.17,32.6821667,-115.895,4.074,ci10796181
2010-09-11 19:47:24.020000+00:00,2.51,32.116,-115.1381667,9.936,ci10796189
2010-09-11 19:52:08.580000+00:00,2.52,32.7315,-115.5046667,16.088,ci10796197
2010-09-12 04:44:12.260000+00:00,3.75,32.0215,-115.091,9.939,ci10796437
2010-09-12 11:56:58.340000+00:00,2.66,32.7296667,-115.9916667,5.205,ci10796637
2010-09-12 22:44:53.360000+00:00,3.12,34.7295,-116.7728333,3.042,ci10796885
2010-09-13 03:27:37.550000+00:00,2.68,32.1518333,-115.2948333,9.955,ci10796981
2010-09-13 03:59:53.850000+00:00,2.89,32.2016667,-115.2836667,5.575,ci10797005
2010-09-13 16:12:57.060000+00:00,2.67,35.8438333,-117.6746667,4.036,ci10797349
2010-09-14 09:26:19.030000+00:00,2.59,32.6743333,-115.8728333,7.324,ci10797933
2010-09-14 10:52:18+00:00,4.96,32.0485,-115.1981667,9.939,ci10798005
2010-09-14 11:32:52.650000+00:00,2.64,32.1556667,-115.1491667,9.993,ci10798077
2010-09-14 12:58:39.240000+00:00,3.15,32.1881667,-115.334,12.925,ci10798205
2010-09-14 13:40:40.240000+00:00,2.95,34.2501667,-117.0038333,6.637,ci10798237
2010-09-15 00:02:12.990000+00:00,2.58,32.1493333,-115.1538333,6.976,ci10798629
2010-09-15 03:26:51.150000+00:00,2.82,34.6903333,-116.3095,4.432,ci10798797
2010-09-15 06:09:53.380000+00:00,4.48,32.1646667,-115.2466667,13.745,ci10798845
2010-09-15 11:23:13.170000+00:00,3.37,32.2953333,-115.366,4.325,ci10799037
2010-09-15 14:38:06.490000+00:00,2.56,34.0183333,-116.7498333,13.201,ci10799277
2010-09-15 15:29:02.560000+00:00,2.96,32.2991667,-115.3671667,4.495,ci10799357
2010-09-15 16:02:20.080000+00:00,2.55,34.804,-116.2726667,3.872,ci10799373
2010-09-15 21:19:39.430000+00:00,2.59,32.0511667,-115.052,9.96,ci10799613
2010-09-16 01:29:27.190000+00:00,2.66,32.1553333,-115.2031667,6.996,ci10799717
2010-09-16 04:32:40.660000+00:00,2.96,32.2043333,-115.334,9.919,ci10799813
2010-09-16 06:23:01.540000+00:00,2.67,32.1283333,-115.1885,9.969,ci10799837
2010-09-16 15:54:55.660000+00:00,3.88,35.8431667,-117.6771667,3.586,ci10800093
2010-09-17 22:31:51.520000+00:00,2.77,32.2481667,-115.344,11.981,ci14842876
2010-09-17 23:45:17.730000+00:00,3.34,32.6271667,-115.7051667,3.943,ci14842932
2010-09-18 04:00:46.550000+00:00,2.52,33.9988333,-116.9536667,15.985,ci14843028
2010-09-18 04:40:37.310000+00:00,3.94,32.216,-115.3295,6.785,ci14843060
2010-09-18 08:47:54.050000+00:00,3.04,32.2078333,-115.3401667,8.735,ci14843140
2010-09-18 11:59:26.540000+00:00,2.77,32.103,-115.1145,9.969,ci14843220
2010-09-18 14:34:29.650000+00:00,2.55,33.4686667,-116.4676667,5.228,ci14843348
2010-09-18 22:37:36.970000+00:00,2.87,32.126,-115.198,14.929,ci14843604
2010-09-19 00:04:08.600000+00:00,2.67,32.0283333,-115.0981667,9.929,ci14843660
2010-09-19 03:13:46.210000+00:00,2.77,32.149,-115.1725,14.929,ci14843764
2010-09-19 11:20:45+00:00,2.54,33.6856667,-118.5315,5.87,ci14843908
2010-09-19 21:51:33.370000+00:00,2.71,32.7033333,-115.9035,4.884,ci14844156
2010-09-20 00:30:02.400000+00:00,4.75,32.0261667,-115.1083333,9.939,ci14844244
2010-09-20 00:50:53.990000+00:00,2.67,32.0893333,-115.0796667,9.97,ci14844268
2010-09-20 00:54:18.960000+00:00,2.69,32.0875,-115.0841667,9.976,ci14844284
2010-09-20 07:12:46.630000+00:00,2.92,33.437,-118.86,11.023,ci14844484
2010-09-20 15:12:03.880000+00:00,2.89,32.2143333,-115.2776667,8.712,ci14844660
2010-09-20 19:28:33.450000+00:00,2.67,32.0831667,-115.1258333,9.936,ci14844796
2010-09-21 09:22:49.580000+00:00,3.38,32.2506667,-115.3828333,13.149,ci14845268
2010-09-21 16:02:46.270000+00:00,2.57,32.9573333,-116.4211667,11.311,ci14845436
2010-09-21 18:54:47.430000+00:00,3.77,32.1835,-115.276,6.196,ci14845508
2010-09-21 18:56:28.890000+00:00,2.91,32.2146667,-115.2936667,13.874,ci36549759
2010-09-21 18:56:55.580000+00:00,2.85,32.1701667,-115.2821667,6.224,ci36541759
2010-09-21 19:47:05.780000+00:00,2.72,32.3853333,-115.5743333,0.045,ci14845548
2010-09-22 01:50:18.790000+00:00,2.74,33.151,-116.0166667,5.406,ci14845724
2010-09-22 01:53:18.850000+00:00,2.74,33.1488333,-116.0175,4.876,ci14845732
2010-09-22 22:38:03.400000+00:00,2.75,32.1018333,-115.0485,9.976,ci14846228
2010-09-24 04:48:16.620000+00:00,2.76,32.5696667,-115.6546667,1.683,ci14846860
2010-09-24 11:33:42.580000+00:00,2.6,32.3291667,-115.5311667,14.385,ci14847060
2010-09-24 19:51:29.750000+00:00,2.8,32.6166667,-115.761,1.838,ci14847252
2010-09-25 01:22:34.400000+00:00,2.68,33.0033333,-116.4663333,6.767,ci36789759
2010-09-25 01:37:14.240000+00:00,2.51,32.2916667,-115.3176667,14.675,ci14847380
2010-09-26 10:40:30.380000+00:00,2.51,32.2278333,-115.3201667,9.955,ci14848180
2010-09-28 11:12:03.030000+00:00,2.51,32.7295,-115.9881667,4.715,ci14849068
2010-09-29 11:11:59.010000+00:00,2.85,33.3491667,-116.306,12.4,ci14849604
2010-09-30 05:49:01.660000+00:00,2.98,32.2025,-115.3186667,9.995,ci14850012
2010-09-30 06:09:09.400000+00:00,2.75,32.2408333,-115.3596667,9.979,ci14850020
2010-10-01 06:41:17.850000+00:00,2.83,32.11,-115.246,12.965,ci14850964
2010-10-01 20:03:01.520000+00:00,3.16,32.2371667,-115.39,6.439,ci14851348
2010-10-02 00:25:55.310000+00:00,2.71,32.0113333,-114.9865,9.929,ci14851460
2010-10-02 07:45:29.480000+00:00,2.95,33.1138333,-116.4678333,10.091,ci14851724
2010-10-02 17:22:08.380000+00:00,2.52,32.5125,-115.6225,12.765,ci14851884
2010-10-02 20:18:24.430000+00:00,3.12,32.6806667,-115.894,4.597,ci14851956
2010-10-03 22:18:08.400000+00:00,2.88,32.1096667,-115.2076667,9.976,ci14852444
2010-10-04 10:19:23.120000+00:00,2.82,32.8305,-115.9461667,8.372,ci14852716
2010-10-04 16:13:54.580000+00:00,2.58,32.0733333,-115.2163333,9.952,ci14852812
2010-10-05 17:32:20.450000+00:00,3.04,32.0775,-115.2165,9.91,ci14853612
2010-10-06 08:14:38.280000+00:00,2.98,32.0583333,-115.0613333,9.947,ci14854492
2010-10-06 09:11:10.380000+00:00,2.81,32.0778333,-115.1836667,14.939,ci14854524
2010-10-06 17:58:06.870000+00:00,3.94,33.1468333,-116.4916667,3.322,ci14854812
2010-10-07 06:48:20.070000+00:00,2.57,32.1928333,-115.2788333,9.995,ci14855820
2010-10-07 13:24:34.820000+00:00,2.52,32.5411667,-115.7023333,9.948,ci14856004
2010-10-07 15:02:18.100000+00:00,2.6,32.2041667,-115.2455,9.936,ci14856044
2010-10-07 21:10:07.960000+00:00,3.42,32.6015,-115.7403333,9.948,ci14856188
2010-10-08 03:27:21.460000+00:00,3.2,32.588,-115.7395,11.768,ci14856420
2010-10-09 04:01:45.810000+00:00,3.82,32.2003333,-115.2643333,5.515,ci14857284
2010-10-10 22:08:46.620000+00:00,2.5,36.014,-117.8125,1.053,ci14858308
2010-10-11 09:44:08.440000+00:00,2.72,32.107,-115.1795,14.945,ci14858588
2010-10-11 16:58:40.550000+00:00,2.94,32.2858333,-115.3636667,0.528,ci14858716
2010-10-12 00:30:07.580000+00:00,2.71,32.0108333,-115.0088333,9.95,ci14858916
2010-10-12 03:00:34.230000+00:00,4.27,32.1581667,-115.2898333,5.535,ci14858988
2010-10-12 06:58:59.270000+00:00,3.17,33.0025,-116.4678333,7.087,ci14859076
2010-10-12 08:04:27.110000+00:00,2.56,32.2166667,-115.297,11.799,ci14859092
2010-10-12 22:24:13.780000+00:00,3.06,35.9625,-117.6626667,1.9,ci14859364
2010-10-12 23:02:27.570000+00:00,2.56,35.9616667,-117.663,1.44,ci14859404
2010-10-12 23:45:18.280000+00:00,2.71,35.9633333,-117.657,1.58,ci14859452
2010-10-13 12:07:29.160000+00:00,2.95,32.759,-116.0501667,7.553,ci14859836
2010-10-13 14:27:07.810000+00:00,2.86,32.2418333,-115.4136667,12.705,ci14859916
2010-10-13 18:22:39.960000+00:00,2.67,32.2628333,-115.3018333,9.921,ci36879879
2010-10-14 13:30:22.830000+00:00,2.55,32.0765,-115.119,9.929,ci14860708
2010-10-14 21:09:58.340000+00:00,2.72,32.7983333,-115.4545,9.678,ci14860956
2010-10-15 11:52:11.860000+00:00,3.01,32.1633333,-115.2988333,12.675,ci14861300
2010-10-15 14:30:44.070000+00:00,2.68,32.2145,-115.2608333,9.94,ci14861380
2010-10-15 16:05:20.070000+00:00,3.23,32.1148333,-115.2286667,9.939,ci14861452
2010-10-15 17:52:41.420000+00:00,2.59,32.6201667,-115.788,4.758,ci14861484
2010-10-16 12:07:51.010000+00:00,2.95,32.2465,-115.386,5.779,ci14861868
2010-10-16 18:05:24.570000+00:00,2.87,32.4088333,-115.4531667,9.925,ci14861932
2010-10-16 21:51:28.530000+00:00,3.62,32.1623333,-115.2541667,0.785,ci14862044
2010-10-16 22:25:39.320000+00:00,2.75,32.186,-115.249,13.636,ci14862052
2010-10-17 04:56:57.020000+00:00,3.44,32.088,-115.2448333,14.425,ci14862116
2010-10-17 05:56:36.320000+00:00,2.83,32.1086667,-115.2361667,9.939,ci14862172
2010-10-17 11:21:08.160000+00:00,2.66,32.1333333,-115.2596667,12.365,ci14862260
2010-10-18 11:42:00.240000+00:00,2.5,32.59,-115.7421667,5.63,ci36880679
2010-10-18 11:42:02.780000+00:00,3.15,32.5646667,-115.7216667,7.713,ci14862860
2010-10-18 11:42:56.400000+00:00,3.16,32.2551667,-115.363,7.425,ci14862884
2010-10-18 11:43:26.020000+00:00,2.89,32.243,-115.3865,3.639,ci36880599
2010-10-19 00:04:02.490000+00:00,2.74,33.1848333,-115.604,1.683,ci14863204
2010-10-19 08:36:59.470000+00:00,2.79,32.051,-115.133,9.939,ci14863532
2010-10-19 08:55:39.420000+00:00,2.97,35.3123333,-120.3105,8.105,nc71476036
2010-10-19 09:40:59.410000+00:00,2.82,32.018,-115.051,14.929,ci14863636
2010-10-19 15:49:20.990000+00:00,3.1,32.3596667,-115.2188333,13.97,ci14863932
2010-10-19 19:36:44.250000+00:00,2.58,36.0258333,-116.0821667,5.001,ci14864084
2010-10-19 20:58:42.960000+00:00,3.74,32.0838333,-115.2336667,9.939,ci14864172
2010-10-20 07:42:07.900000+00:00,3.3,32.4573333,-115.5775,14.535,ci14865028
2010-10-21 00:51:30.260000+00:00,2.97,32.153,-115.2278333,9.945,ci10823669
2010-10-21 20:11:57.590000+00:00,2.81,32.0055,-115.0823333,14.921,ci10823965
2010-10-23 05:27:20.960000+00:00,3.11,32.1598333,-115.2318333,13.485,ci10824637
2010-10-23 08:55:41.530000+00:00,2.55,35.9658333,-117.6623333,1.92,ci10824741
2010-10-23 09:23:46.170000+00:00,2.82,32.1505,-115.2213333,9.986,ci10824773
2010-10-23 20:42:29.070000+00:00,2.53,32.6553333,-115.6646667,13.443,ci10825117
2010-10-24 01:53:12.250000+00:00,2.64,32.377,-115.5475,3.745,ci10825293
2010-10-24 03:02:16.780000+00:00,2.82,32.109,-115.1785,9.939,ci10825317
2010-10-24 08:31:06.900000+00:00,2.93,36.1281667,-117.8378333,7.327,ci10825437
2010-10-24 08:31:09.860000+00:00,2.9,36.1246667,-117.8446667,4.112,ci36881399
2010-10-24 09:06:52.090000+00:00,2.58,36.1275,-117.8358333,7.477,ci10825517
2010-10-24 17:39:40.400000+00:00,2.87,32.596,-115.7623333,11.678,ci10825733
2010-10-25 13:45:36.480000+00:00,3.73,35.068,-118.9788333,16.47,ci10826277
2010-10-25 20:33:44.770000+00:00,2.66,32.298,-115.3275,9.554,ci36881607
2010-10-26 03:04:37.490000+00:00,3.02,32.1836667,-115.3328333,2.085,ci10826629
2010-10-27 00:25:07.630000+00:00,2.63,32.1255,-115.1726667,9.936,ci10827029
2010-10-28 09:24:38.590000+00:00,3.05,32.6588333,-115.7275,12.825,ci14869892
2010-10-29 01:02:55.450000+00:00,3.54,32.0005,-115.1865,9.939,ci14870372
2010-10-29 04:03:11.090000+00:00,3.46,32.1616667,-115.0708333,9.947,ci14870428
2010-10-29 04:04:14.880000+00:00,3.98,32.164,-115.0776667,9.947,ci14870436
2010-10-29 08:22:23.820000+00:00,2.69,36.1201667,-117.665,0.245,ci14870548
2010-10-29 14:44:12.200000+00:00,2.54,32.3285,-115.4951667,15.009,ci14870700
2010-10-29 15:47:34.460000+00:00,2.78,36.0356667,-117.7743333,0.573,ci14870724
2010-10-29 15:53:50.650000+00:00,2.61,36.0378333,-117.7726667,0.593,ci14870756
2010-10-29 18:03:21.830000+00:00,3.88,32.8281667,-115.9536667,12.312,ci14870860
2010-10-29 18:37:12.390000+00:00,3.0,32.8328333,-115.9516667,9.392,ci14870876
2010-10-29 19:21:01.840000+00:00,2.93,32.327,-115.4393333,14.359,ci14870900
2010-10-30 10:53:12.910000+00:00,2.73,34.8585,-116.3928333,5.25,ci14871220
2010-10-31 00:42:35.420000+00:00,3.1,34.992,-116.949,7.465,ci14871492
2010-10-31 06:39:50.590000+00:00,2.66,32.646,-116.1385,9.083,ci14871636
2010-10-31 11:28:28.760000+00:00,2.59,33.3906667,-118.0123333,2.735,ci14871780
2010-10-31 19:24:51.370000+00:00,2.54,36.2783333,-119.6703333,0.124,nc71481871
2010-11-02 17:57:41.640000+00:00,2.63,34.8633333,-116.3935,3.13,ci14873028
2010-11-03 19:54:01.170000+00:00,2.51,32.2635,-115.3508333,1.294,ci14873668
2010-11-04 15:41:28.630000+00:00,2.71,32.8693333,-116.2053333,4.174,ci14874468
2010-11-04 19:39:59.550000+00:00,4.57,32.8645,-115.9973333,13.146,ci10832573
2010-11-05 08:50:34.930000+00:00,2.72,32.3308333,-115.2146667,8.73,ci10833141
2010-11-05 16:06:37.470000+00:00,3.71,33.7783333,-118.1548333,18.408,ci10833357
2010-11-06 03:32:08.990000+00:00,2.84,32.1081667,-115.217,3.809,ci10833701
2010-11-06 07:06:40.660000+00:00,2.82,32.1668333,-115.283,9.205,ci10833781
2010-11-06 18:46:55.710000+00:00,2.57,32.086,-115.1196667,9.929,ci10834077
2010-11-06 19:45:55.860000+00:00,2.6,32.1211667,-115.202,4.339,ci10834117
2010-11-07 11:14:04.400000+00:00,2.78,32.2101667,-117.6648333,5.836,ci10834917
2010-11-07 19:10:30.300000+00:00,3.17,32.1425,-115.2095,14.939,ci10835133
2010-11-07 23:54:29.690000+00:00,2.53,32.2656667,-115.3358333,13.424,ci10835285
2010-11-08 01:03:34.070000+00:00,3.12,32.2236667,-115.3451667,5.825,ci10835317
2010-11-08 01:19:50.180000+00:00,2.52,32.2526667,-115.3386667,14.575,ci10835325
2010-11-08 04:17:13.870000+00:00,2.82,32.2346667,-115.3426667,5.765,ci10835389
2010-11-08 04:51:18.370000+00:00,2.52,34.7795,-116.2853333,2.363,ci10835413
2010-11-09 01:52:19.150000+00:00,2.58,32.543,-115.6345,9.136,ci10835869
2010-11-09 05:57:24.770000+00:00,3.26,32.6503333,-115.6881667,11.663,ci10835997
2010-11-09 18:02:43.420000+00:00,2.57,33.7621667,-116.1511667,5.907,ci10836333
2010-11-09 20:03:36.080000+00:00,2.71,32.1796667,-115.2643333,6.755,ci10836389
2010-11-09 20:38:37.020000+00:00,2.65,32.172,-115.2643333,4.276,ci10836421
2010-11-10 04:04:54.130000+00:00,3.03,32.1011667,-115.183,6.319,ci10836613
2010-11-11 20:11:53.730000+00:00,2.75,34.1285,-117.4453333,6.41,ci10837365
2010-11-11 20:21:53.090000+00:00,3.02,32.106,-115.2398333,13.085,ci10837373
2010-11-12 11:01:11.460000+00:00,2.94,36.3825,-117.8725,3.854,ci10837629
2010-11-12 11:34:46.420000+00:00,2.76,33.1596667,-115.6466667,3.313,ci10837741
2010-11-12 17:27:30.430000+00:00,3.08,32.6885,-115.5373333,16.298,ci10837941
2010-11-14 00:15:57.070000+00:00,2.51,32.1581667,-115.282,6.545,ci10838629
2010-11-14 20:37:19.610000+00:00,3.35,32.1558333,-115.218,14.779,ci10838965
2010-11-16 16:52:53.390000+00:00,3.88,32.1016667,-115.2245,14.939,ci10840013
2010-11-17 00:36:28.060000+00:00,2.54,32.5528333,-115.6908333,5.198,ci10840349
2010-11-17 09:46:14.540000+00:00,3.16,33.9875,-117.1586667,14.053,ci10840549
2010-11-17 23:58:42.940000+00:00,3.68,33.0036667,-116.4665,4.697,ci14883196
2010-11-18 01:38:30.520000+00:00,2.94,33.9703333,-116.5796667,12.103,ci14883220
2010-11-18 02:15:19.910000+00:00,2.57,33.0046667,-116.4583333,6.377,ci14883228
2010-11-18 02:53:12.900000+00:00,2.78,32.0355,-115.0501667,14.921,ci14883268
2010-11-18 03:52:06.100000+00:00,2.62,33.0008333,-116.462,5.577,ci14883292
2010-11-18 23:51:04.830000+00:00,3.62,32.1435,-115.2193333,12.285,ci14883684
2010-11-19 00:56:54.970000+00:00,3.75,33.3883333,-116.418,11.466,ci14883716
2010-11-19 03:48:49.590000+00:00,2.5,32.1951667,-115.3363333,12.415,ci14883788
2010-11-19 03:49:10+00:00,2.72,32.2125,-115.3383333,14.495,ci10169826
2010-11-19 17:23:46.590000+00:00,2.68,32.1925,-115.2843333,5.954,ci14883980
2010-11-20 07:05:01.050000+00:00,2.64,35.5726667,-120.8116667,4.556,nc71485555
2010-11-21 01:55:17.990000+00:00,2.6,32.2456667,-115.3248333,13.944,ci14884540
2010-11-21 07:40:15.950000+00:00,2.63,32.1258333,-115.1166667,9.939,ci14884636
2010-11-21 17:17:03.190000+00:00,2.54,35.8781667,-118.651,11.491,ci14884732
2010-11-22 16:51:32.400000+00:00,2.65,32.0935,-115.2413333,12.675,ci14885044
2010-11-23 04:42:56.910000+00:00,3.38,32.0818333,-115.1781667,14.389,ci14885260
2010-11-23 04:45:34.640000+00:00,2.88,32.133,-115.1578333,14.189,ci14885268
2010-11-23 07:17:40.130000+00:00,2.63,32.6261667,-115.7663333,4.673,ci14885308
2010-11-23 13:02:24.250000+00:00,2.62,32.2748333,-115.362,4.015,ci14885420
2010-11-23 22:47:39.080000+00:00,3.17,32.6026667,-115.7305,7.703,ci14885556
2010-11-24 08:46:42.390000+00:00,2.62,32.0896667,-115.0675,9.947,ci14885636
2010-11-25 04:01:15.650000+00:00,3.74,36.0355,-117.781,1.173,ci14886020
2010-11-25 05:04:35.470000+00:00,2.73,36.0328333,-117.7813333,1.303,ci14886140
2010-11-25 09:51:23.290000+00:00,2.6,35.1153333,-118.6103333,1.102,ci14886276
2010-11-25 22:09:02.850000+00:00,2.82,32.3548333,-115.4785,14.429,ci14886484
2010-11-26 10:08:25.400000+00:00,2.89,34.0398333,-117.2518333,16.553,ci14886684
2010-11-26 10:54:43.530000+00:00,2.85,34.1368333,-116.4116667,3.749,ci14886732
2010-11-26 12:34:33.840000+00:00,2.77,32.2758333,-115.407,1.125,ci14886756
2010-11-27 06:44:12.670000+00:00,2.57,32.2236667,-115.26,13.845,ci14887172
2010-11-28 05:03:38.280000+00:00,2.55,32.3605,-115.452,5.639,ci14887476
2010-11-28 16:26:45.560000+00:00,2.93,35.557,-120.7948333,3.656,nc71489570
2010-11-30 10:59:48.220000+00:00,3.17,32.117,-115.2653333,9.617,ci14888380
2010-12-01 12:16:14.830000+00:00,2.65,35.9601667,-117.67,1.188,ci14888780
2010-12-01 19:31:34.430000+00:00,3.22,34.0166667,-117.2266667,16.461,ci14889324
2010-12-01 20:53:10.450000+00:00,3.28,35.9636667,-117.6638333,1.649,ci14889484
2010-12-01 20:53:36.980000+00:00,3.03,35.9633333,-117.6626667,1.517,ci14889492
2010-12-02 17:19:22.330000+00:00,2.52,32.1501667,-115.2101667,9.929,ci14890492
2010-12-02 22:59:42.660000+00:00,3.31,32.2713333,-115.3366667,13.379,ci14890916
2010-12-03 02:52:39.990000+00:00,2.61,32.0711667,-115.0755,9.929,ci14891012
2010-12-04 18:21:35.060000+00:00,2.82,32.173,-115.257,10.82,ci14892044
2010-12-05 03:27:24.320000+00:00,2.52,32.17,-115.251,5.865,ci14892164
2010-12-05 19:22:32.200000+00:00,3.62,32.6271667,-115.7358333,12.104,ci14892420
2010-12-05 22:33:38.010000+00:00,2.5,33.4925,-118.28,17.236,ci14892484
2010-12-06 15:49:22.280000+00:00,2.51,32.601,-115.7503333,7.158,ci14892716
2010-12-07 02:09:40.140000+00:00,2.58,33.9383333,-120.4838333,9.639,ci14893076
2010-12-07 13:37:37.380000+00:00,2.91,32.1993333,-115.3036667,14.845,ci14893244
2010-12-07 18:56:19.800000+00:00,2.54,36.3095,-114.4603333,2.91,ci14893356
2010-12-08 04:31:53.330000+00:00,2.78,32.1673333,-115.274,10.265,ci14893604
2010-12-08 07:02:21.930000+00:00,2.83,32.1811667,-115.2935,6.645,ci14893636
2010-12-08 07:04:29.680000+00:00,2.97,32.1733333,-115.2993333,7.425,ci14893644
2010-12-08 07:06:08.930000+00:00,2.92,32.172,-115.2926667,6.235,ci14893652
2010-12-08 15:41:00.420000+00:00,2.67,32.205,-115.2931667,5.775,ci14893828
2010-12-08 20:27:05.950000+00:00,3.05,32.6618333,-115.9415,6.674,ci14893948
2010-12-08 21:50:16.410000+00:00,2.55,36.2086667,-114.4263333,8.368,ci14894012
2010-12-09 02:48:00.320000+00:00,2.67,34.2368333,-117.5218333,11.304,ci14894140
2010-12-09 07:09:11.600000+00:00,3.83,32.6205,-115.7738333,4.488,ci14894260
2010-12-09 07:48:22.860000+00:00,2.8,33.7326667,-116.052,5.182,ci14894284
2010-12-09 09:02:28.360000+00:00,4.01,32.6173333,-115.7706667,4.078,ci14894372
2010-12-09 09:50:00.800000+00:00,3.17,32.0885,-115.0748333,9.947,ci14894412
2010-12-09 14:43:55.570000+00:00,2.62,32.6176667,-115.7691667,4.798,ci14894548
2010-12-10 05:28:23.100000+00:00,2.58,32.3165,-115.4168333,9.966,ci14894860
2010-12-10 15:43:47.090000+00:00,2.58,32.2645,-115.2963333,9.954,ci14895020
2010-12-10 17:16:10.840000+00:00,3.66,32.613,-115.7643333,4.743,ci14895060
2010-12-10 18:44:38.350000+00:00,3.91,33.1393333,-116.471,9.491,ci14895084
2010-12-10 19:27:09.170000+00:00,2.53,33.1425,-116.4683333,10.191,ci14895140
2010-12-11 12:52:26.310000+00:00,4.71,32.1633333,-115.2638333,13.005,ci14895612
2010-12-11 13:47:50.260000+00:00,3.0,32.1533333,-115.2646667,13.415,ci14895692
2010-12-11 13:55:25.800000+00:00,2.67,32.1598333,-115.272,7.345,ci14895708
2010-12-11 16:30:22.530000+00:00,3.13,32.2021667,-115.2636667,9.936,ci14895764
2010-12-11 21:22:16.610000+00:00,2.9,36.9531667,-119.129,33.99,nc71495585
2010-12-11 21:30:38.410000+00:00,2.54,36.2561667,-120.3785,10.089,nc71495590
2010-12-11 22:25:29.880000+00:00,2.98,32.2186667,-115.2815,5.645,ci14895908
2010-12-12 00:01:53.040000+00:00,3.25,32.2293333,-115.271,14.516,ci14895956
2010-12-12 01:31:58.740000+00:00,2.77,32.1701667,-115.279,13.535,ci14895988
2010-12-12 15:25:24.970000+00:00,2.52,32.258,-115.272,13.456,ci14896300
2010-12-12 15:26:26.990000+00:00,3.18,32.1846667,-115.2895,6.765,ci14896308
2010-12-13 03:19:27.090000+00:00,2.69,32.6168333,-115.7323333,3.918,ci14896524
2010-12-13 14:39:39.010000+00:00,2.57,32.1015,-115.2238333,13.785,ci14897028
2010-12-13 15:14:31.210000+00:00,2.5,32.1825,-115.3028333,10.134,ci14897044
2010-12-15 11:02:46.410000+00:00,2.84,32.1551667,-115.288,6.685,ci14898516
2010-12-15 15:27:47.260000+00:00,3.27,33.0263333,-115.5475,10.639,ci14898692
2010-12-15 18:38:26.260000+00:00,2.67,32.0246667,-115.1128333,9.929,ci14898908
2010-12-15 18:59:14.760000+00:00,3.65,33.0231667,-115.5395,10.059,ci14898924
2010-12-15 19:00:20.210000+00:00,2.85,33.0236667,-115.5323333,7.729,ci14898940
2010-12-15 19:16:47.910000+00:00,4.37,33.0326667,-115.5431667,13.299,ci14898996
2010-12-15 19:20:47.020000+00:00,2.66,33.0198333,-115.5468333,9.999,ci14899004
2010-12-15 19:33:41.600000+00:00,3.43,33.027,-115.5408333,13.269,ci14899068
2010-12-15 19:35:03.800000+00:00,3.88,33.0196667,-115.5453333,11.189,ci14899076
2010-12-15 19:44:32.710000+00:00,3.1,33.0225,-115.5381667,8.059,ci14899164
2010-12-15 20:29:43.540000+00:00,2.51,33.034,-115.546,9.299,ci14899380
2010-12-15 20:48:25.020000+00:00,2.93,33.0263333,-115.536,10.309,ci14899436
2010-12-15 21:27:53.170000+00:00,2.89,33.0241667,-115.5386667,9.589,ci14899572
2010-12-15 21:55:40.320000+00:00,2.94,33.026,-115.5378333,10.789,ci14899684
2010-12-15 22:10:36.160000+00:00,2.68,33.0266667,-115.5378333,9.309,ci14899756
2010-12-16 05:49:34.890000+00:00,2.54,32.0408333,-115.1555,9.939,ci14900196
2010-12-16 07:15:07.290000+00:00,3.15,34.0306667,-118.937,2.64,ci14900228
2010-12-16 08:14:46.160000+00:00,3.05,32.62,-115.7551667,8.098,ci14900260
2010-12-16 13:11:11.050000+00:00,2.67,32.1236667,-115.2265,14.929,ci14900420
2010-12-16 22:20:07.280000+00:00,3.1,32.5848333,-115.7575,4.253,ci10858605
2010-12-18 02:03:19.340000+00:00,3.55,36.458,-120.5633333,6.969,nc71498265
2010-12-18 07:04:42.870000+00:00,4.15,32.6696667,-115.8303333,9.918,ci10859133
2010-12-18 09:45:03.060000+00:00,3.58,32.6625,-115.8298333,8.188,ci10859253
2010-12-18 09:47:03.720000+00:00,3.23,32.648,-115.8273333,8.598,ci10859261
2010-12-18 09:47:10.220000+00:00,3.24,32.6708333,-115.8415,10.044,ci36907479
2010-12-18 12:01:50.180000+00:00,2.63,33.4223333,-118.0306667,1.297,ci10859341
2010-12-18 13:03:20.030000+00:00,2.51,32.0368333,-115.1381667,9.939,ci10859373
2010-12-18 16:02:19.630000+00:00,3.16,32.2433333,-115.2511667,14.866,ci10859485
2010-12-18 19:08:19.710000+00:00,3.09,36.4556667,-120.5661667,8.689,nc71498550
2010-12-19 06:38:22.070000+00:00,2.5,32.1101667,-115.2595,6.755,ci10859829
2010-12-19 07:06:31.260000+00:00,2.52,32.0871667,-115.2396667,14.939,ci36907159
2010-12-19 07:26:12.590000+00:00,2.73,32.1018333,-115.2158333,14.939,ci10859853
2010-12-20 15:24:53+00:00,2.64,36.6483333,-118.0645,4.524,ci10860293
2010-12-21 05:38:28.370000+00:00,2.81,32.2028333,-115.291,8.105,ci10860517
2010-12-21 11:01:49.630000+00:00,3.36,32.9193333,-116.2671667,12.386,ci10860557
2010-12-22 20:21:00.370000+00:00,2.75,32.172,-115.267,8.823,ci10860949
2010-12-23 03:39:35.950000+00:00,3.17,33.3716667,-116.4246667,5.906,ci10861101
2010-12-23 09:19:14.120000+00:00,3.09,32.237,-115.3755,0.692,ci10861173
2010-12-23 12:37:35.020000+00:00,4.31,32.4533333,-115.5636667,14.943,ci10861221
2010-12-23 12:39:22.810000+00:00,2.53,32.4335,-115.5821667,9.926,ci36907839
2010-12-23 12:42:47.190000+00:00,2.91,32.4588333,-115.565,14.943,ci10861229
2010-12-23 12:46:12.320000+00:00,2.93,32.4605,-115.5643333,12.963,ci10861237
2010-12-25 02:54:44.440000+00:00,2.58,33.188,-116.3191667,12.157,ci10861797
2010-12-25 14:20:16.870000+00:00,3.01,32.084,-115.1046667,9.939,ci10861981
2010-12-26 20:24:35.800000+00:00,2.52,33.139,-116.4713333,3.19,ci10862381
2010-12-27 19:15:53.680000+00:00,2.54,32.5453333,-115.7053333,3.278,ci10862821
2010-12-28 02:38:37.750000+00:00,3.78,33.1883333,-115.6213333,4.223,ci10863405
2010-12-28 02:52:26.530000+00:00,3.58,33.1861667,-115.6198333,4.203,ci10863557
2010-12-28 08:36:50.360000+00:00,3.6,34.5106667,-118.68,18.882,ci10863861
2010-12-29 05:48:55.220000+00:00,3.2,32.2675,-115.3588333,13.505,ci10864213
2010-12-29 05:56:17.530000+00:00,2.61,32.293,-115.3786667,9.184,ci10864221
2010-12-29 06:53:36.080000+00:00,2.62,32.2046667,-115.3831667,-0.075,ci10864269
2010-12-29 07:04:39.260000+00:00,3.06,32.2016667,-115.3726667,12.985,ci10864277
2010-12-29 08:42:20.280000+00:00,3.35,32.1971667,-115.3813333,0.069,ci10864317
2010-12-29 20:12:43.150000+00:00,2.75,32.1125,-115.2565,5.535,ci10864485
2010-12-30 14:12:52.870000+00:00,2.5,32.048,-115.131,13.429,ci10864709
2010-12-30 16:02:42.170000+00:00,2.52,32.2778333,-115.3595,11.894,ci10864725
2010-12-30 17:37:20.820000+00:00,3.8,32.9916667,-116.3546667,4.394,ci10864749
2010-12-31 17:59:32.590000+00:00,3.07,32.2426667,-115.3845,-0.031,ci10865061
