time,latitude,longitude,depth,magnitude,magnitude_type,source_agency,event_id
,-45.386893,-73.042645,6.215,3.7,,CSN,CSN_6
,-45.379045,-73.042386,6.0755,4.7,,CSN,CSN_7
,-45.413134,-73.090392,3.0505,5.0,,CSN,CSN_8
,-45.394454,-73.04335,5.4575,3.8,,CSN,CSN_9
,-45.4146,-73.060333,4.4329,3.4,,CSN,CSN_10
,-45.388424,-73.045068,5.0829,3.3,,CSN,CSN_12
,-45.383655,-73.046236,4.7762,3.5,,CSN,CSN_13
,-45.380903,-73.04859,5.3413,3.0,,CSN,CSN_14
,-45.381166,-73.046656,5.542,3.8,,CSN,CSN_16
,-45.384352,-73.030316,4.1066,3.3,,CSN,CSN_18
,-45.396449,-73.056135,3.7573,5.1,,CSN,CSN_19
,-45.385461,-73.032868,7.5138,5.3,,CSN,CSN_20
,-45.4763,-73.07775,8.5655,3.4,,CSN,CSN_21
,-45.404886,-73.072808,4.5231,3.4,,CSN,CSN_22
,-45.388949,-73.054866,7.6135,3.9,,CSN,CSN_23
,-45.393186,-73.066344,6.3616,3.5,,CSN,CSN_24
,-45.402084,-73.056666,6.5224,3.1,,CSN,CSN_25
,-45.378781,-73.039646,6.7271,4.2,,CSN,CSN_26
,-45.377434,-73.044467,6.1914,4.5,,CSN,CSN_27
,-45.331235,-73.078542,6.7219,4.3,,CSN,CSN_28
,-45.397957,-73.02412,8.9555,3.5,,CSN,CSN_29
,-45.348905,-73.041256,6.6532,3.5,,CSN,CSN_30
,-45.342687,-73.070494,6.4268,4.1,,CSN,CSN_31
,-45.381509,-73.064919,4.241,3.9,,CSN,CSN_32
,-45.378045,-73.059701,5.53,5.4,,CSN,CSN_33
,-45.39586,-73.032805,4.0066,4.0,,CSN,CSN_34
,-45.461202,-73.059698,9.3971,4.8,,CSN,CSN_35
,-45.380759,-73.012495,3.4897,3.6,,CSN,CSN_36
,-45.29367,-73.072742,3.6062,3.9,,CSN,CSN_37
,-45.393658,-73.045629,5.4632,4.6,,CSN,CSN_38
,-44.498417,-72.93748,-0.2098,3.7,,CSN,CSN_39
,-44.660838,-73.203424,1.7466,5.0,,CSN,CSN_40
,-44.685736,-73.415188,3.1783,3.4,,CSN,CSN_44
,-45.391078,-73.035266,12.4494,3.1,,CSN,CSN_101
,-45.382675,-73.031428,17.69,3.4,,CSN,CSN_112
,-45.388971,-73.049956,16.3332,3.5,,CSN,CSN_125
,-45.380287,-72.936418,3.4711,3.0,,CSN,CSN_135
,-42.879931,-72.532006,6.0404,4.2,,CSN,CSN_136
,-42.976939,-72.439852,20.5588,3.0,,CSN,CSN_203
,-42.901251,-72.502539,16.4027,3.0,,CSN,CSN_208
,-42.837748,-72.588995,7.0257,3.0,,CSN,CSN_220
,-42.912806,-72.48685,14.4197,3.0,,CSN,CSN_229
,-42.86475,-73.072744,0.1894,3.0,,CSN,CSN_234
,-42.984509,-72.371119,18.1057,3.0,,CSN,CSN_239
,-43.015918,-72.424543,17.3978,3.0,,CSN,CSN_243
,-42.890075,-72.516423,13.9397,3.1,,CSN,CSN_246
,-42.844182,-72.579131,6.1522,3.0,,CSN,CSN_249
,-42.878316,-72.498574,6.9886,3.1,,CSN,CSN_250
,-42.865892,-72.497764,1.343,3.0,,CSN,CSN_251
,-42.934018,-72.459381,11.7497,3.1,,CSN,CSN_254
,-42.813331,-72.637562,-0.4651,3.0,,CSN,CSN_255
,-42.892728,-72.523401,10.9693,3.2,,CSN,CSN_258
,-42.83999,-72.603451,7.2292,3.0,,CSN,CSN_259
,-42.851434,-72.605615,6.3196,3.0,,CSN,CSN_264
,-42.911491,-72.479725,10.1332,3.2,,CSN,CSN_268
,-42.896723,-72.549148,17.6465,3.1,,CSN,CSN_270
,-42.890159,-72.549827,15.8633,3.0,,CSN,CSN_274
,-42.897565,-72.519149,10.9084,3.2,,CSN,CSN_276
,-42.915196,-72.507299,12.8227,3.3,,CSN,CSN_279
,-42.900133,-72.498661,11.2799,3.2,,CSN,CSN_280
,-42.872747,-72.567535,12.6034,3.2,,CSN,CSN_284
,-42.852282,-72.587846,5.7032,3.2,,CSN,CSN_288
,-42.935451,-72.459596,14.4006,3.1,,CSN,CSN_290
,-42.904721,-72.513301,13.5112,3.2,,CSN,CSN_291
,-42.893296,-72.516418,13.1949,3.2,,CSN,CSN_293
,-42.890697,-72.546744,11.8444,3.1,,CSN,CSN_295
,-42.852558,-72.568834,8.6608,3.1,,CSN,CSN_296
,-42.839897,-72.602243,10.0554,3.0,,CSN,CSN_297
,-42.824026,-72.581815,7.7806,3.1,,CSN,CSN_300
,-42.925206,-72.414857,11.6763,3.3,,CSN,CSN_302
,-42.93567,-72.458068,14.6369,3.2,,CSN,CSN_305
,-42.789829,-72.688451,1.3665,3.0,,CSN,CSN_307
,-42.886238,-72.531318,14.7507,3.0,,CSN,CSN_308
,-42.87575,-72.518593,8.5801,3.1,,CSN,CSN_309
,-42.841605,-72.572274,9.8524,3.2,,CSN,CSN_312
,-42.793588,-72.689892,-0.1394,3.1,,CSN,CSN_314
,-42.837025,-72.551651,8.2999,3.2,,CSN,CSN_315
,-42.869879,-72.576759,14.6367,3.2,,CSN,CSN_316
,-42.867287,-72.562065,10.9688,3.1,,CSN,CSN_317
,-42.839848,-72.588772,8.8567,3.3,,CSN,CSN_318
,-42.823725,-72.599929,3.9245,3.1,,CSN,CSN_320
,-42.833433,-72.601377,8.2593,3.1,,CSN,CSN_321
,-42.789943,-72.676176,-0.1171,3.3,,CSN,CSN_322
,-42.847116,-72.558483,8.4014,3.2,,CSN,CSN_324
,-42.851074,-72.564232,10.5409,3.2,,CSN,CSN_329
,-42.866661,-72.509523,0.5759,3.1,,CSN,CSN_331
,-42.960564,-72.457151,14.632,3.5,,CSN,CSN_333
,-42.773486,-72.901738,0.1012,3.3,,CSN,CSN_334
,-42.917256,-72.464507,12.4711,3.1,,CSN,CSN_335
,-42.838724,-72.606963,7.5272,3.2,,CSN,CSN_341
,-42.90114,-72.469615,10.3893,3.1,,CSN,CSN_342
,-42.937788,-72.450258,9.6058,3.2,,CSN,CSN_345
,-42.886805,-72.514783,7.5813,3.1,,CSN,CSN_346
,-42.891366,-72.497671,9.8865,3.1,,CSN,CSN_347
,-42.830928,-72.530906,1.2353,3.0,,CSN,CSN_348
,-42.851308,-72.54868,5.8327,3.1,,CSN,CSN_350
,-42.864845,-72.489372,-0.2046,3.1,,CSN,CSN_352
,-42.85735,-72.539746,10.2959,3.1,,CSN,CSN_354
,-42.878335,-72.554719,11.7458,3.0,,CSN,CSN_356
,-42.948151,-72.421402,12.9048,3.2,,CSN,CSN_358
,-42.871851,-72.544671,9.2105,3.2,,CSN,CSN_359
,-42.879861,-72.554138,13.1472,3.1,,CSN,CSN_361
,-42.901888,-72.480178,8.4141,3.2,,CSN,CSN_362
,-42.878771,-72.511207,8.7597,3.0,,CSN,CSN_363
,-42.878019,-72.588013,14.3023,3.1,,CSN,CSN_364
,-42.935575,-72.436469,11.2564,3.3,,CSN,CSN_367
,-42.866756,-72.533694,10.5981,3.2,,CSN,CSN_370
,-42.898919,-72.51629,8.2779,3.0,,CSN,CSN_372
,-42.83729,-72.587109,5.6883,3.1,,CSN,CSN_375
,-42.907387,-72.448087,4.8484,3.0,,CSN,CSN_377
,-42.889638,-72.5526,15.507,3.1,,CSN,CSN_379
,-42.942445,-72.459568,19.561,3.2,,CSN,CSN_385
,-42.904363,-72.504388,13.1788,3.1,,CSN,CSN_391
,-42.909659,-72.506191,12.6854,3.0,,CSN,CSN_393
,-42.929293,-72.439232,8.176,3.1,,CSN,CSN_401
,-42.86431,-72.545557,8.0323,3.6,,CSN,CSN_403
,-42.89362,-72.47825,5.5381,3.0,,CSN,CSN_407
,-42.922914,-72.478181,14.7496,3.2,,CSN,CSN_410
,-42.855244,-72.564004,8.8705,3.0,,CSN,CSN_411
,-42.782672,-72.727038,0.8104,3.0,,CSN,CSN_412
,-42.880496,-72.537326,9.2128,3.1,,CSN,CSN_413
,-42.874542,-72.530485,12.2958,3.1,,CSN,CSN_416
,-42.867063,-72.550834,13.2119,3.0,,CSN,CSN_418
,-42.776874,-72.717302,-0.3073,3.0,,CSN,CSN_421
,-42.903872,-72.514633,16.0379,3.1,,CSN,CSN_422
,-42.891993,-72.553766,8.0834,3.3,,CSN,CSN_429
,-42.855326,-72.551528,8.8334,3.0,,CSN,CSN_431
,-42.861685,-72.538898,8.3258,3.0,,CSN,CSN_434
,-42.938022,-72.466945,22.3809,3.1,,CSN,CSN_436
,-42.876642,-72.525598,9.2382,3.0,,CSN,CSN_440
,-42.921911,-72.518036,18.5887,3.0,,CSN,CSN_443
,-42.949658,-72.457108,17.2841,3.2,,CSN,CSN_448
,-42.871361,-72.532606,10.876,3.2,,CSN,CSN_454
,-42.867372,-72.549508,11.5866,3.1,,CSN,CSN_458
,-42.813746,-72.611178,5.5165,3.2,,CSN,CSN_459
,-42.85956,-72.533459,8.8685,3.2,,CSN,CSN_462
,-43.059258,-72.296019,18.7647,3.3,,CSN,CSN_470
,-42.875065,-72.516184,3.6372,3.0,,CSN,CSN_471
,-42.837712,-72.617343,5.976,3.0,,CSN,CSN_472
,-42.92603,-72.470724,12.8321,3.2,,CSN,CSN_473
,-42.823834,-72.622687,5.1611,3.0,,CSN,CSN_474
,-42.858621,-72.573251,7.8159,3.3,,CSN,CSN_476
,-42.842694,-72.588405,11.598,3.0,,CSN,CSN_477
,-42.836693,-72.590998,9.1798,3.0,,CSN,CSN_479
,-42.921191,-72.478609,16.1314,3.1,,CSN,CSN_487
,-42.907645,-72.489387,12.4219,3.1,,CSN,CSN_488
,-42.826135,-72.626907,6.6622,3.1,,CSN,CSN_491
,-42.816967,-72.651664,6.4358,3.0,,CSN,CSN_496
,-42.878688,-72.531749,10.1763,3.0,,CSN,CSN_498
,-42.908027,-72.485909,10.7099,3.0,,CSN,CSN_505
,-42.855042,-72.555675,6.9828,3.0,,CSN,CSN_509
,-42.917588,-72.479898,18.8395,3.1,,CSN,CSN_510
,-42.866863,-72.550782,8.8631,3.1,,CSN,CSN_513
,-42.858145,-72.563014,9.9401,3.0,,CSN,CSN_521
,-42.839925,-72.603037,9.0496,3.0,,CSN,CSN_522
,-42.88146,-72.532287,14.7832,3.2,,CSN,CSN_526
,-42.881366,-72.548343,13.096,3.0,,CSN,CSN_527
,-42.944081,-72.438352,13.1273,3.3,,CSN,CSN_528
,-42.920189,-72.46203,12.8571,3.1,,CSN,CSN_534
,-42.939878,-72.440237,14.4735,3.1,,CSN,CSN_537
,-42.873132,-72.528514,7.1693,3.1,,CSN,CSN_539
,-42.887312,-72.511171,8.1772,3.1,,CSN,CSN_540
,-42.83677,-72.591889,6.926,3.1,,CSN,CSN_541
,-42.872577,-72.55697,10.7231,3.3,,CSN,CSN_542
,-42.890574,-72.530405,9.2793,3.1,,CSN,CSN_544
,-42.831296,-72.596874,0.6839,3.1,,CSN,CSN_546
,-42.869989,-72.525582,5.7566,3.0,,CSN,CSN_547
,-42.890712,-72.518953,6.9693,3.3,,CSN,CSN_548
,-42.874057,-72.5396,9.4694,3.0,,CSN,CSN_550
,-42.88976,-72.472718,8.0025,3.1,,CSN,CSN_552
,-42.875989,-72.540737,8.7034,3.1,,CSN,CSN_553
,-42.890671,-72.534497,13.4362,3.1,,CSN,CSN_554
,-42.833565,-72.609258,6.1797,3.0,,CSN,CSN_555
,-42.850695,-72.58796,8.0606,3.1,,CSN,CSN_556
,-42.890793,-72.51909,13.7293,3.1,,CSN,CSN_559
,-42.854524,-72.53897,7.4572,3.1,,CSN,CSN_561
,-42.865244,-72.602573,11.3252,3.1,,CSN,CSN_563
,-42.863653,-72.553705,9.0101,3.0,,CSN,CSN_568
,-42.866786,-72.533514,20.7663,3.0,,CSN,CSN_570
,-42.881815,-72.51792,12.01,3.2,,CSN,CSN_572
,-42.881227,-72.523128,8.9649,3.2,,CSN,CSN_575
,-42.852364,-72.588815,8.7545,3.0,,CSN,CSN_577
,-42.839212,-72.604886,7.1187,3.0,,CSN,CSN_579
,-42.852608,-72.609582,10.2422,3.1,,CSN,CSN_580
,-42.843728,-72.603831,9.0057,3.0,,CSN,CSN_582
,-42.898533,-72.520128,11.6624,3.2,,CSN,CSN_583
,-42.868878,-72.565145,10.0449,3.1,,CSN,CSN_587
,-42.894825,-72.514695,11.6731,3.1,,CSN,CSN_589
,-42.880337,-72.532397,10.1398,3.1,,CSN,CSN_592
,-42.889262,-72.523431,10.2391,3.1,,CSN,CSN_594
,-42.88046,-72.532955,10.2341,3.0,,CSN,CSN_595
,-42.867412,-72.536824,9.9677,3.0,,CSN,CSN_596
,-42.883596,-72.535332,12.4439,3.0,,CSN,CSN_601
,-42.922875,-72.483043,21.3435,3.0,,CSN,CSN_602
,-42.854652,-72.586174,10.4046,3.0,,CSN,CSN_607
,-42.909372,-72.485792,10.4261,3.1,,CSN,CSN_608
,-42.825245,-72.608052,4.8652,3.0,,CSN,CSN_613
,-42.895964,-72.512533,10.2949,3.0,,CSN,CSN_618
,-42.833028,-72.563754,2.4315,3.3,,CSN,CSN_625
,-42.793266,-72.704885,-0.1549,3.1,,CSN,CSN_627
,-42.828291,-72.649943,6.9865,3.0,,CSN,CSN_633
,-42.781202,-72.736649,-0.1316,3.0,,CSN,CSN_736
,-42.886464,-72.566047,1.4995,3.0,,CSN,CSN_747
,-42.8676,-72.552436,18.9743,3.2,,CSN,CSN_748
,-42.838408,-72.607353,-0.4499,3.2,,CSN,CSN_750
,-42.856724,-72.597804,1.2473,3.0,,CSN,CSN_751
,-42.864989,-72.566997,8.7475,3.0,,CSN,CSN_753
,-42.881071,-72.569174,7.2178,3.0,,CSN,CSN_754
,-42.932309,-72.439051,6.283,3.0,,CSN,CSN_756
,-42.873409,-72.504442,29.8073,3.2,,CSN,CSN_757
,-42.826723,-72.654863,-0.6277,3.0,,CSN,CSN_758
,-42.878663,-72.595789,1.0013,3.1,,CSN,CSN_760
,-42.854579,-72.555193,25.3251,3.1,,CSN,CSN_761
,-42.855785,-72.588787,7.8949,3.0,,CSN,CSN_763
,-42.908728,-72.477825,13.2367,3.5,,CSN,CSN_764
,-42.963944,-72.441635,18.5789,3.3,,CSN,CSN_765
,-42.798892,-72.684305,-0.1359,3.2,,CSN,CSN_766
,-42.813161,-72.712423,3.9072,3.1,,CSN,CSN_767
,-42.962256,-72.403344,7.735,3.1,,CSN,CSN_768
,-42.881471,-72.582875,11.6604,3.4,,CSN,CSN_770
,-42.879968,-72.561956,6.6584,3.0,,CSN,CSN_771
,-42.820422,-72.643633,0.1401,3.1,,CSN,CSN_772
,-42.836315,-72.631525,3.7747,3.2,,CSN,CSN_773
,-42.819521,-72.639725,5.9254,3.3,,CSN,CSN_774
,-42.894672,-72.503758,11.9508,3.2,,CSN,CSN_776
,-42.849083,-72.570938,5.8761,3.3,,CSN,CSN_777
,-42.868014,-72.564965,10.3458,3.1,,CSN,CSN_778
,-42.845296,-72.602766,5.8294,3.3,,CSN,CSN_779
,-42.992566,-72.402352,13.2035,3.2,,CSN,CSN_780
,-42.93349,-72.461321,14.4886,3.2,,CSN,CSN_781
,-42.91869,-72.442549,-0.4947,3.1,,CSN,CSN_782
,-42.853149,-72.623542,1.3129,3.4,,CSN,CSN_783
,-42.870632,-72.5199,5.7017,3.0,,CSN,CSN_784
,-42.916132,-72.497707,5.165,3.3,,CSN,CSN_785
,-42.941727,-72.45616,16.8695,3.3,,CSN,CSN_786
,-42.950758,-72.467306,6.2096,3.2,,CSN,CSN_787
,-42.85992,-72.444898,-0.5141,3.0,,CSN,CSN_788
,-42.945723,-72.452224,16.6394,3.2,,CSN,CSN_789
,-42.907898,-72.56009,16.3696,3.2,,CSN,CSN_790
,-42.905869,-72.620982,16.2216,3.2,,CSN,CSN_791
,-42.910909,-72.532115,14.9307,3.3,,CSN,CSN_794
,-42.917421,-72.553789,16.578,3.0,,CSN,CSN_796
,-42.825324,-72.606487,1.2309,3.4,,CSN,CSN_797
,-42.915295,-72.442499,3.8835,3.2,,CSN,CSN_799
,-42.897806,-72.584964,19.8637,3.3,,CSN,CSN_800
,-42.85106,-72.525041,1.4962,3.3,,CSN,CSN_801
,-42.815896,-72.687004,7.0832,3.0,,CSN,CSN_802
,-42.906183,-72.534241,15.9264,3.5,,CSN,CSN_804
,-42.889913,-72.523287,9.1193,3.2,,CSN,CSN_805
,-42.892537,-72.612803,17.5084,3.0,,CSN,CSN_806
,-42.828552,-72.617775,12.1772,3.2,,CSN,CSN_807
,-42.804609,-72.670579,0.1972,3.2,,CSN,CSN_809
,-42.895078,-72.542294,13.9257,3.3,,CSN,CSN_810
,-42.827009,-72.606659,-0.3993,3.3,,CSN,CSN_811
,-42.953056,-72.452296,14.1276,3.1,,CSN,CSN_812
,-42.866193,-72.50019,0.308,3.1,,CSN,CSN_813
,-42.844816,-72.570994,0.8622,3.3,,CSN,CSN_814
,-42.909139,-72.531574,15.9751,3.2,,CSN,CSN_815
,-42.840508,-72.601694,5.5116,3.1,,CSN,CSN_816
,-42.967861,-72.433803,16.3987,3.3,,CSN,CSN_817
,-42.847725,-72.62073,4.947,3.3,,CSN,CSN_818
,-42.846801,-72.627348,1.8906,3.2,,CSN,CSN_819
,-42.860651,-72.581773,2.4004,3.3,,CSN,CSN_820
,-42.867351,-72.532174,5.1151,3.4,,CSN,CSN_821
,-42.823935,-72.737089,2.7731,3.3,,CSN,CSN_822
,-42.919377,-72.511001,13.2778,3.0,,CSN,CSN_823
,-42.869632,-72.572385,11.3592,3.1,,CSN,CSN_824
,-42.855092,-72.588315,9.9934,3.2,,CSN,CSN_825
,-42.855949,-72.540997,-1.2677,3.4,,CSN,CSN_826
,-42.916155,-72.477034,12.0056,3.3,,CSN,CSN_827
,-42.884207,-72.566122,6.2547,3.4,,CSN,CSN_829
,-42.902068,-72.493184,7.4456,3.4,,CSN,CSN_831
,-42.802703,-72.674536,-0.1554,3.2,,CSN,CSN_833
,-42.928093,-72.463329,9.9013,3.1,,CSN,CSN_834
,-42.894436,-72.494559,1.2141,3.5,,CSN,CSN_835
,-42.835382,-72.630504,1.3259,3.3,,CSN,CSN_836
,-42.856993,-72.681537,18.8837,3.3,,CSN,CSN_837
,-42.817528,-72.637411,0.0439,3.1,,CSN,CSN_840
,-42.864838,-72.712814,2.7166,3.1,,CSN,CSN_841
,-42.88763,-72.689459,17.5245,3.2,,CSN,CSN_843
,-42.909265,-72.732532,21.2861,3.3,,CSN,CSN_846
,-42.907206,-72.705234,21.5957,3.4,,CSN,CSN_852
,-42.836618,-72.546251,-1.2111,3.0,,CSN,CSN_853
,-42.946718,-72.777555,26.2491,3.1,,CSN,CSN_854
,-42.852044,-72.70996,16.5134,3.0,,CSN,CSN_855
,-42.840944,-72.598318,1.7499,3.5,,CSN,CSN_856
,-42.832839,-72.606505,1.9351,3.3,,CSN,CSN_861
,-42.823236,-72.628836,-0.5855,3.4,,CSN,CSN_864
,-42.872587,-72.801205,17.9853,3.1,,CSN,CSN_865
,-42.888116,-72.788063,24.3349,3.1,,CSN,CSN_867
,-42.882291,-72.734104,19.9802,3.2,,CSN,CSN_868
,-42.82902,-72.601136,-0.4454,3.3,,CSN,CSN_874
,-42.841854,-72.620402,6.5572,3.2,,CSN,CSN_880
,-42.834366,-72.594488,-0.5829,3.4,,CSN,CSN_882
,-42.813475,-72.620814,4.184,3.2,,CSN,CSN_883
,-42.851975,-72.552752,2.8826,3.2,,CSN,CSN_884
,-42.826396,-72.584842,-0.2291,3.4,,CSN,CSN_885
,-42.825225,-72.567595,2.7189,3.2,,CSN,CSN_886
,-42.828911,-72.598736,8.1314,3.0,,CSN,CSN_887
,-42.87585,-72.732784,23.6008,3.2,,CSN,CSN_888
,-42.853781,-72.692738,17.2498,3.3,,CSN,CSN_890
,-42.839609,-72.645017,7.7688,3.2,,CSN,CSN_891
,-42.908978,-72.749645,29.8628,3.2,,CSN,CSN_892
,-42.851934,-72.662325,9.8393,3.2,,CSN,CSN_893
,-42.862697,-72.681095,17.2217,3.1,,CSN,CSN_894
,-42.824513,-72.585671,2.929,3.2,,CSN,CSN_895
,-42.851185,-72.699568,17.9713,3.3,,CSN,CSN_896
,-42.827887,-72.582149,-0.7404,3.2,,CSN,CSN_897
,-42.840329,-72.611218,1.9034,3.3,,CSN,CSN_899
,-42.854716,-72.733,19.1341,3.3,,CSN,CSN_900
,-42.880382,-72.69966,14.8143,3.0,,CSN,CSN_902
,-42.860818,-72.680683,14.0197,3.0,,CSN,CSN_903
,-42.823777,-72.562719,-0.8797,3.0,,CSN,CSN_904
,-42.859792,-72.719753,17.9623,3.0,,CSN,CSN_905
,-42.83428,-72.614389,4.3633,3.0,,CSN,CSN_907
,-42.871791,-72.703342,19.926,3.1,,CSN,CSN_908
,-42.851932,-72.673085,15.6175,3.4,,CSN,CSN_909
,-42.828286,-72.586828,0.1927,3.3,,CSN,CSN_910
,-42.865041,-72.710254,20.3375,3.4,,CSN,CSN_911
,-42.849885,-72.676418,16.4097,3.2,,CSN,CSN_912
,-42.874432,-72.744023,20.539,3.2,,CSN,CSN_913
,-42.867164,-72.697829,21.9191,3.0,,CSN,CSN_914
,-42.84462,-72.683126,12.7153,3.2,,CSN,CSN_915
,-42.868287,-72.710477,20.2571,3.3,,CSN,CSN_917
,-42.872676,-72.51176,-1.2011,3.6,,CSN,CSN_918
,-42.987788,-72.792599,21.1786,3.7,,CSN,CSN_919
,-42.84444,-72.599419,4.956,3.2,,CSN,CSN_920
,-42.835612,-72.58532,1.7004,3.3,,CSN,CSN_921
,-42.850344,-72.595377,-0.1673,3.3,,CSN,CSN_922
,-42.821774,-72.5589,-0.9193,3.4,,CSN,CSN_923
,-42.839097,-72.55423,0.1341,3.2,,CSN,CSN_924
,-42.825122,-72.593719,4.1119,3.1,,CSN,CSN_925
,-42.843071,-72.596521,4.3475,3.2,,CSN,CSN_926
,-42.825868,-72.571043,-0.8973,3.4,,CSN,CSN_927
,-42.824543,-72.594908,1.5065,3.3,,CSN,CSN_928
,-42.840518,-72.576985,-0.8306,3.4,,CSN,CSN_929
,-42.834095,-72.580287,2.2605,3.2,,CSN,CSN_930
,-42.847454,-72.589745,0.8117,3.0,,CSN,CSN_931
,-42.829717,-72.588918,0.2362,3.2,,CSN,CSN_932
,-42.866706,-72.569081,2.1969,3.4,,CSN,CSN_933
,-42.849728,-72.604023,7.8639,3.1,,CSN,CSN_1028
,-42.838548,-72.603295,4.4187,3.0,,CSN,CSN_1032
,-42.837209,-72.611366,4.1106,3.1,,CSN,CSN_1035
,-42.838011,-72.635355,9.1212,3.0,,CSN,CSN_1039
,-42.843336,-72.620898,7.9374,3.1,,CSN,CSN_1040
,-42.850803,-72.622065,8.9252,3.1,,CSN,CSN_1041
,-42.842755,-72.603287,5.709,3.1,,CSN,CSN_1042
,-42.839124,-72.582703,3.3391,3.1,,CSN,CSN_1043
,-42.836558,-72.60796,5.2648,3.0,,CSN,CSN_1045
,-42.849272,-72.623685,7.3767,3.1,,CSN,CSN_1046
,-42.847679,-72.641774,10.6518,3.0,,CSN,CSN_1047
,-42.836221,-72.591814,1.8718,3.2,,CSN,CSN_1049
,-42.839278,-72.650819,10.1177,3.2,,CSN,CSN_1050
,-42.82804,-72.585647,3.4144,3.0,,CSN,CSN_1052
,-42.838304,-72.622084,8.0835,3.2,,CSN,CSN_1053
,-42.843466,-72.621615,8.6701,3.1,,CSN,CSN_1058
,-42.83849,-72.612256,6.3693,3.0,,CSN,CSN_1060
,-42.841539,-72.664236,11.6693,3.1,,CSN,CSN_1062
,-42.838213,-72.606859,4.2014,3.1,,CSN,CSN_1063
,-42.851334,-72.618226,10.2057,3.3,,CSN,CSN_1070
,-42.83926,-72.621607,7.6091,3.1,,CSN,CSN_1071
,-42.840223,-72.628935,10.3507,3.0,,CSN,CSN_1072
,-42.839219,-72.617027,5.4804,3.1,,CSN,CSN_1073
,-42.851386,-72.642721,9.8397,3.2,,CSN,CSN_1075
,-42.837523,-72.585282,1.1583,3.1,,CSN,CSN_1076
,-42.841196,-72.60416,4.6584,3.0,,CSN,CSN_1081
,-42.812482,-72.53059,4.218,3.0,,CSN,CSN_1083
,-42.800116,-72.500069,-1.2204,3.0,,CSN,CSN_1084
,-42.811217,-72.514064,-0.6057,3.1,,CSN,CSN_1085
,-42.855325,-72.618332,2.349,3.0,,CSN,CSN_1086
,-42.85186,-72.599027,-0.5965,3.2,,CSN,CSN_1089
,-42.780765,-72.422441,-1.602,3.1,,CSN,CSN_1090
,-42.817065,-72.450557,-1.918,3.0,,CSN,CSN_1091
,-42.784683,-72.388873,-1.7413,3.4,,CSN,CSN_1092
,-42.809311,-72.46587,-1.8348,3.3,,CSN,CSN_1093
,-42.845141,-72.626006,6.8048,3.5,,CSN,CSN_1094
,-42.840552,-72.583147,3.9779,3.5,,CSN,CSN_1095
,-42.829793,-72.586491,2.5533,3.5,,CSN,CSN_1096
,-42.836521,-72.574512,3.0822,3.5,,CSN,CSN_1097
,-42.846778,-72.567118,0.0782,3.5,,CSN,CSN_1100
,-42.849432,-72.618493,5.9034,3.5,,CSN,CSN_1101
,-42.844617,-72.59397,2.4427,3.3,,CSN,CSN_1102
,-42.836133,-72.587007,-0.7196,3.6,,CSN,CSN_1103
,-42.836089,-72.582604,2.653,3.2,,CSN,CSN_1104
,-42.836856,-72.570569,-0.8031,3.0,,CSN,CSN_1105
,-42.849427,-72.624036,6.8336,3.2,,CSN,CSN_1109
,-42.835299,-72.59588,3.7015,3.2,,CSN,CSN_1110
,-42.822652,-72.587782,-0.035,3.4,,CSN,CSN_1111
,-42.845249,-72.59589,4.1249,3.3,,CSN,CSN_1112
,-42.850193,-72.580778,0.7463,3.3,,CSN,CSN_1114
,-42.846151,-72.570029,-0.8464,3.2,,CSN,CSN_1115
,-42.866887,-72.587812,3.0479,3.0,,CSN,CSN_1116
,-42.838145,-72.581403,-0.0539,3.3,,CSN,CSN_1117
,-42.841182,-72.582427,4.1649,3.1,,CSN,CSN_1118
,-42.831294,-72.608918,1.9303,3.2,,CSN,CSN_1119
,-42.836663,-72.604037,5.3945,3.0,,CSN,CSN_1120
,-42.839023,-72.603694,4.4919,3.2,,CSN,CSN_1121
,-42.838835,-72.584962,2.5784,3.3,,CSN,CSN_1122
,-42.839831,-72.59744,0.6576,3.3,,CSN,CSN_1123
,-42.839982,-72.60454,5.87,3.1,,CSN,CSN_1124
,-42.840351,-72.606474,6.2508,3.2,,CSN,CSN_1125
,-42.843162,-72.568092,3.9443,3.1,,CSN,CSN_1126
,-42.840525,-72.639635,2.5278,3.2,,CSN,CSN_1127
,-42.853439,-72.607798,8.7421,3.4,,CSN,CSN_1128
,-42.836751,-72.580228,-0.8037,3.3,,CSN,CSN_1129
,-42.843014,-72.564071,-0.4439,3.0,,CSN,CSN_1130
,-42.835821,-72.619386,6.7317,3.3,,CSN,CSN_1131
,-42.839822,-72.603433,5.2241,3.3,,CSN,CSN_1132
,-42.83505,-72.576367,1.235,3.0,,CSN,CSN_1133
,-42.827918,-72.586254,1.4237,3.0,,CSN,CSN_1134
,-42.837507,-72.623224,5.5348,3.2,,CSN,CSN_1135
,-42.824275,-72.582746,1.7587,3.2,,CSN,CSN_1137
,-42.844739,-72.622065,5.143,3.0,,CSN,CSN_1138
,-42.839286,-72.572606,1.2693,3.1,,CSN,CSN_1139
,-42.790408,-72.422285,-1.7528,3.3,,CSN,CSN_1144
,-42.85017,-72.583669,-0.1608,3.0,,CSN,CSN_1145
,-42.853061,-72.617915,7.3537,3.0,,CSN,CSN_1146
,-42.800551,-72.486612,0.5176,3.4,,CSN,CSN_1147
,-42.815454,-72.503021,-1.4642,4.0,,CSN,CSN_1148
,-42.777074,-72.415713,-1.4859,3.6,,CSN,CSN_1149
,-42.818801,-72.48404,-1.7139,3.3,,CSN,CSN_1150
,-42.783443,-72.436292,-1.8808,3.7,,CSN,CSN_1151
,-42.694717,-74.269771,1.9081,5.0,,CSN,CSN_1155
,-42.759204,-74.296602,31.8694,4.2,,CSN,CSN_1156
,-42.88553,-74.353381,14.6015,3.2,,CSN,CSN_1157
,-42.547321,-74.373013,42.3619,3.5,,CSN,CSN_1158
,-42.563896,-74.083207,6.2184,4.0,,CSN,CSN_1159
,-42.692912,-74.120219,40.2231,5.1,,CSN,CSN_1160
,-42.57617,-73.976711,15.7489,3.6,,CSN,CSN_1161
,-43.494551,-74.336694,30.8873,4.1,,CSN,CSN_1162
,-42.542066,-74.160875,41.311,4.2,,CSN,CSN_1163
,-42.530559,-74.280717,31.7629,3.6,,CSN,CSN_1164
,-43.028336,-74.30993,32.6457,4.0,,CSN,CSN_1165
,-43.012311,-74.319478,25.7581,3.8,,CSN,CSN_1166
,-43.26671,-74.558051,30.5193,4.0,,CSN,CSN_1167
,-43.77824,-74.126496,33.1464,3.8,,CSN,CSN_1168
,-42.539714,-74.239618,37.8501,3.0,,CSN,CSN_1170
,-42.539435,-74.20651,33.6771,3.2,,CSN,CSN_1172
,-43.209742,-74.341167,23.6406,3.9,,CSN,CSN_1173
,-43.201402,-74.331065,23.6299,3.1,,CSN,CSN_1174
,-42.731304,-74.238446,37.7617,3.6,,CSN,CSN_1175
,-43.502632,-74.403168,36.2319,3.1,,CSN,CSN_1178
,-42.846394,-74.287109,39.8875,3.5,,CSN,CSN_1179
,-43.534537,-74.229771,35.3278,7.6,,CSN,CSN_1181
,-43.622453,-74.485889,11.6942,5.2,,CSN,CSN_1182
,-43.38789,-74.202209,5.458,3.9,,CSN,CSN_1183
,-43.533415,-74.061417,27.6361,3.6,,CSN,CSN_1184
,-43.32479,-74.350789,19.8638,4.4,,CSN,CSN_1185
,-43.291892,-74.322015,46.1039,4.4,,CSN,CSN_1186
,-43.301738,-74.446775,10.0874,3.8,,CSN,CSN_1187
,-43.448247,-74.189696,32.1471,3.6,,CSN,CSN_1188
,-43.371185,-74.278558,30.4055,4.0,,CSN,CSN_1189
,-43.376333,-74.21873,28.176,4.0,,CSN,CSN_1190
,-43.365461,-74.299508,19.2246,3.6,,CSN,CSN_1191
,-43.489486,-74.424548,10.0059,3.1,,CSN,CSN_1192
,-43.276025,-74.164762,25.0234,3.3,,CSN,CSN_1193
,-43.399793,-74.331971,8.2202,4.2,,CSN,CSN_1194
,-43.361824,-74.309864,37.9207,4.2,,CSN,CSN_1195
,-43.37008,-74.325973,23.0882,4.2,,CSN,CSN_1196
,-43.340593,-74.31732,29.5688,4.2,,CSN,CSN_1197
,-43.24131,-74.166046,29.4388,3.2,,CSN,CSN_1198
,-43.304865,-74.375843,35.5589,3.1,,CSN,CSN_1200
,-43.461124,-74.509219,25.0721,4.6,,CSN,CSN_1201
,-43.457636,-74.488147,41.2033,4.6,,CSN,CSN_1202
,-43.323259,-74.248944,38.9812,3.3,,CSN,CSN_1203
,-43.394131,-74.217077,41.9351,3.2,,CSN,CSN_1204
,-43.471714,-74.242197,39.2457,3.3,,CSN,CSN_1205
,-43.354913,-74.342682,28.7347,4.2,,CSN,CSN_1206
,-43.346568,-74.343871,32.5125,4.2,,CSN,CSN_1207
,-43.656644,-74.206716,45.5166,3.8,,CSN,CSN_1208
,-43.490589,-74.520278,35.1682,3.9,,CSN,CSN_1209
,-43.321966,-74.227783,43.3319,3.4,,CSN,CSN_1210
,-43.394498,-74.307856,32.0154,3.6,,CSN,CSN_1211
,-43.34663,-74.369838,32.5831,3.7,,CSN,CSN_1212
,-43.358093,-74.408609,26.0385,3.7,,CSN,CSN_1213
,-43.559807,-74.756629,23.1593,4.1,,CSN,CSN_1214
,-43.372357,-74.377871,31.3028,4.1,,CSN,CSN_1215
,-43.381331,-74.344022,20.2289,4.1,,CSN,CSN_1216
,-43.421343,-74.384936,28.9541,3.5,,CSN,CSN_1217
,-43.516676,-74.585379,22.0047,4.4,,CSN,CSN_1218
,-43.402978,-74.398683,33.2278,3.4,,CSN,CSN_1219
,-43.320657,-74.396934,37.127,5.2,,CSN,CSN_1220
,-43.293907,-74.479363,11.228,4.0,,CSN,CSN_1221
,-43.568679,-74.302488,17.4448,3.4,,CSN,CSN_1222
,-43.307739,-74.31747,37.7777,3.2,,CSN,CSN_1223
,-43.39953,-74.206465,27.1855,4.2,,CSN,CSN_1224
,-43.176218,-74.341766,20.1775,3.6,,CSN,CSN_1225
,-43.195393,-74.277415,34.1018,3.8,,CSN,CSN_1228
,-43.182856,-74.364757,28.6187,3.4,,CSN,CSN_1231
,-43.367478,-74.296625,25.0891,3.2,,CSN,CSN_1232
,-43.323722,-74.404078,27.7362,3.1,,CSN,CSN_1233
,-43.637794,-74.248525,23.8788,3.4,,CSN,CSN_1234
,-43.363922,-74.336865,27.2762,3.4,,CSN,CSN_1235
,-43.379813,-74.389156,14.9547,3.2,,CSN,CSN_1236
,-43.392831,-74.283348,31.5009,3.2,,CSN,CSN_1237
,-43.400118,-74.290967,30.4434,3.5,,CSN,CSN_1238
,-43.572361,-74.216578,24.415,3.4,,CSN,CSN_1239
,-43.46606,-74.211224,30.9686,3.4,,CSN,CSN_1240
,-43.424512,-74.355342,26.402,3.3,,CSN,CSN_1241
,-43.56684,-74.203612,26.7509,3.5,,CSN,CSN_1242
,-43.377788,-74.429582,22.1291,3.4,,CSN,CSN_1243
,-43.690062,-74.36441,13.1027,3.8,,CSN,CSN_1244
,-43.725112,-74.263235,15.0529,3.8,,CSN,CSN_1245
,-43.555377,-74.324112,17.5907,3.2,,CSN,CSN_1246
,-43.170963,-74.311652,27.7395,3.1,,CSN,CSN_1247
,-43.615752,-74.270835,27.4285,3.0,,CSN,CSN_1248
,-43.37222,-74.325963,22.0712,3.6,,CSN,CSN_1249
,-43.367307,-74.338673,31.5376,3.6,,CSN,CSN_1250
,-43.124704,-74.566002,13.0633,4.2,,CSN,CSN_1251
,-43.182814,-74.550903,26.0877,3.5,,CSN,CSN_1252
,-43.324815,-74.369269,29.2431,3.4,,CSN,CSN_1253
,-43.541671,-74.474469,17.9356,3.2,,CSN,CSN_1254
,-43.395929,-74.212729,34.5111,4.7,,CSN,CSN_1258
,-43.264165,-74.401541,28.1006,3.7,,CSN,CSN_1259
,-43.106461,-74.52583,25.7849,3.1,,CSN,CSN_1260
,-43.508645,-74.342466,22.0532,3.5,,CSN,CSN_1261
,-43.163395,-74.616008,24.9355,3.6,,CSN,CSN_1262
,-43.063003,-74.538597,2.6605,3.6,,CSN,CSN_1263
,-43.508939,-74.271764,20.4629,5.0,,CSN,CSN_1264
,-43.328319,-74.272303,29.9101,3.2,,CSN,CSN_1265
,-43.31659,-74.53464,1.8572,3.2,,CSN,CSN_1266
,-43.316077,-74.400177,29.9478,4.7,,CSN,CSN_1267
,-43.310972,-74.467635,29.0526,4.4,,CSN,CSN_1269
,-43.21763,-74.092473,27.4989,3.5,,CSN,CSN_1271
,-43.473913,-74.523934,17.0758,3.3,,CSN,CSN_1275
,-43.205296,-74.184584,25.8799,3.6,,CSN,CSN_1277
,-43.350167,-74.156087,31.4529,3.1,,CSN,CSN_1278
,-43.788859,-74.312068,29.1461,3.6,,CSN,CSN_1279
,-43.447285,-74.170704,20.2617,3.2,,CSN,CSN_1281
,-43.397624,-74.140418,32.7556,3.1,,CSN,CSN_1282
,-43.217508,-74.094233,31.4206,3.2,,CSN,CSN_1283
,-43.258158,-74.143352,30.1146,3.6,,CSN,CSN_1284
,-43.413942,-74.44389,23.466,4.2,,CSN,CSN_1285
,-43.195822,-74.275592,27.174,4.3,,CSN,CSN_1286
,-43.457867,-74.405197,13.3773,3.1,,CSN,CSN_1288
,-43.375961,-74.375391,17.4095,3.3,,CSN,CSN_1291
,-43.238431,-74.181082,19.2393,3.1,,CSN,CSN_1293
,-43.448494,-74.055781,27.5221,3.2,,CSN,CSN_1295
,-43.193937,-74.30105,24.8595,3.5,,CSN,CSN_1297
,-43.258475,-74.10187,18.865,3.0,,CSN,CSN_1299
,-43.18975,-74.289495,26.399,3.4,,CSN,CSN_1300
,-43.322434,-74.414889,30.419,4.1,,CSN,CSN_1301
,-43.649939,-74.290276,0.2127,4.0,,CSN,CSN_1302
,-43.461071,-74.515284,17.7803,3.8,,CSN,CSN_1303
,-43.511238,-74.22387,15.5368,4.0,,CSN,CSN_1306
,-43.181573,-74.312672,27.2676,3.2,,CSN,CSN_1308
,-43.435719,-74.209813,26.6915,3.3,,CSN,CSN_1310
,-43.177302,-74.265137,31.1008,3.1,,CSN,CSN_1311
,-43.453173,-74.581441,33.1302,5.5,,CSN,CSN_1312
,-43.269392,-74.339277,15.7163,3.1,,CSN,CSN_1313
,-43.55653,-74.317106,13.769,3.1,,CSN,CSN_1314
,-43.249254,-74.196043,21.2646,3.4,,CSN,CSN_1315
,-43.480099,-74.478938,7.3226,3.4,,CSN,CSN_1316
,-43.287948,-74.209504,20.5883,4.2,,CSN,CSN_1317
,-43.33527,-74.30268,10.3863,3.1,,CSN,CSN_1319
,-43.310077,-74.438968,4.4797,3.0,,CSN,CSN_1320
,-43.362765,-74.416577,12.1705,3.3,,CSN,CSN_1321
,-43.752842,-74.364362,11.6562,3.2,,CSN,CSN_1322
,-43.395989,-74.348141,9.826,3.1,,CSN,CSN_1323
,-43.458675,-74.212822,18.628,3.4,,CSN,CSN_1324
,-43.430378,-74.2497,28.1986,3.1,,CSN,CSN_1327
,-43.388562,-74.394376,8.7543,4.8,,CSN,CSN_1328
,-43.340371,-74.267914,21.8446,3.1,,CSN,CSN_1329
,-43.365099,-74.392812,27.5642,3.3,,CSN,CSN_1330
,-43.698606,-74.307851,4.218,3.5,,CSN,CSN_1331
,-43.372496,-74.308122,14.612,3.4,,CSN,CSN_1332
,-43.259798,-74.145176,29.2714,4.0,,CSN,CSN_1333
,-43.604468,-74.526753,11.8439,3.6,,CSN,CSN_1335
,-43.369567,-74.22736,19.0669,3.2,,CSN,CSN_1337
,-43.354448,-74.272659,15.9676,3.1,,CSN,CSN_1338
,-43.374446,-74.44012,0.0398,3.0,,CSN,CSN_1339
,-43.426185,-74.36676,16.9975,3.0,,CSN,CSN_1340
,-43.534554,-74.134801,12.6627,3.9,,CSN,CSN_1344
,-43.408349,-74.24857,27.0569,3.1,,CSN,CSN_1345
,-43.641391,-74.201846,19.6858,4.0,,CSN,CSN_1346
,-43.681334,-74.432507,17.6383,3.3,,CSN,CSN_1349
,-43.345949,-74.466469,19.8192,4.1,,CSN,CSN_1353
,-43.052295,-74.258622,30.8797,3.1,,CSN,CSN_1355
,-42.846662,-74.414277,13.8524,3.5,,CSN,CSN_1356
,-43.315734,-74.4238,16.3449,3.3,,CSN,CSN_1357
,-43.321424,-74.482043,28.8201,3.9,,CSN,CSN_1358
,-43.157669,-74.324797,30.3186,3.5,,CSN,CSN_1359
,-43.22212,-74.229721,24.6964,3.2,,CSN,CSN_1360
,-43.231636,-74.252629,24.6377,3.6,,CSN,CSN_1361
,-43.212954,-74.346294,22.3155,3.6,,CSN,CSN_1362
,-43.50267,-74.325785,21.3503,3.1,,CSN,CSN_1365
,-43.173176,-74.340135,31.7148,4.2,,CSN,CSN_1366
,-43.346851,-74.287831,25.4582,3.5,,CSN,CSN_1367
,-43.380592,-74.374344,26.116,4.5,,CSN,CSN_1369
,-43.172593,-74.252377,23.9572,3.3,,CSN,CSN_1371
,-42.804998,-74.029499,49.1078,3.0,,CSN,CSN_1373
,-43.379113,-74.354146,25.4412,3.1,,CSN,CSN_1374
,-43.49938,-74.323731,29.9203,3.8,,CSN,CSN_1377
,-43.30692,-74.522923,21.0136,3.6,,CSN,CSN_1378
,-43.373606,-74.339292,24.4022,3.0,,CSN,CSN_1379
,-43.431911,-74.483015,30.9135,4.2,,CSN,CSN_1380
,-43.554727,-74.5683,20.6404,3.3,,CSN,CSN_1382
,-43.649135,-74.300886,11.7063,3.0,,CSN,CSN_1386
,-43.164657,-74.407975,13.3709,3.0,,CSN,CSN_1388
,-43.319396,-74.272514,33.5463,3.9,,CSN,CSN_1389
,-43.686966,-74.251988,18.9569,3.3,,CSN,CSN_1391
,-43.262741,-74.465034,13.1881,3.1,,CSN,CSN_1392
,-43.737716,-74.12495,0.1916,3.3,,CSN,CSN_1394
,-43.124635,-74.288419,28.498,3.2,,CSN,CSN_1396
,-43.674451,-74.448164,1.8687,3.3,,CSN,CSN_1398
,-43.489485,-74.217932,25.2023,3.4,,CSN,CSN_1400
,-43.583821,-74.321374,25.6408,3.5,,CSN,CSN_1401
,-43.138613,-74.179648,30.2248,3.0,,CSN,CSN_1403
,-43.237249,-74.370197,34.2717,4.0,,CSN,CSN_1404
,-43.231822,-74.295882,33.2006,3.1,,CSN,CSN_1406
,-43.097345,-74.226399,27.4338,4.0,,CSN,CSN_1407
,-43.254744,-74.37166,21.7388,3.7,,CSN,CSN_1408
,-43.19368,-74.137542,32.2592,4.6,,CSN,CSN_1410
,-43.20239,-74.198867,24.4142,3.3,,CSN,CSN_1411
,-43.351273,-74.316365,31.207,4.1,,CSN,CSN_1412
,-43.861761,-74.200176,28.1372,3.2,,CSN,CSN_1413
,-42.707848,-74.292171,30.4895,3.6,,CSN,CSN_1417
,-43.240899,-74.237161,22.5003,3.0,,CSN,CSN_1418
,-43.050572,-74.266207,41.1444,3.0,,CSN,CSN_1419
,-43.229991,-74.308982,34.1183,3.4,,CSN,CSN_1420
,-42.95558,-74.137106,35.7402,3.1,,CSN,CSN_1421
,-43.36359,-74.370752,18.6426,4.1,,CSN,CSN_1426
,-43.490667,-74.748979,21.9347,3.4,,CSN,CSN_1427
,-42.716113,-74.185478,39.4749,3.3,,CSN,CSN_1430
,-42.59927,-74.252959,34.3805,4.9,,CSN,CSN_1433
,-42.635319,-73.914453,36.4895,4.9,,CSN,CSN_1434
,-43.00658,-74.245037,30.3212,3.5,,CSN,CSN_1435
,-42.96995,-74.242367,15.34,4.8,,CSN,CSN_1437
,-43.236487,-74.288813,22.4038,3.8,,CSN,CSN_1438
,-43.060629,-74.27964,32.8456,3.0,,CSN,CSN_1439
,-43.240975,-74.334911,9.5375,3.0,,CSN,CSN_1440
,-43.067935,-74.275272,20.6159,3.1,,CSN,CSN_1445
,-43.054446,-74.27611,28.3246,3.3,,CSN,CSN_1448
,-42.512881,-74.288045,39.4363,4.1,,CSN,CSN_1450
,-42.534189,-74.226186,43.5777,3.0,,CSN,CSN_1453
,-43.917035,-74.599571,26.4663,3.0,,CSN,CSN_1455
,-43.202561,-74.21659,27.4786,3.7,,CSN,CSN_1459
,-42.724401,-74.280668,34.3348,3.0,,CSN,CSN_1464
,-42.582727,-74.205379,37.2841,3.6,,CSN,CSN_1465
,-42.831912,-74.381921,30.9033,4.7,,CSN,CSN_1470
,-42.761822,-74.705442,25.1818,3.3,,CSN,CSN_1472
,-42.64593,-74.218857,37.3685,4.0,,CSN,CSN_1473
,-43.243618,-74.316162,15.8994,3.1,,CSN,CSN_1476
,-42.790211,-73.911527,51.8648,3.5,,CSN,CSN_1478
,-43.205783,-74.327016,27.3776,3.0,,CSN,CSN_1480
,-43.265067,-74.254899,30.5546,5.1,,CSN,CSN_1481
,-43.256747,-74.255086,25.943,3.8,,CSN,CSN_1483
,-43.273314,-74.198289,27.5259,3.8,,CSN,CSN_1484
,-42.716529,-74.191165,34.7607,3.2,,CSN,CSN_1485
,-42.503142,-74.267561,35.0924,3.0,,CSN,CSN_1486
,-43.155663,-74.225219,28.7088,3.9,,CSN,CSN_1487
,-43.264819,-74.394554,7.8154,3.6,,CSN,CSN_1490
,-43.145353,-74.296453,31.6247,3.3,,CSN,CSN_1492
,-43.010435,-74.589932,0.106,3.1,,CSN,CSN_1493
,-43.072418,-74.704068,25.2885,3.1,,CSN,CSN_1494
,-43.24308,-74.433452,9.7164,3.1,,CSN,CSN_1495
,-42.865542,-74.251096,29.6513,4.5,,CSN,CSN_1496
,-42.852158,-74.256613,37.4915,3.5,,CSN,CSN_1497
,-42.940518,-74.190477,38.4664,4.3,,CSN,CSN_1498
,-43.369982,-74.371385,17.9969,3.8,,CSN,CSN_1499
,-25.21662,-70.756808,1.3949,5.3,,CSN,CSN_1502
,-25.718735,-70.613868,41.1401,3.6,,CSN,CSN_1503
,-25.825852,-70.645998,47.3239,4.1,,CSN,CSN_1505
,-25.82642,-70.876542,19.8126,5.1,,CSN,CSN_1506
,-25.871038,-70.888985,19.6706,3.7,,CSN,CSN_1507
,-25.854218,-70.686591,33.4,4.1,,CSN,CSN_1508
,-25.871258,-70.667948,23.7832,4.4,,CSN,CSN_1509
,-25.438025,-70.829103,1.3712,4.3,,CSN,CSN_1510
,-25.668791,-70.473784,48.8885,3.9,,CSN,CSN_1511
,-25.339129,-70.659814,51.0477,3.7,,CSN,CSN_1512
,-25.745306,-70.708109,23.3485,5.1,,CSN,CSN_1513
,-25.811152,-70.809964,30.6956,4.9,,CSN,CSN_1514
,-25.671172,-70.933213,63.9025,5.8,,CSN,CSN_1515
,-25.654274,-70.65341,40.3251,4.5,,CSN,CSN_1516
,-25.731961,-70.808154,1.6524,4.1,,CSN,CSN_1517
,-25.470476,-70.749296,18.052,3.6,,CSN,CSN_1518
,-25.719805,-70.720427,46.9166,3.9,,CSN,CSN_1519
,-25.495414,-70.89926,24.4884,4.1,,CSN,CSN_1520
,-25.773542,-70.754836,30.9019,4.2,,CSN,CSN_1521
,-25.764812,-70.785498,35.3577,6.0,,CSN,CSN_1522
,-25.879021,-70.784703,0.262,3.2,,CSN,CSN_1523
,-25.876012,-70.509053,44.5397,3.6,,CSN,CSN_1524
,-25.259543,-70.765775,18.3623,3.1,,CSN,CSN_1525
,-25.407904,-70.596957,12.6696,3.6,,CSN,CSN_1526
,-25.501576,-70.836165,52.7466,4.1,,CSN,CSN_1527
,-25.539892,-70.784821,28.6983,3.4,,CSN,CSN_1528
,-25.76403,-70.658058,38.6229,3.6,,CSN,CSN_1529
,-25.266679,-70.789944,18.8317,3.7,,CSN,CSN_1530
,-25.771422,-70.894625,21.9667,6.2,,CSN,CSN_1531
,-25.827005,-70.827366,26.6236,3.5,,CSN,CSN_1532
,-25.797286,-70.796168,35.3636,3.1,,CSN,CSN_1533
,-25.826929,-70.879505,5.8143,3.6,,CSN,CSN_1534
,-25.797659,-70.808012,39.4331,3.1,,CSN,CSN_1535
,-25.844582,-70.741496,24.399,3.6,,CSN,CSN_1536
,-25.771725,-70.648722,15.9025,3.6,,CSN,CSN_1537
,-25.344592,-70.889016,33.6927,3.5,,CSN,CSN_1538
,-25.16902,-70.84413,56.4525,3.9,,CSN,CSN_1539
,-25.426908,-70.861186,38.2013,3.0,,CSN,CSN_1541
,-25.682325,-70.537037,41.4017,3.6,,CSN,CSN_1542
,-25.782814,-70.863993,22.4691,5.1,,CSN,CSN_1543
,-25.556048,-70.672991,51.8497,3.2,,CSN,CSN_1544
,-25.124405,-70.739466,30.805,3.0,,CSN,CSN_1545
,-25.898017,-70.638169,37.1563,3.7,,CSN,CSN_1546
,-25.210582,-70.839287,35.6628,3.6,,CSN,CSN_1548
,-25.375017,-70.764099,11.9828,3.5,,CSN,CSN_1549
,-25.674232,-70.816366,25.124,3.0,,CSN,CSN_1550
,-25.943714,-70.842215,41.0781,4.0,,CSN,CSN_1553
,-25.678852,-70.585619,8.3231,3.5,,CSN,CSN_1554
,-25.580419,-70.715418,38.0197,3.2,,CSN,CSN_1555
,-25.337641,-70.848254,27.1624,4.5,,CSN,CSN_1556
,-25.439523,-70.786603,49.5059,3.6,,CSN,CSN_1557
,-25.297743,-70.755334,11.7283,3.1,,CSN,CSN_1558
,-25.293106,-70.674227,22.0292,4.8,,CSN,CSN_1559
,-25.308388,-70.624605,48.6524,3.9,,CSN,CSN_1560
,-25.61454,-70.563496,35.7443,3.2,,CSN,CSN_1561
,-25.988066,-70.752574,36.7059,4.1,,CSN,CSN_1562
,-25.938146,-70.672978,39.6754,3.9,,CSN,CSN_1563
,-25.03519,-70.561558,59.4703,3.6,,CSN,CSN_1564
,-25.814982,-70.741358,42.4424,3.6,,CSN,CSN_1566
,-25.477974,-70.606451,48.1791,4.0,,CSN,CSN_1567
,-25.600652,-70.825352,31.3922,3.2,,CSN,CSN_1570
,-25.284419,-70.580565,57.7112,3.1,,CSN,CSN_1571
,-25.881493,-70.879038,35.8486,3.4,,CSN,CSN_1572
,-25.872926,-70.638294,34.5263,3.2,,CSN,CSN_1574
,-25.836222,-70.876681,54.2219,3.2,,CSN,CSN_1575
,-25.416638,-70.839987,26.9123,3.5,,CSN,CSN_1577
,-25.305648,-70.763722,64.8281,3.7,,CSN,CSN_1579
,-25.096899,-70.613828,57.0674,4.7,,CSN,CSN_1580
,-25.894453,-70.679694,56.3278,3.8,,CSN,CSN_1581
,-25.579071,-70.742888,33.4693,3.1,,CSN,CSN_1583
,-25.83699,-70.789626,27.2581,3.5,,CSN,CSN_1585
,-25.670085,-70.48799,50.3859,3.4,,CSN,CSN_1586
,-25.801402,-70.756874,30.1856,3.0,,CSN,CSN_1587
,-25.372693,-70.715444,30.9387,3.4,,CSN,CSN_1588
,-25.970636,-70.567163,40.9111,3.0,,CSN,CSN_1590
,-25.845016,-70.806944,33.6447,3.6,,CSN,CSN_1591
,-25.82928,-70.54924,25.7471,3.5,,CSN,CSN_1593
,-25.538848,-70.586804,35.8873,3.5,,CSN,CSN_1594
,-25.641728,-70.70997,8.1487,4.1,,CSN,CSN_1595
,-26.003254,-70.779665,29.0409,3.4,,CSN,CSN_1600
,-25.941017,-70.684908,8.3612,3.4,,CSN,CSN_1601
,-25.285481,-70.75977,15.0979,3.0,,CSN,CSN_1604
,-25.297109,-70.737972,26.0911,3.5,,CSN,CSN_1605
,-25.069249,-70.580468,53.8911,3.6,,CSN,CSN_1607
,-25.420979,-70.745891,18.4083,3.1,,CSN,CSN_1608
,-25.512874,-70.876838,15.5094,3.1,,CSN,CSN_1609
,-25.547618,-70.834927,41.5021,3.2,,CSN,CSN_1611
,-25.730913,-70.472391,41.0593,4.1,,CSN,CSN_1616
,-25.6842,-70.883619,55.4467,4.2,,CSN,CSN_1617
,-25.634436,-70.487346,54.1702,4.1,,CSN,CSN_1618
,-25.314292,-70.484336,32.9673,5.0,,CSN,CSN_1619
,-25.565743,-70.748109,37.258,3.2,,CSN,CSN_1621
,-25.403476,-70.781916,24.0704,4.4,,CSN,CSN_1625
,-25.691712,-70.64536,28.598,3.2,,CSN,CSN_1626
,-25.987246,-70.781049,40.9332,5.4,,CSN,CSN_1629
,-25.106589,-70.689822,34.7401,3.2,,CSN,CSN_1633
,-25.567274,-70.793819,35.4158,3.2,,CSN,CSN_1638
,-25.78686,-70.427418,42.9036,4.6,,CSN,CSN_1639
,-25.363424,-70.764784,47.6738,3.6,,CSN,CSN_1641
,-25.918058,-70.861158,37.9884,3.0,,CSN,CSN_1642
,-25.900303,-70.584023,43.686,3.3,,CSN,CSN_1644
,-25.978935,-70.754074,40.4129,3.5,,CSN,CSN_1645
,-25.196532,-70.83581,8.1003,3.5,,CSN,CSN_1646
,-25.545331,-70.875785,24.8704,3.1,,CSN,CSN_1648
,-25.551593,-70.843296,34.8436,3.1,,CSN,CSN_1649
,-25.881024,-70.88098,35.7042,3.7,,CSN,CSN_1650
,-25.864636,-70.868579,34.5559,3.7,,CSN,CSN_1651
,-25.841283,-70.934906,29.0816,3.0,,CSN,CSN_1654
,-25.70099,-70.784961,56.8227,3.0,,CSN,CSN_1659
,-25.369717,-70.717448,27.9118,3.8,,CSN,CSN_1660
,-25.735951,-70.652733,35.5856,3.2,,CSN,CSN_1662
,-25.507227,-70.874849,37.5993,4.0,,CSN,CSN_1664
,-25.211445,-70.628647,45.988,3.0,,CSN,CSN_1665
,-25.172291,-70.677795,16.4266,4.2,,CSN,CSN_1666
,-25.909961,-70.851759,36.5063,3.7,,CSN,CSN_1669
,-25.86978,-70.568235,62.1653,4.2,,CSN,CSN_1671
,-25.890389,-70.872866,36.4034,3.0,,CSN,CSN_1673
,-25.680753,-70.761208,8.4561,3.2,,CSN,CSN_1677
,-25.556656,-70.675892,36.8221,3.5,,CSN,CSN_1679
,-25.641778,-70.478761,55.4653,3.5,,CSN,CSN_1680
,-26.043943,-70.735914,27.7645,3.4,,CSN,CSN_1683
,-18.357521,-71.276101,58.0073,3.9,,CSN,CSN_1686
,-18.409341,-71.393542,42.125,3.2,,CSN,CSN_1687
,-18.437255,-70.94601,60.7981,4.5,,CSN,CSN_1688
,-18.338492,-70.826081,36.0609,4.1,,CSN,CSN_1689
,-18.371451,-70.789057,27.3495,4.3,,CSN,CSN_1690
,-18.477684,-71.119038,15.8702,4.3,,CSN,CSN_1691
,-18.528837,-71.335433,16.3455,4.5,,CSN,CSN_1692
,-18.590947,-71.03311,26.1544,3.6,,CSN,CSN_1694
,-18.479351,-71.379215,49.9309,3.3,,CSN,CSN_1695
,-18.583668,-71.330612,16.7666,3.5,,CSN,CSN_1696
,-18.526601,-70.967276,27.704,3.3,,CSN,CSN_1697
,-18.371878,-71.362216,33.0394,3.2,,CSN,CSN_1699
,-18.541892,-71.153933,27.4177,3.0,,CSN,CSN_1700
,-18.463901,-71.045032,34.0864,3.4,,CSN,CSN_1701
,-18.590208,-71.373723,1.811,3.3,,CSN,CSN_1703
,-18.566955,-71.028986,24.8914,3.5,,CSN,CSN_1704
,-18.522537,-70.616848,47.598,3.6,,CSN,CSN_1705
,-18.465541,-70.758596,40.4787,3.0,,CSN,CSN_1706
,-18.60874,-70.519281,49.8038,3.1,,CSN,CSN_1707
,-18.584383,-70.588248,45.7488,3.0,,CSN,CSN_1708
,-18.444721,-70.880544,20.6861,3.2,,CSN,CSN_1709
,-18.25041,-71.010857,47.2154,3.6,,CSN,CSN_1710
,-18.547933,-70.5685,45.8187,3.6,,CSN,CSN_1711
,-18.355982,-71.3784,34.7254,3.9,,CSN,CSN_1713
,-18.828232,-70.590516,55.1237,3.3,,CSN,CSN_1714
,-18.601736,-70.559798,44.4518,3.8,,CSN,CSN_1715
,-18.238169,-71.260178,31.3756,3.2,,CSN,CSN_1716
,-18.612632,-71.338897,1.9751,3.6,,CSN,CSN_1717
,-18.471667,-71.120665,22.8269,3.0,,CSN,CSN_1719
,-18.409481,-71.087485,21.4845,3.4,,CSN,CSN_1720
,-18.350519,-71.253982,23.1516,3.3,,CSN,CSN_1722
,-18.767126,-70.724888,36.1373,4.1,,CSN,CSN_1725
,-18.555794,-71.115663,19.5499,3.1,,CSN,CSN_1726
,-18.690607,-70.881784,18.096,3.4,,CSN,CSN_1727
,-18.523359,-70.633072,44.3919,3.3,,CSN,CSN_1728
,-18.375281,-71.304026,29.4895,4.1,,CSN,CSN_1732
,-18.526128,-71.048417,10.4117,3.8,,CSN,CSN_1733
,-18.4801,-71.096941,20.6591,3.0,,CSN,CSN_1735
,-18.338086,-71.22987,20.4214,3.1,,CSN,CSN_1736
,-18.710532,-70.696843,29.7666,3.7,,CSN,CSN_1737
,-18.740676,-70.785262,22.4476,3.1,,CSN,CSN_1739
,-18.556738,-71.211931,13.151,3.0,,CSN,CSN_1740
,-18.684346,-70.8028,30.1577,3.2,,CSN,CSN_1741
,-18.511865,-71.191901,30.3236,3.3,,CSN,CSN_1742
,-18.310783,-71.29124,27.5181,3.2,,CSN,CSN_1743
,-18.72838,-70.788069,27.2128,3.7,,CSN,CSN_1744
,-18.71935,-70.780438,27.7097,3.6,,CSN,CSN_1745
,-18.287258,-71.404,30.0804,4.2,,CSN,CSN_1746
,-18.447293,-71.036137,32.3431,3.7,,CSN,CSN_1749
,-18.465528,-71.025719,23.3636,3.2,,CSN,CSN_1750
,-18.597413,-70.91862,25.7734,3.1,,CSN,CSN_1751
,-18.390037,-71.360688,31.7592,3.6,,CSN,CSN_1752
,-18.276819,-71.403165,29.5372,4.7,,CSN,CSN_1753
,-18.232352,-71.137763,38.2507,3.5,,CSN,CSN_1754
,-18.523234,-70.600555,46.4806,3.3,,CSN,CSN_1755
,-18.732757,-70.604744,42.694,3.0,,CSN,CSN_1756
,-18.320293,-70.978803,36.7965,3.4,,CSN,CSN_1757
,-18.490239,-70.624159,45.2549,3.0,,CSN,CSN_1761
,-18.604469,-71.213279,6.4634,4.2,,CSN,CSN_1762
,-18.359682,-71.375776,26.7609,3.4,,CSN,CSN_1763
,-18.546707,-71.072026,24.0886,3.8,,CSN,CSN_1764
,-18.380136,-71.427055,40.5726,3.5,,CSN,CSN_1765
,-18.390088,-70.979433,31.0448,3.4,,CSN,CSN_1767
,-18.541598,-71.024846,24.794,3.2,,CSN,CSN_1768
,-18.384282,-71.38808,30.4106,3.4,,CSN,CSN_1769
,-18.458911,-70.991441,26.8673,3.1,,CSN,CSN_1771
,-18.574584,-70.539515,48.4923,3.8,,CSN,CSN_1772
,-18.349921,-71.287209,56.2819,4.8,,CSN,CSN_1773
,-18.335733,-71.292581,48.1145,4.0,,CSN,CSN_1774
,-18.630006,-71.285941,7.127,4.2,,CSN,CSN_1775
,-18.73063,-70.657965,42.2548,4.0,,CSN,CSN_1776
,-18.543159,-71.34304,14.8866,3.2,,CSN,CSN_1779
,-18.243635,-71.345123,45.8326,3.2,,CSN,CSN_1780
,-18.238196,-71.198723,37.6386,4.9,,CSN,CSN_1781
,-18.305675,-71.28741,27.2652,3.5,,CSN,CSN_1782
,-18.713497,-70.790984,29.9322,3.6,,CSN,CSN_1783
,-18.464262,-71.074983,25.6161,3.6,,CSN,CSN_1784
,-18.710555,-70.736773,32.5588,4.2,,CSN,CSN_1785
,-18.730818,-70.759946,27.3117,3.6,,CSN,CSN_1786
,-18.424467,-71.404077,15.0856,4.7,,CSN,CSN_1787
,-18.478331,-71.387683,24.2792,4.3,,CSN,CSN_1789
,-18.488217,-70.611559,40.7586,3.2,,CSN,CSN_1790
,-18.538599,-71.34738,17.5831,3.8,,CSN,CSN_1791
,-18.503346,-71.080378,19.5966,3.2,,CSN,CSN_1792
,-18.469541,-71.12231,28.4349,3.3,,CSN,CSN_1793
,-18.617992,-70.695568,13.854,3.4,,CSN,CSN_1794
,-18.416793,-71.363017,30.3551,3.7,,CSN,CSN_1795
,-18.250661,-71.381921,37.0754,3.4,,CSN,CSN_1796
,-18.597867,-71.008588,29.142,3.4,,CSN,CSN_1799
,-18.505516,-71.190896,22.2546,3.2,,CSN,CSN_1800
,-18.712451,-70.611773,44.4684,5.2,,CSN,CSN_1801
,-18.756885,-70.72652,40.0739,3.0,,CSN,CSN_1802
,-18.57024,-71.071979,24.6804,3.2,,CSN,CSN_1803
,-18.471843,-70.985371,38.982,3.5,,CSN,CSN_1805
,-18.657606,-70.991403,2.8975,3.3,,CSN,CSN_1807
,-18.290088,-71.368171,29.9309,3.3,,CSN,CSN_1808
,-18.601965,-70.523048,47.9063,3.3,,CSN,CSN_1809
,-18.656634,-71.020381,20.4,3.4,,CSN,CSN_1810
,-18.544393,-71.048219,25.6521,3.2,,CSN,CSN_1812
,-18.492241,-71.341315,28.6755,3.2,,CSN,CSN_1814
,-18.574818,-70.539697,45.9877,3.3,,CSN,CSN_1815
,-18.57206,-70.540758,46.2032,3.3,,CSN,CSN_1816
,-18.603879,-71.297766,7.3767,3.2,,CSN,CSN_1821
,-18.672022,-70.755182,33.8476,3.4,,CSN,CSN_1825
,-18.31541,-71.41911,31.426,3.1,,CSN,CSN_1829
,-18.721607,-70.776198,32.9671,3.4,,CSN,CSN_1830
,-18.615342,-71.078451,18.0592,4.2,,CSN,CSN_1832
,-18.472587,-71.179004,21.235,4.8,,CSN,CSN_1833
,-18.296627,-71.116497,32.8684,3.3,,CSN,CSN_1838
,-18.447326,-71.102687,27.8384,3.4,,CSN,CSN_1839
,-18.42421,-71.058175,32.9384,3.4,,CSN,CSN_1840
,-18.628717,-71.302926,1.5029,3.5,,CSN,CSN_1841
,-18.582457,-71.153768,26.415,3.3,,CSN,CSN_1846
,-18.449648,-71.272396,28.8385,3.2,,CSN,CSN_1847
,-18.67418,-70.594265,41.1216,3.5,,CSN,CSN_1849
,-18.614422,-70.70757,41.6513,3.4,,CSN,CSN_1850
,-18.332892,-71.264398,33.5655,3.0,,CSN,CSN_1852
,-18.712202,-70.77134,43.6371,3.0,,CSN,CSN_1858
,-18.735448,-70.981572,14.5825,3.7,,CSN,CSN_1863
,-18.664383,-70.839369,30.7548,3.4,,CSN,CSN_1866
,-18.379414,-71.106093,32.6849,3.0,,CSN,CSN_1867
,-18.261846,-71.304579,47.6762,3.0,,CSN,CSN_1868
,-18.764349,-70.75338,22.8159,3.0,,CSN,CSN_1874
,-18.539084,-70.643149,44.1625,3.5,,CSN,CSN_1876
,-18.310453,-70.944335,41.1046,3.7,,CSN,CSN_1877
,-18.567694,-71.301977,19.5639,3.3,,CSN,CSN_1878
,-18.495793,-71.257167,34.6844,3.3,,CSN,CSN_1879
,-18.350631,-71.104608,29.1826,3.1,,CSN,CSN_1881
,-18.401211,-71.317983,26.4298,4.7,,CSN,CSN_1884
,-18.58526,-71.29554,1.497,3.6,,CSN,CSN_1885
,-18.414384,-71.352864,26.7912,3.5,,CSN,CSN_1886
,-18.591705,-71.066968,10.7634,3.0,,CSN,CSN_1887
,-18.382454,-70.969778,37.4291,3.0,,CSN,CSN_1888
,-18.618303,-71.056061,22.3051,3.6,,CSN,CSN_1890
,-18.602024,-71.077371,25.5384,3.3,,CSN,CSN_1895
,-18.395161,-71.093666,28.9057,4.8,,CSN,CSN_1896
,-18.560697,-70.920516,28.6053,3.7,,CSN,CSN_1898
,-18.450144,-71.16541,30.9407,3.5,,CSN,CSN_1901
,-18.681439,-70.781036,32.3037,3.7,,CSN,CSN_1911
,-18.596695,-71.038068,36.8702,4.9,,CSN,CSN_1913
,-18.576374,-71.118536,26.1561,3.4,,CSN,CSN_1914
,-18.509125,-71.212894,24.0134,3.7,,CSN,CSN_1917
,-18.429931,-71.333992,23.5752,3.2,,CSN,CSN_1922
,-18.4988,-70.680282,43.9529,6.0,,CSN,CSN_1926
,-18.531468,-70.696295,41.0207,3.3,,CSN,CSN_1928
,-18.334435,-71.433232,26.5952,3.3,,CSN,CSN_1931
,-18.413482,-70.698045,55.8866,3.2,,CSN,CSN_1932
,-18.347059,-71.398592,20.6161,3.0,,CSN,CSN_1934
,-18.459471,-71.368607,21.7564,3.5,,CSN,CSN_1935
,-18.545863,-70.605581,44.709,3.7,,CSN,CSN_1940
,-18.574316,-70.546791,45.0268,3.5,,CSN,CSN_1942
,-18.520765,-70.637162,44.2399,3.3,,CSN,CSN_1944
,-18.507838,-71.00455,33.426,4.0,,CSN,CSN_1945
,-18.57769,-71.088369,27.894,3.6,,CSN,CSN_1946
,-18.571799,-71.088628,25.1967,3.2,,CSN,CSN_1947
,-18.644927,-70.513616,47.7727,3.1,,CSN,CSN_1950
,-18.618872,-70.632158,41.0844,3.4,,CSN,CSN_1951
,-18.4591,-71.059562,21.583,3.3,,CSN,CSN_1952
,-34.339861,-73.524234,37.5631,3.1,,CSN,CSN_1953
,-34.472641,-73.629444,6.4373,3.5,,CSN,CSN_1954
,-33.916875,-73.235506,56.9487,3.0,,CSN,CSN_1955
,-34.490339,-73.708412,23.5751,4.2,,CSN,CSN_1956
,-34.166447,-73.291973,19.7517,4.0,,CSN,CSN_1957
,-33.859417,-73.316188,11.2743,3.6,,CSN,CSN_1958
,-33.901903,-73.229458,51.0932,3.0,,CSN,CSN_1959
,-34.438891,-73.476476,6.3934,3.4,,CSN,CSN_1960
,-34.32883,-73.51485,19.0617,4.4,,CSN,CSN_1961
,-33.899972,-73.144152,46.009,3.6,,CSN,CSN_1962
,-34.019793,-73.406227,40.0795,3.4,,CSN,CSN_1963
,-33.854632,-73.308513,28.8336,3.0,,CSN,CSN_1964
,-34.301877,-73.344971,7.6054,4.9,,CSN,CSN_1965
,-34.352158,-73.435681,63.132,3.7,,CSN,CSN_1966
,-34.502866,-73.664602,6.3047,4.1,,CSN,CSN_1967
,-34.211188,-73.360087,35.7002,3.8,,CSN,CSN_1968
,-33.968604,-73.349588,22.1626,3.5,,CSN,CSN_1969
,-34.082152,-73.381602,15.9069,3.8,,CSN,CSN_1970
,-34.361488,-73.484602,18.737,3.5,,CSN,CSN_1971
,-34.169894,-73.461295,21.2216,3.7,,CSN,CSN_1972
,-34.261527,-73.414094,17.7495,4.1,,CSN,CSN_1973
,-34.503913,-73.634513,22.2091,3.2,,CSN,CSN_1974
,-34.540658,-73.497681,11.6745,4.3,,CSN,CSN_1975
,-33.980736,-73.342449,38.8753,3.4,,CSN,CSN_1976
,-34.397016,-73.603794,5.9965,3.3,,CSN,CSN_1977
,-34.114318,-73.421975,21.8576,3.5,,CSN,CSN_1978
,-34.550298,-73.664867,31.756,3.6,,CSN,CSN_1979
,-33.986706,-73.431029,11.6987,3.3,,CSN,CSN_1980
,-34.055577,-73.450022,24.6208,3.7,,CSN,CSN_1981
,-34.072798,-73.412855,44.3466,3.2,,CSN,CSN_1982
,-34.503218,-73.639278,7.3604,3.8,,CSN,CSN_1983
,-33.931343,-73.38303,23.5345,3.6,,CSN,CSN_1984
,-33.979998,-73.296468,24.7481,4.1,,CSN,CSN_1985
,-34.100213,-73.486522,24.7789,3.7,,CSN,CSN_1986
,-34.061344,-73.285731,7.6562,3.1,,CSN,CSN_1987
,-33.943946,-73.209639,14.91,3.7,,CSN,CSN_1988
,-34.011967,-73.335965,59.7282,3.1,,CSN,CSN_1989
,-34.551135,-73.649405,30.7365,3.6,,CSN,CSN_1990
,-34.399,-73.592196,52.6002,3.8,,CSN,CSN_1991
,-33.980272,-73.400817,61.0735,3.1,,CSN,CSN_1992
,-34.527346,-73.774712,22.8197,3.2,,CSN,CSN_1993
,-34.197942,-73.390542,23.4176,3.9,,CSN,CSN_1994
,-34.231971,-73.551029,16.8027,4.1,,CSN,CSN_1995
,-34.10303,-73.302542,5.3813,3.3,,CSN,CSN_1996
,-34.009269,-73.274007,5.6827,3.8,,CSN,CSN_1997
,-34.024587,-73.395034,11.5429,3.2,,CSN,CSN_1998
,-33.956679,-73.361897,54.0157,3.1,,CSN,CSN_1999
,-33.952851,-73.328134,42.1536,3.2,,CSN,CSN_2000
,-34.003714,-73.275993,35.8038,3.0,,CSN,CSN_2001
,-34.392654,-73.444568,55.9047,3.0,,CSN,CSN_2002
,-34.370413,-73.46901,20.5569,3.4,,CSN,CSN_2003
,-33.993669,-73.425661,44.3761,3.3,,CSN,CSN_2005
,-33.900602,-73.346464,31.7787,3.7,,CSN,CSN_2006
,-34.030803,-73.291646,5.3331,3.3,,CSN,CSN_2007
,-34.142775,-73.30758,30.2105,4.0,,CSN,CSN_2008
,-33.863077,-73.222685,60.4135,3.3,,CSN,CSN_2009
,-33.856759,-73.404683,5.0911,3.1,,CSN,CSN_2010
,-34.641715,-73.751973,57.2964,3.6,,CSN,CSN_2011
,-33.911437,-73.439447,44.3412,3.2,,CSN,CSN_2013
,-33.901753,-73.277406,52.4152,3.1,,CSN,CSN_2014
,-34.108409,-73.308895,29.661,3.9,,CSN,CSN_2015
,-34.425234,-73.650051,32.8635,3.6,,CSN,CSN_2016
,-34.387929,-73.596586,35.9953,4.8,,CSN,CSN_2017
,-33.86526,-73.481923,21.7748,3.4,,CSN,CSN_2018
,-34.570715,-73.538784,30.3326,3.8,,CSN,CSN_2019
,-33.972158,-73.460535,61.3506,3.2,,CSN,CSN_2022
,-33.807983,-73.252665,34.5902,3.1,,CSN,CSN_2023
,-34.329304,-73.594096,37.8628,4.1,,CSN,CSN_2024
,-34.339465,-73.563846,36.7417,3.9,,CSN,CSN_2025
,-34.27384,-73.609915,60.4593,3.4,,CSN,CSN_2026
,-34.314178,-73.58098,28.3445,3.5,,CSN,CSN_2027
,-34.337823,-73.530137,15.3333,3.5,,CSN,CSN_2028
,-34.556536,-73.646157,34.7275,3.4,,CSN,CSN_2030
,-34.152832,-73.46639,30.0984,3.2,,CSN,CSN_2031
,-34.086917,-73.323703,34.0857,3.1,,CSN,CSN_2033
,-34.075808,-73.502607,23.3311,3.5,,CSN,CSN_2034
,-33.97732,-73.269352,20.0866,3.5,,CSN,CSN_2035
,-34.0877,-73.308809,25.4388,3.1,,CSN,CSN_2036
,-34.007564,-73.424654,44.2412,4.0,,CSN,CSN_2037
,-34.035416,-73.435962,27.8666,3.2,,CSN,CSN_2038
,-34.063736,-73.305435,28.5529,3.2,,CSN,CSN_2039
,-34.049212,-73.416619,20.4625,3.0,,CSN,CSN_2041
,-34.027109,-73.409573,39.8262,3.5,,CSN,CSN_2042
,-34.020464,-73.34897,16.0545,3.4,,CSN,CSN_2043
,-33.990784,-73.422594,44.7867,3.0,,CSN,CSN_2044
,-34.314752,-73.350141,32.7129,3.6,,CSN,CSN_2047
,-33.975115,-73.404435,36.9155,3.6,,CSN,CSN_2049
,-33.890148,-73.410442,29.3044,3.0,,CSN,CSN_2053
,-33.934937,-73.503663,37.9884,3.4,,CSN,CSN_2054
,-34.042404,-73.513346,37.7225,3.6,,CSN,CSN_2058
,-34.298887,-73.471319,22.6166,3.7,,CSN,CSN_2060
,-34.052329,-73.320947,41.5391,3.6,,CSN,CSN_2061
,-34.446206,-73.489649,25.75,3.0,,CSN,CSN_2065
,-33.992613,-73.162477,23.1346,3.4,,CSN,CSN_2068
,-34.020093,-73.449469,24.8295,3.0,,CSN,CSN_2072
,-34.433924,-73.676014,43.4898,3.8,,CSN,CSN_2074
,-34.157547,-73.33454,62.4588,4.0,,CSN,CSN_2075
,-34.505553,-73.562919,16.5302,3.1,,CSN,CSN_2079
,-34.299709,-73.467926,58.0335,3.2,,CSN,CSN_2080
,-34.329424,-73.451761,37.4243,3.0,,CSN,CSN_2084
,-33.996656,-73.355989,37.1627,3.2,,CSN,CSN_2086
,-34.270492,-73.520108,21.053,3.3,,CSN,CSN_2088
,-34.025631,-73.250475,23.1341,4.6,,CSN,CSN_2089
,-34.009495,-73.405435,33.7883,4.3,,CSN,CSN_2090
,-33.946184,-73.30429,47.0427,3.3,,CSN,CSN_2091
,-33.953591,-73.366012,35.6599,3.1,,CSN,CSN_2094
,-33.994257,-73.331739,53.6802,3.2,,CSN,CSN_2095
,-34.544861,-73.660302,5.5058,3.1,,CSN,CSN_2098
,-34.224194,-73.423631,56.3171,3.2,,CSN,CSN_2100
,-34.417342,-73.50351,15.497,3.1,,CSN,CSN_2101
,-37.489741,-73.847457,42.8652,4.8,,CSN,CSN_2109
,-37.498949,-73.781172,31.6884,4.8,,CSN,CSN_2110
,-37.753987,-73.72654,50.4092,4.8,,CSN,CSN_2111
,-37.727401,-73.878736,36.9574,4.3,,CSN,CSN_2112
,-37.567545,-73.789757,47.4892,5.0,,CSN,CSN_2113
,-37.75583,-73.789024,60.8761,4.7,,CSN,CSN_2114
,-37.458455,-73.842544,24.8447,4.8,,CSN,CSN_2115
,-37.36618,-73.870124,16.3705,5.1,,CSN,CSN_2116
,-37.318783,-73.997061,23.7601,5.4,,CSN,CSN_2117
,-37.45153,-73.787779,2.5901,3.9,,CSN,CSN_2118
,-37.516943,-73.826896,22.9298,4.6,,CSN,CSN_2119
,-37.550727,-73.77414,1.6508,5.6,,CSN,CSN_2120
,-37.361559,-74.017851,22.3979,5.0,,CSN,CSN_2121
,-37.290399,-73.969817,16.9829,4.1,,CSN,CSN_2122
,-37.597081,-73.946081,5.4877,4.2,,CSN,CSN_2123
,-37.309393,-73.972039,1.4775,4.6,,CSN,CSN_2124
,-37.759224,-73.946579,39.7479,4.2,,CSN,CSN_2125
,-37.646037,-73.769614,36.6419,4.3,,CSN,CSN_2126
,-37.327458,-74.009915,49.2526,5.4,,CSN,CSN_2127
,-37.392992,-73.699854,12.6912,5.1,,CSN,CSN_2128
,-37.61347,-74.071051,48.2866,4.5,,CSN,CSN_2129
,-37.415727,-73.987631,25.8639,6.1,,CSN,CSN_2130
,-37.583326,-73.956179,52.7822,6.1,,CSN,CSN_2131
,-37.50575,-73.962893,36.7326,6.0,,CSN,CSN_2132
,-37.477046,-73.956115,51.2683,6.0,,CSN,CSN_2133
,-37.50638,-73.767058,50.5025,4.6,,CSN,CSN_2134
,-37.532103,-73.975772,1.238,4.0,,CSN,CSN_2135
,-37.68717,-73.858082,36.2014,3.9,,CSN,CSN_2136
,-37.339674,-73.869024,2.0961,5.4,,CSN,CSN_2137
,-37.35609,-74.032313,17.387,5.4,,CSN,CSN_2138
,-37.392384,-73.683758,3.6899,4.3,,CSN,CSN_2139
,-37.596969,-74.036516,25.9428,4.7,,CSN,CSN_2140
,-37.346542,-73.852868,9.0407,4.9,,CSN,CSN_2141
,-37.326169,-74.01989,50.0847,4.5,,CSN,CSN_2142
,-37.412087,-73.748842,17.8066,4.2,,CSN,CSN_2143
,-37.527877,-73.831742,18.3045,3.9,,CSN,CSN_2144
,-37.535041,-73.800862,39.728,4.3,,CSN,CSN_2145
,-37.591909,-73.827274,19.0207,4.1,,CSN,CSN_2146
,-37.76804,-73.701315,3.6158,4.8,,CSN,CSN_2147
,-37.538372,-73.811435,62.0821,3.6,,CSN,CSN_2148
,-37.728943,-73.763898,2.3733,4.7,,CSN,CSN_2149
,-37.730289,-73.981742,9.1675,4.3,,CSN,CSN_2150
,-37.778477,-73.743225,7.3487,3.8,,CSN,CSN_2151
,-37.318913,-73.821347,13.0521,5.5,,CSN,CSN_2152
,-37.523641,-73.775122,33.9694,4.3,,CSN,CSN_2153
,-37.313435,-73.780364,31.4747,5.1,,CSN,CSN_2154
,-37.483975,-73.801852,19.3653,4.4,,CSN,CSN_2155
,-37.532792,-73.797929,39.4009,3.8,,CSN,CSN_2156
,-37.568213,-73.671352,8.5941,4.2,,CSN,CSN_2157
,-37.336945,-73.970365,1.507,4.5,,CSN,CSN_2158
,-37.518291,-73.689561,53.5407,5.3,,CSN,CSN_2159
,-37.478346,-73.867583,45.0385,5.4,,CSN,CSN_2160
,-37.513215,-73.736978,22.9259,3.7,,CSN,CSN_2161
,-37.364999,-73.90806,42.2168,3.1,,CSN,CSN_2162
,-37.502064,-73.677746,3.2559,3.5,,CSN,CSN_2163
,-37.518972,-73.649116,20.7325,4.9,,CSN,CSN_2164
,-37.499666,-73.726014,12.5434,3.6,,CSN,CSN_2165
,-37.513212,-73.72337,46.1037,3.6,,CSN,CSN_2166
,-37.527443,-73.795259,23.6245,3.8,,CSN,CSN_2167
,-37.639456,-73.852053,28.9417,3.5,,CSN,CSN_2168
,-37.650528,-74.020249,60.6447,3.7,,CSN,CSN_2169
,-37.64666,-74.004762,62.6195,3.7,,CSN,CSN_2170
,-37.623641,-73.979367,61.6957,4.4,,CSN,CSN_2171
,-37.495827,-74.021759,31.6893,3.7,,CSN,CSN_2172
,-37.647647,-73.84849,36.23,3.5,,CSN,CSN_2173
,-37.619635,-73.841786,28.6382,3.5,,CSN,CSN_2174
,-37.488156,-74.0541,34.5696,3.6,,CSN,CSN_2175
,-37.687451,-73.815971,60.028,4.1,,CSN,CSN_2176
,-37.301844,-74.05284,29.9447,3.4,,CSN,CSN_2177
,-37.699692,-73.757318,28.5132,3.3,,CSN,CSN_2178
,-37.583535,-73.750902,27.627,3.9,,CSN,CSN_2179
,-37.381945,-74.02586,40.7703,4.4,,CSN,CSN_2180
,-37.769773,-73.912652,21.4697,5.1,,CSN,CSN_2181
,-37.306117,-73.908416,12.9376,4.4,,CSN,CSN_2182
,-37.542886,-73.938131,46.321,3.9,,CSN,CSN_2183
,-37.543014,-73.961167,29.8976,4.2,,CSN,CSN_2184
,-37.434193,-73.824833,32.9681,3.7,,CSN,CSN_2185
,-37.320543,-73.845815,43.7297,4.9,,CSN,CSN_2186
,-37.352621,-74.065563,38.6302,3.7,,CSN,CSN_2187
,-37.569527,-73.675283,48.1975,4.8,,CSN,CSN_2188
,-37.436418,-73.875891,55.7702,4.9,,CSN,CSN_2189
,-37.5259,-73.760823,7.7051,3.6,,CSN,CSN_2190
,-37.537704,-73.667214,44.7774,4.3,,CSN,CSN_2191
,-37.557325,-73.934818,35.6632,3.6,,CSN,CSN_2192
,-37.524114,-73.988016,34.4177,4.7,,CSN,CSN_2193
,-37.534426,-74.014866,37.0383,3.6,,CSN,CSN_2194
,-37.496042,-73.995149,31.0522,4.5,,CSN,CSN_2195
,-37.548592,-73.88197,38.9427,4.5,,CSN,CSN_2196
,-37.53441,-74.006496,32.0101,4.4,,CSN,CSN_2197
,-37.553565,-73.911284,42.1001,4.8,,CSN,CSN_2198
,-37.589883,-73.730933,29.2376,3.8,,CSN,CSN_2199
,-37.472894,-74.040683,34.6574,4.5,,CSN,CSN_2200
,-37.580713,-73.660501,25.1923,4.9,,CSN,CSN_2201
,-37.493128,-73.855841,35.713,3.5,,CSN,CSN_2202
,-37.557017,-73.8713,30.97,3.7,,CSN,CSN_2203
,-37.5559,-73.818192,44.2955,4.0,,CSN,CSN_2204
,-37.566488,-73.726649,52.3487,4.0,,CSN,CSN_2205
,-37.550909,-73.729935,36.7497,4.4,,CSN,CSN_2206
,-37.555897,-73.808782,13.9585,3.6,,CSN,CSN_2207
,-37.530613,-73.892353,39.7954,3.6,,CSN,CSN_2208
,-37.519081,-73.910786,37.4246,3.4,,CSN,CSN_2209
,-37.584283,-74.021463,32.8523,4.3,,CSN,CSN_2210
,-37.433163,-74.111482,30.1521,5.1,,CSN,CSN_2212
,-37.388618,-73.883972,5.7853,3.0,,CSN,CSN_2213
,-37.575196,-73.808079,18.9708,5.0,,CSN,CSN_2214
,-37.560528,-73.872977,39.4053,4.2,,CSN,CSN_2215
,-37.531347,-74.022033,20.6841,4.8,,CSN,CSN_2216
,-37.610919,-73.998581,45.0983,3.6,,CSN,CSN_2217
,-37.46307,-74.097905,17.641,5.6,,CSN,CSN_2218
,-37.552573,-73.751281,7.5617,3.1,,CSN,CSN_2219
,-37.396557,-73.994513,24.4139,3.1,,CSN,CSN_2220
,-37.536642,-73.922148,12.6272,3.5,,CSN,CSN_2221
,-37.532512,-74.072297,39.3291,3.6,,CSN,CSN_2222
,-37.38933,-74.120399,35.0913,3.3,,CSN,CSN_2223
,-37.548076,-73.853356,33.0086,3.8,,CSN,CSN_2224
,-37.562882,-73.789104,50.28,3.8,,CSN,CSN_2225
,-37.571868,-73.901811,18.5113,3.4,,CSN,CSN_2227
,-37.619347,-73.787181,49.0119,3.2,,CSN,CSN_2228
,-37.552669,-73.744084,24.6352,4.1,,CSN,CSN_2229
,-37.295216,-73.824348,10.5776,3.0,,CSN,CSN_2230
,-37.648626,-73.956033,28.1913,3.0,,CSN,CSN_2233
,-37.300911,-73.88307,18.6123,3.9,,CSN,CSN_2234
,-37.288388,-74.07124,13.5148,3.4,,CSN,CSN_2235
,-37.278579,-74.042626,20.9336,3.4,,CSN,CSN_2236
,-37.518957,-74.084294,31.5866,3.1,,CSN,CSN_2238
,-37.770394,-73.922321,12.4994,4.2,,CSN,CSN_2239
,-37.332862,-73.720334,3.677,3.6,,CSN,CSN_2241
,-37.408109,-73.823674,57.1835,3.3,,CSN,CSN_2243
,-37.439386,-73.90786,28.9924,3.3,,CSN,CSN_2245
,-21.296674,-69.886406,52.8152,4.1,,CSN,CSN_2249
,-21.292216,-69.926653,52.1815,3.4,,CSN,CSN_2250
,-21.30918,-69.875042,57.0758,4.7,,CSN,CSN_2251
,-21.327612,-69.75466,51.0314,3.8,,CSN,CSN_2254
,-21.192166,-70.237133,62.8085,3.3,,CSN,CSN_2257
,-21.064034,-70.072918,4.3945,3.8,,CSN,CSN_2258
,-21.0928,-69.866069,56.8998,3.4,,CSN,CSN_2259
,-21.292268,-69.754593,58.0381,3.6,,CSN,CSN_2264
,-21.087488,-70.395357,47.4602,3.0,,CSN,CSN_2265
,-21.339306,-70.009205,49.7814,4.5,,CSN,CSN_2266
,-21.352962,-69.994648,37.2022,3.7,,CSN,CSN_2267
,-21.212873,-70.101557,28.2329,4.1,,CSN,CSN_2270
,-21.127925,-70.032144,23.7524,3.5,,CSN,CSN_2272
,-21.252556,-69.868033,52.3824,3.3,,CSN,CSN_2273
,-21.445966,-69.811111,50.6863,3.4,,CSN,CSN_2281
,-21.15591,-70.225972,34.4938,3.8,,CSN,CSN_2283
,-21.153642,-70.244335,33.5735,3.3,,CSN,CSN_2284
,-21.165087,-69.913017,2.8871,3.5,,CSN,CSN_2285
,-21.158012,-70.247239,32.0688,3.5,,CSN,CSN_2286
,-21.240224,-70.094528,36.8017,3.0,,CSN,CSN_2287
,-21.256304,-70.115296,31.7408,3.4,,CSN,CSN_2288
,-21.260175,-69.71538,36.3633,3.7,,CSN,CSN_2289
,-21.088785,-70.334467,33.1413,3.0,,CSN,CSN_2290
,-21.086459,-70.332759,36.4397,3.6,,CSN,CSN_2291
,-21.322813,-69.938586,40.2535,3.2,,CSN,CSN_2294
,-21.26236,-69.933578,52.6232,4.6,,CSN,CSN_2295
,-21.197048,-70.234934,64.8342,3.8,,CSN,CSN_2296
,-21.435244,-69.907043,52.6463,5.0,,CSN,CSN_2297
,-21.182411,-70.220022,34.6631,3.0,,CSN,CSN_2299
,-21.444253,-70.095265,38.8107,3.9,,CSN,CSN_2300
,-21.479192,-70.017665,54.2015,3.9,,CSN,CSN_2301
,-21.512103,-69.689341,50.6409,3.2,,CSN,CSN_2304
,-21.091558,-70.305446,28.8598,3.2,,CSN,CSN_2307
,-21.161059,-70.003108,48.0602,4.1,,CSN,CSN_2309
,-21.063088,-70.028749,26.1476,3.3,,CSN,CSN_2310
,-21.461743,-69.770882,36.8268,3.0,,CSN,CSN_2311
,-21.164926,-69.988947,57.12,3.2,,CSN,CSN_2313
,-21.299225,-69.889695,54.2728,3.9,,CSN,CSN_2323
,-21.227981,-69.853257,50.1896,3.0,,CSN,CSN_2324
,-21.292822,-69.828739,55.9077,3.9,,CSN,CSN_2325
,-21.250313,-70.357375,57.8583,4.3,,CSN,CSN_2326
,-21.518537,-69.978908,55.5873,3.1,,CSN,CSN_2327
,-21.266784,-69.865831,55.292,3.2,,CSN,CSN_2328
,-21.305569,-70.362928,63.0804,3.0,,CSN,CSN_2332
,-21.258054,-70.246589,32.3378,3.1,,CSN,CSN_2333
,-21.162703,-70.22202,35.1997,3.4,,CSN,CSN_2336
,-21.280247,-70.402047,60.989,3.6,,CSN,CSN_2337
,-21.114334,-70.36476,33.6239,3.2,,CSN,CSN_2338
,-21.080745,-70.189433,38.1962,3.9,,CSN,CSN_2339
,-21.32888,-70.27642,33.3852,3.8,,CSN,CSN_2340
,-21.360006,-70.333482,35.2866,3.1,,CSN,CSN_2341
,-21.024473,-70.287232,36.4047,3.5,,CSN,CSN_2343
,-21.295199,-69.861907,55.9777,4.0,,CSN,CSN_2344
,-21.284433,-70.037744,28.2737,3.9,,CSN,CSN_2351
,-21.538463,-69.668699,27.121,4.0,,CSN,CSN_2352
,-21.263506,-70.307111,35.2398,3.2,,CSN,CSN_2353
,-21.053291,-70.251662,64.2941,4.4,,CSN,CSN_2354
,-20.978382,-70.318148,38.2724,3.0,,CSN,CSN_2357
,-21.201628,-69.938719,46.4113,3.1,,CSN,CSN_2359
,-21.43082,-70.093079,44.8363,3.2,,CSN,CSN_2360
,-21.075672,-69.912103,51.4341,3.2,,CSN,CSN_2361
,-21.095545,-69.946941,49.5927,3.1,,CSN,CSN_2362
,-21.220073,-69.935116,34.6718,3.3,,CSN,CSN_2364
,-21.355015,-69.997833,39.4388,3.0,,CSN,CSN_2365
,-21.291477,-70.222732,37.0477,3.1,,CSN,CSN_2366
,-21.205518,-70.370949,38.7005,3.7,,CSN,CSN_2370
,-21.084282,-70.282388,38.7813,3.5,,CSN,CSN_2371
,-21.365134,-70.270366,32.4724,3.2,,CSN,CSN_2374
,-21.305387,-69.856876,55.7946,4.1,,CSN,CSN_2377
,-21.374664,-70.328123,33.6376,3.7,,CSN,CSN_2378
,-21.366248,-69.983819,46.6175,3.3,,CSN,CSN_2380
,-21.192676,-69.945256,29.6165,3.5,,CSN,CSN_2382
,-21.190816,-69.939685,28.9543,3.2,,CSN,CSN_2383
,-21.147628,-69.978714,48.4872,3.0,,CSN,CSN_2384
,-21.26632,-70.19706,63.6902,3.8,,CSN,CSN_2385
,-21.110663,-69.93553,23.928,3.2,,CSN,CSN_2386
,-21.317649,-69.877413,54.147,3.7,,CSN,CSN_2387
,-21.195288,-70.063875,60.1447,3.8,,CSN,CSN_2389
,-21.289498,-69.889456,53.32,4.4,,CSN,CSN_2390
,-21.173448,-69.970803,37.3013,3.0,,CSN,CSN_2391
,-21.232065,-70.328056,39.8749,3.1,,CSN,CSN_2392
,-21.345001,-69.901456,18.378,3.1,,CSN,CSN_2397
,-21.242181,-70.422758,52.4455,4.4,,CSN,CSN_2398
,-21.22691,-70.271285,36.3058,3.0,,CSN,CSN_2400
,-21.454779,-70.070867,42.386,3.0,,CSN,CSN_2405
,-21.483256,-69.6504,27.0945,3.5,,CSN,CSN_2406
,-21.164283,-69.970135,50.3332,3.4,,CSN,CSN_2407
,-21.116339,-70.292817,62.4173,3.0,,CSN,CSN_2408
,-21.204446,-69.790524,63.632,3.0,,CSN,CSN_2409
,-21.336031,-70.194015,40.037,3.0,,CSN,CSN_2412
,-21.273746,-70.149339,52.0296,3.0,,CSN,CSN_2413
,-21.322503,-69.851044,55.7104,3.0,,CSN,CSN_2418
,-21.060924,-69.888411,50.3175,3.0,,CSN,CSN_2421
,-21.419349,-69.947482,42.7123,3.6,,CSN,CSN_2424
,-21.305253,-69.841788,56.9431,3.9,,CSN,CSN_2427
,-21.447663,-70.023342,39.6775,3.0,,CSN,CSN_2438
,-21.280392,-70.008867,57.1945,3.5,,CSN,CSN_2439
,-21.343106,-70.019935,56.7919,3.5,,CSN,CSN_2440
,-21.04811,-70.031363,53.4661,3.0,,CSN,CSN_2444
,-21.475545,-70.380447,44.7599,3.6,,CSN,CSN_2449
,-21.092788,-70.363693,38.89,3.1,,CSN,CSN_2460
,-21.191217,-69.901136,37.0053,3.0,,CSN,CSN_2462
,-21.455461,-69.783053,34.3164,3.0,,CSN,CSN_2463
,-21.306013,-69.853976,55.2592,4.5,,CSN,CSN_2468
,-21.306255,-69.973804,60.7148,5.2,,CSN,CSN_2472
,-21.300136,-69.989113,60.7219,5.5,,CSN,CSN_2473
,-21.510772,-69.662926,13.2499,3.1,,CSN,CSN_2474
,-21.157585,-70.202703,37.3755,3.8,,CSN,CSN_2477
,-21.020323,-70.263001,42.6322,3.5,,CSN,CSN_2479
,-21.146249,-70.375619,36.5345,3.8,,CSN,CSN_2480
,-21.236064,-70.374578,59.7134,3.3,,CSN,CSN_2482
,-21.441233,-69.897543,57.4825,3.1,,CSN,CSN_2485
,-21.293768,-70.035282,40.2329,3.7,,CSN,CSN_2487
,-21.308048,-69.840932,55.7499,3.8,,CSN,CSN_2488
,-21.507035,-70.412556,53.2824,3.7,,CSN,CSN_2489
,-21.461638,-70.338855,45.9964,3.7,,CSN,CSN_2490
,-21.215663,-69.864231,26.6867,3.1,,CSN,CSN_2494
,-21.19517,-70.097908,43.6741,3.4,,CSN,CSN_2497
,-21.140424,-70.308181,29.7737,3.0,,CSN,CSN_2498
,-21.293661,-69.924809,52.4507,3.4,,CSN,CSN_2501
,-21.193119,-70.357567,39.8882,3.6,,CSN,CSN_2502
,-21.043271,-69.927529,57.5811,3.3,,CSN,CSN_2505
,-21.309608,-69.861512,58.5344,3.2,,CSN,CSN_2508
,-21.156477,-69.901085,64.1082,3.3,,CSN,CSN_2514
,-21.165863,-70.013322,54.55,3.7,,CSN,CSN_2515
,-21.209503,-69.931936,35.8194,3.3,,CSN,CSN_2518
,-21.441525,-70.061806,44.2449,3.8,,CSN,CSN_2519
,-21.241027,-70.303899,34.3062,3.5,,CSN,CSN_2529
,-21.390459,-69.719859,15.7074,3.5,,CSN,CSN_2534
,-21.365436,-70.289762,38.717,3.9,,CSN,CSN_2536
,-21.437773,-69.874707,59.7301,3.3,,CSN,CSN_2538
,-21.359865,-70.244416,37.191,3.4,,CSN,CSN_2539
,-21.201488,-70.33463,48.6863,3.2,,CSN,CSN_2540
,-21.184501,-70.226515,37.2226,3.1,,CSN,CSN_2543
,-21.109732,-69.899213,17.1842,3.6,,CSN,CSN_2548
,-21.430551,-69.817496,61.4773,3.5,,CSN,CSN_2550
,-21.305836,-69.726909,64.9356,4.1,,CSN,CSN_2551
,-21.364281,-70.156684,42.3484,3.5,,CSN,CSN_2554
,-21.151073,-70.193861,37.5035,3.0,,CSN,CSN_2561
,-21.432306,-70.080245,44.3665,3.3,,CSN,CSN_2566
,-21.387432,-70.409461,48.6216,3.3,,CSN,CSN_2568
,-21.224741,-69.906933,25.1594,3.9,,CSN,CSN_2569
,-21.230277,-70.342995,37.13,3.6,,CSN,CSN_2571
,-21.09971,-69.975998,35.8082,3.5,,CSN,CSN_2573
,-21.343397,-69.978234,39.9818,4.3,,CSN,CSN_2574
,-21.167051,-70.378298,24.9974,3.3,,CSN,CSN_2575
,-21.052643,-70.212738,40.2733,4.2,,CSN,CSN_2579
,-21.309051,-69.971845,57.8215,3.3,,CSN,CSN_2580
,-21.157749,-70.228847,35.948,3.3,,CSN,CSN_2581
,-21.268338,-70.092721,46.1396,3.2,,CSN,CSN_2584
,-21.148106,-69.983962,48.7129,3.7,,CSN,CSN_2585
,-21.364969,-69.830229,47.8873,3.2,,CSN,CSN_2587
,-21.139923,-69.968567,50.5584,4.4,,CSN,CSN_2597
,-21.187797,-70.317091,38.4984,3.3,,CSN,CSN_2605
,-21.246246,-70.22432,64.7683,4.4,,CSN,CSN_2607
,-21.051943,-70.005601,19.6967,3.0,,CSN,CSN_2613
,-21.002867,-70.07678,38.0322,3.2,,CSN,CSN_2620
,-21.111011,-70.231689,58.1397,3.0,,CSN,CSN_2621
,-21.16454,-70.21352,38.8806,3.0,,CSN,CSN_2622
,-21.200375,-70.086475,51.5328,3.0,,CSN,CSN_2627
,-21.144245,-69.991871,48.747,3.0,,CSN,CSN_2628
,-21.295676,-69.941756,57.3732,3.4,,CSN,CSN_2630
,-21.405342,-69.898482,50.7694,3.0,,CSN,CSN_2631
,-21.27889,-69.760056,43.5579,3.4,,CSN,CSN_2635
,-21.228963,-70.084081,37.8824,3.3,,CSN,CSN_2637
,-21.133296,-69.992105,30.6706,3.2,,CSN,CSN_2643
,-21.318365,-69.973801,58.0291,3.2,,CSN,CSN_2647
,-21.226254,-70.353564,62.3328,3.3,,CSN,CSN_2653
,-21.135189,-70.297735,32.655,3.1,,CSN,CSN_2654
,-21.075225,-70.042361,54.5334,3.8,,CSN,CSN_2655
,-21.025231,-70.372255,56.2095,3.0,,CSN,CSN_2657
,-21.234897,-69.795354,52.5054,3.3,,CSN,CSN_2660
,-21.325222,-69.857056,55.4152,3.9,,CSN,CSN_2661
,-21.377087,-69.775087,45.6755,3.0,,CSN,CSN_2662
,-21.439473,-69.785414,52.5802,3.0,,CSN,CSN_2664
,-21.41475,-69.742791,63.1675,3.0,,CSN,CSN_2665
,-21.147475,-70.318423,48.7526,3.1,,CSN,CSN_2667
,-21.365645,-69.783539,49.4739,3.6,,CSN,CSN_2668
,-21.071664,-70.381724,39.5568,3.5,,CSN,CSN_2669
,-21.299059,-69.854916,49.3329,4.0,,CSN,CSN_2671
,-21.232801,-70.337931,29.9682,3.2,,CSN,CSN_2673
,-21.159465,-70.171638,37.1815,3.3,,CSN,CSN_2674
,-21.252442,-70.072994,32.2694,3.7,,CSN,CSN_2676
,-21.042366,-70.176233,20.5103,3.5,,CSN,CSN_2678
,-21.276347,-69.772645,46.5622,3.1,,CSN,CSN_2679
,-21.332204,-70.243733,34.5303,3.9,,CSN,CSN_2681
,-21.306588,-69.853628,53.3098,3.2,,CSN,CSN_2683
,-21.442718,-69.970672,28.6382,3.1,,CSN,CSN_2687
,-21.335055,-70.382903,37.4316,3.7,,CSN,CSN_2688
,-21.28431,-70.300804,41.5753,3.2,,CSN,CSN_2691
,-21.290303,-69.949874,49.181,3.3,,CSN,CSN_2692
,-21.23457,-69.927957,61.094,3.1,,CSN,CSN_2693
,-21.292179,-69.858072,54.9002,3.8,,CSN,CSN_2694
,-21.296333,-69.956957,58.2553,3.3,,CSN,CSN_2695
,-21.316605,-69.746426,49.4204,3.2,,CSN,CSN_2696
,-21.140047,-69.969933,42.7417,3.6,,CSN,CSN_2699
,-21.374096,-69.74361,43.9839,3.7,,CSN,CSN_2700
,-21.151403,-70.077495,41.9836,3.3,,CSN,CSN_2724
,-21.483963,-69.797292,50.9938,3.0,,CSN,CSN_2725
,-21.482326,-69.799287,52.454,3.5,,CSN,CSN_2726
,-21.189859,-70.23836,39.0352,3.1,,CSN,CSN_2729
,-21.486611,-69.794403,52.6443,3.2,,CSN,CSN_2730
,-21.17899,-70.011933,54.5724,4.5,,CSN,CSN_2735
,-21.50584,-69.725833,55.7386,3.3,,CSN,CSN_2739
,-21.290074,-70.037991,45.5036,3.7,,CSN,CSN_2740
,-21.314523,-70.211546,25.7288,3.0,,CSN,CSN_2741
,-21.306995,-70.194436,31.8423,3.0,,CSN,CSN_2742
,-21.486144,-69.783804,52.3909,3.4,,CSN,CSN_2744
,-21.087644,-69.958674,34.0548,3.7,,CSN,CSN_2754
,-21.379188,-70.418631,43.9386,5.1,,CSN,CSN_2755
,-21.358495,-70.372748,42.8022,3.0,,CSN,CSN_2758
,-21.273078,-69.887219,20.3274,3.8,,CSN,CSN_2761
,-21.497149,-69.738763,54.1298,3.0,,CSN,CSN_2762
,-21.133555,-70.071628,53.9588,3.2,,CSN,CSN_2763
,-21.36889,-70.385322,30.5614,3.2,,CSN,CSN_2765
,-21.193085,-70.023459,37.8106,4.1,,CSN,CSN_2768
,-21.035764,-70.364758,56.1329,4.2,,CSN,CSN_2772
,-21.219345,-70.266486,38.6857,3.6,,CSN,CSN_2774
,-21.006503,-70.235354,39.5086,3.0,,CSN,CSN_2775
,-21.295539,-70.460899,55.9458,3.7,,CSN,CSN_2778
,-21.25746,-70.308585,34.4404,3.1,,CSN,CSN_2779
,-21.295685,-69.749164,55.2565,3.2,,CSN,CSN_2780
,-21.294064,-69.868435,54.4757,4.7,,CSN,CSN_2783
,-21.415965,-69.771188,54.726,3.2,,CSN,CSN_2787
,-21.273821,-70.143287,55.8134,3.8,,CSN,CSN_2793
,-21.192937,-69.917985,27.9756,3.0,,CSN,CSN_2794
,-21.275071,-70.049968,32.1991,3.0,,CSN,CSN_2796
,-21.489139,-69.703889,22.7633,3.0,,CSN,CSN_2798
,-21.06339,-70.186555,47.9691,4.5,,CSN,CSN_2799
,-21.108169,-70.402772,54.4476,3.1,,CSN,CSN_2802
,-21.275001,-69.927273,48.9885,3.0,,CSN,CSN_2803
,-21.371147,-69.964956,46.0624,3.0,,CSN,CSN_2804
,-21.343792,-69.760056,47.8437,3.4,,CSN,CSN_2805
,-21.100685,-69.895642,15.3053,3.5,,CSN,CSN_2807
,-21.358603,-70.246918,37.2304,3.1,,CSN,CSN_2811
,-19.214311,-70.17614,53.4379,4.1,,CSN,CSN_2813
,-19.186697,-70.099742,57.1254,3.3,,CSN,CSN_2814
,-19.262854,-70.27596,39.9332,3.0,,CSN,CSN_2816
,-19.268037,-70.14427,53.6628,3.0,,CSN,CSN_2818
,-19.247685,-70.004039,33.7194,3.8,,CSN,CSN_2819
,-19.264238,-70.076705,57.0349,3.9,,CSN,CSN_2820
,-19.277084,-70.122951,56.8394,3.8,,CSN,CSN_2821
,-19.270745,-70.108966,54.4122,3.2,,CSN,CSN_2822
,-19.229248,-70.005926,59.8811,3.2,,CSN,CSN_2823
,-19.274741,-70.151825,52.5673,3.1,,CSN,CSN_2827
,-19.273003,-70.095616,56.1132,4.3,,CSN,CSN_2828
,-19.307519,-70.166237,41.4931,4.0,,CSN,CSN_2829
,-19.15378,-70.220598,5.3354,4.4,,CSN,CSN_2830
,-19.369274,-70.195481,63.1699,3.1,,CSN,CSN_2831
,-19.273407,-70.123213,54.1455,3.4,,CSN,CSN_2832
,-19.252155,-70.056613,52.7207,3.4,,CSN,CSN_2833
,-19.271521,-70.096214,56.2788,3.0,,CSN,CSN_2834
,-19.299,-70.067032,56.5071,3.0,,CSN,CSN_2835
,-19.276651,-70.105453,53.9625,3.6,,CSN,CSN_2836
,-19.248465,-70.168824,53.659,3.9,,CSN,CSN_2837
,-19.224015,-70.071575,58.5365,3.2,,CSN,CSN_2838
,-19.205843,-70.161788,51.4179,3.3,,CSN,CSN_2841
,-19.255469,-70.24537,39.8762,3.1,,CSN,CSN_2842
,-19.246022,-70.163302,53.6087,3.1,,CSN,CSN_2843
,-19.199974,-70.171174,52.209,3.7,,CSN,CSN_2844
,-19.120993,-70.079966,42.2527,4.0,,CSN,CSN_2846
,-19.333125,-70.229093,38.2378,3.1,,CSN,CSN_2847
,-19.235564,-70.171827,52.7123,3.0,,CSN,CSN_2849
,-19.284432,-70.134014,55.5929,4.5,,CSN,CSN_2850
,-19.231976,-70.221879,7.4271,3.1,,CSN,CSN_2852
,-19.189637,-70.029917,54.1973,3.4,,CSN,CSN_2853
,-19.262574,-70.281084,40.4515,3.3,,CSN,CSN_2854
,-19.330413,-70.209206,2.2298,3.4,,CSN,CSN_2856
,-19.294392,-70.163319,53.97,3.4,,CSN,CSN_2857
,-19.338401,-70.071898,48.4208,3.3,,CSN,CSN_2858
,-19.28849,-70.173226,60.2544,3.3,,CSN,CSN_2860
,-19.267342,-70.151488,50.9976,3.6,,CSN,CSN_2861
,-19.278726,-70.080167,56.1231,3.3,,CSN,CSN_2862
,-19.384487,-70.207643,36.8818,4.0,,CSN,CSN_2863
,-19.32217,-70.172518,21.5733,3.2,,CSN,CSN_2865
,-19.272146,-70.102319,56.8775,3.7,,CSN,CSN_2866
,-19.288062,-70.125978,54.3469,3.8,,CSN,CSN_2867
,-19.29511,-70.044935,54.5356,3.7,,CSN,CSN_2868
,-19.325222,-70.078671,56.8833,3.1,,CSN,CSN_2869
,-19.256662,-70.177697,53.7163,3.2,,CSN,CSN_2870
,-19.28536,-70.131384,53.9034,5.0,,CSN,CSN_2872
,-19.278645,-70.114171,51.0555,3.1,,CSN,CSN_2873
,-19.247764,-70.001007,51.1985,4.0,,CSN,CSN_2875
,-19.236234,-70.185653,51.7386,3.1,,CSN,CSN_2876
,-19.179064,-70.035606,60.9502,3.2,,CSN,CSN_2877
,-19.293742,-70.133992,53.8299,3.8,,CSN,CSN_2878
,-19.293934,-70.115793,49.715,3.9,,CSN,CSN_2879
,-19.325915,-70.129751,53.8161,3.2,,CSN,CSN_2881
,-19.240426,-70.18606,54.2122,3.6,,CSN,CSN_2883
,-19.220418,-70.143803,56.0364,3.3,,CSN,CSN_2885
,-19.214129,-70.166091,53.7839,4.4,,CSN,CSN_2886
,-19.163742,-70.09111,53.2496,3.1,,CSN,CSN_2887
,-19.232023,-70.179694,54.7783,4.1,,CSN,CSN_2889
,-19.280756,-70.116968,49.7518,3.3,,CSN,CSN_2891
,-19.175764,-70.065555,59.188,3.6,,CSN,CSN_2892
,-19.175607,-70.070463,58.6702,3.0,,CSN,CSN_2893
,-19.311624,-70.061492,32.9545,3.7,,CSN,CSN_2895
,-19.257382,-70.166774,46.9484,3.4,,CSN,CSN_2897
,-19.222522,-70.106971,49.0122,3.1,,CSN,CSN_2899
,-19.20971,-70.14858,54.2163,3.1,,CSN,CSN_2900
,-19.176746,-70.095819,45.2991,4.4,,CSN,CSN_2901
,-19.260463,-70.137039,50.6223,3.2,,CSN,CSN_2902
,-19.186578,-70.044985,38.4417,3.5,,CSN,CSN_2903
,-19.304227,-70.250303,31.8224,3.2,,CSN,CSN_2905
,-19.231163,-70.173202,57.9499,3.8,,CSN,CSN_2906
,-19.225655,-70.192873,43.8722,3.8,,CSN,CSN_2909
,-19.285032,-70.176383,50.8636,3.4,,CSN,CSN_2914
,-19.279195,-70.161276,49.2729,3.4,,CSN,CSN_2915
,-19.275828,-70.177407,51.2552,3.0,,CSN,CSN_2916
,-19.256782,-70.241621,39.518,4.3,,CSN,CSN_2917
,-19.205609,-70.16961,56.7415,3.0,,CSN,CSN_2921
,-19.228338,-70.129432,57.0681,3.5,,CSN,CSN_2922
,-19.29186,-70.211215,45.7824,3.7,,CSN,CSN_2923
,-19.279726,-70.207547,46.3858,3.3,,CSN,CSN_2924
,-19.193427,-70.138886,53.5827,3.7,,CSN,CSN_2925
,-19.325099,-70.072782,44.143,3.0,,CSN,CSN_2929
,-19.271417,-70.138768,35.1573,4.0,,CSN,CSN_2931
,-19.299682,-70.050202,64.4943,4.3,,CSN,CSN_2932
,-19.293104,-70.134348,54.0827,3.0,,CSN,CSN_2933
,-19.276365,-70.230268,38.4355,3.7,,CSN,CSN_2935
,-19.276827,-70.134991,52.5531,3.8,,CSN,CSN_2936
,-22.083469,-70.287039,36.5401,3.1,,CSN,CSN_2940
,-22.046828,-70.349743,33.3523,3.6,,CSN,CSN_2941
,-22.244741,-70.310362,21.8237,3.3,,CSN,CSN_2943
,-22.095089,-70.265822,37.6488,3.1,,CSN,CSN_2948
,-22.107014,-70.230935,39.8413,3.7,,CSN,CSN_2950
,-22.04155,-70.36838,30.1906,4.1,,CSN,CSN_2955
,-22.002888,-70.328287,29.3506,3.3,,CSN,CSN_2960
,-22.096805,-70.214884,49.166,3.4,,CSN,CSN_2961
,-22.109823,-70.23216,37.351,3.2,,CSN,CSN_2962
,-22.02184,-70.372173,30.6358,3.0,,CSN,CSN_2963
,-22.014221,-70.354881,31.6065,3.8,,CSN,CSN_2966
,-22.055194,-70.293777,32.9751,3.1,,CSN,CSN_2968
,-22.182777,-70.266405,41.3861,3.4,,CSN,CSN_2971
,-22.036967,-70.298508,35.3864,3.2,,CSN,CSN_2972
,-22.044223,-70.343182,31.4593,3.1,,CSN,CSN_2973
,-22.07119,-70.26442,38.7386,3.2,,CSN,CSN_2977
,-22.048485,-70.308876,31.9537,3.3,,CSN,CSN_2978
,-22.033348,-70.329952,32.8295,3.0,,CSN,CSN_2984
,-22.05659,-70.339575,34.5771,3.7,,CSN,CSN_2985
,-22.065136,-70.337886,32.565,3.7,,CSN,CSN_2986
,-22.042458,-70.34955,32.7388,3.4,,CSN,CSN_2987
,-22.183201,-70.276238,36.0206,3.3,,CSN,CSN_2988
,-22.06027,-70.285168,32.2917,3.2,,CSN,CSN_2989
,-22.014302,-70.395721,25.4756,3.0,,CSN,CSN_2991
,-22.108834,-70.377086,32.1455,3.0,,CSN,CSN_2993
,-22.086246,-70.289852,33.1694,3.3,,CSN,CSN_2994
,-22.084562,-70.304118,35.4608,3.5,,CSN,CSN_2995
,-22.070933,-70.346829,31.8114,4.0,,CSN,CSN_2998
,-22.178742,-70.337208,29.4849,3.2,,CSN,CSN_3005
,-21.964657,-70.363206,28.0762,3.1,,CSN,CSN_3006
,-22.123299,-70.302644,31.79,3.2,,CSN,CSN_3007
,-22.050987,-70.312994,33.5507,3.5,,CSN,CSN_3008
,-22.046294,-70.329632,31.728,3.0,,CSN,CSN_3009
,-22.01328,-70.359424,27.1765,3.0,,CSN,CSN_3010
,-21.988477,-70.330789,37.9945,3.3,,CSN,CSN_3011
,-22.07525,-70.337954,36.3402,3.7,,CSN,CSN_3024
,-22.055535,-70.324987,32.6636,3.1,,CSN,CSN_3025
,-22.172002,-70.340267,39.2578,3.0,,CSN,CSN_3028
,-22.070046,-70.294966,35.7933,3.4,,CSN,CSN_3031
,-22.06271,-70.299648,32.7123,3.5,,CSN,CSN_3032
,-22.112621,-70.289083,33.7353,3.0,,CSN,CSN_3035
,-22.173939,-70.255602,60.8439,5.0,,CSN,CSN_3039
,-22.22317,-70.294874,37.6425,3.6,,CSN,CSN_3042
,-22.029124,-70.372138,31.2809,3.2,,CSN,CSN_3043
,-22.140744,-70.311413,32.7463,3.3,,CSN,CSN_3052
,-22.060062,-70.283222,34.0662,4.1,,CSN,CSN_3056
,-22.052606,-70.276405,43.4067,3.2,,CSN,CSN_3062
,-21.972544,-70.3524,41.8982,4.1,,CSN,CSN_3063
,-22.196145,-70.294672,37.2566,3.9,,CSN,CSN_3065
,-22.110971,-70.279091,34.874,3.5,,CSN,CSN_3067
,-21.9855,-70.297692,5.2073,3.2,,CSN,CSN_3077
,-20.687805,-70.629334,19.478,3.1,,CSN,CSN_3084
,-20.6467,-70.573712,35.8798,3.6,,CSN,CSN_3085
,-20.692457,-70.619724,25.4234,3.5,,CSN,CSN_3086
,-20.676605,-70.587275,25.6708,3.0,,CSN,CSN_3090
,-20.53615,-70.677958,16.0893,3.3,,CSN,CSN_3092
,-20.518037,-70.688783,19.5538,3.5,,CSN,CSN_3093
,-20.637659,-70.575949,33.0875,4.0,,CSN,CSN_3095
,-20.638645,-70.597055,22.3568,3.0,,CSN,CSN_3096
,-20.636983,-70.588428,4.7639,3.8,,CSN,CSN_3097
,-20.598,-70.677927,24.4652,4.0,,CSN,CSN_3098
,-20.588366,-70.804344,11.4721,3.4,,CSN,CSN_3099
,-20.631948,-70.704503,38.3504,3.2,,CSN,CSN_3100
,-20.756066,-70.69464,19.2587,3.7,,CSN,CSN_3101
,-20.741188,-70.611917,43.4183,3.3,,CSN,CSN_3107
,-20.60638,-70.592095,7.0081,3.2,,CSN,CSN_3108
,-20.460145,-70.962683,35.6971,3.4,,CSN,CSN_3110
,-20.689128,-70.779799,10.1818,5.3,,CSN,CSN_3112
,-20.629058,-70.789096,14.2365,4.2,,CSN,CSN_3113
,-20.645566,-70.692653,3.3727,3.2,,CSN,CSN_3114
,-20.625321,-70.602564,22.7404,4.1,,CSN,CSN_3115
,-20.609641,-70.674572,18.1626,3.5,,CSN,CSN_3116
,-20.746629,-70.670138,17.6839,4.9,,CSN,CSN_3117
,-20.736107,-70.723845,16.6758,4.6,,CSN,CSN_3118
,-20.61944,-70.653336,19.7555,3.3,,CSN,CSN_3120
,-20.635581,-70.656921,19.2053,3.0,,CSN,CSN_3121
,-20.749323,-70.682345,20.6726,3.4,,CSN,CSN_3122
,-20.59036,-70.630079,19.9261,3.3,,CSN,CSN_3124
,-20.740069,-70.705142,17.9251,5.8,,CSN,CSN_3125
,-20.666572,-70.610294,21.0286,3.9,,CSN,CSN_3129
,-20.738545,-70.726244,10.409,3.6,,CSN,CSN_3130
,-20.744352,-70.639809,16.2738,3.9,,CSN,CSN_3131
,-20.746623,-70.638937,19.4844,3.3,,CSN,CSN_3133
,-20.586572,-70.797245,20.1915,4.1,,CSN,CSN_3135
,-20.688563,-70.604128,20.3219,3.5,,CSN,CSN_3136
,-20.686671,-70.58023,25.2136,3.3,,CSN,CSN_3137
,-20.733676,-70.729215,14.6744,4.5,,CSN,CSN_3140
,-20.68743,-70.589307,19.3228,3.5,,CSN,CSN_3141
,-20.610262,-70.575141,25.0241,5.1,,CSN,CSN_3142
,-20.765918,-70.663609,8.8221,5.0,,CSN,CSN_3143
,-20.642449,-70.6114,22.9274,4.3,,CSN,CSN_3144
,-20.586495,-70.550451,6.8231,4.4,,CSN,CSN_3145
,-20.596141,-70.692473,15.4569,5.0,,CSN,CSN_3146
,-20.705618,-70.609803,18.4476,5.0,,CSN,CSN_3147
,-20.540871,-70.672464,11.6485,4.6,,CSN,CSN_3148
,-20.502018,-70.858835,20.195,3.3,,CSN,CSN_3149
,-20.637161,-70.68348,18.2944,4.7,,CSN,CSN_3150
,-20.724729,-70.601307,12.4582,3.2,,CSN,CSN_3151
,-20.67182,-70.609996,1.0766,4.4,,CSN,CSN_3152
,-20.674329,-70.703032,14.6855,4.5,,CSN,CSN_3153
,-20.552647,-70.734814,6.3082,4.3,,CSN,CSN_3154
,-20.524831,-70.745433,15.1709,3.5,,CSN,CSN_3155
,-20.58941,-70.766239,16.4178,5.2,,CSN,CSN_3156
,-20.516382,-70.963742,17.5493,4.6,,CSN,CSN_3157
,-20.606052,-70.593591,16.7694,4.3,,CSN,CSN_3158
,-20.551479,-70.913364,15.7052,3.6,,CSN,CSN_3159
,-20.564546,-70.928653,19.2797,3.0,,CSN,CSN_3160
,-20.726411,-70.702702,8.5448,4.0,,CSN,CSN_3161
,-20.556658,-70.893866,14.0529,3.1,,CSN,CSN_3162
,-20.592348,-70.712359,19.86,4.4,,CSN,CSN_3163
,-20.523362,-70.926903,13.4923,3.1,,CSN,CSN_3164
,-20.542007,-70.728014,13.171,3.6,,CSN,CSN_3165
,-20.745469,-70.656478,6.8079,3.6,,CSN,CSN_3166
,-20.560795,-70.922199,16.9003,4.8,,CSN,CSN_3167
,-20.731403,-70.580081,1.1656,3.8,,CSN,CSN_3168
,-20.53704,-70.878123,17.5961,4.7,,CSN,CSN_3169
,-20.499749,-70.974644,17.9474,4.6,,CSN,CSN_3170
,-20.567439,-70.900895,10.4725,3.3,,CSN,CSN_3171
,-20.71838,-70.685861,18.7552,3.5,,CSN,CSN_3172
,-20.533258,-70.902464,8.6495,3.9,,CSN,CSN_3173
,-20.60895,-70.874822,11.69,3.5,,CSN,CSN_3174
,-20.50342,-70.921827,19.0082,3.8,,CSN,CSN_3175
,-20.55563,-70.91409,14.8764,3.4,,CSN,CSN_3176
,-20.609138,-70.757553,9.7621,3.4,,CSN,CSN_3177
,-20.502217,-70.846932,18.7079,3.6,,CSN,CSN_3178
,-20.537697,-70.71722,14.9988,4.1,,CSN,CSN_3179
,-20.561051,-70.907108,11.8066,3.3,,CSN,CSN_3180
,-20.587889,-70.717855,8.6601,4.3,,CSN,CSN_3181
,-20.588946,-70.736195,5.7079,3.6,,CSN,CSN_3182
,-20.552416,-70.876574,10.8858,4.1,,CSN,CSN_3183
,-20.58983,-70.747784,10.953,3.3,,CSN,CSN_3184
,-20.537936,-70.903983,19.4427,3.3,,CSN,CSN_3185
,-20.608426,-70.73751,8.4962,3.0,,CSN,CSN_3186
,-20.572191,-70.899083,8.7963,4.2,,CSN,CSN_3187
,-20.540434,-70.893591,10.9075,3.7,,CSN,CSN_3188
,-20.477211,-70.953264,19.4761,3.6,,CSN,CSN_3189
,-20.713292,-70.675164,14.9668,3.4,,CSN,CSN_3190
,-20.538947,-70.908613,16.6617,3.3,,CSN,CSN_3191
,-20.605957,-70.635076,23.3021,6.1,,CSN,CSN_3192
,-20.683482,-70.695791,5.0253,3.2,,CSN,CSN_3193
,-20.608536,-70.638433,11.0954,3.9,,CSN,CSN_3194
,-20.679339,-70.675885,4.0989,3.9,,CSN,CSN_3195
,-20.611314,-70.691415,8.6623,3.0,,CSN,CSN_3196
,-20.662881,-70.705412,8.8582,3.4,,CSN,CSN_3197
,-20.560295,-70.840111,14.1169,3.4,,CSN,CSN_3198
,-20.626341,-70.707479,13.2802,4.5,,CSN,CSN_3199
,-20.511401,-70.897492,20.8303,4.2,,CSN,CSN_3200
,-20.525381,-70.905896,9.7153,3.4,,CSN,CSN_3201
,-20.607873,-70.634313,19.6141,3.8,,CSN,CSN_3202
,-20.59298,-70.712598,11.5324,3.7,,CSN,CSN_3203
,-20.622505,-70.747176,7.1962,3.1,,CSN,CSN_3204
,-20.635902,-70.638018,18.8681,4.0,,CSN,CSN_3205
,-20.458001,-70.919914,29.1083,3.8,,CSN,CSN_3206
,-20.543132,-70.900618,9.144,3.0,,CSN,CSN_3208
,-20.529844,-70.928298,10.6327,3.3,,CSN,CSN_3209
,-20.630074,-70.68986,1.3397,4.6,,CSN,CSN_3210
,-20.62095,-70.81639,6.1295,3.0,,CSN,CSN_3211
,-20.621745,-70.812476,2.4709,3.4,,CSN,CSN_3213
,-20.606009,-70.719634,14.2596,3.9,,CSN,CSN_3214
,-20.645176,-70.593624,20.3166,3.7,,CSN,CSN_3215
,-20.600452,-70.707474,14.8538,3.2,,CSN,CSN_3216
,-20.587937,-70.917112,4.1222,3.1,,CSN,CSN_3217
,-20.571747,-70.901099,6.4911,3.0,,CSN,CSN_3218
,-20.543497,-70.913297,15.9314,3.0,,CSN,CSN_3219
,-20.515843,-70.902911,17.7511,3.5,,CSN,CSN_3220
,-20.614895,-70.707702,1.3909,4.1,,CSN,CSN_3222
,-20.648936,-70.668336,14.3357,3.3,,CSN,CSN_3224
,-20.714176,-70.720276,16.8225,4.7,,CSN,CSN_3225
,-20.520109,-70.954289,8.5075,4.7,,CSN,CSN_3226
,-20.50558,-70.892502,18.8716,4.1,,CSN,CSN_3227
,-20.622723,-70.714548,15.507,4.6,,CSN,CSN_3228
,-20.622854,-70.711758,3.6098,3.9,,CSN,CSN_3229
,-20.537987,-70.93101,16.0022,3.7,,CSN,CSN_3230
,-20.619632,-70.690492,1.2969,4.0,,CSN,CSN_3231
,-20.729341,-70.72709,15.6312,3.0,,CSN,CSN_3232
,-20.5559,-70.88497,22.7474,3.5,,CSN,CSN_3233
,-20.532229,-70.723399,14.1362,3.5,,CSN,CSN_3234
,-20.544373,-70.918218,17.4097,3.7,,CSN,CSN_3235
,-20.607055,-70.922777,7.654,4.4,,CSN,CSN_3236
,-20.625404,-70.649591,19.137,4.1,,CSN,CSN_3237
,-20.725438,-70.651896,16.1649,4.3,,CSN,CSN_3238
,-20.60594,-70.845818,3.8043,3.4,,CSN,CSN_3239
,-20.635962,-70.90944,16.7935,3.2,,CSN,CSN_3240
,-20.526447,-70.818253,24.9559,3.7,,CSN,CSN_3241
,-20.61942,-70.827726,17.1198,3.4,,CSN,CSN_3242
,-20.745948,-70.671608,19.459,4.6,,CSN,CSN_3245
,-20.579715,-70.750416,12.618,3.3,,CSN,CSN_3247
,-20.565331,-70.918816,16.8054,3.6,,CSN,CSN_3248
,-20.598304,-70.765126,8.5245,3.4,,CSN,CSN_3249
,-20.568559,-70.871735,10.3543,3.6,,CSN,CSN_3250
,-20.548204,-70.895372,5.8292,3.7,,CSN,CSN_3251
,-20.500725,-70.933667,12.9476,3.0,,CSN,CSN_3252
,-20.535473,-70.91851,11.3594,3.4,,CSN,CSN_3253
,-20.603327,-70.894593,21.4632,3.0,,CSN,CSN_3254
,-20.63226,-70.868844,7.3551,3.3,,CSN,CSN_3255
,-20.632054,-70.893913,14.4381,4.7,,CSN,CSN_3256
,-20.594209,-70.76173,6.8451,3.7,,CSN,CSN_3257
,-20.477565,-70.913096,21.1206,4.3,,CSN,CSN_3259
,-20.522226,-70.945005,9.1932,3.0,,CSN,CSN_3260
,-20.613879,-70.668145,17.855,3.2,,CSN,CSN_3261
,-20.524292,-70.916792,13.3994,3.1,,CSN,CSN_3262
,-20.540673,-70.878618,20.6892,3.7,,CSN,CSN_3264
,-20.513491,-70.683391,15.7916,4.6,,CSN,CSN_3268
,-20.53993,-70.723729,11.3096,4.8,,CSN,CSN_3269
,-20.590675,-70.748575,18.0816,4.4,,CSN,CSN_3270
,-20.550441,-70.907265,15.2849,3.1,,CSN,CSN_3271
,-20.542962,-70.991542,16.1133,5.2,,CSN,CSN_3272
,-20.577017,-70.91614,9.8182,4.4,,CSN,CSN_3273
,-20.532078,-70.725697,11.9041,3.9,,CSN,CSN_3274
,-20.605884,-70.920149,7.9838,3.3,,CSN,CSN_3275
,-20.500854,-70.930556,19.3423,3.3,,CSN,CSN_3277
,-20.55997,-70.877899,15.1182,3.2,,CSN,CSN_3278
,-20.647448,-70.82465,22.9872,3.0,,CSN,CSN_3279
,-20.506889,-70.670499,15.3521,3.0,,CSN,CSN_3280
,-20.595675,-70.910234,14.667,5.5,,CSN,CSN_3283
,-20.691721,-70.657571,16.2076,3.0,,CSN,CSN_3284
,-20.625445,-70.951089,26.4495,3.1,,CSN,CSN_3286
,-20.682098,-70.729718,13.8893,3.2,,CSN,CSN_3287
,-20.724629,-70.768562,11.5556,3.5,,CSN,CSN_3289
,-20.757721,-70.716843,14.673,3.2,,CSN,CSN_3292
,-20.597912,-70.90925,21.7546,4.0,,CSN,CSN_3293
,-20.50112,-70.966546,19.8177,3.5,,CSN,CSN_3295
,-20.504498,-70.949437,17.8011,4.3,,CSN,CSN_3296
,-20.701554,-70.700872,15.9992,6.2,,CSN,CSN_3297
,-20.668348,-70.760117,12.0513,3.7,,CSN,CSN_3298
,-20.6343,-70.845831,21.6513,3.2,,CSN,CSN_3299
,-20.537031,-70.851942,18.3073,4.6,,CSN,CSN_3300
,-20.538189,-70.913982,22.5253,3.1,,CSN,CSN_3304
,-20.728637,-70.678037,11.5775,3.4,,CSN,CSN_3305
,-20.684445,-70.694819,17.8339,4.5,,CSN,CSN_3306
,-20.630837,-70.554826,23.9048,4.1,,CSN,CSN_3307
,-20.573516,-70.928133,18.2443,3.5,,CSN,CSN_3309
,-20.559588,-70.741963,10.152,3.6,,CSN,CSN_3310
,-20.604331,-70.75298,6.1852,3.0,,CSN,CSN_3311
,-20.571391,-70.896128,20.7142,3.6,,CSN,CSN_3312
,-20.520199,-70.897923,21.8194,3.5,,CSN,CSN_3313
,-20.553571,-70.811073,20.3134,3.0,,CSN,CSN_3314
,-20.631127,-70.960579,21.1169,3.0,,CSN,CSN_3316
,-20.535951,-70.952771,17.1534,3.5,,CSN,CSN_3320
,-20.582066,-70.955145,3.8292,3.0,,CSN,CSN_3321
,-20.605909,-70.997179,23.7235,3.1,,CSN,CSN_3324
,-20.608482,-70.983079,25.5189,3.2,,CSN,CSN_3325
,-20.628702,-70.771207,11.5985,3.1,,CSN,CSN_3326
,-20.477932,-70.941341,21.1723,3.6,,CSN,CSN_3327
,-20.585322,-70.872708,20.1758,4.1,,CSN,CSN_3328
,-20.447565,-70.936527,6.1767,3.0,,CSN,CSN_3329
,-20.589945,-70.870171,20.0434,3.3,,CSN,CSN_3330
,-20.601892,-70.9192,21.8928,4.6,,CSN,CSN_3331
,-20.607629,-70.885487,23.5896,3.4,,CSN,CSN_3332
,-20.588779,-70.80028,15.6208,3.3,,CSN,CSN_3333
,-20.626746,-70.8812,17.6362,3.3,,CSN,CSN_3334
,-20.636612,-70.889092,18.6899,3.1,,CSN,CSN_3336
,-20.550966,-70.899094,24.3472,3.4,,CSN,CSN_3337
,-20.55617,-70.927038,10.3238,3.1,,CSN,CSN_3340
,-20.586739,-70.856392,15.9367,3.4,,CSN,CSN_3341
,-20.567838,-70.856054,23.7823,3.3,,CSN,CSN_3342
,-20.561595,-70.928315,15.3655,3.1,,CSN,CSN_3343
,-20.638194,-70.781649,16.6735,4.9,,CSN,CSN_3344
,-20.668832,-70.76343,11.9175,3.9,,CSN,CSN_3345
,-20.663508,-70.774076,14.9678,3.9,,CSN,CSN_3347
,-20.579601,-70.760266,17.129,3.5,,CSN,CSN_3349
,-20.506857,-70.783158,6.6024,3.3,,CSN,CSN_3351
,-20.525448,-70.928483,14.1903,3.1,,CSN,CSN_3352
,-20.548276,-70.893311,14.4468,3.3,,CSN,CSN_3353
,-20.523034,-70.885515,24.9001,3.4,,CSN,CSN_3354
,-20.508345,-70.902542,18.4079,4.0,,CSN,CSN_3358
,-20.634404,-70.861821,8.9076,3.1,,CSN,CSN_3359
,-20.667462,-70.839735,14.6368,4.3,,CSN,CSN_3360
,-20.723816,-70.72627,19.7948,3.0,,CSN,CSN_3364
,-20.524087,-70.714821,21.2171,3.8,,CSN,CSN_3366
,-20.621624,-70.712491,18.1149,3.7,,CSN,CSN_3367
,-20.496995,-70.942154,22.9107,3.8,,CSN,CSN_3368
,-20.732555,-70.635925,11.5216,4.4,,CSN,CSN_3369
,-20.716041,-70.712023,20.0797,4.2,,CSN,CSN_3370
,-20.597699,-70.870111,15.9073,3.0,,CSN,CSN_3371
,-20.561287,-70.908075,20.4941,3.3,,CSN,CSN_3372
,-20.534941,-70.870735,13.3794,3.0,,CSN,CSN_3373
,-20.590738,-70.783208,16.8517,3.2,,CSN,CSN_3374
,-20.563497,-70.597444,36.0058,4.6,,CSN,CSN_3375
,-20.583693,-70.661038,22.3508,3.2,,CSN,CSN_3376
,-20.651087,-70.825864,7.6043,3.0,,CSN,CSN_3383
,-20.608326,-70.658084,1.1165,3.8,,CSN,CSN_3384
,-20.61558,-70.659302,2.9048,3.8,,CSN,CSN_3385
,-20.614331,-70.645179,9.6245,3.2,,CSN,CSN_3386
,-20.625808,-70.73128,15.2436,3.7,,CSN,CSN_3387
,-20.660438,-70.76992,16.236,4.8,,CSN,CSN_3388
,-20.663923,-70.745013,19.7131,4.0,,CSN,CSN_3389
,-20.65421,-70.691539,14.6955,4.2,,CSN,CSN_3390
,-20.734679,-70.740267,6.3808,3.1,,CSN,CSN_3392
,-20.562592,-70.610546,33.3882,3.0,,CSN,CSN_3393
,-20.596373,-70.983975,19.3728,3.9,,CSN,CSN_3394
,-20.589752,-70.794469,14.2015,3.2,,CSN,CSN_3395
,-20.721252,-70.631843,35.4771,3.4,,CSN,CSN_3396
,-20.73841,-70.619177,35.7401,3.4,,CSN,CSN_3397
,-20.578675,-70.656261,19.3521,4.5,,CSN,CSN_3398
,-20.533136,-70.679927,21.0974,3.6,,CSN,CSN_3399
,-20.576272,-70.751821,19.1491,3.4,,CSN,CSN_3402
,-20.687568,-70.612391,27.4627,3.1,,CSN,CSN_3403
,-20.675253,-70.72756,19.1645,3.4,,CSN,CSN_3404
,-20.67284,-70.774249,10.3239,4.0,,CSN,CSN_3405
,-20.655787,-70.786279,13.3765,4.0,,CSN,CSN_3406
,-20.568932,-70.981846,13.1265,3.0,,CSN,CSN_3409
,-20.563151,-70.926459,22.3306,3.8,,CSN,CSN_3410
,-20.602787,-70.607723,35.4148,3.0,,CSN,CSN_3411
,-20.714677,-70.723817,37.5122,3.3,,CSN,CSN_3412
,-20.61342,-70.921445,18.845,3.5,,CSN,CSN_3413
,-20.554863,-70.923126,23.2036,3.2,,CSN,CSN_3415
,-20.520908,-70.92291,14.6702,3.4,,CSN,CSN_3416
,-20.532796,-70.902133,21.6225,3.3,,CSN,CSN_3424
,-20.53314,-70.724119,15.3853,3.6,,CSN,CSN_3428
,-20.586797,-71.005054,10.9909,3.4,,CSN,CSN_3429
,-20.691805,-70.794139,10.2054,3.3,,CSN,CSN_3434
,-20.66655,-70.735813,23.9801,3.3,,CSN,CSN_3435
,-20.694977,-70.754038,16.4939,3.6,,CSN,CSN_3436
,-20.535233,-70.733918,16.3199,3.1,,CSN,CSN_3437
,-20.546359,-70.71032,20.9082,3.1,,CSN,CSN_3438
,-20.574437,-70.631686,31.9937,3.6,,CSN,CSN_3443
,-22.607259,-70.38813,3.836,4.8,,CSN,CSN_3444
,-22.485965,-70.274112,3.052,4.4,,CSN,CSN_3446
,-22.462306,-70.310802,32.3672,3.4,,CSN,CSN_3447
,-22.629152,-70.303318,36.6216,3.0,,CSN,CSN_3448
,-22.506564,-70.312405,35.3837,3.9,,CSN,CSN_3451
,-22.523953,-70.322412,32.7693,5.0,,CSN,CSN_3457
,-22.47858,-70.250036,36.962,3.2,,CSN,CSN_3461
,-22.44275,-70.274467,31.5951,3.2,,CSN,CSN_3469
,-22.597148,-70.340388,35.1387,3.3,,CSN,CSN_3471
,-22.693095,-70.328197,34.5733,3.8,,CSN,CSN_3472
,-22.479125,-70.252498,36.7214,3.5,,CSN,CSN_3480
,-22.51089,-70.378238,32.6017,3.6,,CSN,CSN_3485
,-22.482751,-70.280991,35.5375,3.2,,CSN,CSN_3487
,-22.530166,-70.412554,30.7609,3.5,,CSN,CSN_3492
,-22.597251,-70.37274,32.8416,3.8,,CSN,CSN_3495
,-22.495077,-70.392684,31.1451,3.6,,CSN,CSN_3499
,-22.496729,-70.391238,32.0816,4.0,,CSN,CSN_3501
,-22.478405,-70.278631,33.9136,3.7,,CSN,CSN_3505
,-22.424917,-70.315403,33.0227,3.2,,CSN,CSN_3511
,-22.476385,-70.268283,36.8732,3.3,,CSN,CSN_3513
,-22.462049,-70.285653,33.9114,3.3,,CSN,CSN_3515
,-22.598383,-70.379539,32.5536,3.6,,CSN,CSN_3516
,-22.43204,-70.324624,32.3801,3.3,,CSN,CSN_3520
,-22.43862,-70.328118,34.4526,4.9,,CSN,CSN_3521
,-22.41295,-70.291089,35.0031,3.4,,CSN,CSN_3522
,-22.641704,-70.338595,35.2324,3.1,,CSN,CSN_3523
,-22.473925,-70.304419,36.064,3.5,,CSN,CSN_3525
,-22.636652,-70.389569,33.669,3.0,,CSN,CSN_3530
,-22.510552,-70.30386,33.2573,3.2,,CSN,CSN_3531
,-22.607004,-70.336276,34.3017,3.0,,CSN,CSN_3533
,-22.436578,-70.239409,64.7204,3.6,,CSN,CSN_3537
,-22.528701,-70.352508,33.1133,3.5,,CSN,CSN_3538
,-22.408341,-70.312476,34.5434,3.1,,CSN,CSN_3539
,-22.437057,-70.312789,33.6743,3.1,,CSN,CSN_3541
,-22.601184,-70.309454,44.2468,4.0,,CSN,CSN_3542
,-22.496083,-70.387812,31.6458,3.3,,CSN,CSN_3545
,-22.506713,-70.364212,33.0105,3.0,,CSN,CSN_3546
,-22.63236,-70.371886,32.7497,3.0,,CSN,CSN_3550
,-22.506718,-70.385623,31.2856,3.3,,CSN,CSN_3551
,-22.476516,-70.305192,33.7306,3.3,,CSN,CSN_3553
,-22.453946,-70.334535,33.1096,3.3,,CSN,CSN_3554
,-22.611322,-70.362543,32.7625,3.1,,CSN,CSN_3556
,-22.706919,-70.419579,30.7767,3.1,,CSN,CSN_3557
,-22.492284,-70.322519,33.049,4.0,,CSN,CSN_3559
,-22.48465,-70.348917,33.8155,3.0,,CSN,CSN_3560
,-22.533726,-70.350606,32.5156,3.3,,CSN,CSN_3561
,-22.509173,-70.350234,32.3443,3.6,,CSN,CSN_3563
,-22.566113,-70.414763,30.7087,4.1,,CSN,CSN_3566
,-22.601144,-70.3646,31.7947,3.3,,CSN,CSN_3568
,-22.439254,-70.33201,33.2081,4.1,,CSN,CSN_3569
,-22.589105,-70.37414,32.0413,3.6,,CSN,CSN_3570
,-22.594682,-70.338327,33.0461,3.4,,CSN,CSN_3573
,-22.468155,-70.310594,36.9755,5.5,,CSN,CSN_3576
,-22.565124,-70.401135,16.1521,3.5,,CSN,CSN_3577
,-22.546037,-70.380045,33.5601,3.1,,CSN,CSN_3578
,-22.475129,-70.357858,30.8119,3.0,,CSN,CSN_3580
,-22.540963,-70.351168,31.2423,3.0,,CSN,CSN_3582
,-22.612619,-70.32968,34.0979,3.8,,CSN,CSN_3583
,-22.60792,-70.302292,35.1497,3.8,,CSN,CSN_3585
,-22.635622,-70.394512,28.0981,3.0,,CSN,CSN_3593
,-22.602974,-70.365639,30.8995,3.3,,CSN,CSN_3596
,-22.619778,-70.388824,29.1707,3.1,,CSN,CSN_3599
,-22.605156,-70.375388,31.0215,3.0,,CSN,CSN_3600
,-22.592064,-70.376996,32.8539,3.1,,CSN,CSN_3601
,-22.476191,-70.246803,39.7237,3.2,,CSN,CSN_3602
,-22.65142,-70.354247,15.444,3.5,,CSN,CSN_3603
,-22.527542,-70.351859,33.0458,3.6,,CSN,CSN_3606
,-22.621218,-70.341434,32.3987,3.2,,CSN,CSN_3607
,-22.400766,-70.249136,43.4378,3.1,,CSN,CSN_3608
,-22.607365,-70.334312,33.6341,3.1,,CSN,CSN_3609
,-22.559039,-70.395198,31.9478,3.9,,CSN,CSN_3614
,-22.569499,-70.267468,64.937,3.5,,CSN,CSN_3617
,-22.555103,-70.264203,45.6713,3.4,,CSN,CSN_3621
,-22.674936,-70.290291,36.5913,3.4,,CSN,CSN_3622
,-22.508638,-70.281898,58.8384,4.9,,CSN,CSN_3628
,-22.635243,-70.403324,31.9127,4.0,,CSN,CSN_3629
,-22.618429,-70.386528,31.4077,3.0,,CSN,CSN_3635
,-22.598948,-70.371934,40.8991,3.4,,CSN,CSN_3640
,-22.696156,-70.383674,35.4778,3.0,,CSN,CSN_3647
,-22.478278,-70.34265,41.7425,3.4,,CSN,CSN_3648
,-22.628222,-70.370186,33.3054,3.1,,CSN,CSN_3650
,-22.446494,-70.269703,33.2337,3.3,,CSN,CSN_3655
,-22.604452,-70.3616,34.7327,3.9,,CSN,CSN_3659
,-22.632789,-70.409664,40.8326,4.1,,CSN,CSN_3663
,-22.428637,-70.281089,42.8927,3.2,,CSN,CSN_3664
,-22.63092,-70.361775,31.9827,3.5,,CSN,CSN_3669
,-22.655393,-70.43788,30.2282,3.5,,CSN,CSN_3672
,-22.683699,-70.418395,22.6364,3.1,,CSN,CSN_3675
,-22.607902,-70.352046,32.9145,3.4,,CSN,CSN_3676
,-22.458314,-70.338224,31.3779,3.7,,CSN,CSN_3677
,-22.560106,-70.381847,31.7487,3.4,,CSN,CSN_3678
,-22.541055,-70.345879,33.3558,4.9,,CSN,CSN_3679
,-22.60204,-70.318569,32.6915,3.0,,CSN,CSN_3684
,-22.680713,-70.411739,28.0085,3.4,,CSN,CSN_3686
,-22.501206,-70.311846,36.7354,3.3,,CSN,CSN_3687
,-22.566038,-70.383831,30.7593,3.0,,CSN,CSN_3689
,-22.614297,-70.319993,33.5032,4.0,,CSN,CSN_3691
,-22.523098,-70.371152,32.4857,3.3,,CSN,CSN_3701
,-22.550248,-70.342431,41.8605,3.6,,CSN,CSN_3702
,-22.618244,-70.33409,35.0045,3.1,,CSN,CSN_3703
,-22.544723,-70.399179,32.0185,3.0,,CSN,CSN_3708
,-22.64001,-70.315083,63.3989,3.5,,CSN,CSN_3710
,-22.636301,-70.367558,26.4689,3.9,,CSN,CSN_3717
,-22.554534,-70.384871,32.7244,4.2,,CSN,CSN_3718
,-22.648367,-70.338604,32.864,3.6,,CSN,CSN_3721
,-22.657085,-70.318048,37.8091,3.0,,CSN,CSN_3723
,-22.613297,-70.33612,32.1475,3.9,,CSN,CSN_3736
,-22.597557,-70.303887,33.036,3.2,,CSN,CSN_3737
,-22.95924,-70.489808,24.9331,3.2,,CSN,CSN_3738
,-22.877507,-70.557981,0.9168,3.4,,CSN,CSN_3739
,-22.982215,-70.432178,30.523,3.2,,CSN,CSN_3740
,-22.833406,-70.602993,21.3914,3.9,,CSN,CSN_3741
,-22.860016,-70.468812,33.0936,3.7,,CSN,CSN_3743
,-22.961837,-70.486007,34.4101,3.1,,CSN,CSN_3744
,-23.117103,-70.212415,36.658,3.1,,CSN,CSN_3745
,-22.925539,-70.379363,34.5764,3.0,,CSN,CSN_3747
,-23.113055,-70.196905,42.3672,5.1,,CSN,CSN_3748
,-22.900242,-70.422157,27.5216,3.1,,CSN,CSN_3750
,-22.922068,-70.220428,41.2763,3.0,,CSN,CSN_3752
,-22.908931,-70.228345,39.3808,3.0,,CSN,CSN_3753
,-22.942353,-70.401899,35.4347,3.0,,CSN,CSN_3761
,-22.939071,-70.469563,33.0843,3.1,,CSN,CSN_3771
,-22.938362,-70.491915,33.2496,3.6,,CSN,CSN_3773
,-22.968508,-70.411772,36.2998,3.3,,CSN,CSN_3778
,-22.978381,-70.386949,38.0581,3.0,,CSN,CSN_3779
,-22.98774,-70.223958,46.1497,6.2,,CSN,CSN_3789
,-23.028041,-70.213316,42.1892,3.0,,CSN,CSN_3790
,-22.996335,-70.208348,45.1964,3.2,,CSN,CSN_3792
,-22.977141,-70.19958,48.2267,3.2,,CSN,CSN_3793
,-23.010722,-70.189199,52.7714,3.4,,CSN,CSN_3797
,-22.96122,-70.193009,47.5594,3.2,,CSN,CSN_3799
,-22.995801,-70.166424,49.985,4.6,,CSN,CSN_3803
,-23.000228,-70.142398,35.2701,3.2,,CSN,CSN_3805
,-23.065763,-70.21338,53.6708,3.7,,CSN,CSN_3808
,-23.047006,-70.183203,45.0081,3.2,,CSN,CSN_3809
,-22.97884,-70.187773,50.9012,3.2,,CSN,CSN_3810
,-22.958632,-70.178309,49.4524,3.8,,CSN,CSN_3811
,-22.973597,-70.15959,54.2306,3.3,,CSN,CSN_3815
,-22.987802,-70.211892,53.3195,3.5,,CSN,CSN_3818
,-22.984164,-70.204201,44.0122,3.0,,CSN,CSN_3821
,-22.949254,-70.206017,50.6716,4.1,,CSN,CSN_3823
,-22.989914,-70.191119,50.7651,3.1,,CSN,CSN_3824
,-22.908839,-70.170269,44.1954,3.8,,CSN,CSN_3825
,-23.041575,-70.185285,46.009,3.2,,CSN,CSN_3827
,-23.02518,-70.205608,47.2927,3.0,,CSN,CSN_3835
,-22.962393,-70.199326,44.4468,3.1,,CSN,CSN_3839
,-22.968565,-70.228322,45.3627,3.1,,CSN,CSN_3840
,-23.018989,-70.234594,52.5637,3.1,,CSN,CSN_3841
,-22.913969,-70.190578,45.2728,3.1,,CSN,CSN_3842
,-22.974938,-70.211076,43.6223,3.4,,CSN,CSN_3845
,-22.935495,-70.187056,44.3712,3.0,,CSN,CSN_3846
,-23.026238,-70.205615,47.7831,3.4,,CSN,CSN_3847
,-22.987649,-70.225456,58.3726,4.9,,CSN,CSN_3855
,-22.948287,-70.190607,51.5078,3.2,,CSN,CSN_3856
,-22.984763,-70.208812,48.2802,3.2,,CSN,CSN_3858
,-22.964437,-70.202862,51.879,3.2,,CSN,CSN_3859
,-22.940161,-70.193514,44.0038,3.3,,CSN,CSN_3860
,-22.993516,-70.319684,38.0472,3.1,,CSN,CSN_3863
,-23.008743,-70.217603,49.0728,3.8,,CSN,CSN_3864
,-22.92665,-70.231921,41.7838,3.1,,CSN,CSN_3872
,-22.91545,-70.192462,41.786,3.1,,CSN,CSN_3874
,-22.985197,-70.212388,51.315,3.1,,CSN,CSN_3878
,-22.936239,-70.189099,46.2698,3.5,,CSN,CSN_3884
,-22.911869,-70.192605,49.8474,3.0,,CSN,CSN_3886
,-23.039477,-70.230203,46.8152,3.0,,CSN,CSN_3890
,-22.928182,-70.15842,20.746,4.1,,CSN,CSN_3898
,-23.00596,-70.207136,50.8797,3.6,,CSN,CSN_3902
,-23.003428,-70.190586,53.7769,3.1,,CSN,CSN_3906
,-22.897278,-70.436318,34.8631,3.0,,CSN,CSN_3912
,-22.953079,-70.26436,46.0571,3.1,,CSN,CSN_3913
,-22.964516,-70.339541,38.4539,3.0,,CSN,CSN_3919
,-23.071947,-70.20023,51.8586,3.5,,CSN,CSN_3926
,-22.979208,-70.20097,52.7334,3.6,,CSN,CSN_3927
,-23.033417,-70.212188,50.6097,3.0,,CSN,CSN_3930
,-22.896032,-70.209245,44.2695,3.2,,CSN,CSN_3931
,-23.030788,-70.233453,53.7071,4.0,,CSN,CSN_3932
,-23.023545,-70.196824,49.7249,3.5,,CSN,CSN_3934
,-22.971964,-70.199261,54.3358,3.0,,CSN,CSN_3935
,-22.967159,-70.158687,48.5626,4.2,,CSN,CSN_3936
,-23.018324,-70.177559,59.6532,3.1,,CSN,CSN_3937
,-23.05442,-70.243329,52.0237,3.2,,CSN,CSN_3940
,-22.973204,-70.184317,50.1045,3.4,,CSN,CSN_3943
,-23.034953,-70.236017,44.3698,3.9,,CSN,CSN_3944
,-23.003424,-70.424865,48.0002,3.2,,CSN,CSN_3945
,-23.038982,-70.218921,52.0855,3.1,,CSN,CSN_3948
,-23.033887,-70.193453,53.346,3.2,,CSN,CSN_3949
,-22.985967,-70.197841,52.3517,3.2,,CSN,CSN_3954
,-22.889167,-70.206744,40.6667,3.3,,CSN,CSN_3956
,-22.986282,-70.205048,42.9634,3.4,,CSN,CSN_3957
,-22.918398,-70.189763,47.196,3.7,,CSN,CSN_3964
,-22.94905,-70.210295,49.3876,4.7,,CSN,CSN_3965
,-23.022309,-70.194761,56.0118,3.2,,CSN,CSN_3966
,-22.962447,-70.199143,41.7496,3.4,,CSN,CSN_3972
,-23.021309,-70.209918,45.5219,3.1,,CSN,CSN_3977
,-22.94222,-70.232509,33.7403,3.0,,CSN,CSN_3979
,-22.946031,-70.177777,51.9705,3.2,,CSN,CSN_3982
,-22.99323,-70.175797,49.1505,3.2,,CSN,CSN_3983
,-23.007228,-70.200976,45.9139,3.7,,CSN,CSN_3987
,-22.820241,-70.609509,24.4793,3.2,,CSN,CSN_3990
,-22.958712,-70.386384,35.3393,3.0,,CSN,CSN_3992
,-23.028629,-70.192732,49.8628,3.2,,CSN,CSN_4001
,-23.040041,-70.222285,45.9836,3.1,,CSN,CSN_4002
,-22.920256,-70.40232,36.2513,3.1,,CSN,CSN_4006
,-22.934073,-70.367387,33.5824,3.1,,CSN,CSN_4021
,-22.980415,-70.212547,54.8888,3.1,,CSN,CSN_4025
,-23.01603,-70.114992,45.8682,3.0,,CSN,CSN_4034
,-22.964648,-70.182716,51.2346,3.0,,CSN,CSN_4035
,-23.004353,-70.206065,47.256,3.8,,CSN,CSN_4038
,-22.955203,-70.198674,50.8124,3.2,,CSN,CSN_4041
,-22.952046,-70.186711,51.2781,3.1,,CSN,CSN_4042
,-22.93608,-70.198552,55.6425,3.5,,CSN,CSN_4043
,-22.968153,-70.181548,54.9995,3.7,,CSN,CSN_4048
,-22.993677,-70.293691,37.923,3.0,,CSN,CSN_4049
,-22.954222,-70.230113,51.28,3.1,,CSN,CSN_4051
,-23.000296,-70.227247,51.979,3.7,,CSN,CSN_4054
,-22.957386,-70.151852,44.3568,3.1,,CSN,CSN_4055
,-22.872145,-70.412939,47.9793,3.2,,CSN,CSN_4057
,-23.033719,-70.201848,49.1147,3.3,,CSN,CSN_4059
,-23.015704,-70.200628,51.8413,3.6,,CSN,CSN_4069
,-23.020363,-70.211862,33.2805,3.3,,CSN,CSN_4071
,-22.924883,-70.265622,57.4315,5.3,,CSN,CSN_4073
,-23.06282,-70.166141,43.8253,3.1,,CSN,CSN_4077
,-23.029033,-70.263843,50.1977,3.4,,CSN,CSN_4079
,-23.01483,-70.144616,36.6189,3.4,,CSN,CSN_4082
,-22.993443,-70.225434,50.5828,3.4,,CSN,CSN_4086
,-22.954219,-70.45514,28.5599,3.7,,CSN,CSN_4088
,-23.011216,-70.267482,48.5567,3.0,,CSN,CSN_4093
,-22.952423,-70.18284,52.7994,3.1,,CSN,CSN_4094
,-22.989866,-70.218367,51.898,3.4,,CSN,CSN_4096
,-22.988329,-70.253072,40.8112,3.9,,CSN,CSN_4098
,-22.97908,-70.189061,45.8798,3.4,,CSN,CSN_4099
,-22.9764,-70.198519,50.3884,3.2,,CSN,CSN_4100
,-22.986068,-70.171174,50.2477,3.9,,CSN,CSN_4103
,-22.914773,-70.427048,2.6535,3.1,,CSN,CSN_4104
,-23.011748,-70.165721,45.7109,3.6,,CSN,CSN_4106
,-22.928668,-70.22438,42.3477,3.6,,CSN,CSN_4108
,-22.959028,-70.155528,46.0269,3.8,,CSN,CSN_4113
,-23.054841,-70.19177,51.3813,3.3,,CSN,CSN_4114
,-22.96226,-70.195778,49.9079,3.4,,CSN,CSN_4115
,-23.002968,-70.18599,46.3889,3.2,,CSN,CSN_4117
,-22.885677,-70.470296,37.9987,3.4,,CSN,CSN_4120
,-23.040261,-70.215811,47.8254,3.0,,CSN,CSN_4121
,-23.006556,-70.221112,50.3525,3.0,,CSN,CSN_4123
,-22.988412,-70.202901,47.0566,3.0,,CSN,CSN_4124
,-22.969962,-70.205292,41.2006,3.0,,CSN,CSN_4126
,-22.981777,-70.375352,19.5994,3.1,,CSN,CSN_4128
,-22.955987,-70.211176,40.8178,3.4,,CSN,CSN_4129
,-22.945662,-70.197338,47.2559,4.2,,CSN,CSN_4130
,-22.984665,-70.246506,46.2934,4.2,,CSN,CSN_4132
,-22.863355,-70.495169,27.7279,3.1,,CSN,CSN_4134
,-22.874393,-70.211984,45.7294,3.1,,CSN,CSN_4139
,-22.963872,-70.199854,50.9239,3.3,,CSN,CSN_4143
,-23.059221,-70.224078,51.5357,3.0,,CSN,CSN_4144
,-23.038735,-70.244701,44.3847,3.5,,CSN,CSN_4146
,-22.977314,-70.213836,49.752,3.7,,CSN,CSN_4150
,-22.851246,-70.447397,43.8672,3.3,,CSN,CSN_4154
,-23.046716,-70.209856,51.6411,3.0,,CSN,CSN_4155
,-22.928171,-70.472091,36.0201,3.9,,CSN,CSN_4158
,-22.929074,-70.472341,35.7711,3.7,,CSN,CSN_4159
,-23.010042,-70.199062,48.7406,4.5,,CSN,CSN_4163
,-23.009476,-70.20483,49.3613,3.6,,CSN,CSN_4164
,-23.033283,-70.210265,45.5229,3.1,,CSN,CSN_4168
,-22.939868,-70.446208,28.9913,3.0,,CSN,CSN_4170
,-22.939575,-70.446566,31.3815,3.3,,CSN,CSN_4171
,-23.025673,-70.219175,41.5045,3.2,,CSN,CSN_4173
,-23.003654,-70.205684,45.1622,3.2,,CSN,CSN_4175
,-22.955915,-70.179685,50.4049,3.6,,CSN,CSN_4176
,-22.900946,-70.429694,30.0438,3.0,,CSN,CSN_4184
,-22.961913,-70.235488,42.0016,3.2,,CSN,CSN_4185
,-23.04585,-70.196688,37.3554,4.0,,CSN,CSN_4186
,-23.054994,-70.177799,48.6726,4.2,,CSN,CSN_4191
,-22.979176,-70.203976,39.1343,3.4,,CSN,CSN_4192
,-22.989361,-70.215227,40.915,3.2,,CSN,CSN_4193
,-23.045415,-70.269622,47.2479,3.7,,CSN,CSN_4195
,-23.033833,-70.252695,42.0624,3.4,,CSN,CSN_4198
,-22.941723,-70.47165,29.2254,3.3,,CSN,CSN_4199
,-23.017763,-70.262165,49.4708,3.3,,CSN,CSN_4200
,-19.569779,-70.737783,27.7641,4.0,,CSN,CSN_4203
,-19.56324,-70.783764,31.0704,4.4,,CSN,CSN_4204
,-19.586166,-70.83368,26.1176,4.0,,CSN,CSN_4205
,-19.600095,-70.843109,25.1768,3.7,,CSN,CSN_4206
,-19.675729,-70.733307,25.446,6.2,,CSN,CSN_4207
,-19.598544,-70.811229,26.5758,3.9,,CSN,CSN_4209
,-19.613454,-70.777038,24.2657,4.6,,CSN,CSN_4211
,-19.552392,-70.718671,23.3942,5.0,,CSN,CSN_4212
,-19.570851,-70.750434,24.7669,3.1,,CSN,CSN_4213
,-19.571054,-70.733627,29.3413,3.9,,CSN,CSN_4214
,-19.629007,-70.726293,26.7917,3.3,,CSN,CSN_4216
,-19.635532,-70.73971,24.3958,3.8,,CSN,CSN_4218
,-19.598709,-70.785826,25.0877,4.6,,CSN,CSN_4219
,-19.552229,-70.738067,28.7541,3.5,,CSN,CSN_4226
,-19.575545,-70.709504,34.0143,3.6,,CSN,CSN_4227
,-19.623119,-70.809623,25.7631,4.2,,CSN,CSN_4230
,-19.599242,-70.78016,28.876,3.4,,CSN,CSN_4231
,-19.609742,-70.798186,26.2245,3.8,,CSN,CSN_4232
,-19.663986,-70.704567,26.4252,3.9,,CSN,CSN_4235
,-19.699602,-70.777395,3.064,3.4,,CSN,CSN_4242
,-19.633141,-70.823455,40.5129,3.2,,CSN,CSN_4244
,-19.5901,-70.711064,29.3798,3.1,,CSN,CSN_4245
,-19.588073,-70.715395,28.1755,3.0,,CSN,CSN_4246
,-19.655968,-70.795468,23.2161,3.0,,CSN,CSN_4248
,-19.62326,-70.834031,23.7048,3.1,,CSN,CSN_4249
,-19.664869,-70.740064,26.646,3.0,,CSN,CSN_4250
,-19.673415,-70.735102,26.5657,3.2,,CSN,CSN_4251
,-19.661871,-70.73828,27.1877,3.8,,CSN,CSN_4254
,-19.652077,-70.726505,29.3532,3.0,,CSN,CSN_4255
,-19.601375,-70.815682,26.6056,3.9,,CSN,CSN_4256
,-19.600069,-70.829861,25.4437,5.5,,CSN,CSN_4257
,-19.606727,-70.796869,28.7011,4.0,,CSN,CSN_4259
,-19.618818,-70.766799,27.8684,3.1,,CSN,CSN_4260
,-19.606019,-70.818526,23.1103,3.0,,CSN,CSN_4261
,-19.622457,-70.812078,25.1461,4.2,,CSN,CSN_4262
,-19.613751,-70.772349,27.1878,4.3,,CSN,CSN_4263
,-19.607332,-70.746138,26.6245,3.2,,CSN,CSN_4264
,-19.649914,-70.784239,25.854,3.8,,CSN,CSN_4265
,-19.627117,-70.767217,24.6494,3.8,,CSN,CSN_4266
,-19.639324,-70.756486,27.9654,3.1,,CSN,CSN_4267
,-19.642431,-70.791736,25.1472,4.9,,CSN,CSN_4268
,-19.638797,-70.790694,25.5036,3.2,,CSN,CSN_4269
,-19.649911,-70.767746,25.0097,3.1,,CSN,CSN_4270
,-19.639347,-70.807419,25.4703,3.5,,CSN,CSN_4271
,-19.634644,-70.790306,26.0571,4.0,,CSN,CSN_4273
,-19.629385,-70.816612,25.2295,4.1,,CSN,CSN_4274
,-19.607932,-70.814957,25.1912,3.7,,CSN,CSN_4275
,-19.627508,-70.74095,28.7577,3.1,,CSN,CSN_4276
,-19.62924,-70.751663,27.9338,3.9,,CSN,CSN_4277
,-19.631605,-70.748407,26.517,3.1,,CSN,CSN_4278
,-19.591374,-70.760181,27.8635,3.5,,CSN,CSN_4279
,-19.638151,-70.816069,24.1753,3.1,,CSN,CSN_4280
,-19.571079,-70.798348,26.5204,3.6,,CSN,CSN_4281
,-19.573507,-70.763336,27.0925,4.7,,CSN,CSN_4282
,-19.564286,-70.736621,27.7892,3.1,,CSN,CSN_4283
,-19.576676,-70.777894,25.9861,3.2,,CSN,CSN_4284
,-19.570133,-70.72402,29.4449,3.3,,CSN,CSN_4287
,-19.636054,-70.779643,27.3007,4.6,,CSN,CSN_4292
,-19.623759,-70.789939,25.6929,4.2,,CSN,CSN_4297
,-19.558138,-70.782789,28.0985,3.0,,CSN,CSN_4298
,-19.589002,-70.791555,27.21,3.0,,CSN,CSN_4300
,-19.607734,-70.77635,26.0243,4.0,,CSN,CSN_4301
,-19.602454,-70.777743,27.6366,3.7,,CSN,CSN_4302
,-19.688568,-70.760788,27.6444,3.6,,CSN,CSN_4303
,-19.596707,-70.768084,26.1944,4.1,,CSN,CSN_4304
,-19.555142,-70.706831,29.1877,3.0,,CSN,CSN_4305
,-19.580574,-70.732323,26.2668,3.2,,CSN,CSN_4306
,-19.640625,-70.683162,27.2589,3.5,,CSN,CSN_4307
,-19.629884,-70.695841,28.6227,4.1,,CSN,CSN_4308
,-19.588058,-70.773627,27.3996,3.3,,CSN,CSN_4309
,-19.651693,-70.732124,28.5174,4.0,,CSN,CSN_4310
,-19.625404,-70.692272,25.3378,3.8,,CSN,CSN_4311
,-19.57636,-70.786463,23.6039,3.1,,CSN,CSN_4314
,-19.628316,-70.699211,27.6959,3.1,,CSN,CSN_4316
,-19.636995,-70.729216,29.2185,3.4,,CSN,CSN_4319
,-19.627196,-70.722788,28.164,3.4,,CSN,CSN_4322
,-19.596735,-70.710917,31.4057,3.2,,CSN,CSN_4323
,-19.633265,-70.736592,28.7562,3.8,,CSN,CSN_4324
,-19.625062,-70.69111,29.7478,3.8,,CSN,CSN_4325
,-19.68615,-70.813227,27.6502,3.1,,CSN,CSN_4327
,-19.635611,-70.709476,31.017,3.2,,CSN,CSN_4328
,-19.638984,-70.73357,27.8851,4.0,,CSN,CSN_4330
,-19.58302,-70.708113,30.1142,3.7,,CSN,CSN_4332
,-19.620455,-70.71086,14.9937,3.5,,CSN,CSN_4337
,-19.638377,-70.760833,38.5275,3.8,,CSN,CSN_4338
,-19.749015,-70.911739,19.3247,3.1,,CSN,CSN_4341
,-19.869425,-71.100671,23.7828,4.3,,CSN,CSN_4342
,-19.979084,-71.052101,13.6661,3.2,,CSN,CSN_4343
,-20.105263,-70.758829,23.8348,4.9,,CSN,CSN_4344
,-19.972488,-70.786272,1.4583,3.9,,CSN,CSN_4345
,-20.218987,-70.82094,13.6133,3.7,,CSN,CSN_4346
,-20.214116,-70.816889,11.0755,3.9,,CSN,CSN_4347
,-19.689155,-70.954384,33.1802,3.5,,CSN,CSN_4350
,-19.660216,-70.987826,34.3707,3.8,,CSN,CSN_4351
,-19.966746,-70.902824,14.4781,3.2,,CSN,CSN_4352
,-20.199308,-70.799982,12.9053,3.2,,CSN,CSN_4353
,-19.805978,-71.015168,15.6875,3.0,,CSN,CSN_4354
,-19.825676,-70.973579,24.8547,3.1,,CSN,CSN_4355
,-20.115237,-70.849841,6.494,3.7,,CSN,CSN_4356
,-20.017583,-70.94433,18.5892,3.3,,CSN,CSN_4358
,-20.187347,-70.945598,17.0157,3.1,,CSN,CSN_4360
,-20.169949,-70.92427,14.2269,3.2,,CSN,CSN_4361
,-19.927144,-71.044201,17.5434,3.6,,CSN,CSN_4364
,-19.816877,-70.895176,20.6722,3.6,,CSN,CSN_4368
,-20.228314,-70.832497,20.2391,4.2,,CSN,CSN_4369
,-20.220721,-70.867942,24.3552,3.9,,CSN,CSN_4370
,-20.225508,-70.872317,22.9052,3.0,,CSN,CSN_4371
,-20.202467,-70.889909,24.3625,4.9,,CSN,CSN_4372
,-20.213745,-70.844223,8.2351,3.5,,CSN,CSN_4373
,-20.267029,-70.821148,2.6037,4.3,,CSN,CSN_4374
,-20.213455,-70.920556,20.4927,4.5,,CSN,CSN_4375
,-20.210263,-70.885752,20.897,4.6,,CSN,CSN_4376
,-20.219694,-70.899253,22.2277,4.0,,CSN,CSN_4379
,-20.18879,-70.85464,25.4012,4.9,,CSN,CSN_4381
,-20.236002,-70.875992,18.7601,3.4,,CSN,CSN_4386
,-20.11534,-70.871714,11.5661,3.6,,CSN,CSN_4390
,-20.098088,-70.863372,19.8998,3.3,,CSN,CSN_4391
,-20.101697,-70.876391,23.6193,4.4,,CSN,CSN_4394
,-20.100646,-70.835886,21.433,4.4,,CSN,CSN_4395
,-19.762156,-71.020361,21.5904,3.0,,CSN,CSN_4397
,-20.048009,-70.786263,23.2965,3.0,,CSN,CSN_4398
,-20.210667,-70.892006,20.3763,3.9,,CSN,CSN_4400
,-20.049255,-70.825515,19.0622,3.5,,CSN,CSN_4401
,-20.048956,-70.815754,19.8874,3.3,,CSN,CSN_4403
,-19.679721,-70.962824,25.6534,4.1,,CSN,CSN_4409
,-19.694661,-70.991797,24.0314,3.5,,CSN,CSN_4410
,-19.693446,-70.975218,23.9192,3.9,,CSN,CSN_4411
,-19.694079,-70.985212,22.7686,4.0,,CSN,CSN_4412
,-19.691541,-71.013198,22.13,3.0,,CSN,CSN_4414
,-19.668835,-70.944314,23.3463,4.2,,CSN,CSN_4416
,-19.983175,-70.852645,8.6208,6.7,,CSN,CSN_4418
,-19.853497,-70.893509,4.6255,4.8,,CSN,CSN_4419
,-19.922267,-70.924227,2.762,4.6,,CSN,CSN_4420
,-19.930548,-70.815664,9.3711,4.7,,CSN,CSN_4421
,-20.008631,-70.796776,12.4365,3.9,,CSN,CSN_4422
,-19.877474,-70.908603,5.6708,4.3,,CSN,CSN_4423
,-20.02191,-70.82178,5.0531,4.6,,CSN,CSN_4424
,-19.979065,-70.787068,15.6609,3.2,,CSN,CSN_4425
,-20.064656,-70.810327,15.4131,3.2,,CSN,CSN_4426
,-20.050845,-70.812964,13.7885,3.2,,CSN,CSN_4427
,-20.014832,-70.789003,9.8606,4.5,,CSN,CSN_4428
,-19.938069,-70.966729,6.2129,4.2,,CSN,CSN_4431
,-20.0472,-70.899983,3.4824,3.7,,CSN,CSN_4432
,-20.037989,-70.871867,4.1429,3.8,,CSN,CSN_4434
,-19.954394,-70.894505,12.0738,4.8,,CSN,CSN_4435
,-19.868648,-70.883227,24.2401,3.0,,CSN,CSN_4436
,-20.06305,-70.939072,4.0291,4.1,,CSN,CSN_4437
,-19.957871,-71.085613,19.8602,4.4,,CSN,CSN_4438
,-19.990729,-70.819932,12.4816,3.0,,CSN,CSN_4440
,-19.971268,-70.798751,19.7946,3.5,,CSN,CSN_4441
,-19.952974,-70.869455,15.0138,3.2,,CSN,CSN_4442
,-20.012286,-70.791109,10.1286,4.5,,CSN,CSN_4443
,-19.957121,-71.078434,8.4544,3.5,,CSN,CSN_4444
,-20.075875,-70.905209,2.864,3.0,,CSN,CSN_4445
,-19.993163,-70.809107,20.7658,3.6,,CSN,CSN_4447
,-20.015872,-70.83203,13.2351,3.0,,CSN,CSN_4448
,-19.985455,-70.855898,6.1446,4.1,,CSN,CSN_4449
,-19.984271,-70.903856,2.2848,6.3,,CSN,CSN_4450
,-20.026686,-70.888435,12.6889,5.1,,CSN,CSN_4451
,-20.09195,-70.879369,4.7732,3.4,,CSN,CSN_4452
,-19.964001,-70.892782,6.0652,4.2,,CSN,CSN_4453
,-20.035481,-70.891641,16.3607,4.5,,CSN,CSN_4454
,-20.105332,-70.90099,7.4163,4.0,,CSN,CSN_4455
,-19.986878,-70.909081,18.8362,3.8,,CSN,CSN_4456
,-20.127102,-70.870101,16.302,4.1,,CSN,CSN_4457
,-19.977608,-70.852404,1.8694,3.8,,CSN,CSN_4458
,-19.951119,-70.884774,22.4734,4.0,,CSN,CSN_4459
,-20.08561,-70.896723,16.4795,3.4,,CSN,CSN_4460
,-20.130863,-70.879039,17.8375,3.5,,CSN,CSN_4461
,-19.913979,-70.816894,28.4148,4.0,,CSN,CSN_4462
,-19.834141,-70.880082,19.6102,3.1,,CSN,CSN_4463
,-19.826246,-70.870248,22.7932,3.0,,CSN,CSN_4464
,-20.075298,-70.796933,9.8577,4.7,,CSN,CSN_4465
,-19.963178,-70.902721,23.884,3.6,,CSN,CSN_4466
,-20.124052,-70.874325,15.4623,3.7,,CSN,CSN_4467
,-20.089625,-70.773115,20.3529,3.2,,CSN,CSN_4468
,-20.090035,-70.872286,15.5556,3.6,,CSN,CSN_4469
,-20.003805,-70.836964,18.6683,4.2,,CSN,CSN_4470
,-19.979717,-70.855646,13.995,3.8,,CSN,CSN_4471
,-19.992503,-70.902512,23.0921,3.8,,CSN,CSN_4472
,-19.955725,-70.889093,23.7466,3.7,,CSN,CSN_4473
,-19.826605,-70.894871,23.4596,3.1,,CSN,CSN_4475
,-19.986195,-70.860418,23.4709,3.9,,CSN,CSN_4476
,-20.138029,-70.872502,18.5008,3.3,,CSN,CSN_4477
,-20.093502,-70.770208,14.5617,3.1,,CSN,CSN_4478
,-20.076774,-70.859178,21.111,3.8,,CSN,CSN_4479
,-20.067968,-70.889859,11.3821,3.5,,CSN,CSN_4480
,-19.965198,-70.862073,18.4951,3.2,,CSN,CSN_4481
,-19.911433,-70.899329,23.61,5.1,,CSN,CSN_4482
,-19.957851,-70.889649,21.3937,4.0,,CSN,CSN_4483
,-20.169541,-70.831474,20.29,3.6,,CSN,CSN_4484
,-20.135955,-70.86927,8.5263,4.2,,CSN,CSN_4485
,-19.980866,-70.876088,18.9247,3.9,,CSN,CSN_4486
,-20.089258,-70.863425,16.5471,3.5,,CSN,CSN_4487
,-19.928941,-70.946098,27.3725,4.1,,CSN,CSN_4488
,-20.066088,-70.826664,18.9627,3.2,,CSN,CSN_4489
,-19.885348,-70.902654,16.1422,3.4,,CSN,CSN_4490
,-19.846038,-70.927283,12.0406,3.0,,CSN,CSN_4493
,-19.965613,-70.893395,20.1421,3.0,,CSN,CSN_4496
,-19.971807,-70.875911,22.1976,3.8,,CSN,CSN_4497
,-20.080072,-70.876207,9.9685,3.2,,CSN,CSN_4499
,-20.040382,-70.799536,20.2612,3.9,,CSN,CSN_4502
,-20.112614,-70.814553,26.0685,3.5,,CSN,CSN_4508
,-20.141589,-70.845199,23.475,3.0,,CSN,CSN_4509
,-20.08543,-70.791207,20.7848,4.0,,CSN,CSN_4510
,-19.955835,-70.932489,11.9308,3.6,,CSN,CSN_4511
,-20.033263,-70.843087,19.5367,3.7,,CSN,CSN_4512
,-20.059055,-70.892669,16.1821,3.5,,CSN,CSN_4513
,-20.053422,-70.815684,23.0277,4.0,,CSN,CSN_4514
,-19.999086,-70.899102,19.9863,3.6,,CSN,CSN_4515
,-19.778584,-70.933258,21.8723,3.3,,CSN,CSN_4516
,-20.004645,-70.891787,15.4855,3.5,,CSN,CSN_4517
,-19.963777,-70.886802,21.6445,3.0,,CSN,CSN_4518
,-20.060219,-70.847252,17.8105,3.2,,CSN,CSN_4519
,-20.054633,-70.788142,16.1316,4.9,,CSN,CSN_4520
,-19.986064,-70.910665,10.69,3.6,,CSN,CSN_4522
,-20.03534,-70.857298,15.8509,3.2,,CSN,CSN_4523
,-19.946561,-70.906523,24.4717,4.3,,CSN,CSN_4524
,-19.954974,-70.817814,20.4224,4.0,,CSN,CSN_4525
,-20.065335,-70.916585,27.5122,3.2,,CSN,CSN_4527
,-19.829467,-70.899637,24.6255,3.1,,CSN,CSN_4532
,-19.909277,-70.845438,21.2404,4.0,,CSN,CSN_4533
,-19.99064,-70.951812,21.9066,3.3,,CSN,CSN_4534
,-20.012201,-70.853735,18.5427,3.0,,CSN,CSN_4535
,-19.848696,-70.912555,22.9576,3.3,,CSN,CSN_4536
,-19.983957,-70.905225,19.3618,3.9,,CSN,CSN_4540
,-20.020782,-70.900962,9.5596,3.7,,CSN,CSN_4541
,-19.981803,-70.892452,19.9675,3.6,,CSN,CSN_4543
,-19.887717,-71.050315,26.6105,3.1,,CSN,CSN_4545
,-20.052198,-70.794742,6.6916,3.0,,CSN,CSN_4549
,-19.881792,-70.945856,4.4642,3.0,,CSN,CSN_4552
,-20.085611,-70.742455,28.09,4.4,,CSN,CSN_4555
,-19.854945,-70.884383,24.83,3.4,,CSN,CSN_4558
,-19.855756,-70.88563,24.5692,3.2,,CSN,CSN_4559
,-20.002478,-70.897258,18.8339,3.0,,CSN,CSN_4561
,-19.780224,-70.963035,25.0441,4.2,,CSN,CSN_4562
,-19.904987,-70.914287,24.3788,3.2,,CSN,CSN_4563
,-19.792252,-70.876028,21.7252,3.2,,CSN,CSN_4565
,-20.015896,-70.880232,7.7009,3.0,,CSN,CSN_4566
,-19.802383,-70.860913,24.5779,3.8,,CSN,CSN_4567
,-20.012344,-70.901111,12.0511,3.8,,CSN,CSN_4570
,-20.148547,-70.944021,8.3047,3.3,,CSN,CSN_4574
,-20.099571,-70.767905,22.5178,3.3,,CSN,CSN_4576
,-19.967001,-70.95273,19.8714,4.1,,CSN,CSN_4578
,-19.991619,-70.943965,20.7075,3.6,,CSN,CSN_4579
,-19.995813,-70.918841,9.9472,5.8,,CSN,CSN_4581
,-20.054797,-70.866106,6.1403,5.0,,CSN,CSN_4582
,-20.068599,-70.879528,3.1741,4.6,,CSN,CSN_4583
,-20.045103,-70.826979,2.1742,3.0,,CSN,CSN_4584
,-20.068202,-70.854386,13.8063,3.1,,CSN,CSN_4596
,-20.036176,-70.899317,10.1757,3.0,,CSN,CSN_4598
,-20.076452,-70.820447,17.7377,4.1,,CSN,CSN_4599
,-20.075046,-70.790798,17.6713,3.9,,CSN,CSN_4600
,-19.964608,-70.886453,20.9194,3.0,,CSN,CSN_4601
,-19.75087,-70.88044,26.4679,3.5,,CSN,CSN_4604
,-19.976963,-70.884249,20.3233,3.4,,CSN,CSN_4610
,-19.969646,-70.881579,21.0857,3.6,,CSN,CSN_4611
,-20.037274,-70.823991,10.8679,3.3,,CSN,CSN_4613
,-19.962448,-70.878591,18.1079,3.0,,CSN,CSN_4614
,-19.98039,-70.882635,22.797,3.2,,CSN,CSN_4615
,-19.887442,-70.88569,23.2092,4.1,,CSN,CSN_4618
,-20.087245,-70.821104,12.5754,3.4,,CSN,CSN_4619
,-19.987274,-70.882713,14.1947,3.0,,CSN,CSN_4620
,-20.075864,-70.870684,16.6334,3.1,,CSN,CSN_4621
,-19.977443,-70.854907,18.9758,3.5,,CSN,CSN_4631
,-20.154785,-70.92734,18.0735,3.1,,CSN,CSN_4632
,-19.954066,-70.794941,8.3412,3.6,,CSN,CSN_4634
,-19.940743,-70.806558,15.5521,3.0,,CSN,CSN_4635
,-19.923224,-71.107885,29.2672,3.7,,CSN,CSN_4637
,-19.96533,-70.942329,11.9162,3.1,,CSN,CSN_4640
,-20.079306,-70.898362,8.6493,3.7,,CSN,CSN_4641
,-19.964133,-70.881721,19.9165,3.2,,CSN,CSN_4642
,-20.016919,-70.790172,13.5813,3.3,,CSN,CSN_4647
,-19.737503,-70.895606,24.6928,4.0,,CSN,CSN_4648
,-19.860537,-70.879777,4.0874,5.3,,CSN,CSN_4649
,-19.82604,-70.923974,16.4248,3.4,,CSN,CSN_4650
,-19.744456,-70.982199,14.3367,3.6,,CSN,CSN_4651
,-19.827521,-70.953853,19.1103,3.5,,CSN,CSN_4652
,-19.83546,-71.029086,11.9842,4.5,,CSN,CSN_4653
,-19.758336,-71.002897,23.2001,5.1,,CSN,CSN_4654
,-19.797971,-70.867693,25.9679,4.5,,CSN,CSN_4655
,-19.742753,-70.918359,25.0698,4.0,,CSN,CSN_4656
,-19.802954,-70.868595,24.5753,4.3,,CSN,CSN_4657
,-19.816082,-70.889821,22.5786,3.2,,CSN,CSN_4658
,-19.74669,-70.927882,24.6667,4.0,,CSN,CSN_4659
,-20.137542,-70.936732,14.897,3.6,,CSN,CSN_4660
,-19.742137,-70.985085,3.5465,4.5,,CSN,CSN_4662
,-19.764359,-70.954504,17.8725,3.8,,CSN,CSN_4663
,-19.72645,-70.918336,25.154,3.5,,CSN,CSN_4664
,-19.673604,-71.082085,24.6401,3.4,,CSN,CSN_4665
,-20.036888,-70.791651,5.9319,3.1,,CSN,CSN_4666
,-19.724878,-70.935577,23.4865,3.4,,CSN,CSN_4667
,-19.736488,-70.9241,21.4653,3.8,,CSN,CSN_4668
,-19.725551,-70.925046,25.0501,4.1,,CSN,CSN_4669
,-20.000224,-70.920774,21.3871,3.5,,CSN,CSN_4670
,-19.798791,-70.933828,21.7106,4.0,,CSN,CSN_4671
,-19.705809,-71.004904,22.284,4.8,,CSN,CSN_4672
,-19.71656,-71.00114,24.207,3.9,,CSN,CSN_4673
,-19.70453,-71.087356,24.3936,3.8,,CSN,CSN_4675
,-19.71402,-70.934391,25.9659,3.2,,CSN,CSN_4678
,-19.690317,-70.996477,22.5988,3.6,,CSN,CSN_4679
,-19.876368,-70.906863,7.2719,3.0,,CSN,CSN_4682
,-19.673302,-71.034027,21.7028,4.2,,CSN,CSN_4686
,-19.685187,-70.98278,21.1588,3.1,,CSN,CSN_4687
,-19.937114,-70.906332,22.0351,3.2,,CSN,CSN_4688
,-19.804671,-70.963131,3.4683,6.2,,CSN,CSN_4691
,-19.832913,-70.889306,22.5005,4.0,,CSN,CSN_4692
,-19.705324,-70.95331,22.7241,4.5,,CSN,CSN_4695
,-19.864676,-70.927033,26.1272,4.9,,CSN,CSN_4696
,-19.696742,-70.955534,22.505,3.0,,CSN,CSN_4697
,-19.732726,-70.929817,25.9067,3.4,,CSN,CSN_4700
,-19.679489,-70.974669,24.5965,3.2,,CSN,CSN_4701
,-19.739017,-71.079808,22.9617,3.9,,CSN,CSN_4702
,-19.868,-70.884946,22.5982,3.1,,CSN,CSN_4703
,-19.730851,-70.975079,20.8015,3.3,,CSN,CSN_4704
,-19.707885,-70.928121,23.9712,3.6,,CSN,CSN_4705
,-19.874476,-70.887184,24.9058,4.1,,CSN,CSN_4706
,-19.722876,-70.978027,24.4395,3.1,,CSN,CSN_4711
,-19.992022,-70.886747,11.6858,3.4,,CSN,CSN_4714
,-19.701665,-70.940928,23.9578,3.1,,CSN,CSN_4716
,-19.865356,-70.935973,22.3933,3.8,,CSN,CSN_4718
,-19.873195,-70.879193,22.2253,5.4,,CSN,CSN_4719
,-19.828254,-70.859443,23.6848,5.1,,CSN,CSN_4720
,-19.824362,-70.895093,24.3947,5.3,,CSN,CSN_4721
,-19.888389,-70.92641,6.2665,3.4,,CSN,CSN_4722
,-19.686421,-71.102843,24.3715,3.8,,CSN,CSN_4723
,-19.912287,-70.905297,22.6487,4.3,,CSN,CSN_4724
,-19.8332,-70.93641,23.7297,3.5,,CSN,CSN_4726
,-19.870721,-70.858613,23.7941,3.1,,CSN,CSN_4727
,-19.800487,-70.862525,23.0188,3.9,,CSN,CSN_4729
,-19.790073,-70.850179,25.5544,5.2,,CSN,CSN_4731
,-19.894339,-70.853651,2.0428,4.1,,CSN,CSN_4732
,-19.908894,-71.029587,21.7388,3.4,,CSN,CSN_4733
,-19.8176,-70.892318,20.6623,3.4,,CSN,CSN_4735
,-19.911265,-70.899729,18.1259,3.8,,CSN,CSN_4736
,-19.894497,-70.908291,10.3088,3.4,,CSN,CSN_4741
,-19.69066,-71.012739,22.4647,3.2,,CSN,CSN_4742
,-19.690846,-71.031032,21.6243,3.5,,CSN,CSN_4744
,-19.991458,-70.889035,11.8241,3.1,,CSN,CSN_4745
,-19.851488,-70.867751,13.9578,4.0,,CSN,CSN_4753
,-20.017902,-70.794535,15.8667,3.0,,CSN,CSN_4755
,-19.725331,-71.083036,23.9147,3.1,,CSN,CSN_4758
,-19.690904,-71.083298,26.6792,3.2,,CSN,CSN_4759
,-20.000955,-70.812353,13.0985,3.5,,CSN,CSN_4760
,-19.931276,-70.813505,25.0817,3.1,,CSN,CSN_4761
,-20.066783,-70.817312,13.7454,4.3,,CSN,CSN_4762
,-19.86139,-70.945456,13.0178,3.0,,CSN,CSN_4772
,-19.900263,-70.943422,7.0645,3.7,,CSN,CSN_4775
,-19.808521,-70.868925,24.0668,3.1,,CSN,CSN_4776
,-20.045882,-70.839799,14.2753,3.2,,CSN,CSN_4781
,-19.999798,-70.893569,14.5214,3.9,,CSN,CSN_4782
,-20.03494,-70.835853,8.9605,3.7,,CSN,CSN_4784
,-19.887195,-71.006358,12.2392,3.1,,CSN,CSN_4787
,-20.03861,-70.810322,11.4164,4.1,,CSN,CSN_4788
,-19.798196,-70.892032,22.0068,3.3,,CSN,CSN_4789
,-19.966557,-70.86275,22.3086,3.3,,CSN,CSN_4790
,-19.97293,-70.899023,19.0327,3.0,,CSN,CSN_4791
,-19.964996,-70.892742,21.3999,3.5,,CSN,CSN_4792
,-19.937452,-70.850636,12.2811,3.5,,CSN,CSN_4795
,-19.95237,-71.099424,23.2414,4.8,,CSN,CSN_4796
,-19.911615,-71.065478,22.0207,4.1,,CSN,CSN_4798
,-20.075719,-70.817236,14.6188,4.1,,CSN,CSN_4799
,-19.799277,-70.911785,20.4547,3.2,,CSN,CSN_4803
,-20.065094,-70.872869,14.9025,3.0,,CSN,CSN_4804
,-19.941094,-70.826371,6.3848,3.3,,CSN,CSN_4806
,-19.937353,-70.81446,11.6228,3.4,,CSN,CSN_4807
,-19.920596,-71.102625,18.5526,7.0,,CSN,CSN_4809
,-20.101003,-70.877298,18.975,6.6,,CSN,CSN_4810
,-19.874748,-70.965436,5.541,6.1,,CSN,CSN_4811
,-19.802196,-70.935728,21.587,5.3,,CSN,CSN_4812
,-20.206045,-70.805306,4.6082,5.5,,CSN,CSN_4813
,-19.657736,-70.977922,25.5851,5.6,,CSN,CSN_4814
,-20.061365,-70.958818,10.4755,5.4,,CSN,CSN_4815
,-19.735768,-71.030539,3.9722,4.3,,CSN,CSN_4816
,-19.844018,-70.94308,21.2648,4.7,,CSN,CSN_4817
,-19.962528,-70.884977,13.5896,4.9,,CSN,CSN_4818
,-19.897036,-71.117419,20.2135,5.1,,CSN,CSN_4819
,-20.14171,-70.822708,21.5775,5.7,,CSN,CSN_4820
,-20.043335,-70.87871,2.6069,3.9,,CSN,CSN_4821
,-19.776927,-71.059647,28.1731,3.9,,CSN,CSN_4822
,-20.0397,-70.925172,8.1553,4.5,,CSN,CSN_4823
,-19.96613,-71.001457,18.915,4.8,,CSN,CSN_4824
,-19.910449,-70.866414,19.4753,4.7,,CSN,CSN_4825
,-19.916452,-71.052172,21.6315,3.7,,CSN,CSN_4826
,-20.15433,-70.90688,22.0401,4.8,,CSN,CSN_4827
,-19.779392,-70.903423,19.4313,4.3,,CSN,CSN_4828
,-20.220747,-70.935228,18.2204,5.1,,CSN,CSN_4829
,-19.999781,-70.957275,13.2697,4.1,,CSN,CSN_4830
,-20.019102,-70.917451,19.4499,3.6,,CSN,CSN_4831
,-19.899818,-71.076567,22.7307,4.0,,CSN,CSN_4832
,-19.703902,-70.950513,25.3522,4.1,,CSN,CSN_4833
,-20.008235,-71.019496,23.2755,3.9,,CSN,CSN_4834
,-20.007361,-71.006275,18.1058,5.5,,CSN,CSN_4835
,-20.005873,-70.937491,23.9603,4.3,,CSN,CSN_4836
,-19.968378,-70.973497,18.0535,3.4,,CSN,CSN_4837
,-19.963229,-70.960718,20.0831,3.4,,CSN,CSN_4838
,-19.96726,-70.966635,24.6163,3.5,,CSN,CSN_4839
,-19.772767,-70.864608,30.6047,3.5,,CSN,CSN_4840
,-19.881256,-70.927954,21.9279,4.5,,CSN,CSN_4841
,-19.950119,-70.931739,9.1303,3.6,,CSN,CSN_4842
,-19.848607,-70.929527,16.6051,3.1,,CSN,CSN_4843
,-19.845906,-70.998922,11.7219,4.3,,CSN,CSN_4844
,-19.899063,-70.911355,20.4973,4.1,,CSN,CSN_4845
,-19.859108,-70.917721,20.4982,3.6,,CSN,CSN_4846
,-20.070528,-70.910735,19.9219,3.7,,CSN,CSN_4847
,-20.080983,-70.825132,18.3127,3.5,,CSN,CSN_4848
,-19.84752,-70.934001,19.7183,4.6,,CSN,CSN_4849
,-19.958441,-71.069721,22.3042,3.4,,CSN,CSN_4850
,-19.975715,-70.956969,9.8846,3.3,,CSN,CSN_4851
,-19.985661,-71.019892,22.1779,3.9,,CSN,CSN_4852
,-19.94852,-70.922735,23.1884,4.5,,CSN,CSN_4853
,-19.96203,-70.907041,14.0359,3.6,,CSN,CSN_4854
,-19.895143,-71.024965,24.2403,4.0,,CSN,CSN_4855
,-19.921046,-70.955544,23.4007,3.9,,CSN,CSN_4856
,-19.804238,-70.967095,21.6297,3.4,,CSN,CSN_4857
,-19.767612,-70.988162,22.567,5.1,,CSN,CSN_4858
,-20.081824,-70.783984,16.1362,3.3,,CSN,CSN_4859
,-19.941189,-70.846834,19.4472,3.3,,CSN,CSN_4861
,-19.9921,-70.911156,11.1696,5.0,,CSN,CSN_4862
,-20.166432,-70.908077,21.5594,4.1,,CSN,CSN_4863
,-20.004601,-70.831588,23.3575,3.4,,CSN,CSN_4864
,-19.915253,-70.897867,20.2149,4.0,,CSN,CSN_4865
,-20.221787,-70.838143,16.9788,4.0,,CSN,CSN_4866
,-20.142437,-70.944506,18.2439,3.8,,CSN,CSN_4867
,-19.912422,-71.028941,20.6986,4.4,,CSN,CSN_4868
,-19.924476,-71.038729,24.2745,4.0,,CSN,CSN_4869
,-19.84514,-70.94065,14.8502,4.5,,CSN,CSN_4870
,-19.961744,-70.911684,22.887,4.3,,CSN,CSN_4871
,-20.047162,-70.913647,17.9651,3.2,,CSN,CSN_4872
,-19.825079,-71.007971,29.7263,3.1,,CSN,CSN_4873
,-20.002391,-71.033365,22.0181,3.6,,CSN,CSN_4874
,-19.997836,-70.972749,20.8249,3.7,,CSN,CSN_4875
,-19.649611,-70.970927,22.1405,3.7,,CSN,CSN_4876
,-19.890511,-71.109986,20.3585,4.0,,CSN,CSN_4877
,-19.964119,-70.921576,23.1803,3.4,,CSN,CSN_4878
,-20.193801,-70.915503,16.8185,3.3,,CSN,CSN_4879
,-19.947811,-71.052204,3.9492,3.6,,CSN,CSN_4880
,-20.003727,-70.929851,4.4287,4.0,,CSN,CSN_4882
,-19.880944,-70.900378,3.3925,4.2,,CSN,CSN_4883
,-19.893343,-71.065623,22.9044,3.8,,CSN,CSN_4884
,-19.989776,-71.021888,10.7522,3.1,,CSN,CSN_4885
,-20.104998,-70.867024,3.3835,3.5,,CSN,CSN_4886
,-19.930042,-70.96342,15.5459,3.3,,CSN,CSN_4889
,-19.811871,-70.983584,14.8908,4.4,,CSN,CSN_4890
,-19.911294,-70.894341,20.6587,4.9,,CSN,CSN_4891
,-20.140661,-70.876571,7.6772,3.6,,CSN,CSN_4892
,-19.721296,-70.989163,4.4122,4.3,,CSN,CSN_4893
,-20.071418,-70.841511,3.0948,4.5,,CSN,CSN_4894
,-19.713731,-71.112264,26.4615,3.3,,CSN,CSN_4897
,-20.0622,-70.865378,18.8952,3.3,,CSN,CSN_4898
,-19.963052,-70.927334,22.5526,3.0,,CSN,CSN_4901
,-19.986133,-71.008841,21.8137,4.5,,CSN,CSN_4902
,-20.077739,-70.838589,6.5128,3.1,,CSN,CSN_4903
,-19.721099,-70.930731,24.7951,4.1,,CSN,CSN_4904
,-20.193127,-70.941577,18.9594,3.8,,CSN,CSN_4905
,-19.981435,-70.965826,22.8613,4.7,,CSN,CSN_4906
,-19.910411,-71.091338,23.4329,4.2,,CSN,CSN_4907
,-19.96109,-71.031045,23.6548,3.8,,CSN,CSN_4908
,-19.681593,-70.973049,24.4354,4.2,,CSN,CSN_4909
,-20.050232,-70.82353,10.1522,3.2,,CSN,CSN_4910
,-19.897997,-71.066233,25.6747,3.4,,CSN,CSN_4911
,-20.092311,-70.936384,21.672,4.5,,CSN,CSN_4912
,-19.921885,-70.881788,17.2518,4.7,,CSN,CSN_4913
,-19.891628,-71.101387,24.6435,3.1,,CSN,CSN_4914
,-19.96225,-70.949235,17.1571,3.0,,CSN,CSN_4915
,-19.994724,-70.993683,19.7806,3.9,,CSN,CSN_4916
,-20.129027,-70.962416,18.2987,3.8,,CSN,CSN_4917
,-19.722212,-71.088795,26.1491,3.9,,CSN,CSN_4918
,-19.910664,-70.912649,23.2107,3.7,,CSN,CSN_4919
,-19.852214,-70.949701,19.7776,3.5,,CSN,CSN_4920
,-19.918389,-70.941132,21.9619,3.1,,CSN,CSN_4921
,-20.075387,-70.805257,19.87,3.0,,CSN,CSN_4922
,-19.813565,-70.900718,15.0638,3.8,,CSN,CSN_4923
,-19.826492,-70.929201,21.3922,3.8,,CSN,CSN_4925
,-19.829398,-70.948014,18.6392,3.5,,CSN,CSN_4926
,-19.984672,-70.95107,16.526,3.6,,CSN,CSN_4927
,-20.164341,-70.943295,16.7178,3.1,,CSN,CSN_4929
,-19.837345,-70.936361,22.2094,3.9,,CSN,CSN_4930
,-19.90594,-71.092918,22.4952,3.3,,CSN,CSN_4931
,-19.900282,-70.922637,19.74,3.9,,CSN,CSN_4935
,-20.21647,-70.790049,17.4729,3.0,,CSN,CSN_4936
,-19.714195,-70.969071,21.8148,3.2,,CSN,CSN_4937
,-19.876852,-71.110618,24.8915,3.6,,CSN,CSN_4938
,-19.985813,-70.996317,17.4854,3.1,,CSN,CSN_4939
,-20.138894,-70.930462,4.2191,6.1,,CSN,CSN_4940
,-20.146086,-70.911532,6.3302,5.0,,CSN,CSN_4941
,-20.141401,-70.903872,14.362,5.0,,CSN,CSN_4942
,-20.132367,-70.932765,12.6206,3.8,,CSN,CSN_4943
,-19.715648,-70.972294,23.5212,3.5,,CSN,CSN_4944
,-20.215176,-70.864496,2.7774,3.5,,CSN,CSN_4945
,-20.164122,-70.80029,18.5364,3.5,,CSN,CSN_4946
,-20.069076,-70.863133,12.9096,3.3,,CSN,CSN_4947
,-20.159896,-70.786814,18.3059,3.2,,CSN,CSN_4948
,-20.148239,-70.845826,7.1891,3.5,,CSN,CSN_4949
,-20.144508,-70.935172,6.2251,3.7,,CSN,CSN_4950
,-19.935676,-70.952962,18.6145,3.3,,CSN,CSN_4951
,-19.95302,-71.04643,24.0204,3.4,,CSN,CSN_4953
,-19.882427,-70.904511,23.0419,5.1,,CSN,CSN_4954
,-20.102495,-70.823958,17.7939,3.1,,CSN,CSN_4955
,-19.940697,-71.101155,21.1516,4.4,,CSN,CSN_4956
,-19.653133,-70.990141,22.5884,3.8,,CSN,CSN_4957
,-19.988168,-70.961645,27.7576,3.2,,CSN,CSN_4958
,-19.918698,-71.045414,21.1335,3.3,,CSN,CSN_4959
,-19.799268,-70.909317,25.2585,3.1,,CSN,CSN_4961
,-20.125218,-70.910317,15.725,3.3,,CSN,CSN_4962
,-19.885438,-71.069832,26.9351,4.8,,CSN,CSN_4963
,-19.727764,-70.943537,25.5372,3.6,,CSN,CSN_4964
,-19.878636,-70.925574,23.8447,4.6,,CSN,CSN_4965
,-19.881298,-70.870394,26.9726,4.5,,CSN,CSN_4966
,-19.658238,-70.988082,22.6317,3.7,,CSN,CSN_4968
,-19.897331,-71.089271,24.2728,4.0,,CSN,CSN_4969
,-19.892792,-71.108295,20.7247,3.7,,CSN,CSN_4971
,-19.889139,-70.990375,23.1374,3.4,,CSN,CSN_4972
,-19.98525,-70.940312,23.2671,3.7,,CSN,CSN_4973
,-19.906634,-71.053869,31.5793,3.3,,CSN,CSN_4975
,-20.026523,-70.96733,13.5956,3.8,,CSN,CSN_4976
,-20.08762,-70.914801,16.7721,3.7,,CSN,CSN_4979
,-19.8566,-71.016601,12.2008,3.2,,CSN,CSN_4980
,-20.224268,-70.874939,23.634,4.3,,CSN,CSN_4981
,-19.996231,-71.009539,23.4625,4.5,,CSN,CSN_4983
,-19.996998,-71.03375,20.205,5.1,,CSN,CSN_4984
,-19.812458,-70.950865,23.1333,3.8,,CSN,CSN_4985
,-20.134098,-70.927685,18.4696,3.4,,CSN,CSN_4987
,-19.909635,-70.899409,21.8996,3.2,,CSN,CSN_4988
,-19.84315,-70.93597,15.0554,3.5,,CSN,CSN_4989
,-19.909341,-70.900372,23.4495,3.4,,CSN,CSN_4991
,-19.949472,-70.948368,21.7272,5.0,,CSN,CSN_4993
,-20.152845,-70.821046,10.5095,3.7,,CSN,CSN_4995
,-19.737496,-70.957483,22.6981,3.4,,CSN,CSN_4996
,-19.661458,-71.027678,22.4844,3.3,,CSN,CSN_4998
,-19.708562,-70.990919,22.5972,4.0,,CSN,CSN_4999
,-19.940256,-70.924174,23.7169,3.7,,CSN,CSN_5000
,-20.115625,-70.797485,15.6851,3.9,,CSN,CSN_5001
,-19.990622,-70.931618,23.7944,3.7,,CSN,CSN_5002
,-19.893778,-71.087804,25.6947,4.4,,CSN,CSN_5003
,-19.906211,-70.960408,23.1376,3.9,,CSN,CSN_5004
,-19.784124,-71.014541,22.3848,4.0,,CSN,CSN_5005
,-19.91026,-70.934445,22.6947,3.1,,CSN,CSN_5006
,-19.701743,-70.964949,22.4535,5.2,,CSN,CSN_5007
,-20.085894,-70.894554,24.3871,4.9,,CSN,CSN_5009
,-20.089835,-70.914755,20.3684,3.2,,CSN,CSN_5010
,-19.935631,-71.059046,38.4097,3.9,,CSN,CSN_5011
,-19.763238,-71.063961,27.1587,4.0,,CSN,CSN_5012
,-19.859115,-70.956738,22.3092,4.5,,CSN,CSN_5013
,-19.894814,-70.980925,25.0489,3.4,,CSN,CSN_5015
,-20.153441,-70.884868,19.6256,3.3,,CSN,CSN_5016
,-20.15204,-70.837027,19.1654,3.3,,CSN,CSN_5018
,-19.757183,-71.001679,17.9389,3.2,,CSN,CSN_5019
,-20.023795,-70.900044,22.4287,3.5,,CSN,CSN_5021
,-19.905474,-70.991995,20.6301,3.3,,CSN,CSN_5026
,-19.990148,-70.984975,16.7,4.2,,CSN,CSN_5028
,-20.021219,-71.02852,19.0774,4.9,,CSN,CSN_5029
,-19.991184,-70.998293,23.7701,4.5,,CSN,CSN_5030
,-20.194493,-70.806742,21.6992,4.0,,CSN,CSN_5031
,-19.957219,-70.980942,21.8979,4.1,,CSN,CSN_5032
,-20.004452,-70.958798,20.9193,4.3,,CSN,CSN_5035
,-20.004007,-70.946264,22.71,3.9,,CSN,CSN_5036
,-20.020289,-70.919502,24.0097,4.5,,CSN,CSN_5037
,-20.071949,-70.906723,17.9899,3.2,,CSN,CSN_5038
,-19.681481,-71.032833,23.0198,3.2,,CSN,CSN_5039
,-19.931929,-70.866794,25.718,4.6,,CSN,CSN_5040
,-19.950403,-70.90584,22.9305,4.1,,CSN,CSN_5041
,-19.836842,-70.940882,24.4308,4.6,,CSN,CSN_5044
,-19.979252,-70.933695,22.3816,3.6,,CSN,CSN_5047
,-20.193814,-70.793994,22.5715,5.6,,CSN,CSN_5048
,-20.207402,-70.888563,19.1878,4.0,,CSN,CSN_5049
,-20.159723,-70.798247,19.3297,3.2,,CSN,CSN_5051
,-19.878965,-70.9064,22.8169,4.8,,CSN,CSN_5053
,-19.920889,-70.892851,14.7819,3.1,,CSN,CSN_5054
,-19.986698,-70.920646,21.1718,3.8,,CSN,CSN_5056
,-19.951681,-70.937462,20.2719,3.2,,CSN,CSN_5057
,-19.977565,-70.945007,23.016,4.8,,CSN,CSN_5058
,-19.971296,-70.94134,21.6049,3.5,,CSN,CSN_5060
,-19.922488,-70.97371,21.5749,3.4,,CSN,CSN_5062
,-20.073985,-70.937632,19.2413,4.1,,CSN,CSN_5067
,-19.949536,-71.007881,26.7638,4.6,,CSN,CSN_5071
,-19.776813,-71.003083,24.1484,3.0,,CSN,CSN_5073
,-19.67976,-71.080912,23.3021,3.9,,CSN,CSN_5074
,-19.712507,-71.108669,24.6695,3.1,,CSN,CSN_5076
,-19.726516,-71.079085,25.2904,3.4,,CSN,CSN_5077
,-19.711965,-71.106049,25.5657,3.2,,CSN,CSN_5078
,-19.956725,-70.962782,21.1463,3.6,,CSN,CSN_5080
,-19.731359,-71.087805,20.9337,4.2,,CSN,CSN_5081
,-20.004123,-70.937276,24.1914,5.6,,CSN,CSN_5086
,-19.964965,-70.920686,23.3196,4.4,,CSN,CSN_5087
,-19.977628,-70.9405,21.6247,4.6,,CSN,CSN_5088
,-19.968832,-70.865737,21.8027,3.4,,CSN,CSN_5089
,-19.978066,-70.914119,22.0434,3.6,,CSN,CSN_5090
,-19.979362,-70.917651,24.1995,3.5,,CSN,CSN_5091
,-20.151426,-70.829689,23.0875,3.7,,CSN,CSN_5093
,-19.888021,-71.005867,9.9868,3.2,,CSN,CSN_5094
,-19.996308,-70.936579,19.9015,3.6,,CSN,CSN_5095
,-19.90077,-70.971575,21.6687,3.0,,CSN,CSN_5096
,-19.8004,-70.931778,21.5516,3.0,,CSN,CSN_5098
,-20.153585,-70.784105,18.8021,3.7,,CSN,CSN_5101
,-19.75165,-70.91338,24.6209,3.0,,CSN,CSN_5103
,-20.149523,-70.919652,19.9906,3.7,,CSN,CSN_5106
,-20.140389,-70.908551,17.7885,3.1,,CSN,CSN_5107
,-19.883355,-71.06202,23.1473,3.3,,CSN,CSN_5109
,-19.887923,-71.066875,25.2505,4.4,,CSN,CSN_5110
,-19.942698,-70.926845,22.4113,3.5,,CSN,CSN_5112
,-20.225562,-70.86408,19.3958,3.2,,CSN,CSN_5114
,-19.914526,-70.953806,22.4042,3.2,,CSN,CSN_5115
,-19.994883,-70.969019,18.8692,3.3,,CSN,CSN_5116
,-20.213474,-70.887794,20.4191,3.6,,CSN,CSN_5117
,-19.993533,-70.956109,24.9392,3.6,,CSN,CSN_5119
,-19.908782,-71.028233,23.8859,4.0,,CSN,CSN_5120
,-19.899424,-71.05002,24.5925,3.4,,CSN,CSN_5121
,-19.878161,-70.900069,21.6159,3.1,,CSN,CSN_5122
,-19.84716,-70.918321,16.1749,3.4,,CSN,CSN_5123
,-19.897768,-71.089559,25.5698,4.5,,CSN,CSN_5125
,-19.905437,-71.069986,20.7165,3.8,,CSN,CSN_5126
,-19.761263,-71.008114,20.8376,4.3,,CSN,CSN_5128
,-20.220168,-70.874014,20.3056,4.3,,CSN,CSN_5133
,-19.989818,-71.01302,23.2377,3.5,,CSN,CSN_5135
,-20.132422,-70.932267,23.5611,3.8,,CSN,CSN_5136
,-20.005519,-70.94822,21.2673,3.1,,CSN,CSN_5137
,-20.003769,-70.992358,21.8818,3.7,,CSN,CSN_5138
,-19.753771,-71.098353,40.0794,3.1,,CSN,CSN_5140
,-20.082026,-70.85139,17.9415,3.5,,CSN,CSN_5141
,-19.738405,-70.921797,23.3499,3.4,,CSN,CSN_5142
,-19.739146,-70.93464,25.1541,3.5,,CSN,CSN_5143
,-19.729082,-70.95412,24.5664,3.8,,CSN,CSN_5144
,-19.729091,-70.92394,25.4211,4.2,,CSN,CSN_5145
,-20.211862,-70.845859,20.3231,4.5,,CSN,CSN_5148
,-20.224236,-70.897718,21.23,3.9,,CSN,CSN_5150
,-20.212282,-70.890903,20.6802,4.3,,CSN,CSN_5151
,-20.227673,-70.849709,19.2164,4.1,,CSN,CSN_5152
,-20.198702,-70.925405,4.8625,3.3,,CSN,CSN_5153
,-20.221533,-70.834998,4.699,3.9,,CSN,CSN_5154
,-20.207513,-70.827355,23.5842,3.4,,CSN,CSN_5155
,-19.953323,-70.941483,12.2226,5.4,,CSN,CSN_5156
,-19.932344,-70.90581,9.3508,3.7,,CSN,CSN_5157
,-19.827314,-70.900279,4.0565,3.6,,CSN,CSN_5159
,-20.022647,-70.979783,18.4704,4.5,,CSN,CSN_5160
,-19.865244,-70.927979,22.2026,3.3,,CSN,CSN_5161
,-19.965315,-70.926564,21.9091,3.1,,CSN,CSN_5163
,-19.830669,-70.953758,21.7058,6.0,,CSN,CSN_5164
,-19.865683,-70.927091,17.0952,5.0,,CSN,CSN_5165
,-20.157515,-70.873303,15.9284,3.0,,CSN,CSN_5166
,-19.812507,-70.935967,20.1866,3.5,,CSN,CSN_5167
,-19.921966,-71.047023,23.6004,3.8,,CSN,CSN_5168
,-19.876739,-70.906441,16.5479,3.4,,CSN,CSN_5169
,-19.859699,-70.926973,22.085,3.1,,CSN,CSN_5170
,-19.861668,-70.964677,22.5988,3.6,,CSN,CSN_5171
,-19.977136,-70.983275,15.2182,3.2,,CSN,CSN_5173
,-19.95382,-70.935978,7.4792,3.0,,CSN,CSN_5174
,-19.842867,-70.927399,22.1848,3.4,,CSN,CSN_5175
,-19.785922,-70.974433,23.1078,5.6,,CSN,CSN_5179
,-19.795779,-71.025121,21.2347,4.3,,CSN,CSN_5180
,-19.802188,-70.956939,23.0453,3.9,,CSN,CSN_5181
,-19.788408,-71.010078,21.3357,5.8,,CSN,CSN_5182
,-19.774504,-71.022228,24.3157,3.9,,CSN,CSN_5183
,-19.708073,-70.993064,23.312,4.0,,CSN,CSN_5185
,-19.717741,-70.956497,23.2493,4.3,,CSN,CSN_5187
,-19.711677,-70.949316,22.9117,3.2,,CSN,CSN_5190
,-19.857212,-70.90205,20.0508,3.0,,CSN,CSN_5193
,-19.713655,-71.101185,24.8318,3.6,,CSN,CSN_5195
,-20.013374,-70.975698,15.4204,3.3,,CSN,CSN_5197
,-19.88593,-70.979793,24.2243,3.1,,CSN,CSN_5199
,-19.871057,-70.960443,21.9808,3.1,,CSN,CSN_5200
,-19.96733,-70.945181,20.5884,3.3,,CSN,CSN_5202
,-19.935774,-71.022423,21.7641,3.3,,CSN,CSN_5203
,-19.90628,-70.965221,19.5818,3.3,,CSN,CSN_5204
,-19.905892,-71.120519,20.6192,4.4,,CSN,CSN_5205
,-19.986461,-70.948738,19.5121,3.2,,CSN,CSN_5206
,-19.911148,-71.075125,22.0566,3.0,,CSN,CSN_5207
,-19.798361,-70.985025,24.5218,3.1,,CSN,CSN_5208
,-19.922629,-70.919726,22.6186,3.1,,CSN,CSN_5209
,-19.884051,-70.897078,25.1659,4.0,,CSN,CSN_5210
,-19.877527,-71.047723,23.078,4.2,,CSN,CSN_5211
,-20.058481,-70.926566,21.2144,4.1,,CSN,CSN_5212
,-19.698623,-71.097521,27.5433,3.0,,CSN,CSN_5214
,-20.091659,-70.8787,16.1361,3.5,,CSN,CSN_5215
,-19.945962,-70.933027,21.7962,3.7,,CSN,CSN_5218
,-20.21397,-70.876572,20.7022,3.2,,CSN,CSN_5220
,-19.877861,-70.889508,23.3675,3.5,,CSN,CSN_5221
,-19.983544,-70.88047,20.789,3.3,,CSN,CSN_5222
,-20.21665,-70.78882,20.1544,3.0,,CSN,CSN_5223
,-19.677479,-71.09047,23.8313,3.3,,CSN,CSN_5225
,-19.868599,-70.934565,23.3161,3.0,,CSN,CSN_5226
,-19.948958,-70.971065,20.4984,3.4,,CSN,CSN_5228
,-20.180244,-70.950194,16.4255,4.3,,CSN,CSN_5229
,-20.147919,-70.893272,22.0011,3.9,,CSN,CSN_5230
,-20.119553,-70.887767,20.1132,3.7,,CSN,CSN_5231
,-19.682701,-71.059774,24.3939,3.3,,CSN,CSN_5232
,-19.996462,-71.015485,20.5519,4.2,,CSN,CSN_5233
,-19.888937,-71.045611,25.9411,4.0,,CSN,CSN_5235
,-19.898199,-71.017458,21.9147,3.9,,CSN,CSN_5236
,-20.225497,-70.835019,22.0914,3.4,,CSN,CSN_5237
,-19.902837,-71.088387,21.8155,3.3,,CSN,CSN_5239
,-19.882907,-71.068316,22.7152,3.3,,CSN,CSN_5240
,-20.223692,-70.857402,21.0694,3.0,,CSN,CSN_5242
,-19.917633,-70.963517,25.2508,3.3,,CSN,CSN_5244
,-20.143661,-70.869247,20.9486,3.2,,CSN,CSN_5246
,-20.147946,-70.840184,22.3395,3.6,,CSN,CSN_5248
,-20.013071,-71.033377,27.2994,4.8,,CSN,CSN_5250
,-20.231313,-70.84742,11.9226,3.1,,CSN,CSN_5252
,-20.221019,-70.86196,10.3634,3.3,,CSN,CSN_5253
,-19.89945,-70.885349,3.1267,3.0,,CSN,CSN_5255
,-20.019453,-70.966949,15.0012,3.2,,CSN,CSN_5257
,-19.952431,-70.950185,20.5616,3.8,,CSN,CSN_5259
,-19.905856,-71.059831,24.2115,3.1,,CSN,CSN_5266
,-19.929623,-70.899627,23.2098,3.3,,CSN,CSN_5267
,-19.986611,-70.983635,21.0805,3.4,,CSN,CSN_5270
,-20.19826,-70.789227,17.7525,3.9,,CSN,CSN_5271
,-20.203275,-70.882344,11.8344,4.2,,CSN,CSN_5272
,-20.138143,-70.870242,22.2634,3.1,,CSN,CSN_5274
,-20.156058,-70.941245,20.5415,3.3,,CSN,CSN_5275
,-19.979552,-70.989065,22.5274,4.3,,CSN,CSN_5276
,-19.67415,-70.99626,22.2348,3.2,,CSN,CSN_5277
,-19.803776,-70.893161,22.5859,3.4,,CSN,CSN_5278
,-19.916006,-71.033629,25.9385,3.8,,CSN,CSN_5279
,-20.156582,-70.793283,11.8949,3.0,,CSN,CSN_5282
,-20.000715,-70.996476,22.0884,3.3,,CSN,CSN_5283
,-20.003808,-70.996829,20.1187,5.5,,CSN,CSN_5284
,-20.016873,-71.047129,20.434,4.5,,CSN,CSN_5285
,-19.98269,-70.970236,20.4598,3.2,,CSN,CSN_5287
,-19.905517,-71.072643,26.3411,4.3,,CSN,CSN_5291
,-19.977617,-70.869634,19.8223,3.8,,CSN,CSN_5293
,-19.97858,-70.858685,21.3703,3.7,,CSN,CSN_5294
,-19.755996,-71.085537,30.4173,3.2,,CSN,CSN_5295
,-19.897014,-71.067458,27.4565,3.3,,CSN,CSN_5296
,-19.92385,-71.038852,15.4584,3.1,,CSN,CSN_5297
,-19.890048,-71.059215,24.7373,4.4,,CSN,CSN_5298
,-19.970421,-70.912017,22.5176,3.2,,CSN,CSN_5299
,-20.144419,-70.943253,16.7645,3.8,,CSN,CSN_5301
,-19.902917,-71.060493,26.5133,4.2,,CSN,CSN_5303
,-19.922089,-70.954848,22.0847,3.0,,CSN,CSN_5305
,-19.971242,-71.093145,18.628,5.1,,CSN,CSN_5306
,-19.944606,-71.010785,24.6585,4.4,,CSN,CSN_5307
,-19.938538,-71.065034,25.1758,3.5,,CSN,CSN_5308
,-19.986992,-70.956477,19.7459,3.1,,CSN,CSN_5309
,-19.902435,-71.105194,24.522,3.9,,CSN,CSN_5310
,-19.740007,-70.980615,24.7426,4.0,,CSN,CSN_5311
,-19.942947,-71.068389,23.1618,4.7,,CSN,CSN_5312
,-19.893924,-71.074586,25.0828,3.0,,CSN,CSN_5313
,-19.892847,-70.891366,2.5347,3.2,,CSN,CSN_5315
,-19.878573,-70.914602,25.5653,3.0,,CSN,CSN_5316
,-19.879868,-70.917397,22.7468,5.4,,CSN,CSN_5317
,-19.871698,-70.913497,20.8033,3.4,,CSN,CSN_5318
,-19.902722,-70.905205,22.9212,4.0,,CSN,CSN_5319
,-19.729068,-71.041428,26.6887,3.1,,CSN,CSN_5320
,-19.948349,-70.950785,21.6337,3.6,,CSN,CSN_5323
,-19.876208,-70.909741,23.6853,3.2,,CSN,CSN_5324
,-19.950563,-70.925479,19.5982,3.3,,CSN,CSN_5325
,-19.920163,-71.044221,20.6409,3.0,,CSN,CSN_5326
,-19.879877,-71.042341,24.544,4.1,,CSN,CSN_5327
,-19.952394,-70.957514,29.0929,3.1,,CSN,CSN_5328
,-19.736442,-71.04122,14.9056,3.1,,CSN,CSN_5329
,-19.953816,-70.838281,21.1407,3.2,,CSN,CSN_5331
,-19.907653,-71.025787,23.3938,4.3,,CSN,CSN_5332
,-19.949939,-70.994886,11.2467,3.5,,CSN,CSN_5333
,-20.157689,-70.860026,23.7689,3.0,,CSN,CSN_5334
,-20.135154,-70.907977,21.9128,3.4,,CSN,CSN_5337
,-20.13328,-70.930675,3.2945,3.0,,CSN,CSN_5338
,-19.689549,-71.014168,21.1204,3.2,,CSN,CSN_5339
,-20.053933,-70.906703,24.5223,4.3,,CSN,CSN_5340
,-20.142242,-70.840977,23.7755,3.2,,CSN,CSN_5341
,-20.031267,-70.879837,15.0139,3.2,,CSN,CSN_5343
,-20.049165,-70.898192,12.2005,3.1,,CSN,CSN_5344
,-19.718237,-70.968208,22.8027,3.3,,CSN,CSN_5347
,-19.753147,-71.015975,23.9654,3.6,,CSN,CSN_5349
,-19.775416,-71.000346,22.2234,4.0,,CSN,CSN_5350
,-19.719138,-71.03332,24.3517,3.7,,CSN,CSN_5351
,-20.222071,-70.900122,19.8487,3.5,,CSN,CSN_5352
,-20.223521,-70.869779,18.1198,4.3,,CSN,CSN_5353
,-20.215809,-70.837119,22.0819,3.2,,CSN,CSN_5354
,-20.250478,-70.870461,19.5877,3.5,,CSN,CSN_5355
,-20.226414,-70.874962,20.4941,3.6,,CSN,CSN_5356
,-20.241669,-70.848856,19.9922,3.2,,CSN,CSN_5357
,-20.215846,-70.86756,19.9314,3.6,,CSN,CSN_5359
,-20.225903,-70.86083,2.7489,3.5,,CSN,CSN_5361
,-20.046908,-70.952443,21.4798,4.5,,CSN,CSN_5364
,-19.870895,-70.906333,22.7506,3.4,,CSN,CSN_5365
,-20.01021,-70.931381,14.0057,3.2,,CSN,CSN_5368
,-19.724032,-70.956654,8.1395,3.4,,CSN,CSN_5369
,-19.987054,-70.896271,16.4124,3.2,,CSN,CSN_5370
,-19.686977,-71.021734,21.2977,3.4,,CSN,CSN_5371
,-19.92339,-70.977869,20.0762,3.2,,CSN,CSN_5372
,-20.039417,-70.911111,11.46,3.3,,CSN,CSN_5373
,-20.019207,-70.887306,23.7447,4.4,,CSN,CSN_5374
,-19.908924,-70.942843,23.0016,3.9,,CSN,CSN_5375
,-19.889931,-70.912625,23.7901,3.7,,CSN,CSN_5376
,-19.665169,-71.052925,23.7098,3.2,,CSN,CSN_5377
,-19.673092,-71.021191,24.6774,3.4,,CSN,CSN_5379
,-20.025943,-70.902622,22.4293,4.1,,CSN,CSN_5381
,-19.89841,-71.105758,22.9444,4.3,,CSN,CSN_5385
,-20.013098,-70.996975,23.9436,3.5,,CSN,CSN_5388
,-19.884607,-70.926341,21.6447,3.0,,CSN,CSN_5389
,-19.844994,-70.948328,11.497,4.5,,CSN,CSN_5390
,-19.844434,-70.924713,23.128,4.1,,CSN,CSN_5391
,-19.858023,-70.938772,24.842,3.6,,CSN,CSN_5393
,-19.871235,-70.896654,24.1205,3.1,,CSN,CSN_5394
,-19.870225,-70.917532,21.6933,3.1,,CSN,CSN_5396
,-19.768116,-71.005583,27.8613,4.3,,CSN,CSN_5398
,-19.773262,-70.981668,26.4348,3.7,,CSN,CSN_5399
,-19.800546,-70.98587,22.72,3.2,,CSN,CSN_5400
,-20.205537,-70.853807,23.7108,4.1,,CSN,CSN_5401
,-20.199444,-70.863169,21.2466,5.4,,CSN,CSN_5402
,-20.227662,-70.885137,18.6184,3.2,,CSN,CSN_5404
,-20.223353,-70.861916,21.5545,4.3,,CSN,CSN_5406
,-20.201444,-70.798548,20.7247,4.6,,CSN,CSN_5407
,-19.9181,-70.8953,22.68,4.9,,CSN,CSN_5411
,-19.994152,-70.980951,24.084,3.0,,CSN,CSN_5412
,-19.992086,-70.974136,22.318,4.1,,CSN,CSN_5413
,-20.201025,-70.900623,18.7342,4.5,,CSN,CSN_5414
,-20.209478,-70.900571,18.2599,3.7,,CSN,CSN_5416
,-20.2108,-70.892698,20.1132,4.4,,CSN,CSN_5417
,-20.220726,-70.872186,19.933,3.7,,CSN,CSN_5419
,-19.908735,-71.016947,27.8206,3.5,,CSN,CSN_5422
,-19.699423,-71.083887,26.9304,3.6,,CSN,CSN_5423
,-19.716585,-71.086892,22.9558,3.6,,CSN,CSN_5424
,-20.163648,-70.779005,19.1786,3.8,,CSN,CSN_5427
,-19.979711,-70.955823,20.7092,4.6,,CSN,CSN_5429
,-19.986284,-70.939548,22.998,4.0,,CSN,CSN_5430
,-19.97622,-71.012688,22.278,5.4,,CSN,CSN_5431
,-20.003597,-70.941601,21.087,5.2,,CSN,CSN_5432
,-19.949265,-70.942978,20.5377,3.5,,CSN,CSN_5433
,-19.960594,-70.932676,18.0646,4.3,,CSN,CSN_5434
,-19.949579,-70.935404,24.2337,5.2,,CSN,CSN_5435
,-19.954778,-70.951069,20.0698,3.4,,CSN,CSN_5436
,-19.950807,-70.937252,20.6104,5.0,,CSN,CSN_5437
,-20.14976,-70.926388,19.1606,3.8,,CSN,CSN_5438
,-19.677808,-70.927979,27.1914,3.5,,CSN,CSN_5440
,-19.989891,-70.982222,25.1214,4.0,,CSN,CSN_5441
,-19.958153,-70.959155,25.8678,4.1,,CSN,CSN_5444
,-20.225424,-70.845363,19.9317,3.3,,CSN,CSN_5445
,-19.838827,-70.949028,21.267,4.1,,CSN,CSN_5446
,-19.803628,-70.955524,23.3995,4.0,,CSN,CSN_5447
,-19.961624,-71.004723,24.6006,3.7,,CSN,CSN_5452
,-19.906388,-71.016872,29.1868,4.1,,CSN,CSN_5453
,-19.886971,-71.077814,26.699,3.8,,CSN,CSN_5454
,-19.888704,-71.07835,27.6106,4.2,,CSN,CSN_5455
,-19.870137,-71.061685,24.1314,3.9,,CSN,CSN_5456
,-19.904326,-71.081229,26.0435,3.6,,CSN,CSN_5458
,-20.134903,-70.93014,20.0451,3.1,,CSN,CSN_5459
,-20.202773,-70.832222,23.9524,3.2,,CSN,CSN_5460
,-19.911446,-70.967243,11.3178,3.2,,CSN,CSN_5464
,-19.687201,-71.043634,21.0049,3.2,,CSN,CSN_5466
,-19.883721,-70.923849,22.1764,3.0,,CSN,CSN_5467
,-19.890744,-70.928228,23.3344,3.5,,CSN,CSN_5468
,-20.148448,-70.826141,24.7586,3.7,,CSN,CSN_5469
,-20.074652,-70.848552,22.6151,3.2,,CSN,CSN_5471
,-20.068213,-70.935279,19.7854,4.1,,CSN,CSN_5472
,-20.116552,-70.887641,19.6702,3.3,,CSN,CSN_5473
,-20.029825,-70.805638,45.427,3.7,,CSN,CSN_5474
,-19.985482,-70.885851,19.9838,3.6,,CSN,CSN_5475
,-20.206126,-70.853754,25.4542,3.4,,CSN,CSN_5476
,-19.904544,-70.967008,19.4285,3.1,,CSN,CSN_5477
,-20.144891,-70.923759,19.3521,3.4,,CSN,CSN_5478
,-19.978807,-71.065876,23.5605,4.1,,CSN,CSN_5479
,-20.221233,-70.855051,15.3999,3.2,,CSN,CSN_5482
,-20.224717,-70.814547,28.6324,3.3,,CSN,CSN_5483
,-19.733449,-71.009412,24.6039,4.1,,CSN,CSN_5486
,-20.130074,-70.855023,15.9865,3.7,,CSN,CSN_5490
,-19.889924,-70.921578,25.096,3.6,,CSN,CSN_5491
,-19.807398,-70.942277,33.9408,3.9,,CSN,CSN_5493
,-20.14941,-70.941419,18.3944,5.0,,CSN,CSN_5494
,-20.146247,-70.912917,21.752,5.0,,CSN,CSN_5495
,-20.138229,-70.936758,18.8817,3.8,,CSN,CSN_5497
,-20.155727,-70.894506,19.138,3.3,,CSN,CSN_5498
,-19.721256,-71.101943,24.7654,3.2,,CSN,CSN_5500
,-19.822353,-70.989421,29.6478,3.3,,CSN,CSN_5501
,-19.774958,-71.018859,22.3714,4.0,,CSN,CSN_5503
,-19.755848,-70.999253,25.2938,3.6,,CSN,CSN_5504
,-19.879947,-70.896944,20.1086,3.1,,CSN,CSN_5505
,-19.883272,-70.964294,21.6128,3.7,,CSN,CSN_5506
,-19.883831,-70.956023,30.5553,4.5,,CSN,CSN_5507
,-19.791358,-70.983306,8.1381,3.4,,CSN,CSN_5508
,-19.895711,-70.900217,26.7608,3.2,,CSN,CSN_5510
,-19.885098,-70.920385,23.7794,3.3,,CSN,CSN_5511
,-19.761538,-71.017402,21.3074,3.0,,CSN,CSN_5512
,-19.772531,-71.014086,25.4526,3.4,,CSN,CSN_5513
,-19.793704,-70.960218,15.4056,4.7,,CSN,CSN_5514
,-19.764801,-71.014175,31.7766,5.3,,CSN,CSN_5515
,-19.765823,-70.947185,26.9202,3.1,,CSN,CSN_5516
,-19.827981,-71.024873,15.2458,3.2,,CSN,CSN_5517
,-19.862002,-70.959128,23.076,3.5,,CSN,CSN_5519
,-19.890775,-71.088773,26.3492,3.5,,CSN,CSN_5520
,-19.873694,-70.949745,24.781,3.8,,CSN,CSN_5521
,-19.794917,-70.920322,35.1293,3.0,,CSN,CSN_5522
,-19.700428,-71.082803,28.1672,3.1,,CSN,CSN_5523
,-19.700338,-71.009117,23.9613,3.4,,CSN,CSN_5524
,-19.839175,-70.8589,22.6209,3.3,,CSN,CSN_5525
,-20.005586,-71.053754,30.0571,3.8,,CSN,CSN_5526
,-20.07884,-70.843076,20.0276,3.3,,CSN,CSN_5529
,-20.090074,-70.820913,18.0845,3.0,,CSN,CSN_5530
,-19.891262,-71.079967,25.9172,3.1,,CSN,CSN_5532
,-19.685775,-71.045235,21.3559,3.7,,CSN,CSN_5535
,-19.700612,-71.039621,20.7919,4.1,,CSN,CSN_5536
,-19.674947,-70.971405,24.3397,3.4,,CSN,CSN_5537
,-20.201723,-70.893421,26.2734,4.1,,CSN,CSN_5538
,-20.206212,-70.881414,21.3737,3.4,,CSN,CSN_5539
,-19.892344,-70.931015,23.5372,3.0,,CSN,CSN_5540
,-19.910639,-70.980445,21.9762,3.0,,CSN,CSN_5541
,-20.149006,-70.918008,21.7392,3.5,,CSN,CSN_5544
,-19.881042,-70.883073,2.5361,3.1,,CSN,CSN_5545
,-19.973875,-70.959965,21.659,3.5,,CSN,CSN_5550
,-19.992128,-70.940733,23.9269,5.1,,CSN,CSN_5551
,-19.972721,-70.915966,36.3688,3.8,,CSN,CSN_5552
,-19.710638,-70.953748,22.318,3.0,,CSN,CSN_5554
,-19.741553,-71.042964,25.5668,3.1,,CSN,CSN_5557
,-20.06878,-70.894128,14.9327,4.1,,CSN,CSN_5560
,-19.893758,-71.026958,23.8211,3.4,,CSN,CSN_5561
,-19.860417,-70.912806,20.4924,3.2,,CSN,CSN_5564
,-20.008007,-70.983723,23.7892,5.2,,CSN,CSN_5565
,-19.996459,-70.987348,14.1457,3.4,,CSN,CSN_5566
,-20.059591,-71.001511,16.0941,3.0,,CSN,CSN_5567
,-20.014576,-70.97648,10.595,3.7,,CSN,CSN_5568
,-20.017695,-71.030203,26.5628,4.8,,CSN,CSN_5570
,-19.964568,-70.959887,22.202,4.1,,CSN,CSN_5572
,-19.999685,-70.921225,18.5798,3.5,,CSN,CSN_5573
,-19.991218,-70.948326,20.5788,3.8,,CSN,CSN_5574
,-20.234693,-70.891732,16.799,3.8,,CSN,CSN_5575
,-20.211053,-70.858276,21.4208,4.2,,CSN,CSN_5576
,-20.218146,-70.862693,19.8991,4.0,,CSN,CSN_5577
,-19.964196,-70.939066,22.4882,4.6,,CSN,CSN_5580
,-19.98861,-70.978469,21.6435,3.0,,CSN,CSN_5583
,-19.999613,-70.991337,22.8832,3.0,,CSN,CSN_5584
,-19.941885,-70.919249,22.7723,3.4,,CSN,CSN_5585
,-19.865701,-70.925811,19.6221,3.1,,CSN,CSN_5587
,-20.018876,-70.813551,36.8656,4.0,,CSN,CSN_5589
,-19.883028,-71.035292,26.7352,3.9,,CSN,CSN_5590
,-19.705349,-71.121845,17.2652,3.2,,CSN,CSN_5592
,-19.693563,-71.093089,29.3496,3.9,,CSN,CSN_5593
,-19.664104,-71.050108,22.368,3.1,,CSN,CSN_5599
,-19.969472,-70.943475,20.798,3.3,,CSN,CSN_5600
,-20.142707,-70.853068,22.4648,3.4,,CSN,CSN_5601
,-19.86846,-70.889744,28.4809,3.3,,CSN,CSN_5608
,-20.195321,-70.885692,20.1937,3.6,,CSN,CSN_5609
,-20.20885,-70.87248,15.0257,3.8,,CSN,CSN_5610
,-20.208968,-70.876677,20.8324,3.5,,CSN,CSN_5614
,-20.211954,-70.862014,20.2765,3.7,,CSN,CSN_5615
,-20.195375,-70.889737,19.6335,4.1,,CSN,CSN_5617
,-20.206677,-70.887059,20.0081,3.4,,CSN,CSN_5619
,-20.183027,-70.851062,24.8687,4.4,,CSN,CSN_5624
,-20.190256,-70.851693,21.0322,3.2,,CSN,CSN_5625
,-20.199143,-70.871886,16.8396,3.3,,CSN,CSN_5626
,-20.154186,-70.833985,22.7055,3.5,,CSN,CSN_5631
,-20.161114,-70.874777,21.4599,3.2,,CSN,CSN_5632
,-20.166516,-70.893486,17.3744,4.0,,CSN,CSN_5634
,-19.907231,-71.047166,26.49,4.2,,CSN,CSN_5635
,-19.933112,-71.039732,27.7492,3.7,,CSN,CSN_5637
,-19.897494,-70.98095,24.6929,3.2,,CSN,CSN_5638
,-19.757213,-70.948166,21.8351,3.2,,CSN,CSN_5639
,-19.741095,-70.946938,21.7243,3.2,,CSN,CSN_5640
,-19.755256,-70.95056,23.9535,3.4,,CSN,CSN_5641
,-19.728482,-70.974807,21.8657,3.5,,CSN,CSN_5642
,-19.977812,-70.875623,18.8802,4.2,,CSN,CSN_5643
,-19.705837,-71.021591,21.8574,3.4,,CSN,CSN_5644
,-19.670661,-70.990447,23.25,3.5,,CSN,CSN_5646
,-19.707431,-71.081149,19.4632,3.6,,CSN,CSN_5647
,-19.689888,-71.069109,20.9207,3.0,,CSN,CSN_5648
,-19.664464,-71.061294,20.434,3.3,,CSN,CSN_5649
,-19.900528,-71.020473,20.6885,3.2,,CSN,CSN_5650
,-20.076054,-70.935272,17.5048,4.3,,CSN,CSN_5651
,-19.899043,-71.060264,31.3286,3.2,,CSN,CSN_5652
,-19.846827,-70.924053,24.6202,3.3,,CSN,CSN_5656
,-19.891956,-70.943878,22.8054,4.9,,CSN,CSN_5657
,-19.713918,-70.903405,24.4951,3.6,,CSN,CSN_5659
,-19.882458,-71.086609,24.4656,5.2,,CSN,CSN_5660
,-19.885805,-71.039276,22.0023,3.3,,CSN,CSN_5661
,-19.926234,-71.095865,20.4386,4.3,,CSN,CSN_5662
,-19.873186,-71.020508,27.7008,3.6,,CSN,CSN_5664
,-19.877809,-71.049388,26.849,4.2,,CSN,CSN_5665
,-19.903072,-71.046301,25.6487,3.4,,CSN,CSN_5666
,-19.871339,-71.02565,30.5838,3.4,,CSN,CSN_5670
,-19.867957,-71.007965,26.8091,3.1,,CSN,CSN_5671
,-19.868657,-70.88838,23.6407,3.6,,CSN,CSN_5673
,-19.894881,-71.014488,20.2547,4.4,,CSN,CSN_5676
,-19.875171,-71.0566,28.4642,3.7,,CSN,CSN_5679
,-19.972719,-70.974319,24.3823,3.2,,CSN,CSN_5681
,-19.718419,-70.922365,32.8091,3.2,,CSN,CSN_5682
,-19.664675,-70.981247,26.0713,3.4,,CSN,CSN_5683
,-20.141794,-70.896925,20.1824,3.8,,CSN,CSN_5684
,-20.128273,-70.904377,21.5959,3.5,,CSN,CSN_5686
,-20.158545,-70.888091,19.6636,3.0,,CSN,CSN_5687
,-19.865476,-70.942365,23.5063,3.0,,CSN,CSN_5692
,-19.884882,-70.935526,24.0179,3.2,,CSN,CSN_5694
,-19.861212,-70.939306,21.3782,4.2,,CSN,CSN_5697
,-19.876661,-70.942068,16.5787,3.2,,CSN,CSN_5698
,-19.860267,-70.923019,22.3371,3.6,,CSN,CSN_5700
,-19.8585,-70.933678,20.6688,3.6,,CSN,CSN_5701
,-19.849458,-70.894813,23.0133,3.3,,CSN,CSN_5702
,-20.204124,-70.781446,23.8643,3.6,,CSN,CSN_5705
,-20.217476,-70.808667,15.9269,4.3,,CSN,CSN_5706
,-19.769628,-70.990304,21.3351,3.0,,CSN,CSN_5710
,-19.832298,-71.02468,10.506,3.1,,CSN,CSN_5711
,-19.977873,-70.956762,21.2714,3.6,,CSN,CSN_5712
,-20.021814,-70.884634,24.0073,3.8,,CSN,CSN_5716
,-20.057045,-70.872392,18.785,3.0,,CSN,CSN_5717
,-20.011591,-70.886812,22.8383,3.1,,CSN,CSN_5718
,-19.914545,-70.963261,20.8344,3.1,,CSN,CSN_5721
,-20.199854,-70.807063,42.7142,3.0,,CSN,CSN_5722
,-27.230448,-71.081043,3.1322,4.1,,CSN,CSN_5724
,-27.050393,-71.261747,26.9499,4.6,,CSN,CSN_5725
,-27.399731,-71.218976,27.6437,4.2,,CSN,CSN_5726
,-27.288744,-71.254407,14.927,4.2,,CSN,CSN_5727
,-26.966191,-71.153565,13.4686,4.5,,CSN,CSN_5728
,-26.988331,-71.229735,21.2485,3.3,,CSN,CSN_5729
,-27.009258,-71.194911,4.457,3.3,,CSN,CSN_5730
,-27.048668,-71.232589,10.923,5.3,,CSN,CSN_5731
,-27.079092,-71.186591,15.1182,3.1,,CSN,CSN_5732
,-27.053499,-71.212225,13.4456,4.0,,CSN,CSN_5733
,-27.05719,-71.191782,17.266,3.4,,CSN,CSN_5735
,-27.091781,-71.18674,14.0693,3.6,,CSN,CSN_5736
,-27.077371,-71.186515,7.6772,4.8,,CSN,CSN_5737
,-27.052899,-71.205928,16.4547,3.4,,CSN,CSN_5738
,-27.047693,-71.172721,15.6832,3.3,,CSN,CSN_5739
,-27.059286,-71.202845,12.7987,3.6,,CSN,CSN_5740
,-27.016593,-71.150895,20.1765,3.4,,CSN,CSN_5741
,-27.07871,-71.190269,13.6017,3.7,,CSN,CSN_5742
,-27.085438,-71.192057,3.2693,3.5,,CSN,CSN_5743
,-27.130412,-71.200054,12.899,3.7,,CSN,CSN_5744
,-27.063689,-71.195829,12.7164,4.5,,CSN,CSN_5745
,-27.223912,-71.146648,23.1633,4.3,,CSN,CSN_5746
,-27.038131,-71.265444,9.3841,4.1,,CSN,CSN_5747
,-27.181352,-71.21245,20.1484,3.6,,CSN,CSN_5748
,-27.09915,-71.291309,15.3705,3.6,,CSN,CSN_5749
,-27.10772,-71.336258,4.5279,4.7,,CSN,CSN_5750
,-27.143073,-71.137225,22.2951,3.6,,CSN,CSN_5751
,-27.118137,-71.205204,24.7924,4.8,,CSN,CSN_5752
,-27.151176,-71.173941,20.5933,3.5,,CSN,CSN_5753
,-27.11372,-71.099226,27.3602,4.5,,CSN,CSN_5754
,-27.076093,-71.160042,23.0773,3.8,,CSN,CSN_5755
,-27.118967,-71.068306,29.0027,4.5,,CSN,CSN_5756
,-27.134288,-71.104627,29.3145,3.7,,CSN,CSN_5757
,-27.086875,-71.053175,27.7411,3.3,,CSN,CSN_5758
,-27.018017,-71.173533,2.5506,3.4,,CSN,CSN_5759
,-27.219376,-71.325361,8.2378,3.6,,CSN,CSN_5760
,-27.127389,-71.295076,12.2124,4.1,,CSN,CSN_5761
,-27.246571,-71.355405,5.2901,3.6,,CSN,CSN_5762
,-27.262599,-71.327647,9.1463,3.9,,CSN,CSN_5763
,-27.24845,-71.298086,11.712,3.7,,CSN,CSN_5764
,-27.221688,-71.284001,10.8427,4.3,,CSN,CSN_5765
,-27.063792,-71.240407,11.7306,5.1,,CSN,CSN_5766
,-27.046328,-71.225116,18.6833,4.2,,CSN,CSN_5767
,-27.068136,-71.231623,4.7503,4.9,,CSN,CSN_5768
,-27.237146,-71.301805,4.0671,3.7,,CSN,CSN_5769
,-27.073481,-71.319467,4.565,6.3,,CSN,CSN_5770
,-27.129345,-71.12892,1.7273,5.3,,CSN,CSN_5771
,-27.094375,-71.252741,4.3097,4.8,,CSN,CSN_5772
,-27.055105,-71.171828,49.7539,5.5,,CSN,CSN_5773
,-27.217325,-71.230955,3.1709,5.6,,CSN,CSN_5774
,-27.206444,-71.268433,20.6867,3.9,,CSN,CSN_5775
,-27.25704,-71.198701,8.5691,3.3,,CSN,CSN_5776
,-27.315181,-71.283968,4.0143,5.3,,CSN,CSN_5777
,-27.089081,-71.233795,7.4861,4.6,,CSN,CSN_5778
,-27.250317,-71.183294,19.4869,3.6,,CSN,CSN_5779
,-27.207578,-71.16094,20.8715,5.5,,CSN,CSN_5780
,-27.308818,-71.266856,13.7116,3.1,,CSN,CSN_5781
,-27.225556,-71.175254,15.0521,5.0,,CSN,CSN_5782
,-27.120762,-71.148824,20.9941,3.8,,CSN,CSN_5783
,-27.228906,-71.286969,12.7368,3.5,,CSN,CSN_5784
,-27.285125,-71.374038,17.6148,3.5,,CSN,CSN_5785
,-27.300325,-71.317938,5.0619,4.4,,CSN,CSN_5786
,-27.167379,-71.367751,7.9538,3.9,,CSN,CSN_5787
,-27.130515,-71.362809,8.7335,4.1,,CSN,CSN_5789
,-27.254893,-71.298117,16.2638,3.4,,CSN,CSN_5790
,-27.248026,-71.277388,13.0394,3.4,,CSN,CSN_5791
,-27.257258,-71.261402,13.1297,3.6,,CSN,CSN_5792
,-27.223874,-71.239382,10.1715,4.0,,CSN,CSN_5793
,-27.056651,-71.220016,18.2778,3.3,,CSN,CSN_5795
,-27.218319,-71.25431,3.6722,4.7,,CSN,CSN_5796
,-27.276012,-71.233161,22.3416,3.9,,CSN,CSN_5797
,-27.400564,-71.23778,9.4715,4.0,,CSN,CSN_5798
,-27.105445,-71.101435,31.24,3.0,,CSN,CSN_5799
,-27.108194,-71.087763,32.5689,3.3,,CSN,CSN_5800
,-27.274026,-71.342993,3.7036,3.1,,CSN,CSN_5802
,-27.224711,-71.191248,13.0275,3.1,,CSN,CSN_5803
,-27.045516,-71.204683,8.9267,4.7,,CSN,CSN_5804
,-27.268881,-71.242229,12.0804,3.7,,CSN,CSN_5805
,-27.153319,-71.206374,16.3464,4.0,,CSN,CSN_5806
,-27.193401,-71.108131,22.6769,4.8,,CSN,CSN_5807
,-27.169504,-71.223017,12.4981,4.1,,CSN,CSN_5808
,-27.040087,-71.233101,15.8818,4.9,,CSN,CSN_5809
,-27.058095,-71.216271,15.1594,3.6,,CSN,CSN_5810
,-27.040094,-71.136637,18.1931,4.1,,CSN,CSN_5811
,-27.267134,-71.201968,24.9228,3.2,,CSN,CSN_5812
,-27.046717,-71.318169,16.1978,4.7,,CSN,CSN_5813
,-27.1581,-71.188121,11.4635,3.5,,CSN,CSN_5814
,-27.01424,-71.204506,2.8578,3.9,,CSN,CSN_5815
,-27.062495,-71.214797,14.8822,3.8,,CSN,CSN_5816
,-27.238065,-71.266814,20.4909,4.6,,CSN,CSN_5817
,-27.042487,-71.246968,15.1827,4.0,,CSN,CSN_5818
,-27.264945,-71.22798,11.1233,4.9,,CSN,CSN_5819
,-27.245456,-71.224818,3.3282,4.8,,CSN,CSN_5820
,-27.234201,-71.326798,12.8656,3.8,,CSN,CSN_5821
,-27.108906,-71.214724,15.0743,3.3,,CSN,CSN_5822
,-27.254225,-71.223764,20.1296,3.9,,CSN,CSN_5823
,-27.261071,-71.226567,17.0676,3.4,,CSN,CSN_5824
,-27.217882,-71.356441,4.0453,4.1,,CSN,CSN_5825
,-27.146318,-71.244812,19.2122,4.6,,CSN,CSN_5826
,-27.08405,-71.094368,23.1595,5.0,,CSN,CSN_5827
,-27.235869,-71.323052,4.132,3.6,,CSN,CSN_5828
,-27.259012,-71.284817,19.0849,4.1,,CSN,CSN_5829
,-27.293698,-71.307597,4.0569,3.2,,CSN,CSN_5830
,-27.344242,-71.120799,20.2238,3.5,,CSN,CSN_5831
,-27.247376,-71.253149,19.9085,3.9,,CSN,CSN_5832
,-27.065293,-71.174936,21.5857,4.4,,CSN,CSN_5833
,-27.154112,-71.160952,19.221,3.3,,CSN,CSN_5834
,-27.119729,-71.180371,21.1459,3.9,,CSN,CSN_5835
,-27.117233,-71.230246,7.6794,3.5,,CSN,CSN_5836
,-27.209275,-71.309735,13.0673,3.7,,CSN,CSN_5837
,-27.216627,-71.281331,14.5633,3.2,,CSN,CSN_5838
,-27.316855,-71.27504,3.7333,3.7,,CSN,CSN_5839
,-27.086834,-71.092857,41.2138,3.9,,CSN,CSN_5840
,-27.183166,-71.213513,35.5327,3.8,,CSN,CSN_5841
,-27.105789,-71.104163,23.3108,4.3,,CSN,CSN_5842
,-27.247358,-71.164046,8.7361,3.6,,CSN,CSN_5843
,-27.290799,-71.192647,3.6263,3.3,,CSN,CSN_5844
,-27.270142,-71.253935,54.9962,3.5,,CSN,CSN_5845
,-27.288828,-71.232694,54.0025,3.5,,CSN,CSN_5846
,-27.209385,-71.156096,48.7871,4.3,,CSN,CSN_5847
,-27.123527,-71.220141,18.4435,4.2,,CSN,CSN_5848
,-27.096117,-71.19394,40.6518,4.5,,CSN,CSN_5849
,-27.262512,-71.1458,59.7019,3.1,,CSN,CSN_5851
,-27.278604,-71.141432,15.0227,4.7,,CSN,CSN_5852
,-27.188319,-71.14495,26.6582,3.4,,CSN,CSN_5853
,-27.34039,-71.293836,41.495,5.0,,CSN,CSN_5854
,-27.121924,-71.054707,8.3431,3.4,,CSN,CSN_5856
,-27.384351,-71.356425,13.7151,3.1,,CSN,CSN_5857
,-27.319227,-71.277865,20.8679,3.8,,CSN,CSN_5859
,-27.249083,-71.280055,13.8873,4.6,,CSN,CSN_5862
,-27.292952,-71.271937,4.3347,4.1,,CSN,CSN_5863
,-27.255143,-71.274813,16.717,3.4,,CSN,CSN_5864
,-27.251294,-71.230888,4.3174,3.2,,CSN,CSN_5865
,-27.253699,-71.268386,11.3856,3.1,,CSN,CSN_5867
,-27.272826,-71.246456,8.8374,3.0,,CSN,CSN_5868
,-27.274694,-71.269015,8.8357,3.6,,CSN,CSN_5869
,-27.25991,-71.297946,17.9559,3.3,,CSN,CSN_5870
,-27.265085,-71.321589,11.573,3.2,,CSN,CSN_5872
,-27.2895,-71.246211,4.7063,3.7,,CSN,CSN_5874
,-27.303253,-71.229249,4.1164,3.2,,CSN,CSN_5875
,-27.250171,-71.282886,12.896,3.1,,CSN,CSN_5876
,-27.229185,-71.336176,15.4589,3.9,,CSN,CSN_5880
,-27.231471,-71.322995,18.038,3.4,,CSN,CSN_5881
,-27.271273,-71.326652,13.7149,3.3,,CSN,CSN_5882
,-27.222919,-71.335214,20.4598,3.0,,CSN,CSN_5883
,-27.231597,-71.357438,15.0898,3.6,,CSN,CSN_5884
,-27.128095,-71.210838,6.2309,4.7,,CSN,CSN_5886
,-27.126503,-71.220057,8.3539,4.0,,CSN,CSN_5887
,-27.113251,-71.220329,20.2574,4.8,,CSN,CSN_5888
,-27.106483,-71.20401,26.3454,4.2,,CSN,CSN_5890
,-27.123987,-71.281339,7.245,3.6,,CSN,CSN_5892
,-27.134347,-71.249212,13.7578,4.7,,CSN,CSN_5893
,-27.132137,-71.205902,15.2669,3.4,,CSN,CSN_5894
,-27.064499,-71.109496,29.8412,3.3,,CSN,CSN_5897
,-27.122618,-71.134316,31.8853,3.5,,CSN,CSN_5898
,-27.081759,-71.135024,27.2614,3.4,,CSN,CSN_5899
,-27.117645,-71.217254,23.4476,3.6,,CSN,CSN_5901
,-27.210033,-71.221603,19.619,4.7,,CSN,CSN_5903
,-27.212428,-71.191042,15.7512,3.0,,CSN,CSN_5905
,-27.182916,-71.096061,35.5373,3.3,,CSN,CSN_5906
,-27.349196,-71.217207,22.9347,4.1,,CSN,CSN_5907
,-28.379778,-71.19813,3.9883,3.2,,CSN,CSN_5908
,-28.656041,-71.362594,11.9629,3.3,,CSN,CSN_5909
,-28.894913,-71.387807,55.7762,3.8,,CSN,CSN_5911
,-28.835329,-71.349036,0.9654,3.4,,CSN,CSN_5912
,-28.603256,-71.3735,8.1788,3.9,,CSN,CSN_5913
,-28.56689,-71.467864,36.2844,4.2,,CSN,CSN_5914
,-28.928349,-71.38847,46.6082,3.1,,CSN,CSN_5915
,-28.100275,-71.239368,12.2329,5.1,,CSN,CSN_5916
,-28.89763,-71.44907,39.8939,3.5,,CSN,CSN_5917
,-28.752531,-71.476913,47.6965,4.1,,CSN,CSN_5919
,-28.804506,-71.362441,26.4726,3.3,,CSN,CSN_5920
,-28.522338,-71.160975,45.0346,3.1,,CSN,CSN_5921
,-28.929606,-71.392403,42.1938,3.3,,CSN,CSN_5922
,-28.773064,-71.280168,62.7981,3.8,,CSN,CSN_5923
,-28.682618,-71.343641,34.1636,4.0,,CSN,CSN_5924
,-28.637022,-71.346995,50.482,4.2,,CSN,CSN_5925
,-28.707621,-71.433724,11.1698,3.5,,CSN,CSN_5926
,-28.777204,-71.460177,23.1353,3.7,,CSN,CSN_5927
,-28.988815,-71.445246,34.7091,3.4,,CSN,CSN_5928
,-28.679275,-71.33906,51.8286,3.5,,CSN,CSN_5929
,-28.798831,-71.454136,10.8073,3.6,,CSN,CSN_5930
,-28.814488,-71.431105,39.7717,4.0,,CSN,CSN_5931
,-28.580982,-71.364423,9.7842,3.1,,CSN,CSN_5932
,-28.715761,-71.386934,3.8912,3.6,,CSN,CSN_5933
,-28.889583,-71.411706,19.9759,3.3,,CSN,CSN_5934
,-28.935176,-71.470186,33.3388,5.5,,CSN,CSN_5935
,-28.909416,-71.503362,41.9795,3.3,,CSN,CSN_5937
,-28.812393,-71.52836,14.5001,3.1,,CSN,CSN_5938
,-28.873362,-71.433235,30.6386,3.6,,CSN,CSN_5939
,-28.912261,-71.265321,58.0625,3.9,,CSN,CSN_5940
,-28.899062,-71.362939,59.5851,4.7,,CSN,CSN_5941
,-28.692117,-71.445908,14.5049,4.0,,CSN,CSN_5942
,-28.742992,-71.373446,29.9746,3.6,,CSN,CSN_5943
,-28.986586,-71.337656,36.3486,4.2,,CSN,CSN_5944
,-28.467325,-71.267353,31.9135,4.4,,CSN,CSN_5945
,-28.816726,-71.33586,50.4968,4.8,,CSN,CSN_5946
,-28.650364,-71.225092,56.2704,3.8,,CSN,CSN_5947
,-28.69772,-71.396052,34.1288,3.1,,CSN,CSN_5949
,-29.035581,-71.312682,43.6017,3.2,,CSN,CSN_5950
,-28.520325,-71.29795,38.3303,3.7,,CSN,CSN_5951
,-28.7265,-71.44922,35.9923,4.5,,CSN,CSN_5952
,-28.820619,-71.418405,38.4869,3.7,,CSN,CSN_5953
,-28.975702,-71.482667,42.8684,3.2,,CSN,CSN_5954
,-28.742025,-71.283365,32.1387,3.2,,CSN,CSN_5955
,-28.910893,-71.436242,33.3471,4.2,,CSN,CSN_5956
,-28.736396,-71.450825,31.107,3.5,,CSN,CSN_5957
,-28.450594,-71.295566,22.6842,3.5,,CSN,CSN_5958
,-28.939991,-71.260157,54.4406,3.0,,CSN,CSN_5961
,-28.836895,-71.495052,34.8647,3.4,,CSN,CSN_5962
,-28.874749,-71.528642,4.2953,3.1,,CSN,CSN_5963
,-28.918374,-71.313467,37.324,3.5,,CSN,CSN_5965
,-28.39487,-71.239306,43.7205,4.1,,CSN,CSN_5967
,-28.317047,-71.249391,28.2047,3.1,,CSN,CSN_5968
,-28.48592,-71.277352,29.9669,3.4,,CSN,CSN_5969
,-28.799334,-71.399302,42.1648,3.4,,CSN,CSN_5970
,-29.060325,-71.383271,33.2088,4.2,,CSN,CSN_5971
,-28.846201,-71.292053,31.3448,3.2,,CSN,CSN_5972
,-28.868258,-71.290977,52.1246,4.3,,CSN,CSN_5973
,-28.833141,-71.501786,1.1563,4.7,,CSN,CSN_5974
,-28.519926,-71.250695,39.0583,4.0,,CSN,CSN_5975
,-28.385371,-71.148292,23.6658,3.5,,CSN,CSN_5976
,-28.808162,-71.474755,33.2874,3.2,,CSN,CSN_5977
,-28.965768,-71.464593,1.3602,3.3,,CSN,CSN_5979
,-28.724544,-71.272881,30.9509,3.6,,CSN,CSN_5980
,-28.890151,-71.470822,22.0388,3.9,,CSN,CSN_5981
,-28.720427,-71.531656,37.415,4.1,,CSN,CSN_5982
,-28.318189,-71.297271,54.1397,3.9,,CSN,CSN_5983
,-28.634376,-71.378306,48.4002,3.6,,CSN,CSN_5984
,-28.711241,-71.348277,43.2751,3.8,,CSN,CSN_5985
,-28.793825,-71.474686,28.87,3.4,,CSN,CSN_5986
,-28.791797,-71.509663,45.2962,3.4,,CSN,CSN_5987
,-28.255829,-71.26601,26.8945,3.8,,CSN,CSN_5988
,-28.638182,-71.405954,44.419,3.7,,CSN,CSN_5989
,-28.845055,-71.388725,37.9358,4.3,,CSN,CSN_5990
,-28.917039,-71.423241,27.9964,4.7,,CSN,CSN_5991
,-28.574467,-71.212413,52.2715,4.6,,CSN,CSN_5993
,-28.803044,-71.523039,23.144,4.9,,CSN,CSN_5996
,-28.822258,-71.515709,25.8918,4.1,,CSN,CSN_5997
,-28.83697,-71.467874,24.214,3.3,,CSN,CSN_5998
,-28.486255,-71.224401,43.961,3.6,,CSN,CSN_5999
,-29.008433,-71.413822,21.2749,3.7,,CSN,CSN_6000
,-28.785134,-71.475967,30.7127,3.2,,CSN,CSN_6001
,-28.720441,-71.429374,27.1857,3.3,,CSN,CSN_6002
,-28.864651,-71.289924,45.1029,3.8,,CSN,CSN_6003
,-28.628684,-71.307264,41.6915,3.8,,CSN,CSN_6004
,-28.80262,-71.424359,34.2996,5.0,,CSN,CSN_6005
,-28.788544,-71.423136,39.2821,3.9,,CSN,CSN_6006
,-28.936646,-71.353925,49.7727,4.0,,CSN,CSN_6007
,-28.738102,-71.428822,23.3491,3.5,,CSN,CSN_6008
,-28.725778,-71.379626,36.2194,3.9,,CSN,CSN_6009
,-28.618087,-71.328433,10.6145,3.2,,CSN,CSN_6011
,-28.8466,-71.43731,16.9109,3.2,,CSN,CSN_6012
,-28.7116,-71.356554,27.4739,3.6,,CSN,CSN_6013
,-28.709369,-71.322719,36.98,3.0,,CSN,CSN_6014
,-29.049305,-71.403265,28.8146,3.7,,CSN,CSN_6015
,-28.621305,-71.494073,27.2921,5.1,,CSN,CSN_6016
,-28.843107,-71.402716,43.1353,5.0,,CSN,CSN_6018
,-28.592587,-71.184054,53.3448,3.1,,CSN,CSN_6019
,-28.770974,-71.389987,36.3431,3.1,,CSN,CSN_6020
,-28.624754,-71.522398,35.9576,3.7,,CSN,CSN_6021
,-28.529813,-71.252364,42.2006,3.0,,CSN,CSN_6024
,-28.838173,-71.357869,30.9527,3.7,,CSN,CSN_6025
,-28.802443,-71.428749,22.078,3.3,,CSN,CSN_6026
,-28.619784,-71.204705,52.6789,4.3,,CSN,CSN_6027
,-28.541357,-71.179479,50.4338,3.4,,CSN,CSN_6028
,-28.973586,-71.473464,13.0368,3.1,,CSN,CSN_6029
,-28.58293,-71.334398,42.6513,3.4,,CSN,CSN_6031
,-28.776037,-71.36877,33.8948,3.5,,CSN,CSN_6032
,-28.627505,-71.318747,41.4566,3.5,,CSN,CSN_6034
,-28.83108,-71.309824,44.3489,3.5,,CSN,CSN_6035
,-28.461362,-71.239223,26.9651,3.5,,CSN,CSN_6036
,-28.831474,-71.317809,54.0366,3.6,,CSN,CSN_6037
,-28.596897,-71.317743,16.6558,4.1,,CSN,CSN_6039
,-28.505176,-71.202625,50.8504,4.2,,CSN,CSN_6040
,-28.735308,-71.38311,35.0535,4.1,,CSN,CSN_6041
,-28.677404,-71.503983,18.2524,3.6,,CSN,CSN_6043
,-28.603344,-71.512502,20.3543,3.4,,CSN,CSN_6044
,-28.412734,-71.314942,26.9769,3.3,,CSN,CSN_6045
,-28.891476,-71.462059,12.6418,3.0,,CSN,CSN_6047
,-28.592813,-71.255994,44.1868,3.2,,CSN,CSN_6048
,-28.59429,-71.361419,23.9674,3.3,,CSN,CSN_6049
,-28.404151,-71.321271,3.9265,3.8,,CSN,CSN_6050
,-28.551958,-71.391509,23.3762,4.2,,CSN,CSN_6051
,-28.368648,-71.331035,31.7664,4.7,,CSN,CSN_6052
,-28.402988,-71.278414,37.8427,3.2,,CSN,CSN_6053
,-28.58759,-71.324121,50.9875,4.3,,CSN,CSN_6054
,-28.544832,-71.347446,51.4031,3.7,,CSN,CSN_6058
,-28.631578,-71.246498,30.3494,3.0,,CSN,CSN_6063
,-28.946036,-71.319922,53.4162,3.2,,CSN,CSN_6065
,-28.759811,-71.461071,34.1983,3.8,,CSN,CSN_6068
,-28.799115,-71.420922,31.5784,3.0,,CSN,CSN_6069
,-28.727325,-71.429277,6.3646,3.4,,CSN,CSN_6070
,-28.80645,-71.419768,46.7165,3.4,,CSN,CSN_6071
,-28.591651,-71.474115,14.1691,3.3,,CSN,CSN_6072
,-28.766815,-71.487997,25.0591,3.0,,CSN,CSN_6073
,-28.6291,-71.349215,37.2457,3.8,,CSN,CSN_6075
,-28.718946,-71.269861,45.8945,3.2,,CSN,CSN_6076
,-28.896712,-71.458113,28.861,3.2,,CSN,CSN_6077
,-28.388268,-71.193119,30.7481,4.5,,CSN,CSN_6078
,-28.706743,-71.411264,20.4736,3.0,,CSN,CSN_6079
,-28.718256,-71.398588,41.1557,4.2,,CSN,CSN_6080
,-28.533474,-71.359531,54.9039,3.4,,CSN,CSN_6082
,-28.441369,-71.328506,21.8593,3.7,,CSN,CSN_6085
,-28.436163,-71.344434,23.6809,4.0,,CSN,CSN_6086
,-28.988919,-71.48578,52.1544,4.0,,CSN,CSN_6087
,-28.532444,-71.165871,59.6319,3.3,,CSN,CSN_6088
,-28.511739,-71.251822,42.7663,3.0,,CSN,CSN_6090
,-28.708979,-71.379253,29.2202,3.2,,CSN,CSN_6092
,-28.501897,-71.198142,39.0367,3.3,,CSN,CSN_6093
,-28.327891,-71.204929,35.9725,3.5,,CSN,CSN_6094
,-28.846786,-71.476638,29.228,3.5,,CSN,CSN_6097
,-28.334819,-71.192406,38.1064,4.1,,CSN,CSN_6099
,-29.043337,-71.417955,49.7565,4.3,,CSN,CSN_6101
,-28.703865,-71.440529,27.6037,3.6,,CSN,CSN_6102
,-28.334684,-71.266161,32.9024,3.1,,CSN,CSN_6103
,-29.039304,-71.325616,40.3937,3.1,,CSN,CSN_6105
,-28.676039,-71.363848,46.2721,3.4,,CSN,CSN_6106
,-28.746532,-71.371367,33.4841,4.3,,CSN,CSN_6107
,-28.319243,-71.264236,24.1267,3.4,,CSN,CSN_6108
,-28.400033,-71.357784,34.3681,3.9,,CSN,CSN_6109
,-28.612401,-71.41578,32.1633,3.7,,CSN,CSN_6110
,-28.714775,-71.388293,31.1123,3.9,,CSN,CSN_6111
,-28.875011,-71.460364,31.7846,3.2,,CSN,CSN_6114
,-28.586331,-71.254643,34.762,3.3,,CSN,CSN_6115
,-28.859392,-71.297343,43.426,3.5,,CSN,CSN_6119
,-28.829119,-71.453771,39.1046,3.5,,CSN,CSN_6120
,-28.876529,-71.269823,51.3213,3.0,,CSN,CSN_6122
,-28.766248,-71.386018,16.9726,4.0,,CSN,CSN_6123
,-28.679508,-71.520471,10.4453,3.4,,CSN,CSN_6125
,-28.590921,-71.463639,20.0888,4.1,,CSN,CSN_6126
,-28.900554,-71.385827,56.0814,3.0,,CSN,CSN_6127
,-28.747138,-71.460073,25.7332,3.3,,CSN,CSN_6128
,-28.790567,-71.318226,43.3349,3.2,,CSN,CSN_6129
,-28.953824,-71.364613,38.1841,3.3,,CSN,CSN_6130
,-28.302098,-71.293915,23.5875,3.4,,CSN,CSN_6131
,-28.747386,-71.44534,22.9592,3.3,,CSN,CSN_6132
,-28.586988,-71.406837,35.8209,3.4,,CSN,CSN_6133
,-28.594669,-71.217575,55.2601,3.1,,CSN,CSN_6134
,-28.532197,-71.421929,18.1428,4.3,,CSN,CSN_6136
,-28.694585,-71.501722,22.8365,3.2,,CSN,CSN_6137
,-28.70857,-71.572768,16.1839,4.6,,CSN,CSN_6138
,-28.717565,-71.430772,27.0091,4.4,,CSN,CSN_6139
,-29.032031,-71.439312,46.2816,3.6,,CSN,CSN_6140
,-28.784184,-71.354888,29.9582,3.4,,CSN,CSN_6141
,-28.765498,-71.536794,26.4646,3.6,,CSN,CSN_6142
,-28.749403,-71.450006,43.0812,3.6,,CSN,CSN_6143
,-28.411173,-71.22171,36.8971,3.6,,CSN,CSN_6144
,-28.286939,-71.226835,44.6093,4.2,,CSN,CSN_6145
,-28.800248,-71.491741,32.1471,3.0,,CSN,CSN_6148
,-28.777969,-71.471835,38.1758,3.1,,CSN,CSN_6149
,-28.404702,-71.355079,25.1926,3.9,,CSN,CSN_6151
,-28.69409,-71.394461,15.6607,3.9,,CSN,CSN_6152
,-28.898077,-71.291374,61.7138,3.5,,CSN,CSN_6153
,-28.501873,-71.231857,46.4277,3.1,,CSN,CSN_6154
,-28.738628,-71.371844,46.5915,3.4,,CSN,CSN_6155
,-28.321338,-71.232809,59.1728,3.5,,CSN,CSN_6156
,-28.704593,-71.461867,50.7086,3.8,,CSN,CSN_6157
,-28.383317,-71.176178,37.0503,3.4,,CSN,CSN_6161
,-28.840373,-71.50926,21.9658,3.6,,CSN,CSN_6166
,-28.660687,-71.375749,32.1066,3.0,,CSN,CSN_6168
,-28.807569,-71.323154,38.5944,3.7,,CSN,CSN_6169
,-28.548574,-71.262305,42.8678,3.9,,CSN,CSN_6171
,-28.540673,-71.268444,43.3174,3.9,,CSN,CSN_6172
,-28.668535,-71.405271,26.9604,3.3,,CSN,CSN_6173
,-29.041532,-71.426363,53.5239,3.3,,CSN,CSN_6174
,-28.950994,-71.376465,33.2739,3.2,,CSN,CSN_6177
,-28.413167,-71.332546,32.337,3.4,,CSN,CSN_6178
,-28.942116,-71.381131,33.2632,3.5,,CSN,CSN_6179
,-28.46956,-71.351261,25.9359,3.7,,CSN,CSN_6180
,-28.819816,-71.278481,49.346,3.1,,CSN,CSN_6181
,-28.705382,-71.557787,25.1602,3.0,,CSN,CSN_6182
,-28.86005,-71.482037,38.6443,3.4,,CSN,CSN_6183
,-28.744717,-71.513698,19.0352,5.2,,CSN,CSN_6184
,-28.737395,-71.457948,27.77,3.3,,CSN,CSN_6185
,-28.706329,-71.541341,20.024,4.0,,CSN,CSN_6186
,-28.746508,-71.402024,24.6478,3.1,,CSN,CSN_6188
,-28.720526,-71.504453,30.0126,3.3,,CSN,CSN_6189
,-28.939063,-71.484838,30.9007,3.5,,CSN,CSN_6190
,-28.775547,-71.338982,11.8998,4.6,,CSN,CSN_6191
,-28.738208,-71.53238,12.1705,3.3,,CSN,CSN_6192
,-28.500484,-71.161627,50.2043,3.4,,CSN,CSN_6199
,-28.766523,-71.469527,12.3758,3.1,,CSN,CSN_6200
,-28.846639,-71.313157,24.281,3.1,,CSN,CSN_6201
,-28.941921,-71.477862,28.1899,3.4,,CSN,CSN_6202
,-28.648583,-71.31555,40.8263,3.1,,CSN,CSN_6203
,-28.922826,-71.564429,50.1331,3.3,,CSN,CSN_6204
,-28.932762,-71.516147,17.3137,3.1,,CSN,CSN_6205
,-28.831408,-71.425926,33.8874,5.1,,CSN,CSN_6206
,-28.977462,-71.440588,17.8979,3.1,,CSN,CSN_6207
,-28.658692,-71.348407,29.4767,3.3,,CSN,CSN_6209
,-28.703498,-71.413377,24.849,3.8,,CSN,CSN_6210
,-28.977818,-71.477112,9.2661,3.3,,CSN,CSN_6212
,-28.977351,-71.487262,19.6844,3.3,,CSN,CSN_6213
,-28.864404,-71.45029,29.0792,3.8,,CSN,CSN_6214
,-28.456555,-71.315872,31.1348,3.0,,CSN,CSN_6216
,-28.758491,-71.474715,21.4307,3.3,,CSN,CSN_6217
,-28.726115,-71.401263,21.1727,3.0,,CSN,CSN_6218
,-28.690821,-71.403942,55.0154,3.9,,CSN,CSN_6220
,-28.920308,-71.427381,31.9777,3.1,,CSN,CSN_6221
,-28.832215,-71.332826,42.2668,3.5,,CSN,CSN_6222
,-28.936611,-71.390053,44.9533,3.2,,CSN,CSN_6223
,-28.571221,-71.283363,42.6615,3.4,,CSN,CSN_6224
,-29.035444,-71.411883,30.2724,3.1,,CSN,CSN_6225
,-28.575114,-71.415583,19.3108,3.0,,CSN,CSN_6226
,-28.89184,-71.477726,25.2141,4.6,,CSN,CSN_6228
,-29.034403,-71.328111,28.6197,4.1,,CSN,CSN_6230
,-29.029242,-71.309792,34.4128,3.5,,CSN,CSN_6231
,-28.940742,-71.349301,34.0172,3.1,,CSN,CSN_6232
,-28.856706,-71.45079,26.6931,3.3,,CSN,CSN_6233
,-28.589502,-71.374209,24.1699,3.6,,CSN,CSN_6236
,-28.872861,-71.449146,16.1415,4.8,,CSN,CSN_6240
,-28.85092,-71.432326,31.5524,3.2,,CSN,CSN_6241
,-28.861889,-71.445491,29.5004,3.0,,CSN,CSN_6242
,-28.629885,-71.35992,56.0648,3.3,,CSN,CSN_6243
,-28.860795,-71.447143,29.4625,3.5,,CSN,CSN_6244
,-28.858691,-71.492022,30.29,3.5,,CSN,CSN_6245
,-28.828014,-71.446815,35.7979,4.1,,CSN,CSN_6247
,-28.424828,-71.333919,35.1386,4.2,,CSN,CSN_6248
,-28.854395,-71.442192,33.541,4.1,,CSN,CSN_6249
,-28.777117,-71.425715,26.5344,3.3,,CSN,CSN_6250
,-28.763083,-71.469957,21.3305,3.0,,CSN,CSN_6251
,-28.828202,-71.431098,2.9786,3.0,,CSN,CSN_6253
,-28.898502,-71.447688,29.5748,3.9,,CSN,CSN_6254
,-28.594904,-71.334483,40.6788,3.1,,CSN,CSN_6256
,-28.914891,-71.401472,31.5653,3.7,,CSN,CSN_6258
,-28.951183,-71.391971,30.5061,5.1,,CSN,CSN_6260
,-28.94025,-71.380788,37.4975,3.8,,CSN,CSN_6261
,-28.687592,-71.396229,34.5661,3.1,,CSN,CSN_6262
,-28.802286,-71.464633,27.9824,3.2,,CSN,CSN_6264
,-28.455714,-71.358517,32.1908,4.3,,CSN,CSN_6267
,-28.712515,-71.482538,28.6798,4.8,,CSN,CSN_6269
,-28.728745,-71.533299,13.2518,5.0,,CSN,CSN_6270
,-28.709658,-71.484168,26.1377,3.5,,CSN,CSN_6271
,-28.640318,-71.413636,33.081,3.1,,CSN,CSN_6272
,-28.711371,-71.448299,26.3393,3.4,,CSN,CSN_6273
,-28.670806,-71.428601,24.5112,3.6,,CSN,CSN_6274
,-28.893683,-71.366821,44.7846,3.6,,CSN,CSN_6275
,-28.425967,-71.347281,32.4438,3.8,,CSN,CSN_6277
,-28.815914,-71.479812,25.4609,4.1,,CSN,CSN_6278
,-28.688846,-71.353312,32.0438,3.2,,CSN,CSN_6280
,-28.648383,-71.283369,43.8287,3.0,,CSN,CSN_6282
,-28.474426,-71.225451,41.6818,5.3,,CSN,CSN_6283
,-28.494644,-71.193628,40.7818,4.4,,CSN,CSN_6284
,-28.475339,-71.182043,39.2559,3.1,,CSN,CSN_6285
,-28.695708,-71.424575,24.9354,3.2,,CSN,CSN_6289
,-28.724445,-71.485976,26.9762,3.4,,CSN,CSN_6290
,-28.683675,-71.42125,21.2064,3.3,,CSN,CSN_6291
,-28.868365,-71.557766,52.8211,3.4,,CSN,CSN_6292
,-28.473659,-71.200552,39.0229,4.1,,CSN,CSN_6298
,-28.251225,-71.187184,36.177,3.8,,CSN,CSN_6300
,-28.844775,-71.28305,46.6169,3.6,,CSN,CSN_6304
,-28.895483,-71.402642,36.8398,3.4,,CSN,CSN_6307
,-28.333318,-71.313995,27.5711,3.4,,CSN,CSN_6308
,-28.336612,-71.286026,27.8066,4.4,,CSN,CSN_6309
,-28.344588,-71.259025,29.8023,4.1,,CSN,CSN_6311
,-28.338778,-71.297444,27.6962,3.0,,CSN,CSN_6313
,-28.325364,-71.257842,28.4038,3.1,,CSN,CSN_6314
,-28.831403,-71.353032,32.0213,3.1,,CSN,CSN_6315
,-28.727935,-71.414035,26.3929,3.0,,CSN,CSN_6316
,-28.842034,-71.492515,27.9579,3.0,,CSN,CSN_6319
,-28.768894,-71.442824,29.4465,3.4,,CSN,CSN_6320
,-28.77665,-71.432169,24.9721,4.0,,CSN,CSN_6321
,-28.778712,-71.470625,25.1067,4.0,,CSN,CSN_6322
,-28.760923,-71.401725,27.8385,3.0,,CSN,CSN_6323
,-28.313219,-71.241837,54.3949,4.3,,CSN,CSN_6327
,-28.34528,-71.200462,41.5554,3.5,,CSN,CSN_6331
,-28.486596,-71.200645,42.0344,3.4,,CSN,CSN_6332
,-28.343878,-71.309602,25.3401,3.0,,CSN,CSN_6333
,-28.576073,-71.463634,20.9689,3.2,,CSN,CSN_6337
,-28.397648,-71.270921,37.5047,3.9,,CSN,CSN_6341
,-28.690286,-71.334171,31.9204,3.4,,CSN,CSN_6342
,-28.844982,-71.42583,28.4846,3.0,,CSN,CSN_6343
,-28.771004,-71.485833,32.1634,3.9,,CSN,CSN_6344
,-28.953983,-71.486255,38.1016,3.6,,CSN,CSN_6345
,-28.712557,-71.407415,9.79,3.4,,CSN,CSN_6349
,-28.987867,-71.405249,51.6521,3.0,,CSN,CSN_6350
,-28.380176,-71.237092,37.659,3.0,,CSN,CSN_6353
,-28.596806,-71.370434,37.4501,3.1,,CSN,CSN_6354
,-28.864923,-71.32462,42.3737,4.0,,CSN,CSN_6356
,-28.457134,-71.290358,34.1223,3.9,,CSN,CSN_6357
,-28.788989,-71.425762,29.0318,3.0,,CSN,CSN_6361
,-28.946202,-71.371459,34.5879,3.5,,CSN,CSN_6363
,-28.804837,-71.326419,33.3478,3.1,,CSN,CSN_6366
,-28.321885,-71.187944,41.7598,3.0,,CSN,CSN_6368
,-28.634699,-71.357316,25.3649,3.2,,CSN,CSN_6373
,-28.70431,-71.400371,16.3951,4.0,,CSN,CSN_6375
,-28.940943,-71.422623,29.7381,3.3,,CSN,CSN_6379
,-28.949322,-71.351111,31.8927,3.7,,CSN,CSN_6381
,-28.318713,-71.258244,30.2113,3.3,,CSN,CSN_6388
,-28.794415,-71.549214,40.2691,5.0,,CSN,CSN_6392
,-28.897405,-71.372345,56.4823,3.1,,CSN,CSN_6396
,-28.78076,-71.545349,21.6875,3.6,,CSN,CSN_6397
,-28.679039,-71.247865,39.3926,3.3,,CSN,CSN_6403
,-28.70786,-71.449942,20.4832,3.2,,CSN,CSN_6409
,-28.861441,-71.450749,28.5317,3.1,,CSN,CSN_6410
,-28.347811,-71.235262,29.2346,3.1,,CSN,CSN_6414
,-28.417241,-71.265995,0.1139,3.2,,CSN,CSN_6415
,-28.655443,-71.449933,15.5746,3.3,,CSN,CSN_6418
,-28.798549,-71.452395,27.7998,3.0,,CSN,CSN_6419
,-28.401238,-71.288083,33.4681,3.1,,CSN,CSN_6420
,-28.404396,-71.2896,32.789,3.1,,CSN,CSN_6421
,-28.315988,-71.275506,50.8677,3.0,,CSN,CSN_6422
,-28.363041,-71.260152,26.641,3.3,,CSN,CSN_6423
,-28.622896,-71.443933,37.7229,3.4,,CSN,CSN_6429
,-28.276059,-71.170179,29.4522,3.3,,CSN,CSN_6438
,-28.537949,-71.286805,39.4326,3.0,,CSN,CSN_6440
,-28.751907,-71.499224,32.542,3.0,,CSN,CSN_6441
,-28.36808,-71.180562,31.9855,3.7,,CSN,CSN_6442
,-28.643496,-71.267037,42.8599,3.0,,CSN,CSN_6445
,-28.67023,-71.421462,22.3695,3.1,,CSN,CSN_6448
,-28.901093,-71.397873,30.3791,4.1,,CSN,CSN_6449
,-28.739033,-71.447157,26.1156,3.4,,CSN,CSN_6452
,-28.725589,-71.448171,22.3325,3.4,,CSN,CSN_6456
,-28.485919,-71.342332,26.7048,3.1,,CSN,CSN_6457
,-28.492795,-71.337255,12.9961,3.6,,CSN,CSN_6458
,-28.720387,-71.492994,19.7783,3.1,,CSN,CSN_6459
,-28.648039,-71.441232,11.3893,3.0,,CSN,CSN_6461
,-28.431941,-71.273904,36.9278,3.7,,CSN,CSN_6462
,-28.851385,-71.464357,27.5751,3.1,,CSN,CSN_6465
,-28.508972,-71.342132,43.6396,4.7,,CSN,CSN_6467
,-28.507978,-71.394882,40.334,4.7,,CSN,CSN_6468
,-28.859648,-71.484795,12.1411,3.0,,CSN,CSN_6469
,-28.676565,-71.40783,33.7411,4.4,,CSN,CSN_6471
,-28.402536,-71.23203,36.0772,3.0,,CSN,CSN_6473
,-28.643534,-71.376219,26.3045,3.9,,CSN,CSN_6475
,-28.718288,-71.460591,14.7264,3.9,,CSN,CSN_6476
,-28.477851,-71.292251,38.3122,3.1,,CSN,CSN_6478
,-28.952513,-71.479835,29.9152,3.0,,CSN,CSN_6479
,-28.858458,-71.41925,32.9236,3.2,,CSN,CSN_6480
,-28.745842,-71.465311,29.6821,3.0,,CSN,CSN_6481
,-28.591529,-71.336118,39.873,3.3,,CSN,CSN_6484
,-28.777261,-71.358199,52.5766,3.0,,CSN,CSN_6487
,-28.652093,-71.380559,17.1655,3.7,,CSN,CSN_6490
,-28.665262,-71.408336,27.7464,3.7,,CSN,CSN_6491
,-28.623265,-71.428701,25.5902,3.1,,CSN,CSN_6492
,-28.782815,-71.454346,28.5129,3.4,,CSN,CSN_6493
,-28.712337,-71.314647,30.0581,3.1,,CSN,CSN_6495
,-28.912611,-71.323823,34.9736,3.7,,CSN,CSN_6499
,-28.620736,-71.395236,28.1385,3.5,,CSN,CSN_6500
,-28.00988,-71.36977,2.7581,4.7,,CSN,CSN_6502
,-27.852503,-71.075221,1.708,4.4,,CSN,CSN_6503
,-27.920609,-71.270544,35.4433,3.1,,CSN,CSN_6504
,-27.964231,-71.210602,31.7933,4.5,,CSN,CSN_6505
,-27.880037,-71.331236,19.9643,3.4,,CSN,CSN_6506
,-27.934817,-71.362847,15.7215,3.8,,CSN,CSN_6507
,-27.961191,-71.271008,3.5669,3.0,,CSN,CSN_6508
,-27.894833,-71.066859,33.9871,3.6,,CSN,CSN_6509
,-27.915365,-71.233108,22.9426,4.4,,CSN,CSN_6510
,-27.982807,-71.366192,3.8327,4.6,,CSN,CSN_6511
,-27.937492,-71.241477,30.0032,3.1,,CSN,CSN_6512
,-27.935317,-71.375653,23.1182,3.4,,CSN,CSN_6513
,-27.899811,-71.073726,54.9017,3.5,,CSN,CSN_6514
,-27.984937,-71.157136,64.2984,4.2,,CSN,CSN_6515
,-27.919978,-71.153194,19.827,4.1,,CSN,CSN_6516
,-27.902417,-71.302971,24.1212,3.8,,CSN,CSN_6517
,-27.954398,-71.371463,11.4183,3.7,,CSN,CSN_6518
,-28.02054,-71.281367,21.2441,4.3,,CSN,CSN_6520
,-27.980068,-71.154767,7.4048,3.3,,CSN,CSN_6521
,-27.854301,-71.096515,25.8596,3.7,,CSN,CSN_6522
,-27.923994,-71.198642,16.9238,3.6,,CSN,CSN_6524
,-27.909953,-71.323924,8.4864,4.5,,CSN,CSN_6525
,-28.027448,-71.148144,37.0778,3.1,,CSN,CSN_6526
,-27.839167,-71.019421,45.5645,3.7,,CSN,CSN_6527
,-27.964604,-71.361448,11.7134,3.1,,CSN,CSN_6528
,-28.004849,-71.381056,15.7627,3.8,,CSN,CSN_6529
,-27.998337,-71.335837,43.635,5.6,,CSN,CSN_6530
,-28.00823,-71.24117,0.6007,3.0,,CSN,CSN_6531
,-27.877876,-71.019214,34.0441,3.1,,CSN,CSN_6532
,-27.927403,-71.267007,13.335,3.8,,CSN,CSN_6535
,-27.837045,-71.09146,46.7245,3.2,,CSN,CSN_6538
,-27.908651,-71.013545,45.6758,3.1,,CSN,CSN_6539
,-27.95335,-71.232048,13.3844,3.5,,CSN,CSN_6540
,-27.922941,-71.184419,20.7301,3.6,,CSN,CSN_6542
,-27.900965,-71.056556,36.4318,3.5,,CSN,CSN_6543
,-27.970312,-71.15084,47.2037,3.4,,CSN,CSN_6544
,-27.945222,-71.167866,14.0776,4.3,,CSN,CSN_6545
,-27.958008,-71.348258,7.4899,5.6,,CSN,CSN_6547
,-28.000714,-71.318528,17.1752,4.3,,CSN,CSN_6548
,-28.002124,-71.271462,16.1558,3.8,,CSN,CSN_6549
,-27.99279,-71.34148,6.7529,3.3,,CSN,CSN_6550
,-27.94256,-71.090269,43.9264,4.4,,CSN,CSN_6552
,-28.056964,-71.285007,14.4845,3.1,,CSN,CSN_6553
,-27.95549,-71.292201,15.3963,4.2,,CSN,CSN_6557
,-27.97254,-71.189235,34.6546,3.8,,CSN,CSN_6558
,-28.029755,-71.2536,28.6232,3.2,,CSN,CSN_6559
,-27.951087,-71.389687,18.9625,3.9,,CSN,CSN_6561
,-27.979494,-71.345891,4.9965,3.0,,CSN,CSN_6562
,-27.944207,-71.271435,21.4061,3.1,,CSN,CSN_6563
,-27.962015,-71.249587,4.7573,3.3,,CSN,CSN_6564
,-27.961918,-71.267901,28.6936,3.5,,CSN,CSN_6565
,-28.018258,-71.236278,9.1619,3.0,,CSN,CSN_6566
,-28.008942,-71.247525,29.4169,3.3,,CSN,CSN_6567
,-27.942846,-71.217561,54.1995,5.2,,CSN,CSN_6568
,-27.918153,-71.383099,14.9862,3.2,,CSN,CSN_6569
,-27.97535,-71.06016,53.1877,3.2,,CSN,CSN_6570
,-27.870151,-71.056875,21.7704,4.5,,CSN,CSN_6571
,-27.988091,-71.296979,7.2871,3.1,,CSN,CSN_6573
,-27.937727,-71.195698,36.0767,3.0,,CSN,CSN_6575
,-28.041649,-71.321739,14.3108,3.7,,CSN,CSN_6576
,-27.922853,-71.099362,58.3074,4.3,,CSN,CSN_6578
,-27.908374,-71.099726,32.2916,4.5,,CSN,CSN_6580
,-27.980828,-71.16627,29.4773,3.0,,CSN,CSN_6581
,-27.920804,-71.182443,24.5438,3.6,,CSN,CSN_6582
,-28.0061,-71.162654,29.3593,3.5,,CSN,CSN_6584
,-28.022584,-71.237915,24.858,3.0,,CSN,CSN_6585
,-27.976337,-71.308004,28.8537,3.9,,CSN,CSN_6587
,-28.061065,-71.154938,27.6215,3.3,,CSN,CSN_6588
,-27.894513,-71.149901,24.2608,3.2,,CSN,CSN_6590
,-27.9095,-71.171605,52.3494,4.9,,CSN,CSN_6592
,-27.850525,-71.090405,29.2337,5.3,,CSN,CSN_6593
,-28.051394,-71.13098,31.0748,3.9,,CSN,CSN_6594
,-28.000678,-71.199353,36.9556,3.6,,CSN,CSN_6595
,-27.874875,-71.228999,36.7437,3.5,,CSN,CSN_6596
,-27.986242,-71.290971,18.6813,3.8,,CSN,CSN_6598
,-27.930811,-71.196382,25.0271,4.7,,CSN,CSN_6602
,-27.99363,-71.183075,25.4679,4.2,,CSN,CSN_6603
,-27.892503,-71.082027,27.198,3.0,,CSN,CSN_6604
,-27.961599,-71.375329,27.6716,4.1,,CSN,CSN_6605
,-27.923915,-71.142578,22.1568,4.2,,CSN,CSN_6606
,-27.895525,-71.294279,18.3309,4.9,,CSN,CSN_6611
,-27.888946,-71.141343,20.5038,3.1,,CSN,CSN_6613
,-27.921349,-71.206398,21.2994,3.8,,CSN,CSN_6614
,-27.929399,-71.153665,25.5263,3.0,,CSN,CSN_6615
,-27.913641,-71.090305,27.6078,3.5,,CSN,CSN_6617
,-27.852433,-71.047112,31.2552,4.6,,CSN,CSN_6618
,-27.899723,-71.305765,48.1609,3.0,,CSN,CSN_6620
,-27.922235,-71.096488,29.046,3.1,,CSN,CSN_6621
,-27.949014,-71.189202,36.8717,4.8,,CSN,CSN_6622
,-27.95197,-71.123856,23.4815,3.4,,CSN,CSN_6623
,-27.909036,-71.165994,40.1447,3.4,,CSN,CSN_6624
,-28.006096,-71.019848,44.35,3.1,,CSN,CSN_6629
,-28.024934,-71.245457,25.6285,3.8,,CSN,CSN_6630
,-27.896925,-71.082417,25.9243,3.1,,CSN,CSN_6632
,-28.028003,-71.237132,25.1754,3.1,,CSN,CSN_6637
,-27.897884,-71.162845,37.9443,3.2,,CSN,CSN_6638
,-28.034236,-71.159327,26.4699,4.0,,CSN,CSN_6640
,-28.011385,-71.344643,19.4646,3.4,,CSN,CSN_6641
,-28.050495,-71.224061,30.7218,4.2,,CSN,CSN_6642
,-28.046318,-71.243372,27.3068,3.1,,CSN,CSN_6643
,-28.009318,-71.131168,30.6716,4.1,,CSN,CSN_6644
,-27.879324,-71.144274,25.5169,4.6,,CSN,CSN_6647
,-27.885009,-71.079382,26.2305,3.9,,CSN,CSN_6648
,-27.992991,-71.13514,29.1618,3.3,,CSN,CSN_6650
,-28.055019,-71.208464,25.73,3.7,,CSN,CSN_6653
,-28.063641,-71.196487,26.8263,3.0,,CSN,CSN_6654
,-28.047537,-71.300518,28.3085,3.0,,CSN,CSN_6656
,-27.896328,-71.21717,24.4325,3.0,,CSN,CSN_6657
,-27.928729,-71.218842,24.1242,3.6,,CSN,CSN_6661
,-27.943447,-71.048777,21.404,3.3,,CSN,CSN_6662
,-28.025687,-71.238129,33.5366,3.7,,CSN,CSN_6665
,-27.916608,-71.059231,53.805,3.2,,CSN,CSN_6666
,-27.895351,-71.250484,20.97,3.9,,CSN,CSN_6670
,-27.892396,-71.10992,24.7313,3.1,,CSN,CSN_6671
,-27.99042,-71.199351,30.6772,3.2,,CSN,CSN_6674
,-27.908912,-71.265072,30.5756,4.9,,CSN,CSN_6676
,-27.900964,-71.256426,30.6161,4.2,,CSN,CSN_6678
,-27.885648,-71.280524,30.5051,3.3,,CSN,CSN_6679
,-27.891255,-71.111563,18.0994,3.2,,CSN,CSN_6682
,-27.99957,-71.127555,28.1726,3.5,,CSN,CSN_6683
,-27.949962,-71.260282,24.7207,3.0,,CSN,CSN_6684
,-33.797954,-71.288248,59.9685,4.3,,CSN,CSN_6691
,-33.805291,-71.296444,47.2206,3.4,,CSN,CSN_6695
,-33.954739,-71.502545,50.9262,3.1,,CSN,CSN_6702
,-33.915473,-71.334224,51.1124,4.3,,CSN,CSN_6703
,-33.926917,-71.465325,47.3474,3.5,,CSN,CSN_6704
,-33.823212,-71.465891,54.6428,3.1,,CSN,CSN_6707
,-34.092251,-71.356711,54.3827,4.0,,CSN,CSN_6711
,-33.995567,-71.407074,62.1788,3.2,,CSN,CSN_6715
,-34.049761,-71.371547,59.1789,3.4,,CSN,CSN_6722
,-33.822368,-71.390259,54.7818,3.5,,CSN,CSN_6732
,-33.933812,-71.30873,52.0988,4.0,,CSN,CSN_6737
,-33.945284,-71.434451,55.2836,4.1,,CSN,CSN_6755
,-33.834966,-71.467343,36.9853,4.9,,CSN,CSN_6760
,-33.918854,-71.390076,55.8466,4.6,,CSN,CSN_6761
,-33.970044,-71.402818,49.4594,4.8,,CSN,CSN_6762
,-34.039192,-71.382156,46.019,3.4,,CSN,CSN_6763
,-34.034275,-71.388014,54.6689,5.2,,CSN,CSN_6764
,-33.96617,-71.471662,27.9537,3.4,,CSN,CSN_6765
,-34.028189,-71.433362,40.4059,3.6,,CSN,CSN_6766
,-33.909384,-71.415486,56.8192,4.8,,CSN,CSN_6767
,-33.949555,-71.458043,51.5296,3.4,,CSN,CSN_6768
,-33.938627,-71.505784,46.7342,4.4,,CSN,CSN_6769
,-33.971414,-71.388643,41.9605,3.9,,CSN,CSN_6770
,-33.937165,-71.409853,43.9092,3.7,,CSN,CSN_6771
,-33.929873,-71.451729,47.0691,3.3,,CSN,CSN_6772
,-33.933091,-71.47819,46.6067,4.0,,CSN,CSN_6774
,-33.987118,-71.413958,49.8253,3.6,,CSN,CSN_6775
,-33.963829,-71.4524,41.9697,3.4,,CSN,CSN_6776
,-34.054968,-71.508136,38.7917,3.0,,CSN,CSN_6777
,-33.904129,-71.467023,43.7237,4.0,,CSN,CSN_6779
,-34.007794,-71.466994,47.6993,3.1,,CSN,CSN_6780
,-33.971062,-71.411335,46.6895,3.1,,CSN,CSN_6782
,-33.947812,-71.385481,49.3324,3.7,,CSN,CSN_6783
,-33.806614,-71.429111,46.1302,4.5,,CSN,CSN_6784
,-33.956061,-71.436481,45.5425,3.7,,CSN,CSN_6785
,-33.885121,-71.486061,47.2832,3.1,,CSN,CSN_6786
,-34.00042,-71.435429,47.8741,3.4,,CSN,CSN_6788
,-33.99492,-71.379151,49.4875,3.3,,CSN,CSN_6789
,-33.996342,-71.561056,41.9861,3.6,,CSN,CSN_6790
,-33.862616,-71.515098,18.9855,3.2,,CSN,CSN_6793
,-33.983117,-71.460298,48.7206,4.0,,CSN,CSN_6794
,-34.060461,-71.496292,52.6256,3.5,,CSN,CSN_6795
,-33.880293,-71.432767,55.6626,3.9,,CSN,CSN_6801
,-33.939212,-71.317011,52.6137,4.1,,CSN,CSN_6802
,-33.970114,-71.398045,54.4344,4.3,,CSN,CSN_6804
,-33.98403,-71.395055,45.3749,3.8,,CSN,CSN_6807
,-33.920911,-71.446983,46.0313,3.0,,CSN,CSN_6810
,-33.928448,-71.472235,47.6588,3.0,,CSN,CSN_6818
,-33.960527,-71.451862,42.69,3.1,,CSN,CSN_6819
,-33.992691,-71.419661,51.5608,3.6,,CSN,CSN_6820
,-33.997682,-71.582432,36.7948,4.1,,CSN,CSN_6821
,-34.0211,-71.452477,52.0417,3.1,,CSN,CSN_6822
,-33.95644,-71.496637,44.9146,3.3,,CSN,CSN_6824
,-34.040183,-71.479318,50.8767,3.1,,CSN,CSN_6825
,-33.795336,-71.359214,53.6631,3.6,,CSN,CSN_6826
,-33.910309,-71.448367,45.3231,3.0,,CSN,CSN_6827
,-33.979927,-71.533116,44.7386,3.5,,CSN,CSN_6828
,-33.96034,-71.584925,56.6269,3.0,,CSN,CSN_6829
,-33.939887,-71.337373,56.3035,3.9,,CSN,CSN_6830
,-34.016523,-71.421178,49.7253,3.3,,CSN,CSN_6833
,-33.934227,-71.505849,42.9913,3.8,,CSN,CSN_6834
,-33.951199,-71.278502,51.7299,3.3,,CSN,CSN_6835
,-33.927539,-71.465779,42.3544,4.7,,CSN,CSN_6836
,-33.899757,-71.508346,46.244,4.2,,CSN,CSN_6838
,-33.92654,-71.462044,46.569,3.5,,CSN,CSN_6839
,-33.919656,-71.442617,44.5728,3.0,,CSN,CSN_6842
,-34.003336,-71.461779,-0.2934,3.0,,CSN,CSN_6851
,-33.80352,-71.444161,45.7951,3.0,,CSN,CSN_6855
,-33.792595,-71.444171,44.4104,3.2,,CSN,CSN_6857
,-33.920558,-71.54086,44.3171,3.5,,CSN,CSN_6858
,-33.932455,-71.480478,46.835,3.3,,CSN,CSN_6860
,-33.75304,-71.424487,61.6842,3.9,,CSN,CSN_6862
,-33.918759,-71.33861,42.3111,3.7,,CSN,CSN_6864
,-33.911605,-71.513114,52.9885,3.0,,CSN,CSN_6865
,-33.811564,-71.447295,41.1029,3.2,,CSN,CSN_6869
,-33.985136,-71.513462,-0.2597,3.5,,CSN,CSN_6876
,-33.973831,-71.564927,43.0054,3.5,,CSN,CSN_6877
,-33.787095,-71.492441,51.0243,3.2,,CSN,CSN_6880
,-33.843102,-71.322051,57.765,3.0,,CSN,CSN_6884
,-33.929455,-71.467719,60.3567,3.2,,CSN,CSN_6887
,-33.992547,-71.437944,53.3464,3.5,,CSN,CSN_6889
,-33.93084,-71.425564,47.6573,4.0,,CSN,CSN_6891
,-33.790044,-71.39774,48.9205,3.7,,CSN,CSN_6895
,-33.771645,-71.39781,62.1941,4.0,,CSN,CSN_6896
,-33.743376,-71.357142,63.2468,3.9,,CSN,CSN_6898
,-33.806627,-71.47937,47.0601,3.7,,CSN,CSN_6899
,-33.80551,-71.421225,54.3015,4.4,,CSN,CSN_6900
,-33.74466,-71.308708,49.1724,3.9,,CSN,CSN_6902
,-33.934689,-71.442255,51.8505,3.5,,CSN,CSN_6903
,-33.931834,-71.440106,48.0198,3.7,,CSN,CSN_6905
,-33.900558,-71.284765,60.9937,4.2,,CSN,CSN_6907
,-33.902538,-71.294258,53.8811,3.0,,CSN,CSN_6909
,-33.927349,-71.514451,44.3833,3.3,,CSN,CSN_6910
,-33.870478,-71.321082,52.1749,3.8,,CSN,CSN_6911
,-34.01063,-71.472322,49.7639,3.1,,CSN,CSN_6914
,-33.929296,-71.472613,47.7348,3.8,,CSN,CSN_6917
,-33.92415,-71.421465,47.52,3.0,,CSN,CSN_6919
,-33.900528,-71.466213,53.6856,4.2,,CSN,CSN_6921
,-33.899218,-71.477424,55.862,3.1,,CSN,CSN_6924
,-33.919662,-71.289514,51.2541,3.3,,CSN,CSN_6926
,-33.758103,-71.447613,48.3798,3.1,,CSN,CSN_6928
,-33.935288,-71.481416,46.2232,3.0,,CSN,CSN_6931
,-33.862827,-71.447657,58.5711,3.6,,CSN,CSN_6932
,-33.914015,-71.28985,49.62,4.0,,CSN,CSN_6933
,-33.871165,-71.348819,58.1362,3.7,,CSN,CSN_6934
,-33.761952,-71.504656,49.2679,4.9,,CSN,CSN_6935
,-33.786555,-71.359663,55.6582,3.1,,CSN,CSN_6939
,-33.760908,-71.395761,49.6603,3.1,,CSN,CSN_6940
,-33.928738,-71.495535,45.5451,3.1,,CSN,CSN_6941
,-33.92921,-71.465617,48.1676,3.7,,CSN,CSN_6942
,-33.810563,-71.458002,50.7591,3.0,,CSN,CSN_6943
,-34.003367,-71.587861,43.9762,4.0,,CSN,CSN_6947
,-35.57694,-72.806806,0.0695,3.0,,CSN,CSN_6948
,-35.716407,-73.396454,21.9966,3.0,,CSN,CSN_6949
,-35.520332,-73.003171,4.9354,3.2,,CSN,CSN_6950
,-35.670604,-72.902043,3.9421,3.2,,CSN,CSN_6951
,-35.540519,-72.956436,6.6971,4.1,,CSN,CSN_6952
,-35.573633,-73.004081,19.7368,3.2,,CSN,CSN_6953
,-35.733863,-73.463174,29.1602,4.8,,CSN,CSN_6955
,-35.868645,-73.423381,20.3291,4.0,,CSN,CSN_6957
,-35.878142,-73.415517,3.2983,4.0,,CSN,CSN_6958
,-35.856429,-73.489129,33.3808,4.1,,CSN,CSN_6959
,-35.728247,-73.312624,17.9163,3.8,,CSN,CSN_6960
,-35.756538,-73.346241,22.039,3.3,,CSN,CSN_6961
,-35.772833,-73.38782,14.0796,3.5,,CSN,CSN_6962
,-35.760696,-73.462352,20.924,3.3,,CSN,CSN_6963
,-35.705565,-73.230815,20.9028,4.3,,CSN,CSN_6964
,-35.623995,-73.005406,23.1739,3.7,,CSN,CSN_6965
,-35.672914,-73.508082,27.3762,4.7,,CSN,CSN_6966
,-35.910454,-73.523423,25.2193,3.7,,CSN,CSN_6967
,-36.170642,-73.544014,28.0383,3.3,,CSN,CSN_6968
,-35.739826,-73.466561,28.2977,3.3,,CSN,CSN_6970
,-35.684864,-72.906631,26.5266,3.6,,CSN,CSN_6971
,-36.154534,-73.534613,22.0736,3.5,,CSN,CSN_6972
,-35.72346,-73.522623,37.0569,4.9,,CSN,CSN_6973
,-35.800743,-73.570218,30.4061,4.3,,CSN,CSN_6974
,-35.89365,-73.561759,19.5136,3.4,,CSN,CSN_6975
,-35.520061,-72.837962,12.2919,4.9,,CSN,CSN_6976
,-35.530711,-72.807997,4.357,4.2,,CSN,CSN_6977
,-36.113691,-73.576198,17.5469,3.9,,CSN,CSN_6978
,-35.742745,-73.303975,6.6956,3.4,,CSN,CSN_6979
,-35.579553,-72.860293,27.2487,3.7,,CSN,CSN_6980
,-35.822656,-73.476327,27.1288,4.0,,CSN,CSN_6981
,-35.707442,-73.332648,15.7521,3.5,,CSN,CSN_6982
,-35.687736,-72.904044,13.7203,3.4,,CSN,CSN_6983
,-35.520381,-73.013582,32.1482,3.3,,CSN,CSN_6984
,-35.785684,-73.53098,31.3493,3.2,,CSN,CSN_6985
,-36.137183,-73.685338,33.9606,3.9,,CSN,CSN_6986
,-35.781155,-73.619027,12.006,4.9,,CSN,CSN_6987
,-36.214292,-73.668611,27.3049,3.8,,CSN,CSN_6988
,-36.228175,-73.640722,17.6942,3.4,,CSN,CSN_6989
,-35.741196,-73.529191,45.0961,3.4,,CSN,CSN_6990
,-35.817491,-73.325387,21.6229,4.0,,CSN,CSN_6991
,-35.713061,-73.520269,63.1981,6.1,,CSN,CSN_6992
,-35.703272,-73.018923,14.6117,5.2,,CSN,CSN_6993
,-35.682167,-73.520766,22.9572,4.0,,CSN,CSN_6994
,-36.157072,-73.62759,16.0428,4.2,,CSN,CSN_6995
,-35.699743,-73.278913,3.221,3.3,,CSN,CSN_6996
,-36.0733,-73.593356,16.4575,3.6,,CSN,CSN_6997
,-35.655597,-73.002635,25.0777,4.4,,CSN,CSN_6998
,-36.104832,-73.566308,21.4285,3.6,,CSN,CSN_6999
,-36.135932,-73.482035,20.9422,4.1,,CSN,CSN_7000
,-36.139795,-73.677465,31.3803,4.5,,CSN,CSN_7001
,-36.114846,-73.502172,3.5602,4.3,,CSN,CSN_7002
,-36.124075,-73.499359,0.9319,4.2,,CSN,CSN_7003
,-36.184977,-73.479859,10.4561,4.7,,CSN,CSN_7004
,-36.127002,-73.575221,23.8234,3.6,,CSN,CSN_7005
,-35.766918,-73.51532,14.8191,4.3,,CSN,CSN_7006
,-35.761871,-73.461107,28.9681,3.5,,CSN,CSN_7007
,-35.799999,-73.514041,54.7672,4.0,,CSN,CSN_7008
,-35.713192,-73.413822,33.6786,4.1,,CSN,CSN_7009
,-35.695339,-73.423149,24.6872,4.5,,CSN,CSN_7010
,-35.859741,-73.408754,32.9177,4.1,,CSN,CSN_7011
,-35.858927,-73.440682,30.1315,4.3,,CSN,CSN_7012
,-35.734224,-73.380024,11.8917,4.0,,CSN,CSN_7013
,-35.564905,-73.036459,1.5024,3.5,,CSN,CSN_7014
,-35.68662,-73.415503,15.3127,3.4,,CSN,CSN_7015
,-35.775709,-73.357886,16.2904,3.9,,CSN,CSN_7016
,-35.805013,-73.427622,22.1987,4.1,,CSN,CSN_7017
,-35.847112,-73.452867,28.0855,4.5,,CSN,CSN_7018
,-35.836361,-73.343637,29.0907,4.0,,CSN,CSN_7019
,-36.168342,-73.479522,14.8166,3.7,,CSN,CSN_7020
,-35.540593,-72.949525,5.3161,4.0,,CSN,CSN_7021
,-35.921116,-73.490932,23.7325,3.8,,CSN,CSN_7022
,-36.192184,-73.649365,21.7773,4.0,,CSN,CSN_7023
,-36.153872,-73.546461,3.2028,3.3,,CSN,CSN_7024
,-35.898841,-73.567117,24.2431,4.0,,CSN,CSN_7025
,-36.263668,-73.633638,31.3096,4.2,,CSN,CSN_7026
,-35.79027,-73.359597,0.887,4.0,,CSN,CSN_7027
,-35.643271,-72.910821,13.4582,3.2,,CSN,CSN_7028
,-35.71358,-73.519555,4.5815,3.7,,CSN,CSN_7029
,-35.781795,-73.425287,16.0726,4.1,,CSN,CSN_7030
,-35.716652,-73.197108,0.4552,3.9,,CSN,CSN_7031
,-36.142578,-73.501174,42.2713,3.8,,CSN,CSN_7032
,-35.784497,-73.304482,20.8841,3.5,,CSN,CSN_7033
,-36.214266,-73.556632,29.1145,3.7,,CSN,CSN_7034
,-35.689866,-73.031052,16.1455,3.8,,CSN,CSN_7035
,-35.883669,-73.465599,29.5856,4.3,,CSN,CSN_7036
,-36.107856,-73.541318,2.4861,4.1,,CSN,CSN_7037
,-35.862095,-73.600458,23.8096,4.5,,CSN,CSN_7038
,-35.695879,-73.374914,57.5213,4.0,,CSN,CSN_7039
,-35.641069,-73.043867,9.6656,3.9,,CSN,CSN_7040
,-35.903313,-73.551801,36.1058,4.5,,CSN,CSN_7041
,-35.860167,-73.337078,10.1666,4.2,,CSN,CSN_7042
,-35.845392,-73.349584,5.9819,3.3,,CSN,CSN_7043
,-35.811485,-73.519018,30.0431,4.6,,CSN,CSN_7044
,-35.826209,-73.464475,36.627,3.7,,CSN,CSN_7045
,-35.93723,-73.544466,35.6358,3.7,,CSN,CSN_7046
,-35.882377,-73.575928,8.242,3.4,,CSN,CSN_7047
,-35.799848,-73.549318,14.3933,3.5,,CSN,CSN_7048
,-35.812988,-73.463952,27.5032,4.2,,CSN,CSN_7049
,-35.754179,-73.572143,21.6987,3.3,,CSN,CSN_7050
,-35.737811,-73.500891,24.2715,3.6,,CSN,CSN_7051
,-35.718994,-73.253016,0.7234,3.9,,CSN,CSN_7052
,-35.78694,-73.517683,18.8514,3.6,,CSN,CSN_7053
,-35.701857,-73.513944,6.3548,3.8,,CSN,CSN_7054
,-35.716655,-73.427586,10.9478,5.2,,CSN,CSN_7055
,-36.22758,-73.508683,0.1565,4.1,,CSN,CSN_7056
,-35.850301,-73.357741,6.3183,4.0,,CSN,CSN_7057
,-36.149016,-73.593944,1.5848,4.2,,CSN,CSN_7058
,-35.775217,-73.287495,23.9311,4.2,,CSN,CSN_7059
,-35.704222,-73.460768,34.2932,5.1,,CSN,CSN_7060
,-36.174753,-73.57038,19.5485,3.5,,CSN,CSN_7061
,-36.236786,-73.647347,2.9787,4.1,,CSN,CSN_7062
,-36.192684,-73.528545,25.6631,4.2,,CSN,CSN_7063
,-35.835481,-73.479565,12.2082,5.3,,CSN,CSN_7064
,-35.792828,-73.416556,8.582,5.5,,CSN,CSN_7065
,-36.116844,-73.693593,5.0748,4.2,,CSN,CSN_7066
,-35.774107,-73.377449,17.3145,4.4,,CSN,CSN_7067
,-35.843412,-73.508923,25.2122,4.0,,CSN,CSN_7068
,-36.204674,-73.532851,25.0257,3.4,,CSN,CSN_7069
,-36.200844,-73.512314,9.6467,3.5,,CSN,CSN_7070
,-35.808388,-73.477324,13.8907,3.2,,CSN,CSN_7071
,-35.6597,-73.433331,14.8893,4.0,,CSN,CSN_7072
,-35.524426,-72.938938,12.9596,3.2,,CSN,CSN_7073
,-35.631131,-73.029612,24.1751,4.6,,CSN,CSN_7074
,-36.245079,-73.658027,25.2295,3.4,,CSN,CSN_7076
,-36.206035,-73.679709,31.7637,3.8,,CSN,CSN_7077
,-36.256512,-73.638583,49.3545,4.1,,CSN,CSN_7078
,-35.843005,-73.569256,37.1798,3.8,,CSN,CSN_7079
,-36.154363,-73.659808,5.726,3.8,,CSN,CSN_7080
,-36.115579,-73.670134,10.7276,4.0,,CSN,CSN_7081
,-36.117624,-73.709463,20.3887,4.0,,CSN,CSN_7082
,-36.233632,-73.554676,19.6878,3.1,,CSN,CSN_7083
,-35.801551,-73.519236,31.668,3.2,,CSN,CSN_7084
,-35.593602,-72.968145,34.4367,3.7,,CSN,CSN_7085
,-35.552638,-72.957829,21.1479,4.1,,CSN,CSN_7086
,-35.581887,-72.848941,6.0182,4.1,,CSN,CSN_7087
,-35.641028,-72.916407,18.006,4.1,,CSN,CSN_7088
,-36.192602,-73.708337,27.6899,3.5,,CSN,CSN_7089
,-36.173967,-73.715868,61.4484,4.4,,CSN,CSN_7090
,-35.829712,-73.414426,14.2902,3.3,,CSN,CSN_7091
,-35.81257,-73.32733,19.932,3.6,,CSN,CSN_7092
,-35.736279,-73.310239,27.0781,3.8,,CSN,CSN_7093
,-35.847959,-73.45725,23.0369,3.2,,CSN,CSN_7094
,-36.087715,-73.584393,42.6884,3.2,,CSN,CSN_7095
,-35.530956,-72.825441,3.5856,4.3,,CSN,CSN_7096
,-35.85256,-73.392154,11.4205,3.5,,CSN,CSN_7097
,-35.820103,-73.528019,30.534,4.2,,CSN,CSN_7098
,-35.824733,-73.43508,25.4119,3.4,,CSN,CSN_7099
,-35.88717,-73.419463,28.7503,3.4,,CSN,CSN_7100
,-35.839281,-73.543615,21.9677,3.9,,CSN,CSN_7101
,-35.756646,-73.474393,18.5817,3.8,,CSN,CSN_7102
,-35.762755,-73.256156,16.3355,3.9,,CSN,CSN_7103
,-35.581858,-72.996082,53.1784,4.5,,CSN,CSN_7104
,-35.740953,-73.31721,38.6718,3.9,,CSN,CSN_7105
,-35.665494,-72.865489,27.5111,3.6,,CSN,CSN_7106
,-35.849697,-73.509203,8.657,4.0,,CSN,CSN_7107
,-36.20387,-73.57816,33.9456,3.1,,CSN,CSN_7108
,-36.175112,-73.69785,17.3953,3.3,,CSN,CSN_7109
,-36.146188,-73.584729,19.3786,3.7,,CSN,CSN_7110
,-36.13026,-73.500869,33.896,3.0,,CSN,CSN_7111
,-36.147199,-73.482068,38.5246,3.3,,CSN,CSN_7112
,-35.639964,-72.920636,18.98,3.9,,CSN,CSN_7113
,-35.737818,-73.255601,20.0714,3.1,,CSN,CSN_7115
,-36.145955,-73.66973,7.3969,3.7,,CSN,CSN_7116
,-35.728942,-73.41962,22.4856,3.8,,CSN,CSN_7117
,-35.758175,-73.494554,14.2748,4.1,,CSN,CSN_7118
,-36.065959,-73.628355,45.9421,3.9,,CSN,CSN_7119
,-36.111109,-73.669309,19.2898,3.7,,CSN,CSN_7120
,-35.683165,-72.890048,25.3215,3.4,,CSN,CSN_7121
,-36.196557,-73.71461,29.0461,3.5,,CSN,CSN_7122
,-36.057399,-73.570687,18.5587,3.1,,CSN,CSN_7123
,-35.81497,-73.530368,22.402,4.4,,CSN,CSN_7124
,-35.82363,-73.410221,30.0085,3.2,,CSN,CSN_7125
,-36.17806,-73.53012,1.3071,3.2,,CSN,CSN_7126
,-36.154529,-73.62104,11.5072,3.4,,CSN,CSN_7127
,-36.22248,-73.681887,15.3651,3.9,,CSN,CSN_7128
,-36.233769,-73.638704,2.7384,4.0,,CSN,CSN_7129
,-36.166847,-73.551767,33.9629,4.3,,CSN,CSN_7130
,-35.814571,-73.554069,19.7121,3.5,,CSN,CSN_7131
,-35.808454,-73.308756,23.5067,4.3,,CSN,CSN_7132
,-35.655257,-72.964626,9.3166,3.6,,CSN,CSN_7133
,-35.634397,-73.0241,36.5231,3.6,,CSN,CSN_7134
,-35.669994,-72.966629,31.6882,4.8,,CSN,CSN_7135
,-35.639394,-72.933856,17.9914,3.0,,CSN,CSN_7136
,-35.527733,-73.016449,24.5892,3.1,,CSN,CSN_7137
,-35.766255,-73.407746,8.5924,3.4,,CSN,CSN_7138
,-35.832088,-73.576187,16.7239,3.7,,CSN,CSN_7139
,-35.840472,-73.402572,7.7129,3.9,,CSN,CSN_7140
,-35.721954,-73.553454,15.642,4.0,,CSN,CSN_7141
,-35.751119,-73.185087,20.4993,3.4,,CSN,CSN_7142
,-36.038018,-73.574105,10.8511,5.0,,CSN,CSN_7143
,-36.166925,-73.669747,20.8245,4.2,,CSN,CSN_7144
,-36.117206,-73.596586,7.1736,3.9,,CSN,CSN_7145
,-36.148852,-73.586232,34.2707,3.8,,CSN,CSN_7146
,-36.111917,-73.657051,20.6461,4.8,,CSN,CSN_7147
,-36.041139,-73.562029,27.9575,3.8,,CSN,CSN_7148
,-36.072634,-73.600071,28.1154,3.4,,CSN,CSN_7149
,-36.053426,-73.516939,23.032,3.7,,CSN,CSN_7150
,-36.180782,-73.55894,22.9969,4.6,,CSN,CSN_7151
,-36.223795,-73.581906,23.8802,4.2,,CSN,CSN_7152
,-36.208635,-73.604865,17.2646,4.2,,CSN,CSN_7153
,-36.26092,-73.666403,38.7897,4.8,,CSN,CSN_7154
,-36.188461,-73.552296,23.933,3.6,,CSN,CSN_7155
,-36.256219,-73.64266,38.3839,4.7,,CSN,CSN_7156
,-36.194171,-73.576994,31.7712,4.0,,CSN,CSN_7157
,-36.170876,-73.518501,26.4786,4.0,,CSN,CSN_7158
,-36.18836,-73.480928,25.3599,3.0,,CSN,CSN_7159
,-36.243083,-73.601084,33.3684,3.7,,CSN,CSN_7160
,-36.225194,-73.559776,31.25,4.5,,CSN,CSN_7161
,-36.175686,-73.497245,17.7865,4.1,,CSN,CSN_7162
,-36.184813,-73.570831,24.7205,3.7,,CSN,CSN_7163
,-36.220701,-73.570119,29.0318,4.1,,CSN,CSN_7164
,-36.153998,-73.50174,18.7403,5.0,,CSN,CSN_7165
,-36.191523,-73.582037,27.9802,4.2,,CSN,CSN_7166
,-35.837222,-73.332293,11.5094,3.8,,CSN,CSN_7167
,-36.221744,-73.643143,46.0904,4.2,,CSN,CSN_7168
,-36.122787,-73.591763,17.4913,4.2,,CSN,CSN_7169
,-35.690852,-72.979755,24.2126,3.7,,CSN,CSN_7170
,-35.739399,-73.478579,13.6766,4.4,,CSN,CSN_7171
,-35.51232,-72.933565,9.0416,3.1,,CSN,CSN_7172
,-35.747919,-73.197702,19.295,4.1,,CSN,CSN_7174
,-35.73994,-73.269792,5.4433,3.6,,CSN,CSN_7175
,-35.713768,-73.203107,10.1405,4.2,,CSN,CSN_7177
,-35.690016,-73.531598,5.8763,3.4,,CSN,CSN_7178
,-35.913316,-73.552175,13.9725,3.3,,CSN,CSN_7180
,-36.2611,-73.577477,63.0119,3.1,,CSN,CSN_7181
,-35.839936,-73.606012,11.2804,4.6,,CSN,CSN_7182
,-35.878631,-73.578714,18.2179,3.3,,CSN,CSN_7183
,-35.845362,-73.604961,17.6796,4.2,,CSN,CSN_7184
,-35.88717,-73.403743,10.8513,3.3,,CSN,CSN_7185
,-36.142724,-73.569849,37.3393,4.0,,CSN,CSN_7186
,-36.174533,-73.535821,19.5076,3.9,,CSN,CSN_7187
,-36.06501,-73.570643,10.8736,3.7,,CSN,CSN_7188
,-35.735172,-73.230137,20.0426,3.5,,CSN,CSN_7190
,-35.771114,-73.215256,22.8175,4.0,,CSN,CSN_7191
,-35.748577,-73.284929,17.2226,3.2,,CSN,CSN_7192
,-35.733224,-73.297243,9.5522,3.4,,CSN,CSN_7193
,-35.750243,-73.312204,7.9264,4.5,,CSN,CSN_7194
,-35.763088,-73.236366,6.0607,3.3,,CSN,CSN_7195
,-35.543409,-73.041679,24.594,3.3,,CSN,CSN_7197
,-36.141393,-73.620321,57.9951,3.3,,CSN,CSN_7198
,-36.2689,-73.581579,50.178,4.0,,CSN,CSN_7199
,-35.665643,-72.909019,18.1666,3.2,,CSN,CSN_7200
,-35.74485,-73.532133,2.3038,3.2,,CSN,CSN_7205
,-35.703123,-73.489816,2.1732,3.3,,CSN,CSN_7206
,-36.134118,-73.627626,28.025,3.2,,CSN,CSN_7209
,-35.673911,-72.976083,21.1679,3.7,,CSN,CSN_7211
,-35.678998,-73.004359,23.4267,4.5,,CSN,CSN_7212
,-36.174247,-73.54499,29.5392,3.3,,CSN,CSN_7215
,-36.111035,-73.634298,30.9776,3.0,,CSN,CSN_7216
,-35.62422,-72.946077,27.1308,5.0,,CSN,CSN_7217
,-35.721476,-73.274845,6.7727,3.7,,CSN,CSN_7220
,-35.648911,-72.855074,24.6518,3.3,,CSN,CSN_7222
,-35.782356,-73.485039,25.8354,3.1,,CSN,CSN_7223
,-36.211114,-73.587925,7.5256,3.8,,CSN,CSN_7224
,-36.230043,-73.603292,32.2282,3.8,,CSN,CSN_7225
,-36.258085,-73.561051,32.4949,3.2,,CSN,CSN_7228
,-36.134236,-73.551806,21.7096,3.1,,CSN,CSN_7230
,-35.784364,-73.512292,19.4019,3.5,,CSN,CSN_7231
,-35.631249,-72.998051,22.6294,3.0,,CSN,CSN_7232
,-36.136702,-73.708212,35.337,3.2,,CSN,CSN_7234
,-35.592814,-72.955938,19.3825,4.1,,CSN,CSN_7236
,-35.56438,-73.000412,25.434,4.0,,CSN,CSN_7237
,-35.534594,-72.974956,18.8018,3.2,,CSN,CSN_7238
,-35.560714,-72.952503,29.2594,4.3,,CSN,CSN_7239
,-35.545821,-72.93204,20.6795,3.1,,CSN,CSN_7240
,-35.559889,-73.027695,17.9074,3.8,,CSN,CSN_7241
,-35.560966,-72.958261,26.8611,4.2,,CSN,CSN_7242
,-35.543426,-72.870033,28.2605,3.4,,CSN,CSN_7243
,-35.554729,-72.928325,28.3871,3.6,,CSN,CSN_7244
,-35.526412,-73.003086,27.4097,4.2,,CSN,CSN_7247
,-35.579239,-73.049225,28.4585,3.1,,CSN,CSN_7248
,-35.546155,-72.90482,27.7156,4.5,,CSN,CSN_7249
,-35.551474,-72.99945,24.8143,4.2,,CSN,CSN_7250
,-35.569393,-72.890168,27.6168,3.1,,CSN,CSN_7251
,-35.531883,-72.930718,26.8632,3.7,,CSN,CSN_7252
,-35.541948,-72.893813,23.9302,5.0,,CSN,CSN_7254
,-35.555957,-72.986523,29.7976,3.0,,CSN,CSN_7255
,-35.518758,-72.874674,12.502,3.4,,CSN,CSN_7256
,-35.515059,-72.93347,28.9309,4.0,,CSN,CSN_7257
,-35.564358,-73.025662,20.6845,3.0,,CSN,CSN_7261
,-35.530782,-72.911171,32.2337,4.4,,CSN,CSN_7262
,-35.549232,-72.941111,19.5265,3.7,,CSN,CSN_7264
,-35.565551,-72.913364,27.5136,3.9,,CSN,CSN_7266
,-35.526447,-72.879665,17.5226,3.0,,CSN,CSN_7267
,-35.532333,-72.94173,26.2289,3.9,,CSN,CSN_7269
,-35.529289,-72.901801,11.2436,3.4,,CSN,CSN_7273
,-36.196448,-73.663814,4.9756,3.3,,CSN,CSN_7275
,-36.186631,-73.612583,12.5289,3.8,,CSN,CSN_7277
,-36.180947,-73.557675,19.9197,3.0,,CSN,CSN_7278
,-36.183425,-73.566443,19.4743,3.1,,CSN,CSN_7279
,-36.185333,-73.56314,20.5889,3.3,,CSN,CSN_7280
,-36.08739,-73.559099,0.8016,3.3,,CSN,CSN_7281
,-35.65316,-72.970101,24.6181,3.3,,CSN,CSN_7283
,-35.750679,-73.52391,16.2758,5.2,,CSN,CSN_7284
,-35.807983,-73.569786,23.7254,3.0,,CSN,CSN_7285
,-35.806416,-73.514351,32.768,3.4,,CSN,CSN_7288
,-35.835646,-73.420115,8.7371,3.0,,CSN,CSN_7289
,-35.79069,-73.566593,27.3183,3.4,,CSN,CSN_7291
,-35.794208,-73.508733,31.8559,3.1,,CSN,CSN_7292
,-35.774767,-73.559393,23.5515,3.1,,CSN,CSN_7294
,-35.860202,-73.529173,10.0251,3.9,,CSN,CSN_7295
,-35.815898,-73.464641,32.6143,3.2,,CSN,CSN_7299
,-35.77821,-73.464582,33.839,4.1,,CSN,CSN_7302
,-35.833207,-73.428925,57.6009,3.3,,CSN,CSN_7303
,-35.834371,-73.487919,1.2994,4.5,,CSN,CSN_7304
,-35.750936,-73.519848,21.2055,3.0,,CSN,CSN_7305
,-35.742944,-73.4973,6.7751,4.2,,CSN,CSN_7306
,-35.798236,-73.518087,28.0235,3.3,,CSN,CSN_7308
,-35.757086,-73.560236,10.3397,3.4,,CSN,CSN_7309
,-35.764675,-73.522728,30.8511,3.8,,CSN,CSN_7312
,-35.657465,-72.954022,20.7223,3.5,,CSN,CSN_7315
,-35.673055,-72.950523,22.3139,3.1,,CSN,CSN_7316
,-36.167867,-73.568608,27.4712,3.4,,CSN,CSN_7317
,-32.713074,-71.241296,-0.3944,3.0,,CSN,CSN_7331
,-32.694792,-71.139606,64.4956,3.2,,CSN,CSN_7333
,-32.719271,-71.246225,56.1508,3.6,,CSN,CSN_7360
,-32.723415,-71.017732,63.5727,3.6,,CSN,CSN_7382
,-32.774104,-71.184114,52.631,3.2,,CSN,CSN_7413
,-32.634698,-71.122704,19.1684,3.5,,CSN,CSN_7448
,-32.750943,-71.245421,56.737,3.3,,CSN,CSN_7535
,-32.520503,-71.097135,51.0737,3.3,,CSN,CSN_7543
,-32.698138,-71.219199,45.3387,3.6,,CSN,CSN_7546
,-32.767575,-71.225288,52.2001,3.8,,CSN,CSN_7549
,-32.760744,-71.149894,52.163,3.9,,CSN,CSN_7562
,-32.549558,-71.139297,64.7868,3.1,,CSN,CSN_7564
,-32.736025,-71.107095,57.027,3.0,,CSN,CSN_7566
,-32.738924,-71.11622,55.8026,3.5,,CSN,CSN_7569
,-32.788412,-71.26163,61.6899,3.1,,CSN,CSN_7570
,-32.739587,-71.12638,53.9908,4.1,,CSN,CSN_7571
,-32.73109,-71.189855,59.4945,3.7,,CSN,CSN_7574
,-32.736063,-71.250597,57.0697,3.0,,CSN,CSN_7580
,-33.326369,-72.494508,10.7306,3.4,,CSN,CSN_7581
,-33.476062,-72.337499,16.4804,3.2,,CSN,CSN_7582
,-33.503408,-72.260625,19.616,3.8,,CSN,CSN_7583
,-33.487017,-72.293137,18.4183,4.0,,CSN,CSN_7584
,-33.320808,-72.385434,24.7515,3.1,,CSN,CSN_7585
,-33.402942,-72.344741,18.2542,3.0,,CSN,CSN_7587
,-33.341765,-72.431537,13.8742,4.4,,CSN,CSN_7592
,-33.33463,-72.389702,19.3104,3.7,,CSN,CSN_7594
,-33.345386,-72.477904,8.1728,4.1,,CSN,CSN_7596
,-33.359482,-72.438542,16.3085,4.1,,CSN,CSN_7600
,-33.449441,-72.436801,19.9175,3.0,,CSN,CSN_7602
,-33.466389,-72.388816,17.2417,3.2,,CSN,CSN_7605
,-33.481761,-72.34312,14.7212,3.3,,CSN,CSN_7610
,-33.405282,-72.42527,6.9599,3.3,,CSN,CSN_7611
,-33.327067,-72.445044,18.9555,3.5,,CSN,CSN_7612
,-33.399956,-72.346847,16.8908,3.4,,CSN,CSN_7614
,-33.372327,-72.419027,16.2995,3.0,,CSN,CSN_7615
,-33.324673,-72.466339,19.903,3.0,,CSN,CSN_7618
,-33.300221,-72.51117,32.2578,3.4,,CSN,CSN_7623
,-33.382592,-72.320973,14.5872,4.0,,CSN,CSN_7626
,-33.433352,-72.321179,13.755,4.1,,CSN,CSN_7627
,-33.238682,-72.364358,18.0166,4.1,,CSN,CSN_7629
,-33.261153,-72.444892,18.5484,3.1,,CSN,CSN_7630
,-33.450909,-72.314414,21.0452,3.5,,CSN,CSN_7631
,-33.346172,-72.454872,11.7042,3.1,,CSN,CSN_7634
,-33.371533,-72.339768,20.4648,4.2,,CSN,CSN_7635
,-33.47521,-72.245558,6.7616,5.5,,CSN,CSN_7636
,-33.40153,-72.434456,11.1147,3.3,,CSN,CSN_7637
,-33.411821,-72.277603,18.8049,3.1,,CSN,CSN_7638
,-33.456044,-72.417402,25.9899,3.7,,CSN,CSN_7639
,-33.409638,-72.349183,4.5485,4.7,,CSN,CSN_7640
,-33.429426,-72.365721,18.0126,3.2,,CSN,CSN_7641
,-33.400822,-72.335516,8.9921,4.5,,CSN,CSN_7642
,-33.332663,-72.451705,54.7792,4.1,,CSN,CSN_7643
,-33.357229,-72.509201,25.7401,3.7,,CSN,CSN_7644
,-33.365293,-72.415699,23.6523,3.9,,CSN,CSN_7645
,-33.299165,-72.332056,6.1801,3.5,,CSN,CSN_7646
,-33.320589,-72.434117,22.0424,3.4,,CSN,CSN_7647
,-33.42358,-72.252416,31.3519,5.5,,CSN,CSN_7648
,-33.32792,-72.366768,3.249,4.2,,CSN,CSN_7649
,-33.351227,-72.381143,14.255,3.2,,CSN,CSN_7651
,-33.41066,-72.466016,14.1836,3.6,,CSN,CSN_7652
,-33.249183,-72.34654,30.6241,4.4,,CSN,CSN_7653
,-33.346316,-72.348243,9.345,3.9,,CSN,CSN_7654
,-33.3213,-72.329638,16.4106,3.6,,CSN,CSN_7655
,-33.348332,-72.387179,17.1616,3.0,,CSN,CSN_7656
,-33.283278,-72.366667,19.5362,3.9,,CSN,CSN_7657
,-33.356181,-72.442009,22.7888,3.3,,CSN,CSN_7658
,-33.290186,-72.442971,27.3831,3.4,,CSN,CSN_7659
,-33.284217,-72.441376,16.9092,3.1,,CSN,CSN_7660
,-33.32103,-72.4917,19.5504,4.4,,CSN,CSN_7661
,-33.353822,-72.427019,16.1342,4.5,,CSN,CSN_7662
,-33.26749,-72.364595,17.8591,4.2,,CSN,CSN_7663
,-33.267893,-72.393851,28.5834,3.7,,CSN,CSN_7664
,-33.442147,-72.325703,25.9214,3.7,,CSN,CSN_7665
,-33.380011,-72.295858,7.7509,4.0,,CSN,CSN_7667
,-33.387389,-72.291508,6.8533,4.0,,CSN,CSN_7668
,-33.384223,-72.458369,37.0996,3.5,,CSN,CSN_7669
,-33.377532,-72.450571,8.3511,4.4,,CSN,CSN_7670
,-33.399721,-72.376118,19.2146,4.7,,CSN,CSN_7671
,-33.395472,-72.349962,8.4564,3.3,,CSN,CSN_7672
,-33.276155,-72.464999,35.2306,3.2,,CSN,CSN_7673
,-33.404139,-72.432506,32.8463,3.1,,CSN,CSN_7674
,-33.347437,-72.467659,25.5516,4.0,,CSN,CSN_7675
,-33.31042,-72.41774,33.9738,3.3,,CSN,CSN_7677
,-33.361451,-72.35349,6.0877,4.0,,CSN,CSN_7678
,-33.280138,-72.493017,37.0978,3.4,,CSN,CSN_7679
,-33.288365,-72.318436,16.9924,4.5,,CSN,CSN_7680
,-33.447724,-72.258087,7.2721,4.8,,CSN,CSN_7681
,-33.302789,-72.357441,51.1945,4.0,,CSN,CSN_7682
,-33.347285,-72.360066,3.7213,3.2,,CSN,CSN_7683
,-33.467624,-72.296503,13.4382,3.0,,CSN,CSN_7684
,-33.359113,-72.419662,34.8574,3.3,,CSN,CSN_7686
,-33.402493,-72.286984,14.4052,3.5,,CSN,CSN_7687
,-33.405168,-72.403311,19.9086,3.3,,CSN,CSN_7688
,-33.371684,-72.498189,26.2789,3.6,,CSN,CSN_7690
,-33.364905,-72.40734,8.6448,3.9,,CSN,CSN_7691
,-33.498178,-72.322234,17.2903,3.6,,CSN,CSN_7692
,-33.410029,-72.29078,19.0565,4.1,,CSN,CSN_7693
,-33.408882,-72.296161,21.0934,3.0,,CSN,CSN_7694
,-33.252197,-72.42668,27.7435,3.2,,CSN,CSN_7695
,-33.430309,-72.294859,16.0208,4.1,,CSN,CSN_7696
,-33.360867,-72.260547,10.5968,3.2,,CSN,CSN_7697
,-33.382506,-72.323735,27.9423,3.7,,CSN,CSN_7698
,-33.405613,-72.293804,13.7146,3.2,,CSN,CSN_7700
,-33.4148,-72.272722,13.9142,3.1,,CSN,CSN_7701
,-33.487973,-72.261127,23.8214,3.1,,CSN,CSN_7702
,-33.387909,-72.298768,8.1115,3.4,,CSN,CSN_7703
,-33.374867,-72.457999,21.455,3.1,,CSN,CSN_7704
,-33.395304,-72.324904,32.3169,3.4,,CSN,CSN_7707
,-33.402988,-72.395739,18.3715,4.4,,CSN,CSN_7708
,-33.42656,-72.375765,16.1659,3.6,,CSN,CSN_7709
,-33.444752,-72.40049,22.557,3.6,,CSN,CSN_7710
,-33.400213,-72.400477,52.6238,3.1,,CSN,CSN_7711
,-33.428419,-72.350482,13.8752,3.5,,CSN,CSN_7712
,-33.429313,-72.382573,6.7107,4.0,,CSN,CSN_7713
,-33.490964,-72.348958,15.9148,3.1,,CSN,CSN_7714
,-33.412691,-72.451247,27.1343,3.3,,CSN,CSN_7715
,-33.466779,-72.351749,22.0563,3.1,,CSN,CSN_7716
,-33.372816,-72.373316,23.0485,3.3,,CSN,CSN_7717
,-33.473086,-72.344665,24.3524,3.4,,CSN,CSN_7718
,-33.458614,-72.340734,11.6393,4.1,,CSN,CSN_7719
,-33.404314,-72.34003,31.2489,3.3,,CSN,CSN_7720
,-33.415253,-72.346313,38.6373,3.9,,CSN,CSN_7721
,-33.413018,-72.282487,18.5119,3.4,,CSN,CSN_7722
,-33.40923,-72.410893,28.6543,3.6,,CSN,CSN_7723
,-33.40909,-72.379093,18.4215,3.7,,CSN,CSN_7724
,-33.249207,-72.385948,47.3574,3.6,,CSN,CSN_7726
,-33.318604,-72.37968,13.2921,4.1,,CSN,CSN_7727
,-33.352306,-72.284984,29.2275,4.4,,CSN,CSN_7728
,-33.347509,-72.467946,29.3306,4.1,,CSN,CSN_7733
,-33.466701,-72.346807,38.6725,3.7,,CSN,CSN_7734
,-33.379541,-72.327822,22.99,3.5,,CSN,CSN_7735
,-33.461118,-72.371891,20.8555,3.3,,CSN,CSN_7737
,-33.280236,-72.316809,12.2438,4.1,,CSN,CSN_7740
,-33.319321,-72.240284,8.2988,3.5,,CSN,CSN_7741
,-33.369958,-72.385932,3.5591,4.6,,CSN,CSN_7742
,-33.405405,-72.371234,6.7313,4.6,,CSN,CSN_7743
,-33.317992,-72.44408,13.1488,4.1,,CSN,CSN_7744
,-33.251214,-72.459879,17.7338,3.5,,CSN,CSN_7745
,-33.301631,-72.301282,4.7999,3.5,,CSN,CSN_7747
,-33.356565,-72.368017,6.3402,3.0,,CSN,CSN_7748
,-33.376644,-72.321431,6.8704,3.1,,CSN,CSN_7749
,-33.319531,-72.256259,3.8983,3.1,,CSN,CSN_7750
,-33.264964,-72.470072,31.8277,3.0,,CSN,CSN_7751
,-33.486542,-72.231099,8.7943,3.9,,CSN,CSN_7753
,-33.440075,-72.225511,4.7025,3.9,,CSN,CSN_7754
,-33.423123,-72.301647,19.1674,3.1,,CSN,CSN_7756
,-33.280294,-72.300122,22.9246,3.5,,CSN,CSN_7758
,-33.457635,-72.310964,24.0383,4.4,,CSN,CSN_7759
,-33.445506,-72.321069,14.213,3.0,,CSN,CSN_7763
,-33.429153,-72.324728,14.6561,3.0,,CSN,CSN_7764
,-33.415601,-72.319888,24.9541,3.4,,CSN,CSN_7765
,-33.449781,-72.309069,15.2236,3.3,,CSN,CSN_7766
,-33.434214,-72.317985,9.961,3.0,,CSN,CSN_7767
,-33.462828,-72.314947,14.3097,3.3,,CSN,CSN_7769
,-33.420223,-72.267347,19.5338,3.6,,CSN,CSN_7770
,-33.435706,-72.292216,8.3792,3.7,,CSN,CSN_7771
,-33.388041,-72.340461,13.497,3.5,,CSN,CSN_7773
,-33.396255,-72.28412,12.0797,3.8,,CSN,CSN_7774
,-33.398421,-72.286927,11.5873,4.8,,CSN,CSN_7775
,-33.426745,-72.263675,8.7858,3.8,,CSN,CSN_7776
,-33.40912,-72.258998,18.1445,3.7,,CSN,CSN_7777
,-33.419654,-72.248663,5.6035,3.8,,CSN,CSN_7778
,-33.435996,-72.297142,24.5814,3.0,,CSN,CSN_7780
,-33.415154,-72.252841,15.2401,3.3,,CSN,CSN_7782
,-33.438701,-72.352957,15.3494,3.2,,CSN,CSN_7783
,-33.392829,-72.310995,25.1887,3.2,,CSN,CSN_7784
,-33.419961,-72.238116,3.9279,3.4,,CSN,CSN_7786
,-33.435263,-72.29485,16.7019,3.3,,CSN,CSN_7787
,-33.423926,-72.248324,17.3905,3.5,,CSN,CSN_7791
,-33.440919,-72.341371,17.3959,3.4,,CSN,CSN_7792
,-33.409448,-72.358404,18.0858,3.1,,CSN,CSN_7793
,-33.413296,-72.351302,13.7782,3.4,,CSN,CSN_7796
,-33.310268,-72.500979,23.7657,3.4,,CSN,CSN_7799
,-33.304135,-72.346846,24.9367,4.3,,CSN,CSN_7801
,-33.296072,-72.444407,26.7245,3.2,,CSN,CSN_7802
,-33.351353,-72.517717,16.9814,3.3,,CSN,CSN_7804
,-33.3157,-72.453454,20.8293,3.4,,CSN,CSN_7805
,-33.307906,-72.440555,25.1626,3.4,,CSN,CSN_7806
,-33.30366,-72.452475,25.0427,3.4,,CSN,CSN_7808
,-33.301362,-72.451377,20.0901,3.3,,CSN,CSN_7809
,-33.301324,-72.462354,22.3055,4.1,,CSN,CSN_7810
,-33.318846,-72.458788,22.8618,3.6,,CSN,CSN_7811
,-33.329257,-72.392198,32.9922,3.4,,CSN,CSN_7812
,-33.317181,-72.433266,23.8521,3.5,,CSN,CSN_7813
,-33.287318,-72.447249,22.6236,3.7,,CSN,CSN_7820
,-33.37855,-72.369725,18.2328,3.3,,CSN,CSN_7821
,-33.382956,-72.430249,15.1277,3.3,,CSN,CSN_7822
,-33.300066,-72.478434,22.6103,3.0,,CSN,CSN_7823
,-33.272662,-72.323219,18.31,4.5,,CSN,CSN_7824
,-33.49479,-72.313478,17.5561,3.6,,CSN,CSN_7825
,-33.4898,-72.308549,17.9408,3.2,,CSN,CSN_7826
,-33.401064,-72.344808,18.9487,4.3,,CSN,CSN_7827
,-33.401647,-72.334462,16.5034,3.0,,CSN,CSN_7828
,-33.413788,-72.35648,16.3635,3.6,,CSN,CSN_7829
,-33.405542,-72.343835,17.222,3.4,,CSN,CSN_7833
,-33.389258,-72.346663,17.2813,3.0,,CSN,CSN_7835
,-33.41116,-72.309636,17.582,3.7,,CSN,CSN_7836
,-33.421248,-72.305711,19.6085,3.9,,CSN,CSN_7838
,-33.418354,-72.333606,15.3935,3.9,,CSN,CSN_7839
,-33.407042,-72.268767,19.6226,3.1,,CSN,CSN_7840
,-33.40631,-72.318122,16.7305,3.7,,CSN,CSN_7842
,-33.412274,-72.324972,17.7076,3.6,,CSN,CSN_7843
,-33.414104,-72.334004,17.5292,3.7,,CSN,CSN_7846
,-33.385043,-72.266441,20.4392,3.9,,CSN,CSN_7848
,-33.398339,-72.272164,18.8548,3.1,,CSN,CSN_7849
,-33.465683,-72.298599,18.6068,3.2,,CSN,CSN_7852
,-33.484358,-72.290332,21.255,3.7,,CSN,CSN_7853
,-33.336107,-72.388051,17.3707,3.9,,CSN,CSN_7856
,-33.316602,-72.470277,25.0777,3.3,,CSN,CSN_7858
,-33.335832,-72.478915,25.4424,3.1,,CSN,CSN_7859
,-33.403613,-72.335025,16.411,3.2,,CSN,CSN_7862
,-33.235776,-72.366562,15.938,3.1,,CSN,CSN_7867
,-33.407732,-72.337725,17.8763,3.5,,CSN,CSN_7868
,-33.409831,-72.356834,17.647,3.0,,CSN,CSN_7869
,-33.338003,-72.324856,7.1731,3.4,,CSN,CSN_7872
,-33.337377,-72.267951,12.458,3.4,,CSN,CSN_7873
,-33.458956,-72.282233,18.8575,3.0,,CSN,CSN_7874
,-33.34742,-72.45476,15.992,3.8,,CSN,CSN_7878
,-33.351592,-72.440828,21.2921,3.3,,CSN,CSN_7879
,-33.348327,-72.47342,24.7531,3.1,,CSN,CSN_7881
,-33.36851,-72.482986,17.9054,4.2,,CSN,CSN_7887
,-33.344792,-72.453656,16.7441,3.1,,CSN,CSN_7890
,-29.86205,-72.090162,25.7645,4.4,,CSN,CSN_7897
,-29.637031,-71.986001,4.8288,4.0,,CSN,CSN_7898
,-29.94926,-72.012415,17.2385,4.1,,CSN,CSN_7899
,-29.610483,-72.0436,21.0719,3.2,,CSN,CSN_7902
,-29.797167,-72.063937,3.2066,3.0,,CSN,CSN_7903
,-29.867443,-72.071461,16.301,3.8,,CSN,CSN_7904
,-29.880111,-72.107455,12.7595,5.3,,CSN,CSN_7905
,-29.906222,-72.018412,32.7459,3.0,,CSN,CSN_7906
,-29.945184,-72.038692,17.5814,3.8,,CSN,CSN_7907
,-29.644836,-72.09126,35.456,4.5,,CSN,CSN_7908
,-29.615852,-71.997523,33.7252,4.1,,CSN,CSN_7909
,-29.895025,-71.990231,3.1105,3.5,,CSN,CSN_7910
,-29.644759,-72.001471,22.0508,4.7,,CSN,CSN_7911
,-29.711052,-72.009681,42.2202,3.2,,CSN,CSN_7912
,-29.675461,-72.030591,28.523,3.1,,CSN,CSN_7913
,-29.672638,-72.084587,3.4018,4.1,,CSN,CSN_7915
,-29.719128,-72.062766,4.3608,3.7,,CSN,CSN_7916
,-29.952305,-72.078354,9.1996,3.4,,CSN,CSN_7917
,-29.618562,-72.064826,15.4138,4.1,,CSN,CSN_7919
,-29.885173,-72.10339,3.3726,4.1,,CSN,CSN_7920
,-29.850839,-72.100865,18.292,3.0,,CSN,CSN_7921
,-29.797094,-72.067296,52.0752,3.0,,CSN,CSN_7922
,-29.947029,-72.022531,24.4032,5.1,,CSN,CSN_7924
,-29.693741,-72.04395,20.225,4.0,,CSN,CSN_7925
,-29.620174,-72.028192,7.5837,4.1,,CSN,CSN_7926
,-29.866577,-72.092386,26.7187,3.1,,CSN,CSN_7927
,-29.819389,-72.081318,29.8715,3.7,,CSN,CSN_7928
,-29.670862,-72.042836,16.3667,3.2,,CSN,CSN_7929
,-29.679617,-72.001057,17.9866,3.8,,CSN,CSN_7930
,-29.700264,-72.048559,15.6605,3.1,,CSN,CSN_7932
,-29.783229,-72.085472,17.6856,3.8,,CSN,CSN_7933
,-29.936509,-72.062459,15.7787,3.1,,CSN,CSN_7934
,-29.932708,-72.011785,13.5435,3.3,,CSN,CSN_7935
,-29.838023,-72.096883,14.5512,3.5,,CSN,CSN_7936
,-29.715652,-72.000522,20.0665,3.0,,CSN,CSN_7937
,-29.959111,-71.969609,10.8867,3.4,,CSN,CSN_7938
,-29.916825,-72.070829,22.175,3.9,,CSN,CSN_7939
,-29.955879,-71.941886,3.1353,3.4,,CSN,CSN_7940
,-29.673876,-72.004107,15.773,3.9,,CSN,CSN_7941
,-29.730875,-72.01624,10.2373,4.1,,CSN,CSN_7942
,-29.74037,-72.05233,18.2518,3.3,,CSN,CSN_7943
,-29.626102,-72.05717,18.381,5.1,,CSN,CSN_7945
,-29.631719,-72.04428,20.3836,3.7,,CSN,CSN_7946
,-29.882951,-72.056955,17.0427,4.7,,CSN,CSN_7947
,-29.899947,-72.026539,4.6488,3.4,,CSN,CSN_7948
,-29.709578,-72.031627,21.8748,3.8,,CSN,CSN_7949
,-29.674947,-72.019722,13.7141,3.7,,CSN,CSN_7950
,-29.724522,-72.041824,18.457,3.2,,CSN,CSN_7951
,-29.674961,-71.987812,19.4243,3.9,,CSN,CSN_7952
,-29.84027,-72.050711,19.7402,3.3,,CSN,CSN_7953
,-29.676065,-72.046737,10.3619,4.1,,CSN,CSN_7954
,-29.597255,-72.018181,14.9385,3.7,,CSN,CSN_7955
,-29.783439,-72.099158,21.6122,3.7,,CSN,CSN_7956
,-29.85983,-72.07582,10.0164,3.9,,CSN,CSN_7957
,-29.944116,-72.041531,18.0264,3.7,,CSN,CSN_7958
,-29.917196,-72.082764,13.5613,4.2,,CSN,CSN_7959
,-29.935064,-72.055127,14.9312,3.8,,CSN,CSN_7960
,-29.936659,-72.089452,15.1558,3.5,,CSN,CSN_7961
,-29.690036,-72.087462,15.5514,3.5,,CSN,CSN_7962
,-29.667029,-72.043457,18.0142,3.6,,CSN,CSN_7963
,-29.938175,-72.01605,21.3864,4.1,,CSN,CSN_7964
,-29.968961,-72.016659,12.6961,3.5,,CSN,CSN_7965
,-29.705693,-72.071579,11.3275,3.6,,CSN,CSN_7966
,-29.63175,-72.016599,21.2274,3.5,,CSN,CSN_7967
,-29.687369,-72.080889,33.7545,4.5,,CSN,CSN_7968
,-29.631286,-72.00988,20.1701,3.2,,CSN,CSN_7969
,-29.847098,-72.083481,19.2335,3.5,,CSN,CSN_7970
,-29.690543,-71.994884,20.3558,3.9,,CSN,CSN_7971
,-29.672315,-72.007271,16.9131,4.1,,CSN,CSN_7972
,-29.84569,-72.095871,21.4152,3.5,,CSN,CSN_7973
,-29.676336,-72.00704,22.4557,3.9,,CSN,CSN_7974
,-29.931376,-72.010126,16.0946,4.3,,CSN,CSN_7975
,-29.922231,-72.03818,21.5546,3.9,,CSN,CSN_7978
,-29.947285,-72.026944,16.6417,3.1,,CSN,CSN_7981
,-29.71185,-72.028902,17.6921,3.0,,CSN,CSN_7984
,-29.864904,-72.097379,18.1036,3.3,,CSN,CSN_7985
,-29.749466,-72.050688,20.8168,3.2,,CSN,CSN_7986
,-29.687159,-72.04283,18.5788,3.0,,CSN,CSN_7987
,-29.956108,-71.986884,3.2779,4.7,,CSN,CSN_7988
,-29.689713,-72.013819,17.4907,4.2,,CSN,CSN_7989
,-29.617836,-72.035357,16.3487,3.4,,CSN,CSN_7991
,-29.657298,-72.004167,15.5282,3.8,,CSN,CSN_7993
,-29.644263,-72.069914,22.7936,3.7,,CSN,CSN_7996
,-29.918227,-71.978432,8.7041,3.1,,CSN,CSN_7997
,-29.663095,-72.019559,23.5699,4.8,,CSN,CSN_7999
,-29.607698,-72.02762,4.1808,3.1,,CSN,CSN_8002
,-29.634992,-72.06251,13.2616,3.2,,CSN,CSN_8003
,-29.663177,-71.988008,19.5978,3.0,,CSN,CSN_8006
,-29.676026,-72.00615,15.5115,3.5,,CSN,CSN_8009
,-29.956176,-72.081688,17.0328,3.0,,CSN,CSN_8010
,-29.948951,-72.010899,12.2039,3.3,,CSN,CSN_8011
,-29.972952,-71.977094,6.2103,3.0,,CSN,CSN_8012
,-29.646255,-72.04896,11.5799,3.2,,CSN,CSN_8013
,-29.624728,-72.074898,15.5988,4.4,,CSN,CSN_8015
,-29.631007,-72.009124,4.1937,3.4,,CSN,CSN_8017
,-29.911409,-72.066215,13.4117,3.4,,CSN,CSN_8018
,-29.960395,-72.05751,10.1275,4.0,,CSN,CSN_8021
,-29.977577,-72.069476,15.4188,4.0,,CSN,CSN_8023
,-29.875463,-72.075028,3.3196,3.1,,CSN,CSN_8025
,-29.891133,-72.07242,8.5087,3.1,,CSN,CSN_8026
,-29.91786,-72.102211,16.6859,3.4,,CSN,CSN_8027
,-29.936204,-71.952135,16.4611,3.5,,CSN,CSN_8028
,-29.718595,-72.002859,22.0803,3.3,,CSN,CSN_8031
,-29.62501,-72.018829,17.3168,4.2,,CSN,CSN_8032
,-29.622636,-72.019322,19.447,3.0,,CSN,CSN_8033
,-29.750827,-72.070223,15.6973,3.0,,CSN,CSN_8034
,-29.967127,-72.035901,19.331,4.2,,CSN,CSN_8035
,-29.692689,-72.088879,20.715,3.1,,CSN,CSN_8036
,-29.904502,-72.06506,22.0856,3.0,,CSN,CSN_8040
,-29.908836,-72.031074,5.8531,4.0,,CSN,CSN_8042
,-29.921288,-72.07867,18.8625,4.0,,CSN,CSN_8043
,-29.835518,-72.086597,12.6948,3.5,,CSN,CSN_8044
,-29.953143,-72.008843,19.6088,3.1,,CSN,CSN_8050
,-29.616037,-72.035884,18.7318,3.3,,CSN,CSN_8052
,-29.678531,-72.02149,24.253,3.4,,CSN,CSN_8053
,-29.710173,-72.060777,17.4709,3.0,,CSN,CSN_8054
,-29.630816,-72.047285,20.4936,3.2,,CSN,CSN_8055
,-29.949505,-71.972544,15.7901,3.6,,CSN,CSN_8056
,-29.919057,-71.990137,6.701,3.3,,CSN,CSN_8059
,-29.921639,-71.995412,11.0279,3.0,,CSN,CSN_8061
,-29.964953,-71.950532,14.1248,4.7,,CSN,CSN_8068
,-29.946211,-71.984185,17.0329,3.4,,CSN,CSN_8070
,-29.955616,-72.039592,9.5334,4.3,,CSN,CSN_8073
,-29.959483,-71.990225,3.2954,3.5,,CSN,CSN_8074
,-29.97771,-72.021313,12.0604,3.6,,CSN,CSN_8077
,-29.930397,-72.04006,13.512,3.3,,CSN,CSN_8081
,-29.943875,-72.049199,18.9554,3.0,,CSN,CSN_8082
,-29.96143,-71.961213,7.9828,3.5,,CSN,CSN_8083
,-29.960491,-72.022873,7.5264,3.6,,CSN,CSN_8084
,-29.940042,-72.038336,9.5453,3.3,,CSN,CSN_8087
,-29.949407,-72.061251,12.7387,3.3,,CSN,CSN_8088
,-29.949032,-72.034241,12.6442,3.3,,CSN,CSN_8089
,-29.934789,-72.064254,16.55,3.0,,CSN,CSN_8093
,-29.978731,-71.970059,3.5931,3.2,,CSN,CSN_8094
,-29.638207,-72.015145,16.3682,3.0,,CSN,CSN_8098
,-29.702498,-72.038158,14.6133,3.0,,CSN,CSN_8099
,-29.958481,-72.037256,12.1067,4.8,,CSN,CSN_8100
,-29.9556,-71.980867,13.2763,4.3,,CSN,CSN_8101
,-29.953638,-71.955763,4.9688,3.2,,CSN,CSN_8102
,-29.958921,-71.956995,7.9122,3.0,,CSN,CSN_8103
,-29.790043,-72.090393,22.5149,3.2,,CSN,CSN_8107
,-29.862648,-72.061334,17.5867,3.2,,CSN,CSN_8109
,-29.916824,-72.023106,11.8023,3.3,,CSN,CSN_8111
,-29.607017,-72.055166,20.9873,3.2,,CSN,CSN_8113
,-29.775797,-72.067371,17.6957,3.0,,CSN,CSN_8114
,-29.673258,-72.006782,19.7179,3.2,,CSN,CSN_8116
,-29.624338,-72.030805,3.2616,3.2,,CSN,CSN_8117
,-30.631213,-72.136428,3.6219,3.9,,CSN,CSN_8119
,-30.637401,-72.054885,2.8611,4.2,,CSN,CSN_8120
,-30.604273,-72.117085,3.905,4.2,,CSN,CSN_8123
,-30.256999,-72.095469,12.4595,3.6,,CSN,CSN_8124
,-30.517615,-72.163142,8.0462,3.4,,CSN,CSN_8126
,-30.418489,-72.028842,6.9191,3.4,,CSN,CSN_8128
,-30.380931,-72.25325,20.0971,3.7,,CSN,CSN_8130
,-30.563261,-72.169982,14.2285,3.3,,CSN,CSN_8133
,-30.336568,-72.152555,7.3579,3.6,,CSN,CSN_8134
,-30.557237,-72.082324,6.2489,3.0,,CSN,CSN_8136
,-30.507548,-72.085564,12.1763,4.2,,CSN,CSN_8137
,-30.604529,-71.97116,22.5854,4.4,,CSN,CSN_8141
,-30.604021,-72.047528,10.8118,3.1,,CSN,CSN_8142
,-30.413006,-72.006528,10.8006,3.1,,CSN,CSN_8144
,-30.596148,-72.074741,23.0989,5.0,,CSN,CSN_8145
,-30.419746,-72.199743,19.6157,3.7,,CSN,CSN_8147
,-30.30359,-72.150849,9.6109,3.3,,CSN,CSN_8148
,-30.629058,-71.994847,7.1634,4.4,,CSN,CSN_8149
,-30.606255,-72.102254,3.4403,3.3,,CSN,CSN_8150
,-30.169601,-72.15585,23.5809,3.3,,CSN,CSN_8151
,-30.678729,-72.030205,7.7873,3.6,,CSN,CSN_8152
,-30.342678,-72.112416,29.9025,4.0,,CSN,CSN_8153
,-30.51498,-72.090004,21.2982,3.5,,CSN,CSN_8154
,-30.643403,-72.035063,14.3794,3.7,,CSN,CSN_8155
,-30.669972,-72.062633,7.0063,3.2,,CSN,CSN_8156
,-30.471502,-72.091893,16.5188,3.7,,CSN,CSN_8157
,-30.527526,-72.172696,12.5734,3.2,,CSN,CSN_8158
,-30.49042,-72.189681,28.9688,3.3,,CSN,CSN_8159
,-30.394227,-72.029372,18.4689,3.1,,CSN,CSN_8161
,-30.383308,-72.227258,4.3236,4.4,,CSN,CSN_8162
,-30.231374,-72.159667,23.2093,3.3,,CSN,CSN_8163
,-30.365064,-72.043647,6.3653,4.2,,CSN,CSN_8164
,-30.56428,-72.170784,16.8664,4.0,,CSN,CSN_8165
,-30.650597,-72.023841,18.2661,4.1,,CSN,CSN_8166
,-30.622207,-72.096289,21.695,3.4,,CSN,CSN_8167
,-30.339639,-72.241018,21.8722,3.1,,CSN,CSN_8168
,-30.11075,-72.089199,14.9725,4.3,,CSN,CSN_8169
,-30.244364,-72.16298,4.1523,4.1,,CSN,CSN_8170
,-30.365192,-72.1287,24.7701,3.0,,CSN,CSN_8171
,-30.660019,-72.030913,17.978,3.6,,CSN,CSN_8172
,-30.47909,-72.136211,22.3906,3.6,,CSN,CSN_8173
,-30.634343,-72.007416,21.0949,3.5,,CSN,CSN_8174
,-30.399833,-72.18449,16.1172,3.6,,CSN,CSN_8175
,-30.604371,-72.041384,14.7149,3.8,,CSN,CSN_8176
,-30.599079,-72.136447,15.9474,3.6,,CSN,CSN_8177
,-30.612416,-72.082328,20.3397,3.5,,CSN,CSN_8178
,-30.460607,-72.191924,18.882,3.5,,CSN,CSN_8179
,-30.416118,-72.127833,3.3839,3.5,,CSN,CSN_8180
,-30.33302,-72.241037,14.9996,4.7,,CSN,CSN_8181
,-30.354289,-72.205176,16.7585,4.7,,CSN,CSN_8182
,-30.361435,-72.253107,19.7719,3.5,,CSN,CSN_8183
,-30.192138,-72.120886,7.3228,3.7,,CSN,CSN_8184
,-30.303901,-72.184393,12.7996,3.5,,CSN,CSN_8185
,-30.344379,-72.143557,16.1656,3.1,,CSN,CSN_8187
,-30.418513,-72.053103,16.3836,3.5,,CSN,CSN_8188
,-30.46734,-72.162808,19.5402,3.5,,CSN,CSN_8189
,-30.23146,-72.13545,17.0717,3.1,,CSN,CSN_8190
,-30.281702,-72.127467,18.3684,3.1,,CSN,CSN_8191
,-30.395926,-72.002418,7.4223,3.2,,CSN,CSN_8192
,-30.175093,-72.131209,20.4407,4.1,,CSN,CSN_8193
,-30.391698,-71.98787,22.3008,3.8,,CSN,CSN_8194
,-30.383219,-72.01974,21.6402,3.8,,CSN,CSN_8195
,-30.463696,-72.060941,5.8657,3.5,,CSN,CSN_8196
,-30.422607,-72.035752,9.6558,3.1,,CSN,CSN_8197
,-30.478485,-72.144227,21.0031,3.9,,CSN,CSN_8198
,-30.252027,-72.101852,8.616,3.7,,CSN,CSN_8199
,-30.567449,-72.11879,34.0287,4.1,,CSN,CSN_8200
,-30.585459,-72.150225,14.945,3.3,,CSN,CSN_8201
,-30.38036,-72.05797,3.4836,4.0,,CSN,CSN_8202
,-30.619564,-72.001943,20.0249,3.0,,CSN,CSN_8203
,-30.487065,-72.012501,3.0181,4.1,,CSN,CSN_8204
,-30.503417,-72.043545,17.1722,4.1,,CSN,CSN_8205
,-30.319381,-72.207176,22.536,4.7,,CSN,CSN_8206
,-30.254986,-72.212805,58.4877,4.7,,CSN,CSN_8207
,-30.565765,-72.040153,2.8649,4.0,,CSN,CSN_8208
,-30.620199,-72.050415,18.4312,4.1,,CSN,CSN_8209
,-30.586826,-71.97133,8.3244,4.0,,CSN,CSN_8210
,-30.365674,-72.036492,3.4541,4.6,,CSN,CSN_8211
,-30.574641,-72.016368,11.6366,4.9,,CSN,CSN_8212
,-30.614311,-72.008191,16.6222,5.7,,CSN,CSN_8213
,-30.601168,-72.008241,18.3692,3.5,,CSN,CSN_8214
,-30.31596,-72.156841,22.091,3.8,,CSN,CSN_8215
,-30.271058,-72.123072,12.1612,4.2,,CSN,CSN_8216
,-30.300523,-72.222612,12.5571,5.1,,CSN,CSN_8217
,-30.380012,-72.111692,4.2171,3.8,,CSN,CSN_8218
,-30.389778,-72.152544,15.3274,3.6,,CSN,CSN_8219
,-30.466638,-72.093609,12.0452,4.0,,CSN,CSN_8220
,-30.594967,-72.056023,10.8054,4.1,,CSN,CSN_8221
,-30.341332,-72.167391,15.3533,3.6,,CSN,CSN_8222
,-30.607982,-72.012394,19.6717,5.0,,CSN,CSN_8223
,-30.325261,-72.175453,12.7259,5.2,,CSN,CSN_8224
,-30.330305,-72.16239,19.141,3.8,,CSN,CSN_8225
,-30.321707,-72.062603,10.2672,3.1,,CSN,CSN_8226
,-30.367264,-72.232483,19.4148,3.9,,CSN,CSN_8227
,-30.421709,-71.995184,21.7382,4.0,,CSN,CSN_8228
,-30.307828,-72.244862,5.731,4.3,,CSN,CSN_8229
,-30.541158,-72.097045,3.3367,3.2,,CSN,CSN_8230
,-30.689102,-72.037052,22.3491,4.5,,CSN,CSN_8231
,-30.20381,-72.145531,17.8325,3.7,,CSN,CSN_8232
,-30.22509,-72.119982,20.6904,3.6,,CSN,CSN_8233
,-30.691345,-72.041473,15.523,3.1,,CSN,CSN_8234
,-30.400644,-72.122372,3.4393,3.2,,CSN,CSN_8235
,-30.478847,-72.048926,25.4108,3.9,,CSN,CSN_8236
,-30.3164,-72.23474,17.1667,4.4,,CSN,CSN_8237
,-30.28054,-72.173238,17.5969,4.3,,CSN,CSN_8238
,-30.582921,-72.021614,19.1342,3.2,,CSN,CSN_8239
,-30.479166,-72.149891,20.2587,3.8,,CSN,CSN_8240
,-30.425564,-72.094286,3.3865,4.5,,CSN,CSN_8241
,-30.449125,-72.083407,21.73,3.3,,CSN,CSN_8242
,-30.404206,-71.983181,17.3519,3.8,,CSN,CSN_8243
,-30.575582,-72.066922,17.2369,3.9,,CSN,CSN_8244
,-30.674583,-72.102182,22.8644,3.4,,CSN,CSN_8245
,-30.504169,-72.153118,17.6099,4.0,,CSN,CSN_8246
,-30.288627,-72.143489,23.3804,4.0,,CSN,CSN_8247
,-30.444631,-72.069646,24.3707,3.4,,CSN,CSN_8248
,-30.436492,-72.083691,18.8676,3.1,,CSN,CSN_8249
,-30.345741,-72.059394,16.4122,3.5,,CSN,CSN_8250
,-30.344759,-72.061468,18.3722,3.8,,CSN,CSN_8251
,-30.401394,-72.098009,12.4752,4.7,,CSN,CSN_8252
,-30.606515,-72.026275,22.9683,3.1,,CSN,CSN_8253
,-30.523066,-72.067353,27.2412,3.3,,CSN,CSN_8254
,-30.54742,-72.165469,23.8927,3.2,,CSN,CSN_8255
,-30.625836,-72.024347,20.2924,3.4,,CSN,CSN_8256
,-30.672046,-72.026338,11.1996,4.1,,CSN,CSN_8257
,-30.676057,-72.051972,20.4005,3.8,,CSN,CSN_8258
,-30.669404,-72.020107,11.9145,3.6,,CSN,CSN_8259
,-30.415755,-72.079202,3.4279,3.7,,CSN,CSN_8260
,-30.61071,-72.08073,17.5909,3.8,,CSN,CSN_8261
,-30.460475,-72.199054,18.8046,4.8,,CSN,CSN_8262
,-30.47427,-72.117698,10.1032,4.3,,CSN,CSN_8263
,-30.254763,-72.158789,15.0592,4.4,,CSN,CSN_8264
,-30.546419,-72.058951,22.4444,4.0,,CSN,CSN_8265
,-30.541598,-72.050761,15.7636,3.3,,CSN,CSN_8266
,-30.591297,-72.031762,14.0448,4.6,,CSN,CSN_8267
,-30.423547,-72.076517,20.4225,4.7,,CSN,CSN_8268
,-30.477795,-72.150478,16.7508,3.8,,CSN,CSN_8269
,-30.191413,-72.163305,22.7939,3.5,,CSN,CSN_8270
,-30.445172,-72.054811,20.941,3.3,,CSN,CSN_8271
,-30.587463,-72.080011,2.9432,4.8,,CSN,CSN_8272
,-30.398102,-72.234501,16.9832,4.4,,CSN,CSN_8273
,-30.300988,-72.129022,11.8911,3.2,,CSN,CSN_8274
,-30.561269,-71.980611,28.4071,3.4,,CSN,CSN_8275
,-30.625079,-72.008111,18.6419,4.1,,CSN,CSN_8276
,-30.378539,-72.200019,13.3836,3.8,,CSN,CSN_8277
,-30.342502,-72.124446,18.6128,3.4,,CSN,CSN_8278
,-30.365845,-72.144368,18.7286,3.4,,CSN,CSN_8279
,-30.432178,-72.027938,16.7185,4.1,,CSN,CSN_8280
,-30.316356,-72.167222,17.8584,3.5,,CSN,CSN_8281
,-30.594629,-72.066062,10.8705,3.6,,CSN,CSN_8282
,-30.580163,-72.048917,16.4706,3.5,,CSN,CSN_8283
,-30.498657,-72.134764,7.2614,4.2,,CSN,CSN_8284
,-30.214977,-72.135962,21.8764,3.7,,CSN,CSN_8285
,-30.56586,-72.085178,18.4926,3.7,,CSN,CSN_8286
,-30.526938,-72.122822,17.4816,3.0,,CSN,CSN_8287
,-30.642926,-72.027373,13.7071,3.6,,CSN,CSN_8288
,-30.432684,-72.146609,11.7342,3.5,,CSN,CSN_8289
,-30.352286,-72.079007,20.668,3.8,,CSN,CSN_8290
,-30.335968,-72.182664,16.0382,3.3,,CSN,CSN_8291
,-30.465895,-72.122206,10.6831,3.4,,CSN,CSN_8292
,-30.636509,-72.070029,27.7616,3.7,,CSN,CSN_8293
,-30.412901,-71.992977,11.0869,3.0,,CSN,CSN_8294
,-30.390833,-72.021094,8.3473,3.2,,CSN,CSN_8295
,-30.190659,-72.084438,18.5565,3.7,,CSN,CSN_8296
,-30.313716,-72.094567,4.6969,3.2,,CSN,CSN_8297
,-30.483023,-72.113185,9.7549,3.5,,CSN,CSN_8298
,-30.390382,-72.226811,10.7733,3.4,,CSN,CSN_8299
,-30.609137,-72.050869,20.8198,4.1,,CSN,CSN_8300
,-30.412122,-72.04955,12.1018,3.2,,CSN,CSN_8301
,-30.393849,-72.066692,14.8152,3.4,,CSN,CSN_8302
,-30.479272,-72.155356,16.4203,6.1,,CSN,CSN_8303
,-30.519155,-72.152509,11.5462,3.9,,CSN,CSN_8304
,-30.446323,-72.173475,22.8678,4.1,,CSN,CSN_8305
,-30.478001,-72.171832,11.1304,3.2,,CSN,CSN_8306
,-30.490286,-72.093271,20.2805,3.7,,CSN,CSN_8307
,-30.537616,-72.105895,13.8476,3.6,,CSN,CSN_8308
,-30.425683,-72.030669,18.9397,4.0,,CSN,CSN_8309
,-30.538734,-72.032445,3.8654,3.1,,CSN,CSN_8310
,-30.421564,-72.073221,5.5462,3.9,,CSN,CSN_8311
,-30.429573,-72.189385,12.1306,3.0,,CSN,CSN_8313
,-30.367308,-72.144638,8.7955,3.2,,CSN,CSN_8314
,-30.23043,-72.116116,11.4353,3.0,,CSN,CSN_8315
,-30.333798,-72.115752,13.4292,3.4,,CSN,CSN_8316
,-30.284134,-72.113946,13.1327,3.5,,CSN,CSN_8317
,-30.327002,-72.054889,23.916,3.1,,CSN,CSN_8318
,-30.251178,-72.151452,13.3405,4.0,,CSN,CSN_8319
,-30.582748,-71.995425,13.9268,4.0,,CSN,CSN_8321
,-30.477576,-72.170365,21.4964,3.0,,CSN,CSN_8323
,-30.222537,-72.129967,18.2217,3.1,,CSN,CSN_8325
,-30.626043,-71.992514,18.5554,3.2,,CSN,CSN_8326
,-30.137038,-72.126877,16.6856,3.2,,CSN,CSN_8329
,-30.582047,-72.020516,10.8429,3.0,,CSN,CSN_8330
,-30.188456,-72.141909,13.0694,3.1,,CSN,CSN_8331
,-30.113617,-72.091343,10.3224,3.1,,CSN,CSN_8333
,-30.63345,-71.996381,11.0892,3.1,,CSN,CSN_8334
,-30.384671,-72.128772,17.0314,3.7,,CSN,CSN_8335
,-30.433525,-72.122545,17.5523,3.3,,CSN,CSN_8339
,-30.369796,-72.064841,4.4649,3.0,,CSN,CSN_8340
,-30.386074,-72.106811,18.9084,3.8,,CSN,CSN_8342
,-30.558465,-72.087544,9.3899,3.2,,CSN,CSN_8343
,-30.364852,-72.016497,19.1709,3.6,,CSN,CSN_8344
,-30.605712,-72.014928,17.8952,3.7,,CSN,CSN_8345
,-30.63625,-72.122537,17.158,3.3,,CSN,CSN_8346
,-30.603015,-72.032723,9.978,3.4,,CSN,CSN_8348
,-30.413461,-72.012047,14.8038,3.3,,CSN,CSN_8349
,-30.564824,-72.073064,16.0458,3.4,,CSN,CSN_8350
,-30.317069,-72.174858,16.7835,4.3,,CSN,CSN_8351
,-30.170675,-72.143294,16.9032,3.9,,CSN,CSN_8352
,-30.376284,-72.158629,19.6284,3.3,,CSN,CSN_8353
,-30.597665,-72.093028,13.3707,3.4,,CSN,CSN_8355
,-30.440077,-72.027395,11.2924,3.3,,CSN,CSN_8356
,-30.316188,-72.090665,21.0947,3.4,,CSN,CSN_8357
,-30.339521,-72.162607,9.6829,3.3,,CSN,CSN_8358
,-30.595433,-72.127014,12.7982,3.4,,CSN,CSN_8359
,-30.346419,-72.138479,15.1722,3.1,,CSN,CSN_8360
,-30.576502,-71.980249,17.1494,3.9,,CSN,CSN_8361
,-30.600056,-71.988476,17.2212,3.0,,CSN,CSN_8362
,-30.63749,-71.968821,20.4809,3.1,,CSN,CSN_8363
,-30.589846,-71.970629,19.7507,4.0,,CSN,CSN_8364
,-30.222723,-72.140492,20.3879,3.7,,CSN,CSN_8365
,-30.244592,-72.195622,20.3847,4.6,,CSN,CSN_8366
,-30.252931,-72.169107,17.4153,3.1,,CSN,CSN_8368
,-30.415821,-72.074559,14.2698,3.2,,CSN,CSN_8369
,-30.377704,-72.09605,15.1014,3.0,,CSN,CSN_8370
,-30.336908,-72.102035,16.8594,3.6,,CSN,CSN_8371
,-30.397998,-72.083442,14.3532,4.4,,CSN,CSN_8372
,-30.604684,-72.000815,16.2484,4.2,,CSN,CSN_8373
,-30.369337,-72.068645,4.7733,3.0,,CSN,CSN_8374
,-30.628872,-72.007724,19.9545,3.6,,CSN,CSN_8375
,-30.596014,-72.019391,21.251,3.3,,CSN,CSN_8377
,-30.613557,-72.068558,13.3499,3.5,,CSN,CSN_8379
,-30.344273,-72.186926,11.2062,3.3,,CSN,CSN_8380
,-30.671451,-72.067248,13.6903,3.0,,CSN,CSN_8381
,-30.501478,-72.116019,9.7847,4.3,,CSN,CSN_8384
,-30.479888,-72.117789,16.0109,4.1,,CSN,CSN_8387
,-30.19567,-72.1525,13.7802,3.2,,CSN,CSN_8388
,-30.382869,-72.141788,20.8386,3.2,,CSN,CSN_8389
,-30.40318,-72.103007,21.1558,3.2,,CSN,CSN_8390
,-30.405901,-72.064229,17.4908,3.8,,CSN,CSN_8391
,-30.453689,-72.119149,10.4051,3.2,,CSN,CSN_8393
,-30.515493,-72.102556,17.2032,3.4,,CSN,CSN_8395
,-30.350961,-72.071086,3.4916,3.3,,CSN,CSN_8396
,-30.393278,-72.102815,16.7473,3.3,,CSN,CSN_8397
,-30.588635,-72.078163,11.3822,3.2,,CSN,CSN_8398
,-30.686901,-72.060695,20.2753,3.5,,CSN,CSN_8399
,-30.347736,-72.003607,8.8849,3.6,,CSN,CSN_8400
,-30.616034,-72.058028,20.757,3.2,,CSN,CSN_8403
,-30.624819,-72.032501,17.896,3.4,,CSN,CSN_8405
,-30.394117,-72.200656,20.9484,3.6,,CSN,CSN_8406
,-30.38875,-72.218077,12.6045,3.8,,CSN,CSN_8407
,-30.382791,-72.242093,12.3988,4.1,,CSN,CSN_8408
,-30.404312,-72.015484,16.2776,3.2,,CSN,CSN_8409
,-30.621024,-71.962069,18.5031,3.7,,CSN,CSN_8410
,-30.392701,-72.216685,18.3946,3.1,,CSN,CSN_8412
,-30.33263,-72.083106,5.6159,3.1,,CSN,CSN_8413
,-30.611015,-72.008516,19.7685,3.0,,CSN,CSN_8414
,-30.378812,-72.186304,14.7593,3.2,,CSN,CSN_8415
,-30.390661,-72.159044,19.9104,3.2,,CSN,CSN_8416
,-30.44023,-72.124796,13.728,3.9,,CSN,CSN_8417
,-30.456976,-72.074564,16.7482,3.9,,CSN,CSN_8418
,-30.600814,-71.964479,17.6755,3.6,,CSN,CSN_8419
,-30.397304,-72.020983,19.1746,4.4,,CSN,CSN_8420
,-30.480718,-72.09292,3.2218,3.5,,CSN,CSN_8421
,-30.487226,-72.129807,11.8193,3.5,,CSN,CSN_8422
,-30.396813,-72.016785,5.5694,3.3,,CSN,CSN_8423
,-30.365942,-72.052983,8.8237,3.3,,CSN,CSN_8424
,-30.680766,-72.07567,12.1972,3.1,,CSN,CSN_8425
,-30.603091,-72.107017,18.4687,3.5,,CSN,CSN_8426
,-30.599228,-72.069492,19.154,3.5,,CSN,CSN_8427
,-30.625205,-72.091072,7.4189,3.6,,CSN,CSN_8429
,-30.627905,-72.037425,4.3772,3.6,,CSN,CSN_8430
,-30.305154,-72.163381,13.0887,3.3,,CSN,CSN_8434
,-30.351799,-72.112938,17.7522,3.3,,CSN,CSN_8435
,-30.358334,-72.185332,8.6273,3.2,,CSN,CSN_8438
,-30.40179,-72.148642,8.2425,3.2,,CSN,CSN_8439
,-30.610775,-72.067476,15.911,4.6,,CSN,CSN_8440
,-30.249211,-72.147768,16.6903,3.3,,CSN,CSN_8442
,-30.278185,-72.128379,19.6977,3.3,,CSN,CSN_8443
,-30.389613,-72.114109,17.7444,3.1,,CSN,CSN_8444
,-30.314351,-72.152018,17.8379,3.6,,CSN,CSN_8446
,-30.619073,-72.006939,14.0224,5.1,,CSN,CSN_8447
,-30.605372,-71.959928,21.5501,3.9,,CSN,CSN_8448
,-30.584979,-72.016935,16.7007,3.2,,CSN,CSN_8449
,-30.351969,-72.116593,10.435,3.0,,CSN,CSN_8450
,-30.422447,-72.196933,12.3452,3.4,,CSN,CSN_8451
,-30.247708,-72.164435,12.703,3.0,,CSN,CSN_8452
,-30.353229,-72.137878,11.6911,3.2,,CSN,CSN_8455
,-30.352987,-72.09832,3.4736,3.1,,CSN,CSN_8456
,-30.488111,-72.10879,13.3029,3.2,,CSN,CSN_8457
,-30.632851,-72.074158,19.0903,3.3,,CSN,CSN_8458
,-30.467089,-72.151027,13.5606,3.2,,CSN,CSN_8459
,-30.650515,-72.107342,10.4591,3.9,,CSN,CSN_8460
,-30.410611,-72.066265,7.9159,3.1,,CSN,CSN_8462
,-30.413889,-72.136803,4.0825,3.5,,CSN,CSN_8464
,-30.35593,-72.200309,16.503,3.5,,CSN,CSN_8465
,-30.439311,-72.070803,17.3885,3.3,,CSN,CSN_8466
,-30.326714,-72.221192,5.6371,5.7,,CSN,CSN_8467
,-30.362063,-72.191872,6.382,5.7,,CSN,CSN_8468
,-30.339447,-72.218263,11.1879,4.4,,CSN,CSN_8472
,-30.35307,-72.178562,15.0652,4.4,,CSN,CSN_8473
,-30.306743,-72.152352,20.9873,3.3,,CSN,CSN_8475
,-30.344061,-72.119553,22.2668,3.3,,CSN,CSN_8476
,-30.312002,-72.126219,19.1064,3.0,,CSN,CSN_8478
,-30.344355,-72.043604,17.48,3.6,,CSN,CSN_8482
,-30.382573,-72.013553,18.1534,3.6,,CSN,CSN_8483
,-30.337197,-72.143425,16.2885,3.3,,CSN,CSN_8484
,-30.382233,-72.07125,19.6877,3.3,,CSN,CSN_8485
,-30.609176,-71.980288,20.4707,3.4,,CSN,CSN_8487
,-30.633695,-72.067249,14.8232,3.3,,CSN,CSN_8491
,-30.558233,-71.992189,3.2535,3.3,,CSN,CSN_8492
,-30.38966,-72.077185,14.1042,4.1,,CSN,CSN_8493
,-30.400789,-72.047388,15.1425,4.1,,CSN,CSN_8494
,-30.410281,-72.037785,16.6576,3.7,,CSN,CSN_8497
,-30.309838,-72.163238,54.8984,3.6,,CSN,CSN_8498
,-30.394674,-72.05961,15.7091,3.0,,CSN,CSN_8504
,-30.393672,-72.185918,17.5996,4.4,,CSN,CSN_8505
,-30.434845,-72.182546,17.4957,4.0,,CSN,CSN_8506
,-30.442677,-72.115649,14.7029,3.4,,CSN,CSN_8510
,-30.412812,-72.094398,17.8468,3.0,,CSN,CSN_8512
,-30.403248,-72.211583,13.7211,3.4,,CSN,CSN_8514
,-30.608134,-72.043115,15.7993,3.0,,CSN,CSN_8515
,-30.471275,-72.110369,13.4366,3.0,,CSN,CSN_8517
,-30.376819,-72.18001,18.1571,3.1,,CSN,CSN_8519
,-30.430696,-72.102393,3.6327,3.1,,CSN,CSN_8522
,-30.224788,-72.140671,20.9804,3.0,,CSN,CSN_8523
,-30.352074,-72.159091,17.7376,3.3,,CSN,CSN_8524
,-30.421692,-72.060479,13.8397,3.2,,CSN,CSN_8525
,-30.417981,-72.122853,19.0803,3.6,,CSN,CSN_8528
,-30.613932,-71.993657,18.0428,3.1,,CSN,CSN_8530
,-30.398579,-72.032579,5.1161,3.2,,CSN,CSN_8531
,-30.604058,-72.11239,18.8772,4.2,,CSN,CSN_8532
,-30.363331,-72.243334,20.1851,3.2,,CSN,CSN_8534
,-30.399104,-72.1976,30.0479,3.3,,CSN,CSN_8536
,-30.600455,-72.052145,11.3354,4.3,,CSN,CSN_8538
,-30.487136,-72.082834,5.7571,3.1,,CSN,CSN_8539
,-30.475128,-72.176008,17.584,3.0,,CSN,CSN_8541
,-30.464696,-72.1503,15.6371,3.1,,CSN,CSN_8542
,-30.486489,-72.17736,23.8015,3.0,,CSN,CSN_8544
,-30.400403,-72.19612,15.1308,3.1,,CSN,CSN_8546
,-30.387994,-72.198229,19.3287,3.0,,CSN,CSN_8548
,-30.475517,-72.076183,21.5123,3.4,,CSN,CSN_8551
,-30.699514,-72.010345,23.0989,3.1,,CSN,CSN_8559
,-30.416306,-72.015973,18.3256,3.8,,CSN,CSN_8562
,-30.321196,-72.190553,20.8748,3.1,,CSN,CSN_8563
,-30.394931,-72.069677,12.2309,3.6,,CSN,CSN_8567
,-30.436038,-72.06024,13.1049,3.3,,CSN,CSN_8569
,-30.362075,-72.13688,3.4459,3.6,,CSN,CSN_8570
,-30.40988,-72.231806,16.3699,4.8,,CSN,CSN_8577
,-30.405466,-72.04228,11.6377,3.7,,CSN,CSN_8580
,-30.321131,-72.16532,17.2276,3.0,,CSN,CSN_8583
,-30.594247,-71.976156,17.4514,3.2,,CSN,CSN_8584
,-30.399199,-72.04866,6.9576,4.1,,CSN,CSN_8585
,-30.140191,-72.092866,9.2699,3.9,,CSN,CSN_8586
,-30.21165,-72.161834,17.7739,3.2,,CSN,CSN_8588
,-30.203139,-72.111885,10.112,3.6,,CSN,CSN_8590
,-30.121116,-72.089211,16.3306,3.2,,CSN,CSN_8591
,-30.60842,-72.081715,13.9695,3.1,,CSN,CSN_8592
,-30.607646,-72.121101,8.1246,3.6,,CSN,CSN_8596
,-30.627454,-72.054584,13.9528,4.1,,CSN,CSN_8597
,-30.619121,-71.999752,21.6487,3.1,,CSN,CSN_8598
,-30.38916,-72.218706,16.4096,3.3,,CSN,CSN_8599
,-30.599716,-72.047372,10.1883,4.0,,CSN,CSN_8600
,-30.200269,-72.147704,16.2607,3.6,,CSN,CSN_8601
,-30.350685,-72.068505,18.7425,3.7,,CSN,CSN_8604
,-30.394147,-72.12246,21.5079,3.8,,CSN,CSN_8608
,-30.378963,-72.131352,24.0912,3.3,,CSN,CSN_8610
,-30.345436,-72.244231,13.0671,3.3,,CSN,CSN_8612
,-30.256904,-72.213688,20.4917,4.9,,CSN,CSN_8615
,-30.487056,-72.15122,17.3152,3.1,,CSN,CSN_8617
,-30.279545,-72.224736,21.1247,3.3,,CSN,CSN_8618
,-30.335296,-72.155245,16.3844,3.5,,CSN,CSN_8623
,-30.344129,-72.207634,16.4692,4.3,,CSN,CSN_8624
,-30.483876,-72.165719,16.384,4.0,,CSN,CSN_8625
,-30.494266,-72.120629,17.2331,4.0,,CSN,CSN_8626
,-30.361645,-72.194504,13.9907,4.8,,CSN,CSN_8627
,-30.409503,-72.099612,11.8515,3.3,,CSN,CSN_8630
,-30.337137,-72.20813,14.5952,3.0,,CSN,CSN_8631
,-30.155877,-72.076652,20.7847,3.0,,CSN,CSN_8635
,-30.421333,-72.114975,11.3988,3.3,,CSN,CSN_8636
,-30.415235,-72.085874,12.9216,3.4,,CSN,CSN_8637
,-30.220713,-72.166276,14.1138,3.8,,CSN,CSN_8638
,-34.74817,-72.32105,27.5504,3.2,,CSN,CSN_8641
,-34.767962,-72.453596,24.6539,4.3,,CSN,CSN_8644
,-34.822173,-72.551866,7.8898,3.2,,CSN,CSN_8651
,-34.778993,-72.51809,20.9226,3.0,,CSN,CSN_8654
,-34.771747,-72.427477,28.0271,3.0,,CSN,CSN_8657
,-34.838571,-72.62149,17.3645,3.6,,CSN,CSN_8658
,-34.900721,-72.589453,5.2105,3.1,,CSN,CSN_8659
,-34.859393,-72.378167,30.1667,3.2,,CSN,CSN_8660
,-34.841933,-72.568702,20.3219,3.5,,CSN,CSN_8661
,-34.758325,-72.34979,18.2549,3.9,,CSN,CSN_8662
,-34.760954,-72.350892,24.971,3.3,,CSN,CSN_8665
,-34.739315,-72.425568,56.0143,3.9,,CSN,CSN_8667
,-34.810001,-72.325469,31.855,4.6,,CSN,CSN_8668
,-34.892086,-72.606366,25.0859,4.1,,CSN,CSN_8669
,-34.727621,-72.443277,4.3066,4.7,,CSN,CSN_8670
,-34.843018,-72.376888,33.5462,4.1,,CSN,CSN_8671
,-34.818409,-72.381902,26.2074,3.6,,CSN,CSN_8672
,-34.834788,-72.469581,11.9692,3.5,,CSN,CSN_8673
,-34.835014,-72.381911,24.7582,3.8,,CSN,CSN_8674
,-34.745452,-72.372686,17.4249,3.1,,CSN,CSN_8675
,-34.816787,-72.454689,43.4502,3.2,,CSN,CSN_8676
,-34.822732,-72.420733,8.1444,3.5,,CSN,CSN_8677
,-34.843088,-72.451189,35.8001,4.5,,CSN,CSN_8678
,-34.748967,-72.356061,39.668,3.4,,CSN,CSN_8679
,-34.822815,-72.502732,9.6259,3.5,,CSN,CSN_8680
,-34.870175,-72.465146,42.5301,3.4,,CSN,CSN_8681
,-34.762354,-72.448501,26.1821,3.8,,CSN,CSN_8682
,-34.897911,-72.497081,28.852,4.3,,CSN,CSN_8683
,-34.822737,-72.475833,6.5206,3.7,,CSN,CSN_8684
,-34.875921,-72.462184,8.908,4.0,,CSN,CSN_8685
,-34.739232,-72.452608,24.5204,3.7,,CSN,CSN_8686
,-34.840845,-72.357721,20.087,3.0,,CSN,CSN_8687
,-34.801887,-72.419233,22.951,3.0,,CSN,CSN_8688
,-34.86143,-72.369102,23.4482,3.1,,CSN,CSN_8689
,-34.790858,-72.411894,34.6232,3.4,,CSN,CSN_8690
,-34.8563,-72.570459,6.1419,3.6,,CSN,CSN_8691
,-34.800853,-72.468968,19.1798,3.5,,CSN,CSN_8692
,-34.760817,-72.491916,35.5748,4.0,,CSN,CSN_8693
,-34.772425,-72.378458,18.4091,3.7,,CSN,CSN_8694
,-34.874432,-72.635803,6.9798,4.1,,CSN,CSN_8695
,-34.806084,-72.512524,13.0072,3.4,,CSN,CSN_8696
,-34.795207,-72.519809,15.3782,3.7,,CSN,CSN_8697
,-34.784396,-72.477507,36.3977,3.3,,CSN,CSN_8698
,-34.751283,-72.337297,8.1013,3.2,,CSN,CSN_8699
,-34.752938,-72.430496,34.9681,3.2,,CSN,CSN_8700
,-34.844937,-72.570926,7.2456,3.1,,CSN,CSN_8701
,-34.83155,-72.357701,26.53,3.4,,CSN,CSN_8702
,-34.88928,-72.426403,31.0857,3.4,,CSN,CSN_8703
,-34.704191,-72.373137,24.4529,4.7,,CSN,CSN_8704
,-34.816925,-72.487078,16.2134,3.6,,CSN,CSN_8705
,-34.780807,-72.481777,10.7885,3.5,,CSN,CSN_8707
,-34.842276,-72.621742,21.155,4.1,,CSN,CSN_8708
,-34.761953,-72.469033,16.8187,4.4,,CSN,CSN_8709
,-34.75661,-72.482168,17.0954,4.1,,CSN,CSN_8710
,-34.765319,-72.446396,22.7028,3.3,,CSN,CSN_8711
,-34.803022,-72.444173,8.1022,3.0,,CSN,CSN_8712
,-34.800439,-72.446831,19.1517,3.7,,CSN,CSN_8714
,-34.786817,-72.491548,16.4279,3.9,,CSN,CSN_8715
,-34.750457,-72.432885,31.5614,3.1,,CSN,CSN_8716
,-34.845094,-72.481926,10.2344,3.0,,CSN,CSN_8717
,-34.79795,-72.384855,3.4213,3.1,,CSN,CSN_8719
,-34.848969,-72.59798,23.6125,4.1,,CSN,CSN_8720
,-34.909011,-72.593162,27.0897,3.3,,CSN,CSN_8721
,-34.850796,-72.528511,3.9365,3.1,,CSN,CSN_8722
,-34.83776,-72.610278,25.8761,3.2,,CSN,CSN_8723
,-34.794831,-72.358818,29.0226,3.8,,CSN,CSN_8724
,-34.896222,-72.588897,0.7754,3.0,,CSN,CSN_8725
,-34.861801,-72.611263,22.8831,3.2,,CSN,CSN_8726
,-34.89865,-72.596001,19.6973,3.5,,CSN,CSN_8727
,-34.774411,-72.463992,26.7836,4.1,,CSN,CSN_8728
,-34.785327,-72.456444,23.9565,4.3,,CSN,CSN_8729
,-34.780979,-72.444361,11.9786,3.1,,CSN,CSN_8730
,-34.868825,-72.497713,21.675,3.5,,CSN,CSN_8731
,-34.803916,-72.45461,11.6435,3.3,,CSN,CSN_8733
,-34.744527,-72.412304,23.488,3.1,,CSN,CSN_8734
,-34.796925,-72.411227,25.4402,4.0,,CSN,CSN_8735
,-34.822312,-72.540971,35.9867,3.3,,CSN,CSN_8736
,-34.767648,-72.337512,22.2975,4.2,,CSN,CSN_8737
,-34.806092,-72.442538,12.8228,3.1,,CSN,CSN_8738
,-34.861255,-72.600193,14.5755,3.3,,CSN,CSN_8739
,-34.812442,-72.419544,23.3407,4.6,,CSN,CSN_8740
,-34.88363,-72.581962,10.752,3.2,,CSN,CSN_8741
,-34.880506,-72.403046,18.4662,3.4,,CSN,CSN_8742
,-34.768552,-72.311277,28.1486,3.8,,CSN,CSN_8743
,-34.870027,-72.605507,13.6832,3.6,,CSN,CSN_8744
,-34.890114,-72.473338,17.1396,3.8,,CSN,CSN_8745
,-34.79201,-72.336615,63.8046,3.0,,CSN,CSN_8746
,-34.759354,-72.474842,30.3488,3.7,,CSN,CSN_8747
,-34.743676,-72.500476,22.044,4.4,,CSN,CSN_8748
,-34.848357,-72.530741,20.8568,3.8,,CSN,CSN_8749
,-34.76537,-72.482834,20.9327,3.6,,CSN,CSN_8750
,-34.901185,-72.437752,21.8596,3.4,,CSN,CSN_8752
,-34.818298,-72.393605,5.3087,3.0,,CSN,CSN_8753
,-34.829713,-72.52769,21.6145,3.5,,CSN,CSN_8754
,-34.89931,-72.521902,16.5829,3.0,,CSN,CSN_8755
,-34.756574,-72.528155,21.8481,3.8,,CSN,CSN_8757
,-34.873452,-72.414315,23.2928,3.1,,CSN,CSN_8760
,-34.909154,-72.598333,19.4003,3.2,,CSN,CSN_8761
,-34.90625,-72.466306,6.4304,3.4,,CSN,CSN_8762
,-34.826702,-72.593904,16.1268,3.6,,CSN,CSN_8763
,-34.850415,-72.341748,7.4986,4.4,,CSN,CSN_8764
,-34.774246,-72.375953,27.401,3.4,,CSN,CSN_8766
,-34.852249,-72.457665,9.6135,3.0,,CSN,CSN_8767
,-34.780411,-72.498107,5.2022,3.3,,CSN,CSN_8768
,-34.828037,-72.387243,8.0886,4.5,,CSN,CSN_8769
,-34.802173,-72.538633,14.6329,3.4,,CSN,CSN_8770
,-34.848074,-72.624953,31.9844,3.2,,CSN,CSN_8771
,-34.734704,-72.28765,23.9689,3.0,,CSN,CSN_8773
,-34.880718,-72.39981,25.6303,3.0,,CSN,CSN_8774
,-34.764269,-72.502715,10.1229,3.2,,CSN,CSN_8775
,-34.894178,-72.556261,4.3433,3.7,,CSN,CSN_8776
,-34.889022,-72.584028,7.1147,3.8,,CSN,CSN_8777
,-34.845368,-72.438971,18.4559,3.4,,CSN,CSN_8778
,-34.787097,-72.385272,5.8054,3.0,,CSN,CSN_8779
,-34.850595,-72.530906,2.6032,3.0,,CSN,CSN_8780
,-34.786874,-72.451647,17.068,3.4,,CSN,CSN_8781
,-34.869355,-72.49497,7.9938,3.9,,CSN,CSN_8782
,-34.877311,-72.55258,5.9495,3.0,,CSN,CSN_8783
,-34.778216,-72.473093,23.9714,3.6,,CSN,CSN_8784
,-34.794483,-72.458386,14.2987,3.3,,CSN,CSN_8785
,-34.783367,-72.378944,0.5518,3.1,,CSN,CSN_8786
,-34.779174,-72.405113,7.5202,3.3,,CSN,CSN_8787
,-34.805288,-72.518294,15.0837,3.7,,CSN,CSN_8788
,-34.76025,-72.416477,7.4686,3.0,,CSN,CSN_8789
,-34.81638,-72.455776,14.632,3.1,,CSN,CSN_8790
,-34.8655,-72.404533,22.0725,4.5,,CSN,CSN_8791
,-34.779466,-72.502042,11.7183,3.4,,CSN,CSN_8792
,-34.78625,-72.419496,2.3692,3.6,,CSN,CSN_8793
,-34.856035,-72.586949,19.7832,3.5,,CSN,CSN_8794
,-34.745408,-72.43899,14.6977,3.5,,CSN,CSN_8795
,-34.822747,-72.559235,19.1088,3.2,,CSN,CSN_8796
,-34.777929,-72.478533,7.6922,3.0,,CSN,CSN_8797
,-34.890227,-72.539152,15.9685,3.6,,CSN,CSN_8799
,-34.776428,-72.323242,9.2155,3.9,,CSN,CSN_8800
,-34.904283,-72.480498,0.1647,3.1,,CSN,CSN_8801
,-34.734438,-72.446412,0.7226,3.1,,CSN,CSN_8802
,-34.857421,-72.437466,12.1104,3.0,,CSN,CSN_8803
,-34.825359,-72.564595,14.9659,3.4,,CSN,CSN_8804
,-34.715428,-72.434299,39.9956,3.5,,CSN,CSN_8805
,-34.855683,-72.485129,6.4419,3.5,,CSN,CSN_8806
,-34.797957,-72.532457,13.5089,3.4,,CSN,CSN_8807
,-34.818641,-72.568969,3.1125,3.2,,CSN,CSN_8808
,-34.893399,-72.554472,6.033,3.7,,CSN,CSN_8810
,-34.81836,-72.379203,38.1902,3.0,,CSN,CSN_8813
,-34.801597,-72.41435,13.3613,3.3,,CSN,CSN_8814
,-34.824746,-72.540177,18.4263,3.4,,CSN,CSN_8815
,-34.787251,-72.36205,28.9946,3.3,,CSN,CSN_8817
,-34.857812,-72.461009,28.9852,3.6,,CSN,CSN_8818
,-34.90436,-72.616554,16.7383,3.4,,CSN,CSN_8819
,-34.832341,-72.498666,0.2028,3.3,,CSN,CSN_8820
,-34.851358,-72.470857,21.1011,3.3,,CSN,CSN_8821
,-34.80248,-72.495947,18.8195,3.1,,CSN,CSN_8823
,-34.874191,-72.611352,28.8267,3.6,,CSN,CSN_8824
,-34.845124,-72.612961,21.7907,3.8,,CSN,CSN_8825
,-34.813892,-72.419221,17.4668,3.1,,CSN,CSN_8826
,-34.865024,-72.562922,3.033,3.0,,CSN,CSN_8827
,-34.841001,-72.360587,21.7645,3.3,,CSN,CSN_8829
,-34.766723,-72.355863,24.4193,3.5,,CSN,CSN_8830
,-34.802318,-72.528354,20.7361,3.9,,CSN,CSN_8831
,-34.866454,-72.430497,0.1977,3.4,,CSN,CSN_8836
,-34.743931,-72.387681,36.8424,3.0,,CSN,CSN_8837
,-34.922228,-72.590536,5.8396,3.7,,CSN,CSN_8838
,-34.902524,-72.425385,39.5994,3.2,,CSN,CSN_8839
,-34.852609,-72.574137,6.9228,3.3,,CSN,CSN_8840
,-34.883186,-72.434015,29.8338,3.5,,CSN,CSN_8842
,-34.820133,-72.582572,14.2475,3.5,,CSN,CSN_8843
,-34.87549,-72.467403,1.4335,3.2,,CSN,CSN_8844
,-34.762073,-72.444436,64.7741,3.1,,CSN,CSN_8845
,-34.795683,-72.504779,12.3215,4.2,,CSN,CSN_8846
,-34.876147,-72.596257,1.8144,3.4,,CSN,CSN_8847
,-34.918475,-72.552436,28.3951,3.1,,CSN,CSN_8848
,-34.767156,-72.34158,23.1982,3.0,,CSN,CSN_8849
,-34.767232,-72.459977,15.6837,3.4,,CSN,CSN_8850
,-34.728124,-72.410991,12.325,3.5,,CSN,CSN_8851
,-34.755928,-72.428804,23.7676,4.1,,CSN,CSN_8852
,-34.773749,-72.423322,30.5231,4.4,,CSN,CSN_8853
,-34.775601,-72.486877,16.4477,3.4,,CSN,CSN_8854
,-34.878805,-72.530666,24.2802,3.2,,CSN,CSN_8856
,-34.7696,-72.301423,35.3626,3.6,,CSN,CSN_8857
,-34.842619,-72.601903,20.2092,3.3,,CSN,CSN_8859
,-34.868826,-72.612256,16.4146,3.0,,CSN,CSN_8860
,-34.876418,-72.550235,6.7337,5.1,,CSN,CSN_8861
,-34.82399,-72.530943,25.0409,3.6,,CSN,CSN_8866
,-34.808377,-72.417276,27.8438,3.0,,CSN,CSN_8868
,-34.807742,-72.371461,17.6472,3.0,,CSN,CSN_8869
,-34.888464,-72.606845,11.4355,3.2,,CSN,CSN_8877
,-34.811258,-72.435308,27.6122,3.3,,CSN,CSN_8878
,-34.822637,-72.435393,28.6177,3.3,,CSN,CSN_8879
,-34.822985,-72.464975,20.731,3.5,,CSN,CSN_8880
,-34.820793,-72.443438,24.3979,3.0,,CSN,CSN_8881
,-34.81894,-72.439983,26.979,4.3,,CSN,CSN_8882
,-33.940103,-72.526561,24.4586,3.3,,CSN,CSN_8888
,-34.041531,-72.221353,20.0262,4.1,,CSN,CSN_8889
,-33.954587,-72.170254,29.1315,4.1,,CSN,CSN_8890
,-33.932862,-72.15906,26.2109,3.4,,CSN,CSN_8891
,-33.853875,-72.208222,22.0882,3.8,,CSN,CSN_8892
,-33.991911,-72.112422,34.1631,3.7,,CSN,CSN_8893
,-34.464791,-72.210033,13.844,3.8,,CSN,CSN_8894
,-34.492298,-72.152458,21.9006,3.8,,CSN,CSN_8895
,-34.814268,-71.752382,59.9128,4.9,,CSN,CSN_8896
,-34.787154,-72.140709,59.656,3.6,,CSN,CSN_8897
,-33.964974,-72.302179,27.5619,3.8,,CSN,CSN_8898
,-33.972545,-72.32908,27.642,4.0,,CSN,CSN_8899
,-33.499401,-72.0308,17.2287,3.0,,CSN,CSN_8900
,-34.68247,-71.954413,34.9424,3.9,,CSN,CSN_8901
,-34.718747,-72.017802,31.2469,3.8,,CSN,CSN_8902
,-33.81339,-72.106004,42.4105,3.5,,CSN,CSN_8903
,-34.280577,-72.361793,44.7027,3.0,,CSN,CSN_8904
,-34.724598,-71.727789,48.0777,3.5,,CSN,CSN_8905
,-34.736082,-71.751628,28.3233,3.6,,CSN,CSN_8906
,-34.695855,-72.017189,-0.0491,3.1,,CSN,CSN_8907
,-33.985537,-72.421977,18.2806,3.1,,CSN,CSN_8908
,-34.520012,-72.14084,36.3021,4.9,,CSN,CSN_8909
,-34.481785,-72.098087,43.9618,4.9,,CSN,CSN_8910
,-34.517497,-72.114699,32.5701,3.3,,CSN,CSN_8911
,-34.777793,-71.71637,49.3762,3.2,,CSN,CSN_8912
,-34.718409,-72.179598,0.1242,3.2,,CSN,CSN_8914
,-34.812496,-71.725341,57.5521,3.2,,CSN,CSN_8915
,-33.614442,-72.069266,24.7794,4.6,,CSN,CSN_8916
,-34.511925,-72.170373,12.0637,3.8,,CSN,CSN_8918
,-34.527225,-72.157057,16.649,3.8,,CSN,CSN_8919
,-33.747887,-72.087556,23.3286,3.3,,CSN,CSN_8933
,-33.745297,-72.060876,22.1815,3.1,,CSN,CSN_8934
,-33.761705,-72.099913,17.7825,3.3,,CSN,CSN_8935
,-34.226563,-72.35559,45.6491,3.2,,CSN,CSN_8937
,-34.674649,-72.118293,22.3945,3.5,,CSN,CSN_8939
,-33.999206,-72.239088,24.1861,3.3,,CSN,CSN_8941
,-33.534541,-71.999373,18.544,3.2,,CSN,CSN_8944
,-33.55601,-72.077535,20.2636,3.0,,CSN,CSN_8946
,-33.597145,-72.059507,23.6345,4.2,,CSN,CSN_8951
,-34.79841,-71.935038,33.3818,3.1,,CSN,CSN_8952
,-33.985398,-72.252358,23.4377,3.1,,CSN,CSN_8956
,-33.738311,-72.076385,25.5887,3.0,,CSN,CSN_8959
,-34.472253,-72.167009,46.2081,3.1,,CSN,CSN_8973
,-33.558615,-71.936739,27.1187,3.2,,CSN,CSN_8974
,-33.756711,-72.074715,10.1269,3.0,,CSN,CSN_8978
,-33.757098,-72.082619,12.8169,3.5,,CSN,CSN_8979
,-33.868036,-72.244638,21.4608,4.1,,CSN,CSN_8981
,-34.587223,-71.84558,43.3248,4.3,,CSN,CSN_8982
,-33.761048,-72.082476,15.0409,3.3,,CSN,CSN_8983
,-34.045733,-72.294572,0.8194,3.5,,CSN,CSN_8994
,-34.034996,-72.272158,21.1593,3.5,,CSN,CSN_8995
,-34.012377,-72.290774,14.8081,4.6,,CSN,CSN_8997
,-34.266068,-72.000899,41.0106,3.4,,CSN,CSN_9000
,-34.63234,-71.975287,28.9287,3.8,,CSN,CSN_9002
,-34.188127,-72.352272,33.385,3.0,,CSN,CSN_9003
,-33.971052,-72.412294,23.4447,5.3,,CSN,CSN_9005
,-33.964901,-72.363219,21.1975,5.3,,CSN,CSN_9006
,-33.94979,-72.386994,16.729,3.4,,CSN,CSN_9007
,-33.975572,-72.377474,22.7409,3.8,,CSN,CSN_9008
,-33.963427,-72.401997,18.884,3.2,,CSN,CSN_9009
,-33.966399,-72.315554,10.3556,3.3,,CSN,CSN_9010
,-34.067087,-72.334964,26.7111,3.1,,CSN,CSN_9012
,-33.994452,-72.382637,15.5635,4.7,,CSN,CSN_9014
,-33.959148,-72.334127,18.5167,5.1,,CSN,CSN_9015
,-33.9812,-72.356382,19.9598,4.2,,CSN,CSN_9016
,-33.99193,-72.337075,24.6891,4.4,,CSN,CSN_9017
,-34.006337,-72.336809,19.8302,3.1,,CSN,CSN_9018
,-33.991839,-72.338705,18.5322,3.3,,CSN,CSN_9019
,-33.982773,-72.277311,24.2603,4.2,,CSN,CSN_9020
,-33.997432,-72.384543,21.7019,3.3,,CSN,CSN_9021
,-33.966299,-72.32035,20.6197,3.0,,CSN,CSN_9022
,-34.506595,-72.12893,35.0033,3.2,,CSN,CSN_9024
,-33.989244,-72.315339,14.2365,4.8,,CSN,CSN_9025
,-33.993668,-72.286622,20.4814,3.9,,CSN,CSN_9026
,-33.987029,-72.345226,23.6041,3.2,,CSN,CSN_9028
,-33.979762,-72.289867,23.8475,4.1,,CSN,CSN_9029
,-34.002647,-72.334055,19.3887,3.1,,CSN,CSN_9030
,-34.017689,-72.370644,18.7231,3.3,,CSN,CSN_9031
,-34.050218,-72.308208,21.3319,3.6,,CSN,CSN_9033
,-34.755377,-71.774575,45.1057,3.7,,CSN,CSN_9034
,-34.623479,-71.952005,33.8032,3.3,,CSN,CSN_9035
,-34.020418,-72.318765,24.6836,3.3,,CSN,CSN_9036
,-33.755204,-72.098757,10.0198,3.1,,CSN,CSN_9041
,-33.761088,-72.084749,28.3908,3.9,,CSN,CSN_9042
,-33.747331,-72.094552,25.6646,4.0,,CSN,CSN_9045
,-33.95042,-72.321253,8.9975,3.3,,CSN,CSN_9047
,-33.928285,-72.519004,16.6367,4.8,,CSN,CSN_9049
,-33.749893,-72.063832,24.2412,3.4,,CSN,CSN_9056
,-33.767059,-72.069674,30.0683,3.1,,CSN,CSN_9058
,-33.81128,-72.088905,23.2861,3.4,,CSN,CSN_9069
,-33.80766,-72.095407,23.2378,3.0,,CSN,CSN_9071
,-34.74028,-71.798868,52.9615,4.5,,CSN,CSN_9078
,-33.73347,-72.223966,21.4065,4.3,,CSN,CSN_9085
,-33.73929,-72.228947,19.6497,4.0,,CSN,CSN_9087
,-34.686659,-71.969546,36.5506,3.4,,CSN,CSN_9090
,-33.92761,-72.158173,22.2556,3.0,,CSN,CSN_9091
,-34.670473,-71.934989,34.459,3.0,,CSN,CSN_9093
,-33.968713,-72.324488,14.2746,3.1,,CSN,CSN_9094
,-34.298445,-72.35516,25.4156,4.2,,CSN,CSN_9102
,-34.288468,-72.316084,29.2282,4.0,,CSN,CSN_9103
,-34.316647,-72.387089,40.6127,3.7,,CSN,CSN_9104
,-34.345588,-72.338038,37.8614,3.5,,CSN,CSN_9105
,-34.26915,-72.312258,25.772,4.1,,CSN,CSN_9106
,-34.333564,-72.346537,24.2508,3.9,,CSN,CSN_9107
,-34.322687,-72.339184,27.8411,3.2,,CSN,CSN_9108
,-34.327328,-72.360245,8.2078,4.0,,CSN,CSN_9109
,-34.29198,-72.342416,25.2185,4.0,,CSN,CSN_9110
,-34.30307,-72.340742,24.5807,3.9,,CSN,CSN_9111
,-34.314509,-72.366562,10.1777,3.5,,CSN,CSN_9112
,-34.311885,-72.351211,8.4715,3.5,,CSN,CSN_9113
,-34.299632,-72.400829,29.571,4.6,,CSN,CSN_9114
,-34.333852,-72.360519,2.7429,3.1,,CSN,CSN_9123
,-34.297956,-72.443541,16.3948,3.1,,CSN,CSN_9124
,-33.984309,-72.386257,27.5864,3.1,,CSN,CSN_9128
,-33.920243,-72.513966,7.3394,3.8,,CSN,CSN_9129
,-34.78724,-71.763362,45.1949,3.0,,CSN,CSN_9131
,-34.468006,-72.136944,60.9158,4.2,,CSN,CSN_9145
,-34.852906,-71.666689,56.58,3.3,,CSN,CSN_9148
,-34.704836,-71.785484,47.8138,3.5,,CSN,CSN_9149
,-34.67918,-71.907216,34.7263,3.2,,CSN,CSN_9151
,-33.865641,-72.129434,26.2675,3.5,,CSN,CSN_9152
,-33.980027,-72.057536,29.215,3.0,,CSN,CSN_9155
,-34.510032,-72.078175,35.1817,3.1,,CSN,CSN_9157
,-33.892297,-72.410272,27.8552,4.4,,CSN,CSN_9160
,-33.8993,-72.444039,23.7861,4.6,,CSN,CSN_9161
,-33.893194,-72.49032,19.8286,3.4,,CSN,CSN_9162
,-34.72549,-71.800418,47.3705,3.0,,CSN,CSN_9163
,-34.800657,-71.736517,47.1958,3.4,,CSN,CSN_9165
,-33.711591,-72.110757,26.4186,3.2,,CSN,CSN_9169
,-33.724039,-72.187365,22.7044,3.0,,CSN,CSN_9172
,-34.086307,-72.180896,30.5554,3.2,,CSN,CSN_9174
,-33.898112,-72.457144,22.1659,4.2,,CSN,CSN_9176
,-33.756884,-72.256759,22.992,3.3,,CSN,CSN_9177
,-34.65356,-71.93955,26.2944,3.3,,CSN,CSN_9178
,-34.749293,-72.028096,39.7963,3.1,,CSN,CSN_9179
,-34.505899,-71.828313,44.7371,3.5,,CSN,CSN_9180
,-34.483308,-72.181211,25.6503,5.0,,CSN,CSN_9191
,-34.454896,-72.190155,36.713,3.7,,CSN,CSN_9193
,-34.504062,-72.176291,31.7598,3.7,,CSN,CSN_9194
,-34.765207,-71.906856,35.1237,3.2,,CSN,CSN_9196
,-34.470373,-72.108161,40.2189,3.2,,CSN,CSN_9199
,-34.4942,-72.113875,31.9815,3.2,,CSN,CSN_9200
,-34.4253,-72.131753,8.2657,3.0,,CSN,CSN_9208
,-34.486646,-72.131694,28.6837,3.0,,CSN,CSN_9209
,-34.890772,-71.859289,41.4313,3.4,,CSN,CSN_9212
,-34.033507,-72.330295,43.2326,3.5,,CSN,CSN_9220
,-34.084829,-72.291653,30.9471,3.5,,CSN,CSN_9221
,-34.691922,-71.93073,33.9575,3.3,,CSN,CSN_9223
,-34.796278,-71.76712,50.3438,4.7,,CSN,CSN_9224
,-34.80451,-71.772232,48.6269,3.1,,CSN,CSN_9225
,-33.871414,-72.169504,15.068,3.3,,CSN,CSN_9226
,-34.564723,-72.025033,31.5546,3.4,,CSN,CSN_9230
,-34.310112,-71.967792,37.0864,3.1,,CSN,CSN_9231
,-34.749477,-71.785845,47.8822,3.5,,CSN,CSN_9234
,-33.925272,-72.182132,24.7866,3.6,,CSN,CSN_9235
,-33.908595,-72.18219,22.1485,3.5,,CSN,CSN_9236
,-33.924057,-72.206935,23.9415,4.5,,CSN,CSN_9237
,-34.701767,-71.922485,41.9905,3.1,,CSN,CSN_9242
,-34.589492,-72.172268,28.1955,3.3,,CSN,CSN_9246
,-34.7079,-72.010053,34.0722,3.2,,CSN,CSN_9248
,-33.763552,-71.998841,33.3443,3.1,,CSN,CSN_9250
,-34.495258,-71.999157,39.3579,3.0,,CSN,CSN_9251
,-34.012431,-72.383247,20.8041,3.1,,CSN,CSN_9252
,-33.97292,-72.390292,18.3822,3.2,,CSN,CSN_9253
,-34.68371,-72.159951,17.6795,3.6,,CSN,CSN_9257
,-34.53569,-71.854256,48.0247,3.2,,CSN,CSN_9258
,-34.775954,-71.745886,-0.0948,3.0,,CSN,CSN_9265
,-34.824362,-71.769088,46.1795,3.0,,CSN,CSN_9269
,-33.855929,-72.216234,21.8756,4.1,,CSN,CSN_9270
,-34.711503,-71.835839,45.4088,4.4,,CSN,CSN_9274
,-34.5172,-72.228232,20.1397,3.0,,CSN,CSN_9275
,-33.995334,-72.371201,20.2807,3.3,,CSN,CSN_9276
,-33.745355,-72.063194,17.4641,3.2,,CSN,CSN_9278
,-34.767824,-71.767073,46.9294,3.2,,CSN,CSN_9280
,-34.152865,-72.186494,36.9619,3.0,,CSN,CSN_9283
,-34.817987,-71.768377,53.1046,4.5,,CSN,CSN_9288
,-33.820057,-72.101576,10.9102,3.4,,CSN,CSN_9291
,-33.837721,-72.119555,5.8375,3.1,,CSN,CSN_9292
,-33.814927,-72.085297,13.2073,3.2,,CSN,CSN_9296
,-34.591277,-71.989601,38.8792,3.4,,CSN,CSN_9300
,-34.823419,-71.726476,44.9397,3.1,,CSN,CSN_9301
,-33.810534,-72.135922,22.9631,3.0,,CSN,CSN_9304
,-33.879751,-72.377573,13.9273,5.6,,CSN,CSN_9307
,-33.533356,-72.035415,13.3983,5.2,,CSN,CSN_9308
,-33.553999,-71.987969,10.4979,4.9,,CSN,CSN_9309
,-33.490413,-72.057758,33.7376,4.6,,CSN,CSN_9310
,-33.566484,-71.999535,2.246,4.8,,CSN,CSN_9311
,-33.591284,-72.015609,5.5946,4.8,,CSN,CSN_9312
,-33.976131,-72.027319,59.5086,4.5,,CSN,CSN_9313
,-33.897884,-72.350011,6.7461,4.8,,CSN,CSN_9314
,-33.605383,-72.117964,31.7729,4.6,,CSN,CSN_9315
,-34.081327,-72.35078,1.136,4.5,,CSN,CSN_9316
,-34.132886,-72.213336,21.4518,5.2,,CSN,CSN_9317
,-34.207186,-72.265748,36.1199,6.2,,CSN,CSN_9318
,-33.919825,-72.197587,26.1389,4.6,,CSN,CSN_9319
,-33.911677,-72.051309,48.3106,4.6,,CSN,CSN_9320
,-34.328506,-72.197701,13.5022,4.7,,CSN,CSN_9321
,-34.054783,-72.27593,43.6057,4.9,,CSN,CSN_9322
,-34.050396,-72.374343,21.9806,5.0,,CSN,CSN_9323
,-34.091746,-72.457634,14.4715,4.0,,CSN,CSN_9324
,-33.9066,-72.163409,1.1506,4.4,,CSN,CSN_9325
,-34.398186,-72.043886,36.5076,4.3,,CSN,CSN_9326
,-34.455691,-72.133806,24.3675,4.4,,CSN,CSN_9327
,-34.165305,-72.281878,20.965,5.1,,CSN,CSN_9328
,-33.613853,-72.047247,36.8379,4.4,,CSN,CSN_9329
,-34.208153,-72.314747,31.5508,4.5,,CSN,CSN_9330
,-33.533395,-72.012512,31.7944,4.5,,CSN,CSN_9331
,-33.741124,-71.987384,32.7,4.3,,CSN,CSN_9332
,-34.239443,-72.330696,17.6497,4.8,,CSN,CSN_9333
,-34.077244,-72.256284,23.3108,4.4,,CSN,CSN_9334
,-33.564897,-72.103049,29.4248,4.0,,CSN,CSN_9335
,-33.805421,-72.033042,14.4278,4.2,,CSN,CSN_9336
,-33.770066,-71.951079,50.4746,4.2,,CSN,CSN_9337
,-34.069782,-72.151342,0.2075,4.8,,CSN,CSN_9338
,-33.956183,-72.286406,10.7793,4.7,,CSN,CSN_9339
,-34.104372,-72.193948,35.575,4.3,,CSN,CSN_9340
,-34.527108,-72.088649,38.937,3.6,,CSN,CSN_9341
,-33.783317,-71.96643,39.3212,5.0,,CSN,CSN_9342
,-33.912726,-72.199898,12.8128,4.0,,CSN,CSN_9343
,-33.995249,-72.457381,44.947,3.8,,CSN,CSN_9344
,-34.411915,-72.076308,40.6209,4.0,,CSN,CSN_9345
,-34.776531,-71.922647,37.9356,4.3,,CSN,CSN_9346
,-34.184214,-72.149756,57.2448,4.1,,CSN,CSN_9347
,-34.203802,-72.18503,28.7813,4.7,,CSN,CSN_9348
,-33.932238,-72.202148,22.5657,4.0,,CSN,CSN_9349
,-34.219243,-72.169878,34.4641,5.4,,CSN,CSN_9350
,-34.328775,-72.075872,9.6986,4.1,,CSN,CSN_9351
,-34.390143,-72.088478,40.6338,4.2,,CSN,CSN_9352
,-33.951162,-72.07683,12.6608,3.9,,CSN,CSN_9353
,-33.590903,-71.917197,5.6539,3.0,,CSN,CSN_9354
,-33.750866,-72.067542,15.6478,3.9,,CSN,CSN_9355
,-33.996325,-72.379582,15.3475,4.1,,CSN,CSN_9356
,-34.035673,-72.0801,43.2239,3.5,,CSN,CSN_9357
,-34.455961,-71.917284,7.7055,3.9,,CSN,CSN_9358
,-33.764346,-72.166193,18.5374,4.3,,CSN,CSN_9359
,-34.507907,-72.06037,33.6591,4.0,,CSN,CSN_9360
,-34.70075,-71.774247,51.7547,3.5,,CSN,CSN_9361
,-33.808005,-72.242239,27.9107,4.3,,CSN,CSN_9362
,-33.517753,-72.060103,29.71,3.5,,CSN,CSN_9363
,-34.232438,-72.107112,37.5199,3.6,,CSN,CSN_9364
,-33.810045,-72.243337,12.8821,3.9,,CSN,CSN_9365
,-34.043486,-72.393063,19.4738,3.9,,CSN,CSN_9366
,-33.85188,-72.239194,20.2284,3.6,,CSN,CSN_9367
,-34.30292,-72.434856,42.5035,3.9,,CSN,CSN_9368
,-34.728587,-72.11379,7.6027,3.4,,CSN,CSN_9369
,-34.415894,-72.084748,33.2955,4.6,,CSN,CSN_9370
,-34.810622,-71.748013,42.1176,4.0,,CSN,CSN_9371
,-33.790121,-72.070105,12.8875,4.2,,CSN,CSN_9372
,-34.764394,-72.091209,17.7469,4.2,,CSN,CSN_9373
,-34.340111,-72.294322,26.7722,4.3,,CSN,CSN_9374
,-33.769867,-72.166802,13.3839,3.1,,CSN,CSN_9375
,-33.77148,-72.205479,20.2071,3.1,,CSN,CSN_9376
,-34.698158,-72.154294,27.3567,3.7,,CSN,CSN_9377
,-33.751381,-72.227238,7.0884,5.1,,CSN,CSN_9378
,-33.676451,-71.969307,6.1657,4.5,,CSN,CSN_9379
,-34.013132,-72.301498,4.6787,3.8,,CSN,CSN_9380
,-33.550599,-71.98346,24.4287,3.9,,CSN,CSN_9381
,-33.887995,-72.309486,20.7999,3.2,,CSN,CSN_9382
,-34.302256,-72.423962,47.8219,3.9,,CSN,CSN_9383
,-33.76825,-71.984393,29.7236,4.2,,CSN,CSN_9384
,-34.24783,-72.468583,16.8172,4.2,,CSN,CSN_9385
,-34.779637,-71.852385,41.4949,3.2,,CSN,CSN_9386
,-34.185925,-72.261455,20.1236,4.7,,CSN,CSN_9387
,-33.916453,-72.119857,28.9961,3.4,,CSN,CSN_9388
,-33.917112,-72.37737,22.9058,4.1,,CSN,CSN_9389
,-33.925441,-72.372519,20.4562,3.4,,CSN,CSN_9390
,-33.911769,-72.362127,21.8116,3.6,,CSN,CSN_9391
,-34.044195,-72.343694,41.014,4.5,,CSN,CSN_9392
,-34.355604,-72.024934,30.1525,3.5,,CSN,CSN_9393
,-33.64902,-72.101305,8.5489,3.4,,CSN,CSN_9394
,-34.036591,-72.367261,20.8674,3.3,,CSN,CSN_9395
,-34.163421,-72.279341,19.281,4.2,,CSN,CSN_9396
,-34.210259,-72.294846,20.3434,4.9,,CSN,CSN_9397
,-34.213345,-72.230835,46.8303,3.3,,CSN,CSN_9398
,-33.664297,-72.043148,27.4589,3.6,,CSN,CSN_9399
,-34.269072,-72.195771,2.4262,3.3,,CSN,CSN_9400
,-34.191557,-72.451238,35.1899,3.2,,CSN,CSN_9401
,-34.154881,-72.337933,21.1558,3.0,,CSN,CSN_9402
,-34.563802,-71.877182,11.0094,5.3,,CSN,CSN_9403
,-34.612959,-71.88318,11.1325,5.2,,CSN,CSN_9404
,-33.669927,-72.077927,24.6346,3.2,,CSN,CSN_9405
,-33.939611,-72.21082,29.9731,3.3,,CSN,CSN_9406
,-33.937195,-72.518351,23.1125,3.5,,CSN,CSN_9407
,-33.964838,-72.441045,21.3623,3.2,,CSN,CSN_9408
,-34.081582,-72.373716,26.5447,3.6,,CSN,CSN_9410
,-34.629659,-71.814047,32.5243,3.7,,CSN,CSN_9412
,-34.381229,-71.995611,27.5635,3.5,,CSN,CSN_9413
,-34.156606,-72.271181,2.5168,4.0,,CSN,CSN_9414
,-33.532828,-72.03786,26.5569,3.3,,CSN,CSN_9415
,-34.31224,-72.032156,36.0912,4.0,,CSN,CSN_9416
,-34.15468,-72.335806,19.218,4.6,,CSN,CSN_9417
,-34.306296,-72.157421,25.4059,4.0,,CSN,CSN_9418
,-34.103327,-72.389786,19.9728,3.6,,CSN,CSN_9419
,-33.975739,-72.397556,7.3196,3.9,,CSN,CSN_9420
,-33.941523,-72.477051,4.1093,3.9,,CSN,CSN_9421
,-34.577821,-71.840569,16.582,3.5,,CSN,CSN_9422
,-34.620335,-71.804291,22.8887,3.2,,CSN,CSN_9423
,-34.021239,-72.37441,13.4824,3.8,,CSN,CSN_9424
,-34.081409,-72.397778,23.1856,3.7,,CSN,CSN_9425
,-34.762356,-72.184958,34.7038,4.0,,CSN,CSN_9426
,-34.089554,-72.418696,19.2087,3.8,,CSN,CSN_9427
,-34.778834,-72.025318,50.6005,3.0,,CSN,CSN_9428
,-34.404003,-72.119795,16.0234,3.6,,CSN,CSN_9429
,-34.464947,-72.091788,4.4853,3.6,,CSN,CSN_9430
,-34.728257,-72.087218,33.8589,3.5,,CSN,CSN_9431
,-34.376569,-72.216224,9.279,3.2,,CSN,CSN_9434
,-34.395961,-72.162064,27.8914,3.2,,CSN,CSN_9435
,-34.511393,-71.989662,33.2376,3.6,,CSN,CSN_9436
,-34.366031,-72.105454,36.0709,4.6,,CSN,CSN_9437
,-34.633147,-71.888725,31.4527,4.4,,CSN,CSN_9438
,-34.09759,-72.245292,25.6288,4.2,,CSN,CSN_9439
,-33.816151,-72.186705,17.8798,3.3,,CSN,CSN_9441
,-34.656656,-71.890749,31.8366,3.1,,CSN,CSN_9443
,-34.39604,-72.198498,20.4938,4.2,,CSN,CSN_9444
,-34.432234,-72.139063,32.5342,4.2,,CSN,CSN_9445
,-34.693373,-72.131206,32.0281,3.4,,CSN,CSN_9446
,-33.991822,-72.283539,22.5692,3.5,,CSN,CSN_9447
,-34.289508,-72.180281,28.7653,4.4,,CSN,CSN_9448
,-34.438175,-71.912745,20.1278,3.0,,CSN,CSN_9450
,-33.550318,-72.014002,43.2992,3.1,,CSN,CSN_9451
,-34.43638,-72.25364,15.3313,3.8,,CSN,CSN_9452
,-33.580684,-72.091012,27.3481,3.3,,CSN,CSN_9453
,-34.366298,-72.069516,36.0724,3.6,,CSN,CSN_9455
,-34.068461,-72.431125,23.9427,4.1,,CSN,CSN_9456
,-34.908877,-71.739383,52.7837,4.6,,CSN,CSN_9457
,-34.657689,-71.893568,16.8919,3.6,,CSN,CSN_9458
,-34.320906,-72.206276,22.0186,4.7,,CSN,CSN_9459
,-34.646249,-71.848896,34.8696,4.0,,CSN,CSN_9460
,-33.790622,-72.011957,50.6643,4.5,,CSN,CSN_9461
,-34.344621,-72.119309,30.1143,3.8,,CSN,CSN_9462
,-34.594058,-72.084994,32.9658,5.5,,CSN,CSN_9463
,-34.332292,-72.282949,26.3972,3.8,,CSN,CSN_9464
,-34.39323,-71.974746,28.537,3.7,,CSN,CSN_9465
,-33.861069,-72.259809,8.0938,5.1,,CSN,CSN_9466
,-34.58489,-71.804346,23.5096,3.3,,CSN,CSN_9467
,-34.645615,-72.13366,14.6691,3.8,,CSN,CSN_9468
,-34.79919,-71.800327,48.7074,4.0,,CSN,CSN_9469
,-34.213518,-72.314204,28.4102,4.0,,CSN,CSN_9470
,-34.608001,-71.780327,28.5362,5.2,,CSN,CSN_9471
,-34.619553,-71.798026,24.6003,4.0,,CSN,CSN_9472
,-34.011275,-72.349538,13.1059,3.7,,CSN,CSN_9473
,-34.651249,-72.134559,18.8312,4.1,,CSN,CSN_9474
,-34.759103,-72.095659,43.8358,4.7,,CSN,CSN_9475
,-34.742139,-72.111594,14.5822,3.7,,CSN,CSN_9476
,-34.192837,-72.212527,18.4679,3.6,,CSN,CSN_9477
,-34.64344,-71.775636,3.5107,3.2,,CSN,CSN_9478
,-33.846648,-72.184119,43.3076,3.1,,CSN,CSN_9479
,-34.499884,-71.998667,5.4842,3.5,,CSN,CSN_9480
,-34.694903,-71.662061,48.6344,3.2,,CSN,CSN_9481
,-34.620883,-71.856185,9.5575,4.7,,CSN,CSN_9482
,-34.329778,-72.212486,37.7849,3.7,,CSN,CSN_9483
,-34.192478,-72.330389,35.4698,3.1,,CSN,CSN_9484
,-34.908919,-71.875992,45.0304,4.2,,CSN,CSN_9485
,-34.781065,-72.106214,5.1846,3.9,,CSN,CSN_9486
,-33.588111,-72.08292,41.1994,3.7,,CSN,CSN_9487
,-34.523321,-72.144606,26.2368,3.7,,CSN,CSN_9488
,-34.307413,-72.24685,22.4259,3.1,,CSN,CSN_9489
,-34.437666,-72.189915,34.2563,3.7,,CSN,CSN_9490
,-33.90558,-72.274638,17.9026,3.3,,CSN,CSN_9491
,-34.384881,-72.035126,15.324,3.9,,CSN,CSN_9492
,-34.399693,-72.050207,31.7317,3.3,,CSN,CSN_9493
,-33.649199,-72.128411,33.0194,4.0,,CSN,CSN_9494
,-34.479209,-71.959393,29.0621,4.0,,CSN,CSN_9495
,-34.31075,-72.384156,26.1146,4.5,,CSN,CSN_9496
,-34.653387,-72.084042,39.7467,3.4,,CSN,CSN_9498
,-33.850558,-72.49423,16.728,4.2,,CSN,CSN_9499
,-34.399739,-71.988207,30.3668,3.8,,CSN,CSN_9500
,-34.135171,-72.159865,54.6791,3.1,,CSN,CSN_9501
,-34.441528,-72.075672,37.7982,3.1,,CSN,CSN_9502
,-34.738537,-71.767294,48.0488,3.3,,CSN,CSN_9503
,-34.226374,-72.191639,20.7482,3.6,,CSN,CSN_9504
,-34.342104,-71.9894,0.0217,4.8,,CSN,CSN_9505
,-34.316904,-72.052082,28.927,4.0,,CSN,CSN_9506
,-34.495534,-71.82502,1.1207,4.1,,CSN,CSN_9507
,-33.841956,-72.195055,6.1378,3.6,,CSN,CSN_9508
,-33.896674,-72.426228,2.5203,6.7,,CSN,CSN_9509
,-34.476057,-72.155927,24.1434,5.9,,CSN,CSN_9510
,-34.313224,-72.022646,16.401,4.9,,CSN,CSN_9511
,-34.387117,-72.183478,0.3134,5.1,,CSN,CSN_9512
,-34.426506,-72.064264,22.4947,5.3,,CSN,CSN_9513
,-34.530773,-71.986503,12.8767,4.5,,CSN,CSN_9514
,-34.450021,-72.096748,23.3085,5.4,,CSN,CSN_9515
,-34.466699,-72.106388,21.0021,5.4,,CSN,CSN_9516
,-34.700007,-71.975291,33.474,4.5,,CSN,CSN_9517
,-34.304888,-72.190186,0.2898,4.9,,CSN,CSN_9518
,-33.767051,-72.226426,32.0295,3.8,,CSN,CSN_9519
,-34.421178,-71.989239,28.7554,3.7,,CSN,CSN_9520
,-34.35174,-72.135629,7.9995,4.1,,CSN,CSN_9521
,-34.363164,-72.105683,13.9228,4.1,,CSN,CSN_9522
,-34.518931,-72.159173,14.1943,4.1,,CSN,CSN_9523
,-34.322631,-72.065238,19.1044,4.0,,CSN,CSN_9524
,-34.522613,-71.877358,42.1866,4.0,,CSN,CSN_9525
,-34.436529,-72.084456,31.8658,3.3,,CSN,CSN_9526
,-34.439086,-72.1528,21.1465,4.6,,CSN,CSN_9527
,-34.494201,-72.096235,32.8566,5.0,,CSN,CSN_9528
,-34.488251,-72.02172,40.7732,4.7,,CSN,CSN_9529
,-34.445641,-72.146597,20.8605,4.5,,CSN,CSN_9530
,-34.468336,-72.114125,25.4543,4.5,,CSN,CSN_9531
,-34.296003,-72.051787,17.8847,4.7,,CSN,CSN_9532
,-34.369305,-72.068189,15.2653,4.7,,CSN,CSN_9533
,-34.371641,-72.00383,34.4009,5.3,,CSN,CSN_9534
,-34.368966,-71.929088,15.2461,3.5,,CSN,CSN_9535
,-34.357903,-71.980793,-0.0546,3.9,,CSN,CSN_9536
,-34.408577,-72.050695,10.7916,5.8,,CSN,CSN_9537
,-34.428152,-72.006539,17.8483,4.2,,CSN,CSN_9538
,-34.473894,-71.958511,17.4218,4.2,,CSN,CSN_9539
,-34.307336,-72.049523,20.8371,3.4,,CSN,CSN_9540
,-34.599166,-71.820797,41.5099,3.9,,CSN,CSN_9541
,-34.546876,-71.937883,25.9658,3.4,,CSN,CSN_9542
,-34.473034,-72.077106,26.1655,4.8,,CSN,CSN_9543
,-34.530127,-71.900804,36.017,3.8,,CSN,CSN_9544
,-34.493833,-71.843917,34.6972,3.5,,CSN,CSN_9545
,-34.50367,-72.210701,3.3628,3.7,,CSN,CSN_9546
,-34.407509,-72.029359,-0.0354,4.8,,CSN,CSN_9547
,-34.334197,-72.102712,25.4021,4.5,,CSN,CSN_9548
,-34.266321,-72.101798,41.9752,4.2,,CSN,CSN_9549
,-34.552908,-71.803638,62.1469,3.6,,CSN,CSN_9550
,-34.402171,-71.987539,29.1159,3.1,,CSN,CSN_9551
,-34.577198,-71.963929,50.9613,3.5,,CSN,CSN_9552
,-34.35869,-71.983076,42.9432,3.5,,CSN,CSN_9553
,-34.381936,-72.004937,44.4886,4.5,,CSN,CSN_9554
,-34.394617,-71.954964,34.0385,3.5,,CSN,CSN_9555
,-34.510553,-71.978217,5.7568,4.2,,CSN,CSN_9556
,-34.369,-72.064946,16.959,4.3,,CSN,CSN_9557
,-34.344486,-72.117939,15.0282,3.2,,CSN,CSN_9558
,-34.31293,-72.039576,32.0254,3.7,,CSN,CSN_9559
,-34.547922,-71.886129,43.1405,3.8,,CSN,CSN_9560
,-34.380319,-72.017103,22.5803,3.8,,CSN,CSN_9561
,-34.38524,-72.064676,24.6067,3.3,,CSN,CSN_9562
,-34.639451,-71.990632,32.6409,4.1,,CSN,CSN_9563
,-34.448004,-72.092668,26.3654,4.8,,CSN,CSN_9564
,-34.315528,-71.987857,3.1061,4.1,,CSN,CSN_9565
,-34.367565,-72.083846,28.7792,4.8,,CSN,CSN_9566
,-34.403448,-72.045956,18.4605,3.0,,CSN,CSN_9567
,-34.750152,-71.94463,21.4878,3.1,,CSN,CSN_9568
,-34.379923,-72.062461,26.5229,4.0,,CSN,CSN_9569
,-34.455718,-71.873154,39.1349,3.8,,CSN,CSN_9570
,-34.344285,-72.057204,45.4251,4.1,,CSN,CSN_9571
,-34.432297,-71.981674,43.1923,3.6,,CSN,CSN_9572
,-34.655775,-72.075829,2.2546,4.5,,CSN,CSN_9573
,-34.502159,-71.841947,21.4129,5.0,,CSN,CSN_9574
,-34.609437,-71.857672,40.6297,3.2,,CSN,CSN_9575
,-34.459653,-71.890413,34.8205,3.1,,CSN,CSN_9576
,-34.390799,-71.989585,40.9731,4.9,,CSN,CSN_9577
,-34.448861,-72.04273,26.1214,3.3,,CSN,CSN_9578
,-34.330876,-72.030851,9.4611,5.1,,CSN,CSN_9579
,-34.415849,-71.998566,53.9851,4.6,,CSN,CSN_9580
,-34.388058,-72.273111,22.3492,3.5,,CSN,CSN_9581
,-34.497911,-71.847755,8.0352,4.8,,CSN,CSN_9582
,-34.430924,-71.983623,38.9373,4.7,,CSN,CSN_9583
,-34.401894,-72.025622,3.285,3.3,,CSN,CSN_9584
,-34.478909,-72.018503,32.613,3.8,,CSN,CSN_9585
,-34.369104,-72.179561,17.0494,4.8,,CSN,CSN_9586
,-34.410301,-71.965413,45.3837,3.1,,CSN,CSN_9587
,-34.397781,-72.054031,32.5221,4.5,,CSN,CSN_9588
,-34.327662,-72.032646,3.5181,3.4,,CSN,CSN_9589
,-34.53111,-72.002681,33.3083,4.3,,CSN,CSN_9590
,-33.570941,-72.05134,32.0871,4.2,,CSN,CSN_9591
,-34.357675,-72.059948,35.0723,5.0,,CSN,CSN_9592
,-34.381815,-72.20068,20.063,4.4,,CSN,CSN_9593
,-34.345729,-72.094695,32.9596,3.8,,CSN,CSN_9594
,-34.626988,-71.928347,28.8399,4.8,,CSN,CSN_9596
,-34.502959,-71.929335,2.8938,4.8,,CSN,CSN_9597
,-34.359884,-72.030777,34.5492,4.2,,CSN,CSN_9598
,-34.509964,-71.946949,47.961,3.6,,CSN,CSN_9599
,-34.352325,-72.000379,35.202,5.1,,CSN,CSN_9600
,-34.669896,-71.713145,63.9636,3.0,,CSN,CSN_9601
,-34.745362,-71.981353,32.1845,3.1,,CSN,CSN_9602
,-34.316248,-72.067622,28.228,5.8,,CSN,CSN_9603
,-34.294953,-72.032983,24.7944,3.9,,CSN,CSN_9604
,-34.931398,-71.78554,48.7528,4.0,,CSN,CSN_9605
,-34.538488,-71.81241,41.3461,3.7,,CSN,CSN_9606
,-34.469403,-72.009974,36.5531,3.5,,CSN,CSN_9607
,-34.362282,-72.086765,16.9628,3.8,,CSN,CSN_9608
,-34.508264,-71.944207,24.5281,4.8,,CSN,CSN_9609
,-34.455706,-71.882945,11.1273,3.5,,CSN,CSN_9610
,-34.400168,-72.100511,47.7327,3.9,,CSN,CSN_9611
,-34.693147,-72.165069,9.188,3.3,,CSN,CSN_9612
,-34.411886,-72.004224,27.516,4.1,,CSN,CSN_9613
,-33.999846,-72.258148,45.6184,3.2,,CSN,CSN_9614
,-34.399329,-72.087137,31.8053,4.2,,CSN,CSN_9615
,-34.395948,-72.024634,31.051,4.2,,CSN,CSN_9616
,-34.439311,-71.975633,38.0787,4.2,,CSN,CSN_9617
,-33.869155,-72.095101,34.4446,3.6,,CSN,CSN_9618
,-34.53317,-72.003531,10.6835,4.5,,CSN,CSN_9619
,-34.521284,-71.988648,15.2499,4.6,,CSN,CSN_9620
,-33.828334,-72.251995,27.3544,5.1,,CSN,CSN_9621
,-34.522571,-71.946712,7.3933,3.7,,CSN,CSN_9623
,-34.423068,-72.026028,35.5621,3.5,,CSN,CSN_9624
,-34.426467,-71.967002,18.1499,3.6,,CSN,CSN_9625
,-34.371832,-72.084724,33.1601,3.4,,CSN,CSN_9626
,-33.957096,-72.30206,23.6736,3.8,,CSN,CSN_9627
,-34.435497,-72.163995,5.9435,4.0,,CSN,CSN_9628
,-34.397626,-71.995987,0.1557,5.2,,CSN,CSN_9629
,-34.557896,-71.997594,43.6164,3.3,,CSN,CSN_9630
,-34.529486,-71.888151,48.6132,3.7,,CSN,CSN_9631
,-34.465946,-71.882692,38.2395,4.4,,CSN,CSN_9632
,-33.92544,-72.229562,25.0444,3.6,,CSN,CSN_9633
,-34.357967,-72.123478,26.1785,4.6,,CSN,CSN_9635
,-34.373572,-72.10229,25.5961,4.6,,CSN,CSN_9636
,-34.741653,-71.806782,49.5338,4.8,,CSN,CSN_9637
,-34.444043,-71.961144,12.3993,3.6,,CSN,CSN_9638
,-34.354233,-72.102778,29.8688,3.3,,CSN,CSN_9639
,-34.016354,-72.336162,15.365,3.2,,CSN,CSN_9640
,-34.319416,-72.080115,26.975,3.4,,CSN,CSN_9641
,-34.586623,-71.926277,2.5735,4.8,,CSN,CSN_9642
,-34.308482,-72.001371,26.0619,3.9,,CSN,CSN_9643
,-34.596845,-71.844359,41.7687,3.4,,CSN,CSN_9645
,-34.401516,-72.026862,2.3562,3.3,,CSN,CSN_9646
,-33.808671,-72.07257,32.3697,3.8,,CSN,CSN_9649
,-34.436052,-72.061312,25.1872,3.1,,CSN,CSN_9650
,-34.49946,-71.851179,39.9554,3.1,,CSN,CSN_9651
,-34.461904,-71.987976,22.5066,3.1,,CSN,CSN_9652
,-34.496736,-71.944121,18.4278,3.1,,CSN,CSN_9653
,-33.966609,-72.338453,53.7393,3.9,,CSN,CSN_9654
,-34.265576,-72.041921,0.8366,5.5,,CSN,CSN_9655
,-34.278199,-72.032471,28.8769,5.5,,CSN,CSN_9656
,-34.397822,-72.071649,28.1439,3.3,,CSN,CSN_9657
,-34.439196,-71.978479,41.0372,3.3,,CSN,CSN_9658
,-34.542023,-71.841642,27.4369,3.2,,CSN,CSN_9659
,-34.264413,-72.012752,7.8126,3.6,,CSN,CSN_9660
,-34.560436,-71.915543,28.4918,4.0,,CSN,CSN_9661
,-34.534381,-71.908191,10.8865,3.9,,CSN,CSN_9662
,-34.500575,-71.989795,38.7906,3.2,,CSN,CSN_9663
,-34.508265,-72.101453,16.6314,3.2,,CSN,CSN_9665
,-34.383875,-72.192001,19.1431,3.8,,CSN,CSN_9666
,-34.541609,-71.907406,23.2734,4.6,,CSN,CSN_9667
,-33.820806,-72.458201,17.1897,3.6,,CSN,CSN_9668
,-34.235413,-72.112295,28.6878,3.3,,CSN,CSN_9669
,-34.284241,-72.052096,24.1937,3.3,,CSN,CSN_9670
,-34.256634,-72.447333,23.2078,3.8,,CSN,CSN_9671
,-34.290109,-72.440449,21.0173,3.8,,CSN,CSN_9672
,-33.799599,-72.078935,22.4577,3.4,,CSN,CSN_9673
,-34.355723,-72.234127,38.7776,4.7,,CSN,CSN_9674
,-34.351331,-72.145328,15.2946,3.0,,CSN,CSN_9675
,-34.440027,-72.12959,38.4557,3.3,,CSN,CSN_9676
,-34.622186,-72.102912,35.5598,3.4,,CSN,CSN_9677
,-33.770984,-72.053345,5.0569,3.1,,CSN,CSN_9678
,-34.040952,-72.338062,22.0774,4.8,,CSN,CSN_9679
,-34.074087,-72.333656,22.0242,4.8,,CSN,CSN_9680
,-34.364035,-72.202129,13.965,4.7,,CSN,CSN_9681
,-34.366209,-72.145898,23.7408,4.7,,CSN,CSN_9682
,-34.369658,-72.163063,12.8446,3.9,,CSN,CSN_9683
,-34.412642,-72.009733,39.5639,3.9,,CSN,CSN_9684
,-33.879861,-71.9588,13.8502,4.6,,CSN,CSN_9685
,-34.105946,-72.302038,23.5951,3.4,,CSN,CSN_9686
,-34.389878,-72.100924,20.7924,4.7,,CSN,CSN_9687
,-33.980334,-72.432955,36.6193,3.7,,CSN,CSN_9688
,-34.290736,-72.229392,17.3047,3.0,,CSN,CSN_9690
,-34.41381,-72.079873,16.8178,4.2,,CSN,CSN_9694
,-34.534832,-71.90579,35.2095,4.0,,CSN,CSN_9695
,-34.376111,-72.105709,41.6391,3.5,,CSN,CSN_9696
,-34.394581,-72.096317,28.9486,3.5,,CSN,CSN_9697
,-34.433511,-72.006033,8.2597,3.9,,CSN,CSN_9698
,-34.454858,-71.996415,9.5028,3.9,,CSN,CSN_9699
,-34.068801,-72.285514,18.725,3.6,,CSN,CSN_9700
,-34.425084,-72.1899,15.9472,4.5,,CSN,CSN_9701
,-34.453353,-72.135717,26.8019,4.5,,CSN,CSN_9702
,-34.530788,-71.989168,38.5134,3.2,,CSN,CSN_9703
,-34.614639,-71.826047,18.1475,3.3,,CSN,CSN_9704
,-34.356719,-72.160556,15.8244,3.8,,CSN,CSN_9705
,-34.516269,-71.993751,33.9348,3.6,,CSN,CSN_9706
,-34.453725,-71.953912,4.575,4.6,,CSN,CSN_9707
,-34.301472,-72.384718,11.8761,3.6,,CSN,CSN_9708
,-34.304753,-72.357483,10.5863,3.6,,CSN,CSN_9709
,-34.500661,-72.195272,23.2024,3.3,,CSN,CSN_9710
,-34.754542,-71.73473,49.5924,3.2,,CSN,CSN_9711
,-33.967046,-72.042279,1.9295,3.6,,CSN,CSN_9713
,-34.852058,-71.731887,53.2497,3.3,,CSN,CSN_9714
,-34.769182,-71.996765,36.4525,3.6,,CSN,CSN_9715
,-34.413931,-72.124536,21.9398,4.3,,CSN,CSN_9716
,-34.450988,-72.069762,35.155,4.3,,CSN,CSN_9717
,-34.688555,-72.072596,2.4249,3.6,,CSN,CSN_9718
,-34.747908,-72.11339,0.7594,3.3,,CSN,CSN_9719
,-34.54833,-71.945056,9.8815,4.0,,CSN,CSN_9720
,-34.19832,-72.351328,22.3637,5.1,,CSN,CSN_9721
,-34.231615,-72.356011,19.1046,5.1,,CSN,CSN_9722
,-34.258883,-72.365739,35.6967,4.2,,CSN,CSN_9723
,-34.236834,-72.207913,1.2518,3.3,,CSN,CSN_9724
,-34.530334,-72.08145,26.6683,4.3,,CSN,CSN_9725
,-34.76333,-71.799079,45.7467,3.2,,CSN,CSN_9726
,-34.655229,-72.173718,10.4147,3.5,,CSN,CSN_9727
,-34.478865,-71.960688,41.2277,3.2,,CSN,CSN_9729
,-34.48987,-71.91611,30.8534,3.2,,CSN,CSN_9730
,-34.050784,-72.374712,18.4872,3.0,,CSN,CSN_9731
,-34.017268,-72.2413,1.9562,3.2,,CSN,CSN_9732
,-34.077839,-72.361871,58.7255,4.2,,CSN,CSN_9733
,-34.029537,-72.359168,24.6021,3.3,,CSN,CSN_9734
,-34.221355,-72.28439,34.4378,3.5,,CSN,CSN_9737
,-34.283542,-72.248744,29.433,3.5,,CSN,CSN_9738
,-34.707934,-72.045993,20.9368,3.6,,CSN,CSN_9739
,-34.753521,-71.638507,36.4696,3.8,,CSN,CSN_9740
,-34.300859,-72.337461,53.8561,3.4,,CSN,CSN_9741
,-34.021627,-72.407205,10.9294,4.1,,CSN,CSN_9742
,-34.028138,-72.420995,10.6932,3.3,,CSN,CSN_9743
,-34.028537,-72.404991,19.4055,4.1,,CSN,CSN_9744
,-34.222847,-72.27168,25.955,4.0,,CSN,CSN_9745
,-34.256097,-72.304097,15.0222,3.6,,CSN,CSN_9746
,-33.895624,-72.537806,41.1205,4.1,,CSN,CSN_9747
,-34.401874,-72.070117,27.2744,3.2,,CSN,CSN_9748
,-34.545529,-72.189255,17.4069,3.1,,CSN,CSN_9749
,-34.060012,-72.353296,22.1807,3.1,,CSN,CSN_9750
,-34.037321,-72.386226,21.3592,3.2,,CSN,CSN_9751
,-33.899136,-72.309597,2.8696,3.2,,CSN,CSN_9752
,-34.059817,-72.39956,18.5786,4.1,,CSN,CSN_9753
,-34.040311,-72.399752,14.9798,3.2,,CSN,CSN_9754
,-34.561348,-71.857352,38.1689,3.3,,CSN,CSN_9755
,-33.9083,-72.315218,1.6572,3.4,,CSN,CSN_9759
,-34.081491,-72.375351,23.65,3.4,,CSN,CSN_9760
,-34.399076,-72.03364,2.9778,3.5,,CSN,CSN_9761
,-34.416167,-72.01518,31.8327,3.5,,CSN,CSN_9762
,-33.845189,-72.476993,15.6642,3.7,,CSN,CSN_9765
,-34.000588,-72.401074,8.0686,4.6,,CSN,CSN_9767
,-34.047293,-72.408857,16.9337,3.2,,CSN,CSN_9768
,-34.041531,-72.331197,21.9531,3.5,,CSN,CSN_9769
,-33.955259,-72.508648,4.8115,3.2,,CSN,CSN_9770
,-33.991186,-72.412083,19.9782,3.7,,CSN,CSN_9771
,-33.979593,-72.308016,24.0652,3.6,,CSN,CSN_9772
,-34.028613,-72.389114,17.1028,3.3,,CSN,CSN_9773
,-34.031999,-72.389673,19.205,3.2,,CSN,CSN_9774
,-34.800088,-71.790886,47.6406,4.3,,CSN,CSN_9776
,-34.729098,-72.071784,19.4127,3.5,,CSN,CSN_9777
,-34.318522,-72.069912,33.5817,3.6,,CSN,CSN_9778
,-33.599871,-72.056911,9.1309,3.8,,CSN,CSN_9781
,-33.986402,-72.390658,19.3055,3.1,,CSN,CSN_9782
,-34.010892,-72.384394,23.7835,3.3,,CSN,CSN_9783
,-33.603072,-72.000091,2.8139,3.0,,CSN,CSN_9787
,-33.999041,-72.425292,10.9193,3.6,,CSN,CSN_9788
,-34.119831,-72.41619,16.829,3.0,,CSN,CSN_9791
,-34.082202,-72.114676,20.3884,3.9,,CSN,CSN_9793
,-34.753335,-72.038058,34.1248,3.3,,CSN,CSN_9795
,-33.990322,-72.408499,12.0667,3.1,,CSN,CSN_9798
,-34.326964,-72.331206,32.9991,3.0,,CSN,CSN_9800
,-34.77245,-71.796833,47.3625,3.2,,CSN,CSN_9801
,-34.769605,-72.05393,36.6505,3.2,,CSN,CSN_9802
,-34.390916,-72.121149,27.6224,3.1,,CSN,CSN_9803
,-34.030192,-72.407005,18.1303,3.4,,CSN,CSN_9804
,-34.093965,-72.421295,16.2118,3.7,,CSN,CSN_9805
,-33.976405,-72.190387,25.763,3.4,,CSN,CSN_9807
,-34.683033,-71.856672,26.9586,3.6,,CSN,CSN_9810
,-33.592693,-72.11442,15.4439,3.2,,CSN,CSN_9811
,-34.58185,-72.161774,33.1279,3.4,,CSN,CSN_9812
,-34.462896,-72.238372,23.8997,3.4,,CSN,CSN_9813
,-34.722379,-71.770152,44.0198,3.1,,CSN,CSN_9814
,-34.265991,-72.113735,14.9342,3.5,,CSN,CSN_9815
,-34.219853,-72.185129,30.4071,3.4,,CSN,CSN_9817
,-33.915723,-72.426262,1.5729,3.2,,CSN,CSN_9818
,-34.387303,-72.162067,27.6828,3.5,,CSN,CSN_9819
,-34.742444,-72.040218,-0.1042,3.9,,CSN,CSN_9820
,-34.756896,-71.782206,46.8388,3.3,,CSN,CSN_9821
,-33.834835,-72.029628,27.9452,4.3,,CSN,CSN_9822
,-33.952944,-72.170033,23.6984,3.5,,CSN,CSN_9824
,-34.383419,-71.997634,46.0766,3.2,,CSN,CSN_9825
,-34.684398,-71.967497,25.2451,3.0,,CSN,CSN_9826
,-34.743246,-71.800344,39.3867,3.3,,CSN,CSN_9827
,-34.800475,-71.852304,44.5279,4.1,,CSN,CSN_9830
,-34.71645,-71.762848,-0.0923,3.6,,CSN,CSN_9831
,-33.915618,-72.35541,27.1714,3.9,,CSN,CSN_9832
,-34.320855,-72.130796,27.231,4.3,,CSN,CSN_9833
,-34.606266,-71.843292,30.613,3.1,,CSN,CSN_9834
,-34.678053,-72.115382,32.5991,3.2,,CSN,CSN_9835
,-33.541336,-72.04221,21.3883,3.7,,CSN,CSN_9836
,-34.796709,-71.706753,52.1985,3.4,,CSN,CSN_9837
,-34.674802,-72.072464,4.7222,3.9,,CSN,CSN_9838
,-34.670791,-72.064208,28.9442,3.3,,CSN,CSN_9841
,-34.443875,-72.214277,1.091,3.3,,CSN,CSN_9842
,-34.665754,-71.991069,8.3363,4.9,,CSN,CSN_9843
,-34.604201,-71.880703,6.769,3.4,,CSN,CSN_9844
,-34.870545,-71.665092,53.9774,3.7,,CSN,CSN_9845
,-34.358619,-72.033479,31.8108,3.0,,CSN,CSN_9846
,-33.985603,-72.377884,23.2392,3.2,,CSN,CSN_9847
,-34.801632,-71.713193,50.6942,3.0,,CSN,CSN_9848
,-34.744891,-71.784227,51.9945,4.0,,CSN,CSN_9849
,-34.830073,-71.890633,0.9769,3.1,,CSN,CSN_9850
,-34.453171,-72.070956,27.0371,3.3,,CSN,CSN_9851
,-34.357622,-72.413791,23.791,3.6,,CSN,CSN_9852
,-33.850005,-71.979556,40.3462,3.3,,CSN,CSN_9853
,-34.440346,-71.984517,34.5214,3.5,,CSN,CSN_9854
,-34.399279,-72.095854,29.8901,4.6,,CSN,CSN_9855
,-34.514438,-72.025572,34.3696,3.1,,CSN,CSN_9856
,-34.551995,-71.863095,44.8872,3.0,,CSN,CSN_9858
,-34.219769,-72.247692,21.4277,3.9,,CSN,CSN_9859
,-33.866161,-72.450333,16.8059,3.5,,CSN,CSN_9860
,-34.286489,-72.202512,28.7267,3.4,,CSN,CSN_9863
,-33.946369,-72.054413,27.8313,3.3,,CSN,CSN_9864
,-34.867481,-71.854396,23.9456,3.2,,CSN,CSN_9865
,-33.89456,-72.236974,9.3385,3.8,,CSN,CSN_9867
,-34.25066,-72.275692,26.4572,3.8,,CSN,CSN_9868
,-33.950595,-72.089516,26.6363,3.2,,CSN,CSN_9869
,-34.653129,-71.911129,-0.0865,3.4,,CSN,CSN_9870
,-34.501022,-72.081576,9.6066,3.7,,CSN,CSN_9871
,-34.735436,-71.840879,42.6798,3.4,,CSN,CSN_9872
,-34.301637,-72.174754,31.1338,4.3,,CSN,CSN_9873
,-34.573007,-71.930213,1.3156,3.4,,CSN,CSN_9875
,-34.580586,-71.828144,37.883,4.1,,CSN,CSN_9876
,-34.571148,-72.184717,40.7726,3.6,,CSN,CSN_9877
,-34.255716,-72.293571,22.979,3.1,,CSN,CSN_9879
,-33.944903,-72.476591,26.4608,3.0,,CSN,CSN_9881
,-34.574376,-71.859975,-0.262,4.1,,CSN,CSN_9882
,-33.971569,-72.188209,36.4422,3.2,,CSN,CSN_9883
,-34.616459,-71.992486,37.2608,4.1,,CSN,CSN_9884
,-34.810311,-71.828672,47.2025,5.3,,CSN,CSN_9885
,-34.708422,-71.993511,-0.0306,3.1,,CSN,CSN_9886
,-34.755563,-71.639789,47.2638,3.5,,CSN,CSN_9887
,-34.151189,-72.162132,56.007,3.5,,CSN,CSN_9888
,-34.395085,-72.190001,55.624,3.2,,CSN,CSN_9889
,-33.825601,-72.170938,29.0909,3.0,,CSN,CSN_9890
,-34.160935,-72.365485,6.3946,3.0,,CSN,CSN_9891
,-34.272575,-72.361709,0.8094,3.0,,CSN,CSN_9892
,-34.343113,-72.173327,53.8088,3.8,,CSN,CSN_9894
,-34.801087,-71.700398,60.1761,3.5,,CSN,CSN_9898
,-34.262037,-72.148778,30.2204,3.3,,CSN,CSN_9899
,-34.485053,-72.030095,27.5297,3.5,,CSN,CSN_9900
,-34.508385,-72.041988,36.1848,3.0,,CSN,CSN_9901
,-34.000759,-72.383358,17.9413,3.0,,CSN,CSN_9902
,-34.155863,-72.452085,12.9363,3.2,,CSN,CSN_9903
,-34.334514,-72.215608,10.8239,3.3,,CSN,CSN_9904
,-33.942795,-72.307461,20.3039,4.6,,CSN,CSN_9906
,-33.934307,-72.318735,19.3113,4.4,,CSN,CSN_9907
,-34.739941,-72.055471,18.5716,3.3,,CSN,CSN_9909
,-34.731783,-71.821723,42.3059,3.5,,CSN,CSN_9910
,-34.493006,-71.900101,42.2235,3.8,,CSN,CSN_9911
,-33.621461,-72.023567,26.9905,3.2,,CSN,CSN_9912
,-34.713799,-72.09906,8.669,3.3,,CSN,CSN_9913
,-34.462864,-72.09978,28.3797,3.4,,CSN,CSN_9914
,-34.754783,-71.96039,17.3746,4.3,,CSN,CSN_9915
,-34.365062,-72.133944,38.7016,3.9,,CSN,CSN_9916
,-34.741461,-71.858926,38.3313,3.1,,CSN,CSN_9917
,-34.750282,-71.749498,48.1664,3.4,,CSN,CSN_9919
,-33.908476,-72.457254,20.1098,4.7,,CSN,CSN_9920
,-34.753925,-71.792109,45.7845,3.1,,CSN,CSN_9921
,-34.379006,-72.111107,17.7466,3.4,,CSN,CSN_9923
,-34.085631,-72.462651,10.0435,3.7,,CSN,CSN_9925
,-34.698169,-72.017892,8.9015,4.7,,CSN,CSN_9926
,-33.926352,-72.093138,25.449,3.2,,CSN,CSN_9927
,-33.776491,-72.028611,44.9303,3.7,,CSN,CSN_9928
,-34.779931,-72.143641,9.1125,3.5,,CSN,CSN_9929
,-34.780609,-71.704097,50.6861,3.6,,CSN,CSN_9930
,-33.825807,-72.269145,22.4256,3.7,,CSN,CSN_9931
,-33.728209,-72.096819,29.1799,3.8,,CSN,CSN_9932
,-34.793228,-71.729755,52.2684,3.0,,CSN,CSN_9933
,-34.609968,-72.090237,20.5665,4.3,,CSN,CSN_9936
,-33.947523,-72.415151,15.1132,4.0,,CSN,CSN_9938
,-34.741279,-71.763126,46.1682,3.5,,CSN,CSN_9939
,-33.915266,-72.238464,21.6154,3.3,,CSN,CSN_9941
,-33.792374,-72.257507,29.6032,3.3,,CSN,CSN_9942
,-34.092127,-72.466784,26.5169,3.5,,CSN,CSN_9943
,-34.672039,-71.829897,25.5797,3.6,,CSN,CSN_9944
,-34.094827,-72.317578,20.2866,3.5,,CSN,CSN_9945
,-34.454529,-71.962623,48.7146,3.2,,CSN,CSN_9946
,-34.092836,-72.283598,21.2243,3.7,,CSN,CSN_9947
,-34.274951,-72.135582,4.5863,3.6,,CSN,CSN_9948
,-34.27727,-72.042841,24.8805,3.6,,CSN,CSN_9949
,-34.329997,-72.005071,27.8195,3.1,,CSN,CSN_9950
,-33.873184,-72.458502,8.5002,3.5,,CSN,CSN_9951
,-33.987519,-72.458045,17.2218,3.4,,CSN,CSN_9952
,-33.556818,-71.966098,18.2545,3.0,,CSN,CSN_9953
,-34.683457,-72.201856,10.189,4.2,,CSN,CSN_9954
,-33.916976,-72.403845,23.0953,3.3,,CSN,CSN_9955
,-34.068104,-72.420903,22.3178,3.5,,CSN,CSN_9956
,-34.088299,-72.334227,18.7673,3.3,,CSN,CSN_9958
,-34.292193,-72.11736,56.3633,4.0,,CSN,CSN_9960
,-34.587161,-72.017829,45.7706,3.2,,CSN,CSN_9961
,-34.381931,-72.047379,42.4103,3.6,,CSN,CSN_9962
,-33.947248,-72.340665,11.8376,3.3,,CSN,CSN_9963
,-34.519958,-72.058811,32.0706,3.1,,CSN,CSN_9964
,-34.038232,-72.463223,49.4934,4.1,,CSN,CSN_9966
,-34.061389,-72.372301,19.2658,3.1,,CSN,CSN_9967
,-34.094545,-72.4178,41.5831,3.1,,CSN,CSN_9968
,-34.524958,-71.832801,33.168,3.1,,CSN,CSN_9969
,-34.72727,-71.798297,36.4875,3.1,,CSN,CSN_9972
,-33.935654,-72.348241,20.5649,3.5,,CSN,CSN_9973
,-34.066816,-72.409621,27.7929,3.5,,CSN,CSN_9974
,-34.218372,-72.296059,23.9323,3.1,,CSN,CSN_9975
,-34.806054,-71.757989,50.6776,3.1,,CSN,CSN_9976
,-34.42545,-71.900822,3.6403,3.0,,CSN,CSN_9978
,-34.560288,-71.800164,23.9864,3.6,,CSN,CSN_9979
,-34.684555,-71.94025,1.4412,4.0,,CSN,CSN_9980
,-34.686468,-71.946637,2.4092,3.8,,CSN,CSN_9982
,-34.700497,-71.75209,20.2374,3.3,,CSN,CSN_9983
,-34.742339,-71.939138,19.2876,3.3,,CSN,CSN_9986
,-34.719069,-71.854255,8.4649,3.5,,CSN,CSN_9987
,-33.847621,-72.28928,5.1782,3.1,,CSN,CSN_9988
,-34.740671,-71.745146,43.4187,3.3,,CSN,CSN_9990
,-34.036598,-72.160826,32.9024,3.6,,CSN,CSN_9991
,-33.935748,-72.318772,21.321,3.3,,CSN,CSN_9992
,-33.522427,-72.120853,31.1935,3.0,,CSN,CSN_9995
,-34.342148,-72.150037,34.432,3.6,,CSN,CSN_9996
,-34.904413,-71.836738,37.6997,3.5,,CSN,CSN_9997
,-34.121937,-72.368788,21.195,4.1,,CSN,CSN_9998
,-34.133962,-72.351441,9.2923,3.4,,CSN,CSN_9999
,-34.07581,-72.428493,15.4945,3.3,,CSN,CSN_10000
,-34.531764,-71.987977,33.3485,3.5,,CSN,CSN_10002
,-34.803505,-71.69787,52.2433,3.8,,CSN,CSN_10003
,-34.756476,-71.997078,34.2167,3.4,,CSN,CSN_10004
,-34.60495,-72.022925,1.8972,3.3,,CSN,CSN_10005
,-34.894596,-71.868171,44.5854,4.0,,CSN,CSN_10006
,-34.734779,-71.972163,-0.0682,3.4,,CSN,CSN_10007
,-34.299845,-72.217967,25.6966,3.3,,CSN,CSN_10009
,-34.283732,-72.182464,7.7072,5.8,,CSN,CSN_10010
,-34.303473,-72.150392,24.2883,5.8,,CSN,CSN_10011
,-34.304821,-72.166597,29.4176,4.6,,CSN,CSN_10012
,-34.356702,-72.104059,30.0268,3.4,,CSN,CSN_10013
,-34.374683,-72.166765,32.6822,3.1,,CSN,CSN_10015
,-34.302365,-72.055777,46.6266,3.6,,CSN,CSN_10016
,-34.382828,-72.089856,26.6289,3.3,,CSN,CSN_10017
,-34.25784,-72.186193,2.5643,4.3,,CSN,CSN_10018
,-34.262226,-72.16546,26.6087,4.3,,CSN,CSN_10019
,-34.266633,-72.247325,22.3414,4.7,,CSN,CSN_10020
,-34.318022,-72.164647,29.7461,4.7,,CSN,CSN_10021
,-34.304125,-72.192126,29.6428,3.7,,CSN,CSN_10022
,-34.34383,-72.136186,30.0845,3.7,,CSN,CSN_10023
,-34.094649,-72.367787,20.8073,3.3,,CSN,CSN_10024
,-34.259948,-72.167776,26.8179,3.1,,CSN,CSN_10026
,-34.316287,-72.092365,0.2891,3.1,,CSN,CSN_10027
,-34.779356,-71.706155,51.7606,3.3,,CSN,CSN_10028
,-34.428528,-71.995521,42.9974,3.9,,CSN,CSN_10029
,-34.260076,-72.167159,22.0583,4.6,,CSN,CSN_10030
,-34.29126,-72.105695,37.735,4.6,,CSN,CSN_10031
,-34.248626,-72.199668,30.0682,5.0,,CSN,CSN_10032
,-34.27496,-72.215487,18.8219,5.0,,CSN,CSN_10033
,-33.992113,-72.207188,22.2352,3.3,,CSN,CSN_10034
,-34.726095,-71.866183,36.4489,3.9,,CSN,CSN_10035
,-34.294058,-72.428595,11.9775,4.0,,CSN,CSN_10036
,-34.282729,-72.424308,25.9801,4.0,,CSN,CSN_10037
,-34.289649,-72.121629,22.4525,3.6,,CSN,CSN_10038
,-34.757364,-71.797833,45.3093,3.7,,CSN,CSN_10039
,-34.177996,-72.200398,37.9061,3.7,,CSN,CSN_10041
,-34.541598,-71.915797,25.8381,3.2,,CSN,CSN_10042
,-34.180869,-72.416185,19.8843,4.2,,CSN,CSN_10043
,-34.338384,-72.069439,2.8184,3.2,,CSN,CSN_10044
,-33.945817,-72.455626,5.2606,3.0,,CSN,CSN_10045
,-34.159307,-72.365883,22.4254,5.0,,CSN,CSN_10047
,-34.011733,-72.196434,10.3003,3.8,,CSN,CSN_10048
,-34.766174,-72.086064,17.8153,3.9,,CSN,CSN_10049
,-33.92062,-72.490846,9.9468,4.0,,CSN,CSN_10050
,-34.397504,-72.028179,24.4443,3.4,,CSN,CSN_10051
,-34.345509,-72.020227,33.116,3.3,,CSN,CSN_10054
,-33.971264,-72.51192,13.9948,3.8,,CSN,CSN_10055
,-34.348196,-72.131867,33.236,4.3,,CSN,CSN_10056
,-34.099257,-72.476541,16.6185,3.4,,CSN,CSN_10057
,-34.148038,-72.339986,56.6721,4.1,,CSN,CSN_10058
,-33.767653,-72.132382,4.7583,3.7,,CSN,CSN_10059
,-33.546644,-72.059692,19.8096,3.4,,CSN,CSN_10060
,-33.535852,-72.078965,15.788,3.6,,CSN,CSN_10061
,-34.370209,-72.07416,26.875,4.2,,CSN,CSN_10062
,-34.068833,-72.252918,13.2895,3.3,,CSN,CSN_10063
,-33.747135,-72.085932,37.1781,3.6,,CSN,CSN_10064
,-33.797232,-72.029898,30.3367,3.6,,CSN,CSN_10065
,-34.683142,-72.064896,14.1679,3.4,,CSN,CSN_10066
,-34.313678,-72.097902,8.1817,3.8,,CSN,CSN_10067
,-34.084383,-72.271963,24.47,4.2,,CSN,CSN_10068
,-34.054831,-72.3761,4.1967,4.3,,CSN,CSN_10069
,-33.946439,-72.328533,14.6108,4.3,,CSN,CSN_10070
,-33.922415,-72.318031,19.117,3.7,,CSN,CSN_10071
,-33.907348,-72.268457,12.8327,3.5,,CSN,CSN_10073
,-34.414573,-72.037787,18.9839,3.3,,CSN,CSN_10074
,-34.337861,-72.413985,26.0662,4.3,,CSN,CSN_10075
,-34.830412,-71.751196,48.9774,3.4,,CSN,CSN_10076
,-34.085183,-72.303877,22.8172,3.3,,CSN,CSN_10077
,-34.268849,-72.096898,22.4076,3.2,,CSN,CSN_10078
,-34.27151,-72.452481,20.7347,3.4,,CSN,CSN_10079
,-34.605641,-71.824968,3.8541,3.5,,CSN,CSN_10080
,-34.795519,-71.899948,43.6019,3.2,,CSN,CSN_10081
,-34.749396,-71.792046,47.3404,3.5,,CSN,CSN_10082
,-34.609261,-71.873329,-0.167,3.3,,CSN,CSN_10083
,-34.596927,-71.833422,-0.2612,3.7,,CSN,CSN_10084
,-34.727423,-71.853354,43.6413,3.5,,CSN,CSN_10085
,-33.589132,-72.106083,15.8644,4.3,,CSN,CSN_10086
,-34.014602,-72.238481,33.6523,5.1,,CSN,CSN_10087
,-34.04296,-72.322478,8.5611,3.4,,CSN,CSN_10088
,-33.945079,-72.464999,54.9553,3.4,,CSN,CSN_10089
,-34.285012,-72.218121,21.4293,3.0,,CSN,CSN_10090
,-34.27366,-72.231164,20.9784,3.2,,CSN,CSN_10091
,-34.801496,-71.843403,45.997,3.2,,CSN,CSN_10092
,-33.943385,-72.181444,15.3544,3.3,,CSN,CSN_10095
,-33.904941,-72.095979,6.0004,3.3,,CSN,CSN_10096
,-33.992366,-72.218865,14.082,4.6,,CSN,CSN_10097
,-33.941401,-72.06892,23.1964,3.3,,CSN,CSN_10099
,-34.016445,-72.307846,16.5191,3.8,,CSN,CSN_10101
,-33.974694,-72.294037,24.0847,3.8,,CSN,CSN_10102
,-34.282223,-72.195406,25.2994,3.5,,CSN,CSN_10103
,-34.518201,-72.177768,30.9007,3.0,,CSN,CSN_10104
,-34.790677,-71.78402,48.6999,3.2,,CSN,CSN_10105
,-33.968185,-72.405295,20.9378,3.7,,CSN,CSN_10106
,-33.914695,-72.349958,29.4111,3.7,,CSN,CSN_10107
,-33.930571,-72.353655,11.7044,3.5,,CSN,CSN_10108
,-34.022243,-72.32418,21.3554,3.1,,CSN,CSN_10109
,-34.74796,-71.794562,49.2426,3.0,,CSN,CSN_10110
,-34.654178,-72.166315,8.9104,4.3,,CSN,CSN_10111
,-33.562446,-71.991216,33.9365,3.6,,CSN,CSN_10112
,-33.811056,-71.995243,31.2312,3.1,,CSN,CSN_10113
,-34.051274,-72.126023,22.1937,3.2,,CSN,CSN_10114
,-34.588831,-71.916194,-0.13,4.0,,CSN,CSN_10116
,-34.214852,-72.26154,10.7752,3.5,,CSN,CSN_10117
,-33.910392,-72.531073,21.9274,4.1,,CSN,CSN_10118
,-33.925575,-72.460824,11.7579,4.1,,CSN,CSN_10119
,-34.208445,-72.386642,11.3037,3.0,,CSN,CSN_10121
,-34.136348,-72.359507,19.9713,3.1,,CSN,CSN_10122
,-34.527616,-71.895284,44.381,3.0,,CSN,CSN_10123
,-34.242808,-72.433065,14.9252,5.0,,CSN,CSN_10124
,-34.278206,-72.360873,17.2026,4.0,,CSN,CSN_10125
,-34.248867,-72.360474,21.8528,3.9,,CSN,CSN_10126
,-34.309932,-72.35761,15.9063,4.1,,CSN,CSN_10127
,-34.278476,-72.385746,13.4211,3.7,,CSN,CSN_10128
,-33.862097,-72.006716,23.1216,3.3,,CSN,CSN_10130
,-34.60528,-72.06621,1.4423,3.4,,CSN,CSN_10131
,-33.858342,-72.181197,17.511,3.0,,CSN,CSN_10132
,-33.938891,-72.223052,30.1558,3.0,,CSN,CSN_10133
,-34.789746,-72.128468,0.4649,3.6,,CSN,CSN_10134
,-33.607679,-72.043029,22.8232,3.8,,CSN,CSN_10138
,-33.625451,-72.086183,39.9521,3.1,,CSN,CSN_10139
,-33.624208,-71.954286,31.5839,3.3,,CSN,CSN_10140
,-33.945587,-72.364388,7.129,3.2,,CSN,CSN_10143
,-34.033924,-72.467932,16.5672,3.4,,CSN,CSN_10144
,-34.293281,-72.381146,16.2626,4.1,,CSN,CSN_10145
,-34.311785,-72.23321,14.3815,3.3,,CSN,CSN_10146
,-34.107384,-72.453581,11.7102,4.1,,CSN,CSN_10147
,-33.899487,-72.169963,9.3992,3.1,,CSN,CSN_10148
,-34.119001,-72.378258,25.9865,3.0,,CSN,CSN_10154
,-34.421725,-72.125761,19.4999,3.0,,CSN,CSN_10155
,-34.30072,-72.096402,3.5062,3.5,,CSN,CSN_10156
,-34.731688,-71.761625,49.8602,3.0,,CSN,CSN_10157
,-33.982009,-72.147005,4.2124,3.4,,CSN,CSN_10158
,-34.73358,-71.769725,45.0393,3.7,,CSN,CSN_10160
,-34.158995,-72.294814,10.2022,3.6,,CSN,CSN_10161
,-34.068208,-72.288453,13.9755,3.5,,CSN,CSN_10162
,-34.329426,-72.096486,28.7729,3.0,,CSN,CSN_10163
,-34.079158,-72.320913,17.4872,3.7,,CSN,CSN_10164
,-34.681247,-72.099967,24.0641,3.8,,CSN,CSN_10165
,-34.475734,-72.16639,28.7478,3.9,,CSN,CSN_10166
,-33.946685,-72.029246,7.8019,3.0,,CSN,CSN_10167
,-33.955176,-72.030346,18.914,3.0,,CSN,CSN_10168
,-34.7575,-71.723897,50.6879,3.3,,CSN,CSN_10169
,-34.689119,-71.731069,50.2487,3.3,,CSN,CSN_10170
,-34.264609,-72.354519,17.877,5.0,,CSN,CSN_10171
,-34.561567,-72.084209,7.0581,3.1,,CSN,CSN_10172
,-34.755868,-71.776426,45.1211,3.0,,CSN,CSN_10173
,-34.481975,-71.956422,21.4204,3.0,,CSN,CSN_10174
,-34.350959,-72.118237,30.3948,3.7,,CSN,CSN_10175
,-33.935303,-72.086555,9.0438,3.0,,CSN,CSN_10177
,-33.890513,-72.034727,5.8859,3.0,,CSN,CSN_10178
,-34.568839,-72.113664,9.607,3.3,,CSN,CSN_10179
,-34.017884,-72.192107,13.561,3.1,,CSN,CSN_10180
,-34.371826,-72.045739,9.4909,3.7,,CSN,CSN_10181
,-34.345128,-72.111325,30.2659,4.0,,CSN,CSN_10186
,-34.430494,-71.938805,14.5692,4.0,,CSN,CSN_10187
,-34.470944,-72.164641,19.0603,3.0,,CSN,CSN_10188
,-34.779715,-71.798991,48.4548,4.3,,CSN,CSN_10189
,-33.774605,-72.068652,6.0733,3.2,,CSN,CSN_10190
,-33.672266,-72.151362,35.2872,3.2,,CSN,CSN_10191
,-34.329464,-72.417586,13.9096,3.2,,CSN,CSN_10193
,-34.780962,-72.113414,17.2471,3.1,,CSN,CSN_10194
,-34.117855,-72.375426,11.6679,3.0,,CSN,CSN_10195
,-33.911492,-72.537747,2.6445,3.1,,CSN,CSN_10197
,-34.00125,-72.522201,10.1697,3.1,,CSN,CSN_10198
,-34.738267,-71.813994,35.1225,3.4,,CSN,CSN_10200
,-34.257742,-72.393319,19.199,3.0,,CSN,CSN_10201
,-33.905117,-72.222742,21.1496,3.2,,CSN,CSN_10202
,-33.914904,-72.217139,20.0917,3.1,,CSN,CSN_10203
,-34.738503,-71.79152,48.8773,3.9,,CSN,CSN_10204
,-34.616162,-71.981757,24.1815,3.2,,CSN,CSN_10206
,-34.171697,-72.187028,14.4962,3.2,,CSN,CSN_10207
,-33.973218,-72.147554,29.0257,3.5,,CSN,CSN_10208
,-33.928816,-72.108544,26.5617,3.5,,CSN,CSN_10209
,-33.89225,-72.51686,10.4949,4.5,,CSN,CSN_10210
,-34.762472,-71.773527,50.0084,3.4,,CSN,CSN_10212
,-34.230078,-72.276129,17.3428,3.6,,CSN,CSN_10217
,-34.261807,-72.211087,19.3693,3.8,,CSN,CSN_10222
,-34.762919,-71.744929,48.9522,3.9,,CSN,CSN_10227
,-34.324171,-72.281549,26.2851,3.6,,CSN,CSN_10228
,-34.774428,-71.766708,46.5724,4.0,,CSN,CSN_10229
,-34.743736,-71.792422,48.9474,4.2,,CSN,CSN_10230
,-34.544115,-72.21497,28.2337,4.0,,CSN,CSN_10236
,-34.783428,-71.846639,43.0391,3.3,,CSN,CSN_10237
,-34.77405,-71.663062,51.7005,4.3,,CSN,CSN_10238
,-34.035499,-72.479846,11.9854,4.0,,CSN,CSN_10239
,-33.887564,-72.383842,19.235,3.4,,CSN,CSN_10241
,-33.910711,-72.360319,26.6593,3.4,,CSN,CSN_10242
,-33.905192,-72.370167,20.2578,3.3,,CSN,CSN_10243
,-34.491071,-72.092357,23.3809,3.1,,CSN,CSN_10245
,-34.351809,-72.139346,28.3351,3.2,,CSN,CSN_10247
,-33.791277,-72.037735,33.1371,3.1,,CSN,CSN_10250
,-33.717867,-72.084943,20.987,3.7,,CSN,CSN_10251
,-34.25722,-72.295305,14.2767,3.1,,CSN,CSN_10252
,-34.035743,-72.33112,21.3668,4.0,,CSN,CSN_10254
,-33.91351,-72.296865,4.6452,3.2,,CSN,CSN_10256
,-33.991771,-72.353045,20.1218,3.2,,CSN,CSN_10257
,-33.853998,-72.366837,23.6369,3.0,,CSN,CSN_10258
,-34.070119,-72.338821,10.7941,3.8,,CSN,CSN_10259
,-34.727953,-71.701937,48.8967,4.8,,CSN,CSN_10260
,-34.512042,-71.853931,-0.1594,3.0,,CSN,CSN_10261
,-34.673382,-72.000925,19.8559,3.8,,CSN,CSN_10262
,-34.330857,-72.242389,24.3715,3.3,,CSN,CSN_10266
,-34.02089,-72.42907,14.5982,3.4,,CSN,CSN_10269
,-33.532351,-72.122098,20.0253,3.6,,CSN,CSN_10270
,-33.92984,-72.392497,19.1167,3.4,,CSN,CSN_10274
,-34.007787,-72.379139,19.0077,3.4,,CSN,CSN_10275
,-34.20119,-72.309806,22.4854,4.0,,CSN,CSN_10280
,-34.196215,-72.324303,4.1331,4.0,,CSN,CSN_10281
,-34.068875,-72.380195,8.3242,3.8,,CSN,CSN_10282
,-34.147088,-72.340305,8.8672,4.3,,CSN,CSN_10283
,-34.096014,-72.33037,17.6389,3.8,,CSN,CSN_10284
,-34.451904,-72.096295,25.5508,3.7,,CSN,CSN_10286
,-34.741449,-71.705345,49.4687,3.3,,CSN,CSN_10287
,-34.229232,-72.294663,13.8196,3.1,,CSN,CSN_10288
,-34.239845,-72.277045,17.0112,3.3,,CSN,CSN_10289
,-34.230964,-72.288695,14.5826,3.0,,CSN,CSN_10292
,-34.118054,-72.385799,15.9144,3.5,,CSN,CSN_10293
,-33.897063,-72.364434,20.6849,3.1,,CSN,CSN_10296
,-33.927129,-72.334378,31.4852,3.1,,CSN,CSN_10297
,-33.685057,-72.104763,20.4214,3.5,,CSN,CSN_10298
,-34.260311,-72.231842,25.8182,3.0,,CSN,CSN_10300
,-34.082837,-72.270382,21.7727,4.8,,CSN,CSN_10302
,-34.091699,-72.224008,22.0731,3.0,,CSN,CSN_10303
,-34.021094,-72.252598,21.4572,3.8,,CSN,CSN_10304
,-34.014189,-72.239585,21.1315,3.5,,CSN,CSN_10305
,-34.751856,-71.82495,22.6734,4.6,,CSN,CSN_10306
,-34.191362,-72.25365,4.3722,3.0,,CSN,CSN_10307
,-33.555648,-71.990747,20.9591,3.7,,CSN,CSN_10310
,-34.506661,-71.923877,-0.1934,3.2,,CSN,CSN_10312
,-34.490432,-72.025548,17.7219,3.0,,CSN,CSN_10313
,-34.791033,-71.732769,50.4601,3.7,,CSN,CSN_10321
,-34.374009,-72.174798,12.7237,3.4,,CSN,CSN_10323
,-34.782362,-71.70903,51.686,5.2,,CSN,CSN_10325
,-34.505686,-72.036497,44.0898,3.1,,CSN,CSN_10328
,-34.600788,-71.886612,21.2173,3.4,,CSN,CSN_10337
,-33.926364,-72.142171,20.3726,3.5,,CSN,CSN_10338
,-33.880126,-72.041132,0.1409,3.5,,CSN,CSN_10339
,-34.743613,-71.807535,48.4415,3.8,,CSN,CSN_10342
,-34.789366,-71.732058,48.219,3.1,,CSN,CSN_10343
,-34.039219,-72.095032,12.5975,3.6,,CSN,CSN_10347
,-34.760473,-71.743189,47.9576,3.3,,CSN,CSN_10348
,-33.969271,-72.486522,33.4434,4.4,,CSN,CSN_10349
,-33.923787,-72.433533,15.3329,4.4,,CSN,CSN_10350
,-33.955237,-72.296017,31.9227,3.7,,CSN,CSN_10351
,-33.920007,-72.302813,19.4746,3.7,,CSN,CSN_10352
,-34.298987,-72.308245,13.8676,3.2,,CSN,CSN_10354
,-34.76423,-71.617237,53.3428,3.2,,CSN,CSN_10355
,-34.042432,-72.38815,16.2356,3.1,,CSN,CSN_10359
,-34.580957,-71.881561,13.3458,3.6,,CSN,CSN_10360
,-34.440965,-72.000223,22.93,3.1,,CSN,CSN_10361
,-34.533694,-71.969261,5.1733,4.2,,CSN,CSN_10362
,-33.999674,-72.02676,21.5171,3.1,,CSN,CSN_10364
,-34.027254,-72.300843,19.3795,4.2,,CSN,CSN_10365
,-34.358391,-72.150489,11.3178,4.3,,CSN,CSN_10366
,-34.611302,-71.875316,1.821,3.1,,CSN,CSN_10367
,-34.778321,-71.701191,48.6243,3.2,,CSN,CSN_10369
,-34.786626,-71.781986,53.5941,3.3,,CSN,CSN_10370
,-33.648445,-72.020232,15.1627,3.6,,CSN,CSN_10373
,-33.675237,-72.011327,25.6539,3.7,,CSN,CSN_10374
,-34.399635,-72.042829,5.6766,3.6,,CSN,CSN_10375
,-33.647024,-72.034887,27.7303,3.3,,CSN,CSN_10376
,-34.682808,-71.865191,25.5849,3.1,,CSN,CSN_10377
,-34.352148,-72.114411,19.7488,3.5,,CSN,CSN_10378
,-34.751647,-71.873991,45.0397,3.0,,CSN,CSN_10380
,-34.763796,-71.645241,47.1589,3.2,,CSN,CSN_10382
,-34.750915,-71.708394,48.5842,3.5,,CSN,CSN_10383
,-34.734102,-71.825876,50.1133,3.6,,CSN,CSN_10385
,-34.778981,-71.904106,0.393,4.9,,CSN,CSN_10389
,-34.727128,-71.815657,46.4219,3.2,,CSN,CSN_10390
,-34.795194,-71.959596,21.2878,3.4,,CSN,CSN_10391
,-34.597938,-71.889849,14.3679,3.4,,CSN,CSN_10392
,-34.314474,-72.25948,22.7736,3.4,,CSN,CSN_10393
,-34.327096,-72.071706,28.9553,3.2,,CSN,CSN_10394
,-34.79929,-71.936867,11.6817,3.1,,CSN,CSN_10395
,-34.790525,-71.692409,52.0988,3.5,,CSN,CSN_10396
,-34.68235,-71.840034,19.1464,3.8,,CSN,CSN_10398
,-34.02856,-72.299349,16.8429,3.0,,CSN,CSN_10401
,-33.977465,-72.258198,19.2968,3.0,,CSN,CSN_10402
,-33.678649,-72.081194,25.0005,3.1,,CSN,CSN_10403
,-34.025529,-72.394238,16.1995,4.2,,CSN,CSN_10405
,-34.034416,-72.4173,6.701,4.2,,CSN,CSN_10406
,-33.945561,-72.364622,1.4561,4.2,,CSN,CSN_10407
,-34.067263,-72.3416,20.921,3.3,,CSN,CSN_10408
,-34.066138,-72.389806,20.0478,3.4,,CSN,CSN_10409
,-34.734683,-71.854817,47.0039,4.6,,CSN,CSN_10410
,-34.008781,-72.413972,14.6314,3.3,,CSN,CSN_10411
,-33.976036,-72.422505,19.6129,3.3,,CSN,CSN_10412
,-34.535545,-72.010542,24.0877,3.4,,CSN,CSN_10414
,-34.048744,-72.355883,19.1247,3.5,,CSN,CSN_10415
,-34.065042,-72.342715,15.1355,3.4,,CSN,CSN_10416
,-33.974114,-72.241046,0.7187,3.4,,CSN,CSN_10417
,-34.093767,-72.303706,22.877,3.9,,CSN,CSN_10418
,-34.79692,-71.775956,47.8227,3.1,,CSN,CSN_10419
,-33.840416,-72.004975,33.4155,3.3,,CSN,CSN_10420
,-34.122875,-72.406493,16.8526,3.9,,CSN,CSN_10421
,-34.122634,-72.394532,19.7134,3.2,,CSN,CSN_10422
,-34.500594,-71.989282,37.3506,3.5,,CSN,CSN_10424
,-34.286889,-72.250852,19.5348,4.0,,CSN,CSN_10425
,-34.790218,-71.856628,45.1407,3.4,,CSN,CSN_10426
,-34.759012,-71.738103,49.1472,4.4,,CSN,CSN_10427
,-34.681822,-71.743109,44.3337,3.1,,CSN,CSN_10428
,-34.740034,-71.847401,47.7535,3.9,,CSN,CSN_10429
,-34.402844,-72.253124,22.4669,3.3,,CSN,CSN_10430
,-34.733913,-72.12451,2.8966,5.1,,CSN,CSN_10432
,-34.045559,-72.420231,12.5118,3.9,,CSN,CSN_10433
,-33.971997,-72.406657,15.5546,3.3,,CSN,CSN_10434
,-34.107199,-72.378173,23.9888,3.3,,CSN,CSN_10435
,-33.964452,-72.389634,20.368,3.7,,CSN,CSN_10436
,-34.321084,-72.28079,52.4712,3.7,,CSN,CSN_10437
,-34.087995,-72.378791,19.5018,3.8,,CSN,CSN_10438
,-34.082937,-72.441792,15.4421,3.2,,CSN,CSN_10439
,-34.777037,-71.830768,47.0637,4.1,,CSN,CSN_10441
,-34.750923,-71.752926,46.4886,3.0,,CSN,CSN_10443
,-33.819722,-72.488314,35.0844,3.3,,CSN,CSN_10444
,-33.814404,-72.463872,16.3708,3.2,,CSN,CSN_10445
,-34.761244,-71.72785,48.3811,4.0,,CSN,CSN_10446
,-34.571053,-72.031555,-0.0762,3.4,,CSN,CSN_10447
,-34.526164,-72.200023,15.2983,3.0,,CSN,CSN_10452
,-34.746723,-71.782916,48.0442,3.1,,CSN,CSN_10453
,-33.991246,-72.258647,20.0766,4.6,,CSN,CSN_10454
,-33.961077,-72.238949,21.2306,4.6,,CSN,CSN_10455
,-34.06855,-72.274454,10.6927,3.2,,CSN,CSN_10456
,-34.050303,-72.262575,5.1525,3.7,,CSN,CSN_10457
,-33.992555,-72.27519,31.8461,3.2,,CSN,CSN_10458
,-34.319282,-72.134434,26.1297,3.6,,CSN,CSN_10459
,-33.990233,-72.234333,17.0403,3.1,,CSN,CSN_10460
,-34.75311,-71.794977,48.1963,3.6,,CSN,CSN_10461
,-34.914245,-71.856802,48.3495,4.1,,CSN,CSN_10462
,-34.739032,-71.713824,46.8719,3.6,,CSN,CSN_10463
,-34.796663,-71.853514,42.1751,3.1,,CSN,CSN_10464
,-34.740354,-71.798702,41.942,3.7,,CSN,CSN_10465
,-34.137878,-72.288511,18.3038,3.9,,CSN,CSN_10466
,-34.163058,-72.288554,19.6009,3.7,,CSN,CSN_10467
,-33.829389,-72.452085,7.9304,3.5,,CSN,CSN_10468
,-33.852455,-72.431505,11.2384,3.5,,CSN,CSN_10469
,-34.735551,-71.751355,46.542,3.1,,CSN,CSN_10471
,-33.952504,-72.180024,24.5106,3.0,,CSN,CSN_10472
,-34.882396,-71.846529,45.7128,4.8,,CSN,CSN_10473
,-34.786272,-72.118939,0.2793,3.4,,CSN,CSN_10474
,-34.75028,-71.744709,46.1522,3.0,,CSN,CSN_10475
,-33.982983,-72.352149,8.217,3.7,,CSN,CSN_10477
,-33.904882,-72.313829,16.6474,3.7,,CSN,CSN_10478
,-34.810211,-71.809933,46.1198,3.3,,CSN,CSN_10479
,-34.686257,-72.137183,0.1845,3.3,,CSN,CSN_10480
,-34.457762,-72.093667,18.0968,3.2,,CSN,CSN_10481
,-34.777303,-71.811109,50.2806,3.3,,CSN,CSN_10482
,-34.302308,-72.385401,10.6728,3.4,,CSN,CSN_10483
,-34.890497,-71.750958,51.9235,4.2,,CSN,CSN_10484
,-34.46885,-72.262111,25.4039,4.1,,CSN,CSN_10485
,-34.82613,-71.691745,51.761,3.7,,CSN,CSN_10486
,-34.04087,-72.386682,15.0128,3.5,,CSN,CSN_10487
,-34.695287,-71.647124,51.0144,3.2,,CSN,CSN_10488
,-33.560334,-71.975012,33.8511,3.9,,CSN,CSN_10490
,-34.722308,-71.752477,46.6222,3.4,,CSN,CSN_10491
,-33.901072,-72.131583,26.1276,3.3,,CSN,CSN_10492
,-34.303011,-72.125818,10.6729,3.1,,CSN,CSN_10493
,-34.777875,-71.842287,44.8968,3.4,,CSN,CSN_10494
,-34.774026,-71.773499,53.0001,3.2,,CSN,CSN_10495
,-34.050982,-72.400421,15.9462,3.1,,CSN,CSN_10496
,-34.013065,-72.271244,10.374,4.6,,CSN,CSN_10497
,-34.019952,-72.3144,17.5383,4.1,,CSN,CSN_10498
,-34.725991,-71.827906,45.3305,3.3,,CSN,CSN_10500
,-33.622518,-72.03116,29.006,3.9,,CSN,CSN_10501
,-33.892549,-72.221681,25.3954,3.2,,CSN,CSN_10502
,-33.867349,-72.186687,17.284,3.2,,CSN,CSN_10503
,-34.564588,-71.923117,8.1481,4.1,,CSN,CSN_10504
,-34.781701,-71.912161,49.3644,4.7,,CSN,CSN_10505
,-34.34089,-72.158706,10.6534,3.4,,CSN,CSN_10506
,-34.739209,-71.74846,44.3369,3.1,,CSN,CSN_10507
,-34.445032,-71.992285,20.3943,3.0,,CSN,CSN_10508
,-34.171269,-72.433808,20.6209,3.3,,CSN,CSN_10509
,-34.543386,-71.823517,24.2501,3.3,,CSN,CSN_10510
,-33.828661,-72.449919,14.3657,3.5,,CSN,CSN_10515
,-34.545858,-71.975521,22.8058,3.3,,CSN,CSN_10516
,-33.89591,-72.181061,17.3086,3.3,,CSN,CSN_10517
,-34.620386,-71.826607,37.9953,4.1,,CSN,CSN_10519
,-33.98204,-72.437054,25.303,3.5,,CSN,CSN_10520
,-34.630681,-71.861734,31.7267,3.0,,CSN,CSN_10522
,-34.756831,-71.870536,43.7413,4.3,,CSN,CSN_10523
,-34.608189,-71.815763,21.2165,4.4,,CSN,CSN_10524
,-33.89527,-72.166284,23.2925,4.5,,CSN,CSN_10525
,-34.71229,-71.828841,21.5361,3.0,,CSN,CSN_10526
,-34.774122,-71.709348,49.2311,3.1,,CSN,CSN_10528
,-34.723063,-71.738769,43.8633,3.0,,CSN,CSN_10529
,-34.178577,-72.403806,27.7851,3.1,,CSN,CSN_10531
,-33.969759,-72.418525,16.6375,3.3,,CSN,CSN_10532
,-34.758443,-71.799244,32.9328,3.2,,CSN,CSN_10533
,-34.330203,-72.174043,30.0557,3.5,,CSN,CSN_10534
,-34.374569,-72.085837,31.4949,3.4,,CSN,CSN_10537
,-34.711852,-71.658835,52.1185,5.2,,CSN,CSN_10539
,-33.609374,-72.023899,24.3621,3.1,,CSN,CSN_10540
,-34.72333,-71.96326,34.1234,4.1,,CSN,CSN_10541
,-33.73535,-72.012376,8.4517,3.0,,CSN,CSN_10542
,-34.544481,-72.048731,20.3716,3.9,,CSN,CSN_10543
,-34.398159,-72.013893,39.4289,3.3,,CSN,CSN_10544
,-34.554485,-71.838769,26.1696,3.4,,CSN,CSN_10545
,-34.397467,-72.109965,23.628,3.4,,CSN,CSN_10546
,-34.789886,-71.852875,43.8445,4.3,,CSN,CSN_10547
,-33.656279,-72.038942,25.2958,3.5,,CSN,CSN_10548
,-34.747478,-71.805172,45.9048,3.8,,CSN,CSN_10549
,-34.70295,-71.787298,42.6065,3.6,,CSN,CSN_10550
,-34.779317,-71.81417,45.2534,3.4,,CSN,CSN_10551
,-34.738705,-72.091543,34.7083,3.8,,CSN,CSN_10553
,-34.55207,-71.816015,14.0291,3.5,,CSN,CSN_10555
,-33.838365,-72.093913,23.5545,3.1,,CSN,CSN_10556
,-33.969825,-72.257488,21.1826,3.0,,CSN,CSN_10557
,-34.441407,-72.006595,22.5743,3.5,,CSN,CSN_10558
,-34.796921,-71.795817,47.7187,3.4,,CSN,CSN_10559
,-34.498613,-72.091898,1.2752,5.0,,CSN,CSN_10560
,-34.762366,-71.777677,49.145,3.1,,CSN,CSN_10562
,-34.634523,-71.901881,40.095,3.5,,CSN,CSN_10563
,-34.599735,-71.94779,-0.1195,3.8,,CSN,CSN_10564
,-34.573092,-71.960292,11.1183,3.9,,CSN,CSN_10565
,-34.706252,-71.756537,44.7698,3.0,,CSN,CSN_10566
,-34.734907,-71.756903,46.5165,3.1,,CSN,CSN_10568
,-34.775429,-71.81374,47.0775,3.0,,CSN,CSN_10571
,-33.803702,-72.026588,62.7466,3.4,,CSN,CSN_10572
,-33.623614,-72.098717,11.7224,3.4,,CSN,CSN_10573
,-34.746804,-71.712448,48.4469,3.0,,CSN,CSN_10574
,-34.272179,-72.306801,12.8014,3.7,,CSN,CSN_10575
,-34.908566,-71.852967,51.246,3.4,,CSN,CSN_10576
,-34.690709,-71.647575,49.2635,3.2,,CSN,CSN_10577
,-33.613282,-72.106869,13.2154,3.6,,CSN,CSN_10578
,-34.679082,-72.076328,16.0624,3.0,,CSN,CSN_10579
,-33.520396,-72.063192,24.6108,3.3,,CSN,CSN_10581
,-34.059362,-72.265254,23.6321,4.3,,CSN,CSN_10582
,-34.67477,-72.099455,19.956,3.0,,CSN,CSN_10583
,-33.837798,-72.149181,21.0922,3.1,,CSN,CSN_10584
,-34.776359,-71.675276,54.0497,3.2,,CSN,CSN_10585
,-34.826315,-71.919117,46.3879,3.2,,CSN,CSN_10586
,-34.804204,-71.825901,45.5614,3.8,,CSN,CSN_10587
,-34.837079,-71.772012,51.1234,3.2,,CSN,CSN_10588
,-34.798685,-71.77291,48.3236,3.8,,CSN,CSN_10589
,-34.163246,-72.361979,17.6357,5.5,,CSN,CSN_10591
,-34.274543,-72.210661,55.7156,3.5,,CSN,CSN_10592
,-34.19102,-72.280841,19.0788,4.1,,CSN,CSN_10593
,-34.187257,-72.292263,17.1643,3.0,,CSN,CSN_10594
,-34.781631,-71.785992,52.5927,3.3,,CSN,CSN_10595
,-34.709148,-71.73935,44.6049,3.7,,CSN,CSN_10596
,-34.697137,-71.660999,48.1696,3.3,,CSN,CSN_10598
,-34.73339,-71.77381,46.0162,3.9,,CSN,CSN_10602
,-33.603109,-72.084248,9.3575,3.7,,CSN,CSN_10603
,-34.799567,-71.762081,53.2251,3.0,,CSN,CSN_10605
,-34.77274,-71.704714,58.8547,3.5,,CSN,CSN_10606
,-34.046726,-72.371791,13.4064,3.6,,CSN,CSN_10607
,-34.677814,-72.182773,14.5737,3.4,,CSN,CSN_10608
,-34.4516,-72.130964,22.0929,3.0,,CSN,CSN_10610
,-34.032975,-72.375918,17.0389,3.5,,CSN,CSN_10611
,-34.750202,-71.774462,47.2907,3.6,,CSN,CSN_10612
,-34.71775,-71.80687,46.2033,3.3,,CSN,CSN_10613
,-34.736225,-71.752533,48.0817,3.3,,CSN,CSN_10614
,-34.203604,-72.278871,22.4259,3.9,,CSN,CSN_10616
,-34.115104,-72.392574,18.2877,3.7,,CSN,CSN_10617
,-34.3792,-71.991177,4.6025,3.8,,CSN,CSN_10618
,-33.913715,-72.150848,20.6438,3.3,,CSN,CSN_10619
,-34.82301,-71.784247,50.4676,3.0,,CSN,CSN_10621
,-34.794331,-71.836537,45.9844,3.4,,CSN,CSN_10622
,-34.057834,-72.375284,19.3877,3.1,,CSN,CSN_10623
,-34.064982,-72.429643,11.9536,4.8,,CSN,CSN_10624
,-33.959074,-72.370956,11.8629,4.8,,CSN,CSN_10625
,-33.872266,-72.257448,20.3471,3.0,,CSN,CSN_10627
,-33.909619,-72.426067,10.5445,4.0,,CSN,CSN_10628
,-34.11665,-72.367453,6.0628,4.0,,CSN,CSN_10629
,-34.058484,-72.376625,19.0841,3.7,,CSN,CSN_10630
,-33.987233,-72.017334,29.8831,3.2,,CSN,CSN_10631
,-34.625296,-72.214229,31.6232,3.3,,CSN,CSN_10632
,-34.043094,-72.136016,24.5655,4.1,,CSN,CSN_10633
,-34.716593,-71.726356,47.8528,3.2,,CSN,CSN_10634
,-34.803977,-71.735559,49.8585,4.1,,CSN,CSN_10635
,-34.802483,-71.806274,47.6442,4.3,,CSN,CSN_10636
,-34.479981,-72.139378,11.5727,4.2,,CSN,CSN_10637
,-34.214564,-72.277504,22.1768,4.4,,CSN,CSN_10638
,-33.971304,-72.422703,21.8605,3.2,,CSN,CSN_10639
,-33.933085,-72.385866,10.1731,3.2,,CSN,CSN_10640
,-34.016688,-72.206098,6.5195,3.8,,CSN,CSN_10641
,-34.74643,-72.139501,6.5341,3.3,,CSN,CSN_10642
,-34.787484,-71.845026,39.7188,3.0,,CSN,CSN_10643
,-34.764208,-71.810884,48.9445,3.3,,CSN,CSN_10644
,-34.759038,-71.773619,46.3877,3.2,,CSN,CSN_10645
,-34.715141,-72.118582,17.0047,3.2,,CSN,CSN_10647
,-34.763739,-71.826575,47.9685,3.0,,CSN,CSN_10648
,-34.333936,-72.436318,11.8186,3.6,,CSN,CSN_10650
,-34.039241,-72.395563,18.8454,4.2,,CSN,CSN_10652
,-34.331666,-72.369822,20.8591,3.7,,CSN,CSN_10654
,-34.742463,-72.176618,9.1508,3.9,,CSN,CSN_10655
,-34.733184,-71.806235,43.3049,3.2,,CSN,CSN_10657
,-33.591969,-72.072071,26.1438,3.4,,CSN,CSN_10660
,-34.79686,-71.822803,48.8768,3.6,,CSN,CSN_10662
,-34.556056,-72.065204,13.0684,3.6,,CSN,CSN_10664
,-34.018741,-72.289677,13.3105,3.0,,CSN,CSN_10665
,-34.236087,-72.348056,22.1221,4.7,,CSN,CSN_10667
,-34.030474,-72.302681,9.5284,3.0,,CSN,CSN_10668
,-34.518083,-71.988648,20.3582,3.7,,CSN,CSN_10671
,-34.116319,-72.39737,7.5648,3.2,,CSN,CSN_10672
,-33.9482,-72.339338,19.7012,3.2,,CSN,CSN_10673
,-34.685105,-71.995092,18.6084,3.6,,CSN,CSN_10674
,-34.699805,-72.016326,10.8199,4.0,,CSN,CSN_10677
,-34.742697,-71.782441,48.7577,3.4,,CSN,CSN_10680
,-34.705845,-72.106413,0.926,4.0,,CSN,CSN_10684
,-34.048484,-72.255502,22.5308,4.0,,CSN,CSN_10685
,-34.725799,-72.12426,17.9949,4.2,,CSN,CSN_10689
,-34.587951,-71.994204,42.1183,3.0,,CSN,CSN_10691
,-34.747639,-71.800758,44.6187,3.0,,CSN,CSN_10692
,-33.596004,-72.018409,4.5501,3.3,,CSN,CSN_10693
,-33.990323,-72.259952,23.114,3.4,,CSN,CSN_10694
,-33.954477,-72.192558,28.1948,3.4,,CSN,CSN_10695
,-34.45252,-72.048375,16.7285,3.8,,CSN,CSN_10697
,-34.781835,-71.745304,50.3537,3.6,,CSN,CSN_10703
,-34.452755,-72.092395,20.4344,3.0,,CSN,CSN_10704
,-34.452053,-71.962399,15.1711,3.4,,CSN,CSN_10708
,-34.77689,-71.802358,45.7182,3.1,,CSN,CSN_10709
,-34.305166,-72.236804,24.3203,3.2,,CSN,CSN_10710
,-34.739039,-72.199789,32.7425,3.0,,CSN,CSN_10711
,-34.214211,-72.396219,20.5078,4.0,,CSN,CSN_10713
,-34.48526,-72.040741,10.2601,3.4,,CSN,CSN_10714
,-34.740091,-71.804453,46.8698,4.6,,CSN,CSN_10715
,-34.216819,-72.401283,13.2393,3.9,,CSN,CSN_10716
,-34.740694,-71.769313,47.7164,3.3,,CSN,CSN_10717
,-34.369801,-72.220548,21.1658,4.3,,CSN,CSN_10722
,-34.000212,-72.215182,22.9063,3.1,,CSN,CSN_10723
,-34.727631,-72.137461,19.4265,3.8,,CSN,CSN_10724
,-34.732859,-72.123114,4.8843,3.2,,CSN,CSN_10725
,-34.281496,-72.2329,24.9735,3.0,,CSN,CSN_10726
,-34.028166,-72.36513,18.6896,3.1,,CSN,CSN_10728
,-33.964474,-72.282922,8.8763,3.1,,CSN,CSN_10729
,-34.727209,-71.767714,47.5601,3.3,,CSN,CSN_10730
,-34.273105,-72.198028,23.9592,3.1,,CSN,CSN_10732
,-33.641988,-72.104471,17.9203,3.8,,CSN,CSN_10733
,-33.603579,-72.031087,15.3554,4.2,,CSN,CSN_10734
,-33.625202,-72.070972,15.2841,3.5,,CSN,CSN_10735
,-33.91666,-72.244293,3.8367,3.0,,CSN,CSN_10737
,-34.78944,-72.163371,41.6947,3.0,,CSN,CSN_10739
,-33.615707,-72.131937,6.4435,3.7,,CSN,CSN_10740
,-33.612726,-72.142088,21.1725,3.6,,CSN,CSN_10741
,-33.596827,-72.095947,23.2521,3.4,,CSN,CSN_10742
,-34.003994,-72.324275,20.3498,3.0,,CSN,CSN_10743
,-33.971393,-72.29859,25.0148,3.0,,CSN,CSN_10744
,-34.544032,-72.029008,13.9997,3.7,,CSN,CSN_10746
,-34.55706,-71.860994,20.6161,4.5,,CSN,CSN_10748
,-33.855059,-72.512158,17.4498,3.8,,CSN,CSN_10751
,-33.906932,-72.488976,14.5107,3.8,,CSN,CSN_10752
,-33.784552,-72.156584,13.2612,3.5,,CSN,CSN_10753
,-34.70797,-71.834163,45.3985,3.4,,CSN,CSN_10754
,-33.830615,-72.067764,21.7145,3.4,,CSN,CSN_10755
,-34.285173,-72.177532,24.4323,3.9,,CSN,CSN_10756
,-34.594905,-71.793501,-0.1104,3.1,,CSN,CSN_10758
,-33.615392,-71.945923,28.5226,3.0,,CSN,CSN_10760
,-34.758627,-71.800508,46.3976,4.0,,CSN,CSN_10761
,-34.75855,-71.750813,47.121,3.0,,CSN,CSN_10762
,-34.742554,-71.750044,47.8353,3.6,,CSN,CSN_10763
,-34.713109,-71.824222,44.9973,3.1,,CSN,CSN_10765
,-34.401239,-72.02172,29.2861,3.4,,CSN,CSN_10766
,-34.345616,-72.147156,27.6803,3.5,,CSN,CSN_10767
,-34.73607,-71.710583,46.5945,3.4,,CSN,CSN_10768
,-34.496451,-72.036158,22.7136,3.8,,CSN,CSN_10769
,-34.707604,-71.816328,45.2701,3.8,,CSN,CSN_10771
,-34.781686,-71.798079,45.9989,3.2,,CSN,CSN_10772
,-34.708857,-72.098496,5.4594,3.0,,CSN,CSN_10773
,-34.904103,-71.811338,42.1643,4.1,,CSN,CSN_10774
,-34.751115,-71.779494,47.5011,3.7,,CSN,CSN_10775
,-34.660316,-71.907704,-0.0873,3.1,,CSN,CSN_10776
,-34.590862,-71.852658,-0.234,3.0,,CSN,CSN_10780
,-34.372229,-72.382047,16.0752,3.1,,CSN,CSN_10781
,-33.89839,-72.177258,16.3367,3.7,,CSN,CSN_10782
,-33.893473,-72.134401,21.2974,3.7,,CSN,CSN_10783
,-34.766548,-71.789873,46.7837,3.2,,CSN,CSN_10785
,-34.752265,-71.708836,52.2039,4.7,,CSN,CSN_10786
,-33.645479,-72.113759,19.8118,3.0,,CSN,CSN_10787
,-34.014479,-72.38874,16.1331,3.0,,CSN,CSN_10788
,-34.64459,-71.974512,0.0455,3.5,,CSN,CSN_10789
,-34.297955,-72.265383,23.8882,3.7,,CSN,CSN_10791
,-34.815244,-71.804705,47.835,3.9,,CSN,CSN_10792
,-34.759357,-71.867544,45.3976,4.1,,CSN,CSN_10793
,-34.756378,-71.782079,48.1374,3.5,,CSN,CSN_10796
,-34.0741,-72.187897,23.1101,3.4,,CSN,CSN_10798
,-34.448734,-72.10635,10.4066,3.2,,CSN,CSN_10801
,-34.764104,-71.788297,47.0932,3.1,,CSN,CSN_10803
,-34.55543,-72.060258,14.1347,3.5,,CSN,CSN_10805
,-34.801396,-71.772025,45.7409,3.2,,CSN,CSN_10808
,-34.796503,-71.854924,46.6409,4.2,,CSN,CSN_10809
,-34.792533,-71.857072,48.2037,3.3,,CSN,CSN_10811
,-34.55253,-71.981631,25.1498,4.0,,CSN,CSN_10814
,-34.556468,-71.973151,26.9411,4.2,,CSN,CSN_10815
,-33.880538,-72.140833,21.3279,3.0,,CSN,CSN_10817
,-33.824419,-72.119197,27.3817,3.4,,CSN,CSN_10819
,-33.809656,-72.073377,24.4393,3.4,,CSN,CSN_10820
,-34.48487,-72.033455,18.4295,3.4,,CSN,CSN_10821
,-34.067202,-72.321144,8.5506,3.0,,CSN,CSN_10822
,-34.7329,-71.766319,46.1539,3.2,,CSN,CSN_10824
,-34.771404,-71.788503,49.2678,3.3,,CSN,CSN_10829
,-34.860876,-71.656989,52.7993,3.6,,CSN,CSN_10830
,-33.911224,-72.491325,16.4985,4.3,,CSN,CSN_10831
,-33.911708,-72.186122,23.6798,3.3,,CSN,CSN_10833
,-33.828166,-72.116898,29.4997,3.1,,CSN,CSN_10834
,-34.718078,-71.920602,43.2532,3.3,,CSN,CSN_10835
,-34.774754,-72.022715,-0.0674,3.0,,CSN,CSN_10836
,-34.799655,-71.878501,41.7114,3.8,,CSN,CSN_10837
,-34.813847,-71.73496,48.9232,3.4,,CSN,CSN_10839
,-34.742312,-71.827971,41.3834,3.6,,CSN,CSN_10841
,-33.572465,-72.070067,13.0246,3.6,,CSN,CSN_10843
,-34.698363,-72.137206,32.2221,3.1,,CSN,CSN_10845
,-34.491589,-72.240065,11.7032,3.2,,CSN,CSN_10847
,-34.546186,-72.238958,34.1205,3.1,,CSN,CSN_10848
,-34.765802,-71.729676,46.3296,3.0,,CSN,CSN_10849
,-33.775469,-72.157217,13.2719,3.5,,CSN,CSN_10850
,-34.82356,-71.82103,47.601,4.0,,CSN,CSN_10852
,-34.583512,-72.223101,26.2591,3.5,,CSN,CSN_10853
,-33.895647,-72.016096,9.3325,3.2,,CSN,CSN_10855
,-34.790764,-71.880453,42.4269,3.4,,CSN,CSN_10856
,-34.797066,-71.887382,43.8197,4.0,,CSN,CSN_10857
,-34.838188,-71.805071,50.2179,4.2,,CSN,CSN_10860
,-33.909803,-72.492458,18.4215,4.2,,CSN,CSN_10861
,-34.591669,-71.844818,31.8978,3.2,,CSN,CSN_10863
,-34.782884,-72.076036,0.1553,3.1,,CSN,CSN_10864
,-34.491947,-72.170458,3.8973,3.4,,CSN,CSN_10865
,-33.92448,-72.392245,20.2427,4.8,,CSN,CSN_10866
,-33.974337,-72.360279,48.9233,4.2,,CSN,CSN_10867
,-33.922875,-72.40144,14.1923,3.2,,CSN,CSN_10868
,-34.062075,-72.455746,19.058,3.4,,CSN,CSN_10869
,-34.770148,-72.060645,43.7285,3.9,,CSN,CSN_10870
,-34.374018,-72.014321,1.2347,3.1,,CSN,CSN_10871
,-33.925123,-72.421311,22.0688,3.1,,CSN,CSN_10873
,-33.934534,-72.426246,18.0169,3.7,,CSN,CSN_10874
,-33.850518,-72.377159,12.8415,3.7,,CSN,CSN_10876
,-34.807114,-71.755181,47.4062,3.1,,CSN,CSN_10877
,-33.947795,-72.447579,15.9511,3.5,,CSN,CSN_10878
,-33.901821,-72.518358,23.2806,3.8,,CSN,CSN_10879
,-33.915951,-72.411947,9.5178,3.8,,CSN,CSN_10880
,-33.946179,-72.412278,19.4249,3.8,,CSN,CSN_10881
,-33.885267,-72.096707,29.2257,3.4,,CSN,CSN_10882
,-34.322077,-72.392582,20.3753,3.1,,CSN,CSN_10883
,-34.357614,-72.053526,26.0174,3.0,,CSN,CSN_10886
,-34.794446,-71.85174,45.5753,3.1,,CSN,CSN_10888
,-34.758762,-71.781505,42.0832,3.0,,CSN,CSN_10889
,-34.795107,-71.811863,50.4118,4.1,,CSN,CSN_10890
,-34.727802,-71.8659,49.6471,3.8,,CSN,CSN_10891
,-34.733258,-71.794235,44.6265,4.7,,CSN,CSN_10893
,-34.322268,-72.027706,37.7541,4.1,,CSN,CSN_10895
,-34.370685,-72.023488,37.7355,3.5,,CSN,CSN_10896
,-34.712589,-71.834757,43.9358,3.3,,CSN,CSN_10897
,-34.22245,-72.199221,10.3561,3.0,,CSN,CSN_10898
,-34.164936,-72.33776,20.5557,3.7,,CSN,CSN_10902
,-34.69323,-72.153265,2.8097,3.2,,CSN,CSN_10903
,-33.61756,-72.043591,27.259,4.1,,CSN,CSN_10906
,-33.584306,-72.002039,13.8998,3.7,,CSN,CSN_10907
,-33.596443,-72.006505,1.1545,3.7,,CSN,CSN_10908
,-34.318713,-72.067323,34.9912,3.3,,CSN,CSN_10909
,-34.765486,-71.897145,45.7519,4.3,,CSN,CSN_10910
,-34.751683,-71.820088,40.1623,3.1,,CSN,CSN_10911
,-34.219418,-72.209681,14.297,3.1,,CSN,CSN_10912
,-33.512402,-72.031189,0.7994,3.5,,CSN,CSN_10913
,-34.73817,-71.842985,-0.1859,3.9,,CSN,CSN_10914
,-33.620862,-72.083311,20.8724,4.2,,CSN,CSN_10915
,-33.643665,-72.096271,11.912,3.1,,CSN,CSN_10916
,-33.639318,-72.139222,23.4225,3.1,,CSN,CSN_10917
,-34.000208,-72.38164,13.666,4.0,,CSN,CSN_10918
,-33.999647,-72.379697,19.1211,3.9,,CSN,CSN_10919
,-34.009391,-72.345549,21.4257,3.6,,CSN,CSN_10920
,-33.950062,-72.430004,31.4665,3.9,,CSN,CSN_10921
,-33.947144,-72.317687,31.7281,3.7,,CSN,CSN_10922
,-33.967985,-72.382503,21.4073,3.9,,CSN,CSN_10923
,-33.959569,-72.368332,18.0015,3.9,,CSN,CSN_10924
,-33.945725,-72.365516,20.4936,3.8,,CSN,CSN_10926
,-33.952182,-72.361278,20.8716,4.0,,CSN,CSN_10927
,-34.88087,-71.766861,54.5298,4.2,,CSN,CSN_10928
,-33.962107,-72.376741,20.7606,4.2,,CSN,CSN_10929
,-33.994084,-72.385856,15.6334,4.1,,CSN,CSN_10930
,-33.93787,-72.331356,13.9981,3.0,,CSN,CSN_10931
,-33.962778,-72.373288,12.3694,3.2,,CSN,CSN_10932
,-33.950781,-72.32549,17.4828,3.4,,CSN,CSN_10933
,-33.988467,-72.351908,25.3839,3.7,,CSN,CSN_10934
,-33.976199,-72.322991,16.4793,3.3,,CSN,CSN_10935
,-33.98181,-72.294564,20.2519,3.2,,CSN,CSN_10936
,-34.027296,-72.434491,11.4806,3.0,,CSN,CSN_10938
,-34.78507,-71.779664,47.5104,3.4,,CSN,CSN_10940
,-34.564558,-72.142418,4.4153,3.4,,CSN,CSN_10944
,-34.758253,-71.772348,48.4487,3.4,,CSN,CSN_10945
,-34.313901,-72.455603,17.4774,3.4,,CSN,CSN_10946
,-33.772753,-72.247227,30.4847,5.2,,CSN,CSN_10947
,-34.790668,-71.815328,47.0587,3.5,,CSN,CSN_10948
,-33.795116,-72.268387,17.6506,3.1,,CSN,CSN_10950
,-33.944624,-72.400606,16.8356,3.3,,CSN,CSN_10951
,-34.53492,-72.003473,7.8953,3.3,,CSN,CSN_10952
,-34.274816,-72.204296,31.3032,3.1,,CSN,CSN_10953
,-34.585019,-71.893862,-0.1864,3.5,,CSN,CSN_10954
,-34.773602,-71.866627,45.6569,3.5,,CSN,CSN_10956
,-34.055735,-72.324207,24.2917,3.1,,CSN,CSN_10957
,-34.184632,-72.324319,21.4552,3.1,,CSN,CSN_10959
,-34.159393,-72.376324,21.0579,3.8,,CSN,CSN_10960
,-34.178316,-72.358928,20.8627,3.8,,CSN,CSN_10961
,-34.629169,-71.943831,28.3399,3.9,,CSN,CSN_10963
,-34.855534,-71.682541,52.1765,3.5,,CSN,CSN_10964
,-34.776275,-71.744971,46.5721,3.3,,CSN,CSN_10965
,-34.517356,-72.084499,18.3848,4.8,,CSN,CSN_10966
,-34.526389,-71.950579,34.214,3.2,,CSN,CSN_10967
,-34.765539,-71.897327,13.913,3.6,,CSN,CSN_10968
,-34.449525,-72.083813,24.1944,3.0,,CSN,CSN_10969
,-34.136374,-72.38586,23.5776,3.2,,CSN,CSN_10970
,-33.823791,-72.059823,19.8248,3.3,,CSN,CSN_10971
,-34.812376,-71.855239,49.8928,5.6,,CSN,CSN_10972
,-34.741699,-71.784982,45.5595,3.5,,CSN,CSN_10973
,-34.777269,-71.764673,45.6163,3.3,,CSN,CSN_10974
,-34.79043,-71.878442,40.7334,3.2,,CSN,CSN_10975
,-34.209297,-72.274153,9.6452,3.5,,CSN,CSN_10977
,-34.582418,-71.895552,32.9057,3.5,,CSN,CSN_10978
,-34.144885,-72.18818,26.3504,3.5,,CSN,CSN_10979
,-34.704438,-72.07793,2.7058,3.2,,CSN,CSN_10980
,-34.269816,-72.455248,16.4431,3.6,,CSN,CSN_10981
,-33.902341,-72.304986,6.9123,3.2,,CSN,CSN_10982
,-33.588694,-72.144989,46.7683,3.6,,CSN,CSN_10983
,-33.540164,-72.090233,38.2361,3.6,,CSN,CSN_10984
,-33.94934,-72.187928,12.0596,3.2,,CSN,CSN_10985
,-33.912796,-72.093824,0.653,3.2,,CSN,CSN_10986
,-33.793272,-71.964372,26.8689,3.0,,CSN,CSN_10987
,-33.541282,-71.971297,26.6946,3.0,,CSN,CSN_10989
,-34.526339,-72.044927,32.6742,3.2,,CSN,CSN_10991
,-34.464217,-71.912006,22.2357,3.0,,CSN,CSN_10993
,-33.648877,-72.148898,25.5268,4.6,,CSN,CSN_10994
,-33.693398,-72.101982,10.736,3.6,,CSN,CSN_10996
,-33.66941,-72.113949,12.5496,3.6,,CSN,CSN_10997
,-34.078827,-72.356869,20.2375,4.1,,CSN,CSN_11000
,-34.082046,-72.372435,19.3899,3.9,,CSN,CSN_11001
,-34.075377,-72.368759,15.9332,3.6,,CSN,CSN_11002
,-34.095053,-72.42036,17.7199,3.7,,CSN,CSN_11003
,-34.373124,-72.229768,51.1824,3.0,,CSN,CSN_11004
,-34.094895,-72.372849,18.935,3.9,,CSN,CSN_11005
,-34.082648,-72.369241,5.7371,3.9,,CSN,CSN_11006
,-33.938169,-72.212611,21.8122,3.1,,CSN,CSN_11007
,-34.075451,-72.324578,11.0845,3.3,,CSN,CSN_11008
,-34.07091,-72.381887,18.9817,3.1,,CSN,CSN_11009
,-34.785362,-71.846089,46.714,3.0,,CSN,CSN_11011
,-34.177516,-72.213256,3.6382,3.1,,CSN,CSN_11012
,-34.506622,-72.212246,30.3427,3.6,,CSN,CSN_11013
,-34.661957,-71.799747,39.7215,3.0,,CSN,CSN_11014
,-34.794271,-71.841684,44.568,4.2,,CSN,CSN_11015
,-33.95672,-72.202455,22.551,3.4,,CSN,CSN_11016
,-33.956656,-72.223014,22.5371,3.4,,CSN,CSN_11017
,-34.694469,-71.806475,44.8783,4.3,,CSN,CSN_11020
,-34.785553,-71.759961,49.937,3.0,,CSN,CSN_11022
,-34.731663,-71.736022,48.1918,3.2,,CSN,CSN_11023
,-33.814133,-72.47555,6.7642,3.8,,CSN,CSN_11024
,-34.733292,-71.818015,43.0697,3.4,,CSN,CSN_11026
,-34.588147,-71.889707,43.2216,3.0,,CSN,CSN_11027
,-33.728002,-72.157221,28.1046,3.6,,CSN,CSN_11028
,-33.723391,-72.099196,18.9489,3.6,,CSN,CSN_11029
,-34.743202,-71.752895,47.3209,3.2,,CSN,CSN_11031
,-34.761179,-71.727192,51.1751,3.0,,CSN,CSN_11032
,-34.495567,-71.907133,8.4794,3.2,,CSN,CSN_11033
,-34.770291,-71.80492,47.2783,4.0,,CSN,CSN_11037
,-34.770935,-71.799176,44.2144,3.2,,CSN,CSN_11038
,-33.959215,-72.39104,17.6775,3.4,,CSN,CSN_11039
,-33.9727,-72.409899,32.0342,3.4,,CSN,CSN_11040
,-34.639929,-72.049771,1.9705,3.5,,CSN,CSN_11041
,-33.631163,-72.121819,18.413,3.2,,CSN,CSN_11042
,-33.987441,-72.345273,14.216,3.0,,CSN,CSN_11043
,-33.969389,-72.337522,30.1489,3.0,,CSN,CSN_11044
,-34.781636,-71.715477,51.1184,4.1,,CSN,CSN_11046
,-33.872613,-72.457849,17.0785,3.5,,CSN,CSN_11047
,-34.783853,-71.815987,47.0387,3.0,,CSN,CSN_11048
,-34.369818,-72.155444,25.6481,3.0,,CSN,CSN_11049
,-34.733961,-71.817094,45.4063,3.6,,CSN,CSN_11051
,-34.811378,-71.770992,48.4204,3.1,,CSN,CSN_11052
,-34.10801,-72.428987,15.0968,3.0,,CSN,CSN_11055
,-34.792819,-72.092001,0.0151,3.0,,CSN,CSN_11056
,-33.528917,-72.066801,1.5525,3.7,,CSN,CSN_11057
,-34.401402,-72.288502,23.0803,3.4,,CSN,CSN_11058
,-34.257801,-72.203799,21.3206,3.0,,CSN,CSN_11059
,-34.75644,-72.106668,0.0342,3.8,,CSN,CSN_11060
,-33.920334,-72.216936,10.6159,3.3,,CSN,CSN_11063
,-33.939468,-72.221534,20.0962,3.3,,CSN,CSN_11064
,-33.928455,-72.168352,3.2156,4.5,,CSN,CSN_11065
,-33.939905,-72.242377,16.1177,4.5,,CSN,CSN_11066
,-33.963625,-72.22407,24.7693,3.4,,CSN,CSN_11067
,-33.9306,-72.245691,45.701,3.4,,CSN,CSN_11068
,-34.000864,-72.277376,22.6011,3.5,,CSN,CSN_11069
,-33.915028,-72.287924,30.1408,3.5,,CSN,CSN_11070
,-34.759805,-71.781163,49.7434,3.8,,CSN,CSN_11071
,-34.69388,-72.135754,0.4417,3.0,,CSN,CSN_11072
,-34.405332,-72.086637,27.1979,3.0,,CSN,CSN_11073
,-33.944094,-72.20306,21.6786,4.2,,CSN,CSN_11074
,-33.940878,-72.181586,11.959,3.8,,CSN,CSN_11075
,-33.930846,-72.097181,2.255,3.8,,CSN,CSN_11076
,-33.973516,-72.209339,25.5162,3.9,,CSN,CSN_11077
,-33.886257,-72.22623,36.9306,3.9,,CSN,CSN_11078
,-34.592057,-72.087641,28.2039,3.3,,CSN,CSN_11081
,-33.725698,-72.180767,1.3842,3.9,,CSN,CSN_11082
,-33.935078,-72.171399,12.2027,3.5,,CSN,CSN_11083
,-33.920473,-72.157578,26.3389,3.5,,CSN,CSN_11084
,-34.749952,-71.699161,49.3259,3.2,,CSN,CSN_11086
,-33.949986,-72.007493,30.4919,3.2,,CSN,CSN_11087
,-33.969317,-72.214702,21.647,3.1,,CSN,CSN_11089
,-33.959278,-72.197119,30.1904,3.1,,CSN,CSN_11090
,-34.750357,-71.809785,50.3561,4.0,,CSN,CSN_11093
,-34.207753,-72.290279,23.4156,3.7,,CSN,CSN_11094
,-34.748272,-71.741756,47.4732,3.3,,CSN,CSN_11100
,-34.749218,-71.75889,46.1331,3.1,,CSN,CSN_11101
,-33.717924,-72.192944,10.6206,4.1,,CSN,CSN_11103
,-34.814259,-71.784295,50.4762,4.4,,CSN,CSN_11105
,-34.741527,-71.7932,41.5823,3.1,,CSN,CSN_11108
,-34.747376,-71.792059,45.0216,3.2,,CSN,CSN_11110
,-34.433165,-72.049733,1.8592,3.0,,CSN,CSN_11113
,-34.698872,-72.192853,7.6243,3.3,,CSN,CSN_11114
,-34.719425,-71.821978,43.6922,3.1,,CSN,CSN_11117
,-34.911351,-71.822769,46.8499,3.3,,CSN,CSN_11121
,-33.965043,-72.173814,12.4798,3.8,,CSN,CSN_11122
,-33.969554,-72.134114,7.7456,3.3,,CSN,CSN_11123
,-34.044446,-72.071977,0.3197,3.1,,CSN,CSN_11124
,-34.725719,-71.791752,41.9679,3.2,,CSN,CSN_11125
,-33.881485,-72.207562,20.2086,3.1,,CSN,CSN_11127
,-34.706606,-71.757418,45.3698,3.8,,CSN,CSN_11128
,-33.874644,-71.955647,4.476,3.1,,CSN,CSN_11130
,-33.89811,-72.013185,28.7316,3.1,,CSN,CSN_11131
,-33.913699,-72.359245,3.2125,3.5,,CSN,CSN_11133
,-33.943881,-72.401707,14.6809,3.5,,CSN,CSN_11134
,-34.675077,-71.881969,0.9457,3.1,,CSN,CSN_11135
,-34.797748,-71.700525,49.9027,3.1,,CSN,CSN_11136
,-34.688317,-71.849046,10.9186,3.5,,CSN,CSN_11137
,-34.823373,-71.789014,47.1116,3.5,,CSN,CSN_11139
,-34.28323,-72.120401,14.5195,3.0,,CSN,CSN_11140
,-34.407351,-72.071523,17.9501,3.0,,CSN,CSN_11141
,-33.614501,-71.933755,34.7536,3.3,,CSN,CSN_11142
,-34.774356,-71.755337,48.1045,3.1,,CSN,CSN_11143
,-34.188164,-72.275462,25.7955,3.2,,CSN,CSN_11145
,-34.740178,-71.781821,44.1023,3.5,,CSN,CSN_11146
,-34.788566,-71.771587,47.7107,3.4,,CSN,CSN_11151
,-34.801203,-71.766256,48.9319,3.3,,CSN,CSN_11152
,-34.491691,-71.938868,7.9561,3.0,,CSN,CSN_11153
,-34.043718,-72.122989,31.0268,3.1,,CSN,CSN_11154
,-33.935858,-72.165062,43.0619,3.1,,CSN,CSN_11155
,-34.817435,-71.814188,47.1855,3.7,,CSN,CSN_11156
,-34.799006,-71.724917,53.0236,3.6,,CSN,CSN_11157
,-34.026442,-72.421669,17.4546,3.3,,CSN,CSN_11158
,-34.735241,-71.794547,42.81,3.2,,CSN,CSN_11163
,-34.380224,-72.045696,18.3306,3.0,,CSN,CSN_11165
,-34.495957,-72.05942,21.9014,3.4,,CSN,CSN_11169
,-34.761693,-71.913718,46.903,3.7,,CSN,CSN_11170
,-34.251144,-72.078768,47.6931,3.0,,CSN,CSN_11177
,-34.655697,-72.071993,1.2322,3.6,,CSN,CSN_11180
,-33.89723,-72.499742,20.3285,4.6,,CSN,CSN_11182
,-33.954187,-72.491075,15.6044,4.6,,CSN,CSN_11183
,-34.657025,-72.063465,37.7325,5.6,,CSN,CSN_11185
,-34.611823,-72.086676,33.3645,3.8,,CSN,CSN_11186
,-34.728536,-71.786829,45.3354,3.5,,CSN,CSN_11192
,-33.824309,-72.13584,23.2108,3.2,,CSN,CSN_11193
,-34.29963,-72.476295,14.0033,3.3,,CSN,CSN_11204
,-34.746699,-71.809094,43.2942,3.3,,CSN,CSN_11205
,-34.449713,-72.030679,23.0557,3.2,,CSN,CSN_11206
,-34.19376,-72.310039,9.2169,3.8,,CSN,CSN_11207
,-34.038014,-72.41948,16.2639,3.9,,CSN,CSN_11210
,-33.938458,-72.485769,27.05,3.9,,CSN,CSN_11211
,-34.039721,-72.30139,1.0127,3.5,,CSN,CSN_11212
,-34.056184,-72.424583,18.918,3.2,,CSN,CSN_11214
,-34.013752,-72.390837,16.1047,3.7,,CSN,CSN_11215
,-34.349088,-72.08927,28.3864,3.0,,CSN,CSN_11217
,-34.309276,-72.358449,20.6938,4.3,,CSN,CSN_11219
,-33.604455,-71.98364,31.9772,3.3,,CSN,CSN_11221
,-34.748415,-71.838822,41.947,3.1,,CSN,CSN_11222
,-34.477576,-72.057066,22.9605,3.8,,CSN,CSN_11227
,-34.760537,-71.769788,44.2309,3.2,,CSN,CSN_11228
,-33.986732,-72.353627,8.6001,3.1,,CSN,CSN_11231
,-33.958344,-72.441204,19.6088,3.3,,CSN,CSN_11232
,-34.015732,-72.409896,13.7235,3.3,,CSN,CSN_11233
,-33.998717,-72.396107,15.7104,3.5,,CSN,CSN_11234
,-34.022351,-72.48924,12.8594,4.1,,CSN,CSN_11236
,-34.736458,-71.792241,42.1647,3.6,,CSN,CSN_11237
,-34.557738,-71.881985,12.044,3.0,,CSN,CSN_11238
,-34.741825,-71.7958,45.196,3.1,,CSN,CSN_11239
,-34.047086,-72.272816,8.9522,3.3,,CSN,CSN_11243
,-34.34613,-72.191688,24.288,3.0,,CSN,CSN_11244
,-33.852044,-72.319404,16.3839,4.3,,CSN,CSN_11245
,-33.977976,-72.3826,10.2036,4.1,,CSN,CSN_11247
,-34.523559,-71.842887,24.8093,3.1,,CSN,CSN_11248
,-34.609121,-72.089359,2.6411,3.1,,CSN,CSN_11253
,-34.658512,-71.880241,31.9525,3.2,,CSN,CSN_11254
,-33.956012,-72.394173,19.3506,4.0,,CSN,CSN_11257
,-33.963612,-72.369183,13.3087,4.0,,CSN,CSN_11258
,-34.688671,-72.124575,11.0107,4.8,,CSN,CSN_11259
,-34.748053,-71.824392,46.32,4.0,,CSN,CSN_11261
,-34.219446,-72.234628,35.8207,4.3,,CSN,CSN_11262
,-33.986041,-72.371154,19.0071,3.3,,CSN,CSN_11264
,-34.731527,-72.018511,0.8851,5.0,,CSN,CSN_11265
,-33.913782,-72.030291,34.3459,3.3,,CSN,CSN_11266
,-34.789575,-71.665981,51.8274,4.1,,CSN,CSN_11267
,-34.532148,-71.824033,50.8825,3.6,,CSN,CSN_11268
,-34.711688,-71.782693,45.0816,4.1,,CSN,CSN_11269
,-34.682098,-72.100387,0.0901,3.1,,CSN,CSN_11271
,-33.968502,-72.35359,17.9001,3.4,,CSN,CSN_11274
,-33.938567,-72.338622,23.5093,3.4,,CSN,CSN_11275
,-34.812422,-71.677671,41.8295,3.0,,CSN,CSN_11277
,-34.285253,-72.127805,5.2838,3.2,,CSN,CSN_11279
,-34.154439,-72.412268,59.2971,3.4,,CSN,CSN_11282
,-33.789595,-72.185919,25.0847,3.1,,CSN,CSN_11285
,-33.856195,-72.10922,14.7391,3.2,,CSN,CSN_11286
,-33.868809,-72.133192,16.6359,3.6,,CSN,CSN_11288
,-33.834303,-72.109829,21.8873,3.2,,CSN,CSN_11289
,-34.732362,-71.793206,41.7805,3.1,,CSN,CSN_11290
,-34.753274,-71.792686,43.535,3.2,,CSN,CSN_11291
,-34.273251,-72.118949,1.2667,3.4,,CSN,CSN_11295
,-34.729222,-71.868277,40.589,3.3,,CSN,CSN_11296
,-33.932141,-72.225217,21.1474,3.6,,CSN,CSN_11297
,-33.934597,-72.195551,29.434,3.6,,CSN,CSN_11298
,-33.957131,-72.11912,5.0983,3.2,,CSN,CSN_11299
,-33.947465,-72.136056,6.0606,3.2,,CSN,CSN_11300
,-34.745266,-71.737185,45.5363,3.5,,CSN,CSN_11301
,-34.76923,-71.827358,40.059,3.2,,CSN,CSN_11302
,-34.278025,-72.061207,5.9224,4.0,,CSN,CSN_11303
,-34.270501,-72.057502,3.5964,3.8,,CSN,CSN_11304
,-34.587309,-72.057085,0.0184,3.8,,CSN,CSN_11305
,-34.721573,-71.799771,42.7734,3.1,,CSN,CSN_11306
,-34.437534,-71.998073,19.2158,3.9,,CSN,CSN_11307
,-33.82734,-71.961227,34.535,3.0,,CSN,CSN_11308
,-34.748481,-71.864264,40.8065,3.5,,CSN,CSN_11309
,-34.256505,-72.256697,0.3672,3.4,,CSN,CSN_11311
,-34.715413,-71.758097,41.5189,3.5,,CSN,CSN_11313
,-34.172811,-72.228656,23.4753,3.0,,CSN,CSN_11314
,-34.72335,-71.839072,42.5107,3.1,,CSN,CSN_11315
,-34.761367,-72.163884,0.9288,3.0,,CSN,CSN_11320
,-34.788898,-71.809322,46.1803,4.1,,CSN,CSN_11322
,-34.684755,-72.1259,26.5833,3.1,,CSN,CSN_11323
,-33.975062,-72.188359,13.7286,3.8,,CSN,CSN_11326
,-33.952648,-72.161713,9.8527,3.8,,CSN,CSN_11327
,-33.574177,-72.049855,23.7298,3.3,,CSN,CSN_11329
,-34.767197,-71.756865,45.0938,3.3,,CSN,CSN_11330
,-33.624114,-71.990226,5.3015,3.6,,CSN,CSN_11331
,-34.751594,-72.116537,0.0688,3.5,,CSN,CSN_11332
,-34.528159,-72.098331,21.8592,4.0,,CSN,CSN_11335
,-34.784597,-71.752289,44.0103,3.0,,CSN,CSN_11337
,-34.783394,-71.92131,44.3035,3.4,,CSN,CSN_11340
,-34.24656,-72.270615,14.6984,3.3,,CSN,CSN_11347
,-34.718639,-71.828596,42.0915,3.4,,CSN,CSN_11349
,-34.612934,-72.174396,16.5779,3.9,,CSN,CSN_11350
,-34.727726,-71.783692,42.2443,3.0,,CSN,CSN_11351
,-34.054447,-72.318277,17.9058,3.0,,CSN,CSN_11356
,-33.561083,-72.04157,23.9435,3.1,,CSN,CSN_11357
,-34.705913,-71.831786,44.1863,3.8,,CSN,CSN_11358
,-34.704129,-71.841669,40.9976,3.5,,CSN,CSN_11359
,-34.739748,-71.793183,44.3728,3.1,,CSN,CSN_11361
,-34.777456,-71.861891,41.9966,3.0,,CSN,CSN_11362
,-34.848564,-71.917328,45.1581,3.4,,CSN,CSN_11363
,-34.008692,-72.30496,13.8414,3.0,,CSN,CSN_11364
,-34.178399,-72.438219,14.6596,4.3,,CSN,CSN_11366
,-34.866481,-71.869144,45.0582,3.9,,CSN,CSN_11369
,-34.243746,-72.385467,21.3845,3.3,,CSN,CSN_11370
,-34.730485,-71.887012,40.8525,4.8,,CSN,CSN_11371
,-33.991658,-72.257743,5.536,3.6,,CSN,CSN_11373
,-34.695685,-71.832394,43.2704,3.3,,CSN,CSN_11374
,-33.915532,-72.532668,2.3466,5.4,,CSN,CSN_11375
,-33.983723,-72.488045,7.2653,5.4,,CSN,CSN_11376
,-33.910588,-72.349466,4.449,3.2,,CSN,CSN_11377
,-33.984781,-72.403634,16.409,3.2,,CSN,CSN_11378
,-34.028987,-72.368094,17.9401,3.6,,CSN,CSN_11379
,-33.895908,-72.415417,14.0523,4.6,,CSN,CSN_11380
,-34.034184,-72.364854,19.684,3.1,,CSN,CSN_11381
,-34.025542,-72.326329,19.573,3.4,,CSN,CSN_11382
,-34.799849,-71.870769,42.6063,4.1,,CSN,CSN_11387
,-33.973246,-72.294722,8.316,4.7,,CSN,CSN_11388
,-33.816458,-72.046955,34.2965,4.2,,CSN,CSN_11389
,-33.909981,-72.477589,12.0345,3.8,,CSN,CSN_11390
,-33.913431,-72.545524,29.6149,3.8,,CSN,CSN_11391
,-33.972364,-72.422217,20.0744,3.3,,CSN,CSN_11392
,-34.024649,-72.408443,13.9199,3.3,,CSN,CSN_11393
,-34.084036,-72.366225,25.363,3.0,,CSN,CSN_11394
,-33.920796,-72.316883,4.0684,3.0,,CSN,CSN_11395
,-34.027496,-72.395108,21.3718,3.0,,CSN,CSN_11396
,-33.972629,-72.350706,17.7102,3.1,,CSN,CSN_11398
,-34.074928,-72.353476,20.4189,3.1,,CSN,CSN_11399
,-34.683664,-71.684401,50.661,4.4,,CSN,CSN_11400
,-34.003643,-72.063747,42.6904,3.0,,CSN,CSN_11404
,-33.911976,-72.043757,34.5975,3.0,,CSN,CSN_11405
,-34.838322,-71.847911,50.3856,3.4,,CSN,CSN_11406
,-33.507238,-71.999684,32.9279,3.0,,CSN,CSN_11407
,-34.799482,-71.790518,46.7883,3.2,,CSN,CSN_11408
,-33.966232,-72.454919,11.6089,3.0,,CSN,CSN_11409
,-33.871708,-72.140409,4.7446,3.5,,CSN,CSN_11410
,-34.518641,-72.098792,29.2302,3.1,,CSN,CSN_11413
,-34.781526,-71.770532,46.3002,3.7,,CSN,CSN_11414
,-33.866745,-72.127609,6.855,3.1,,CSN,CSN_11418
,-34.824459,-71.914497,43.8567,3.7,,CSN,CSN_11420
,-34.789101,-71.868516,43.3688,3.5,,CSN,CSN_11421
,-34.069072,-72.389004,20.2457,3.8,,CSN,CSN_11422
,-33.975706,-72.373262,21.7821,3.8,,CSN,CSN_11423
,-34.01378,-72.354951,8.8857,3.4,,CSN,CSN_11424
,-33.975155,-72.392589,21.9161,3.4,,CSN,CSN_11425
,-33.702819,-72.157347,16.8821,3.1,,CSN,CSN_11426
,-33.964959,-72.104549,31.025,3.4,,CSN,CSN_11427
,-33.920425,-72.065702,29.7111,3.4,,CSN,CSN_11428
,-34.732147,-71.784471,43.0132,3.8,,CSN,CSN_11430
,-34.748131,-71.791362,43.3735,3.9,,CSN,CSN_11431
,-34.879415,-71.887728,49.0146,3.3,,CSN,CSN_11432
,-34.794878,-71.941526,45.6149,3.4,,CSN,CSN_11435
,-34.068355,-72.338001,20.244,3.0,,CSN,CSN_11436
,-33.92111,-72.402114,10.1306,3.7,,CSN,CSN_11437
,-34.339967,-72.072864,30.8929,3.0,,CSN,CSN_11438
,-34.478632,-71.976973,9.7826,3.0,,CSN,CSN_11439
,-34.000866,-72.414651,21.3762,3.4,,CSN,CSN_11441
,-33.902921,-72.409973,34.3371,3.4,,CSN,CSN_11442
,-34.211016,-72.296119,22.6142,3.4,,CSN,CSN_11443
,-34.775464,-71.818123,43.379,3.1,,CSN,CSN_11445
,-34.613336,-72.118266,2.7793,3.1,,CSN,CSN_11446
,-33.735303,-72.005452,26.9877,3.2,,CSN,CSN_11449
,-33.544094,-72.044399,43.5714,3.3,,CSN,CSN_11451
,-34.025818,-72.316708,16.0537,4.1,,CSN,CSN_11452
,-34.057854,-72.22509,27.1788,3.7,,CSN,CSN_11453
,-34.604758,-72.029918,42.1021,3.7,,CSN,CSN_11454
,-34.276712,-72.173041,19.6212,3.0,,CSN,CSN_11455
,-33.953856,-72.370668,10.2693,4.1,,CSN,CSN_11456
,-33.91469,-72.297792,1.224,4.1,,CSN,CSN_11457
,-33.839568,-72.392145,1.5274,4.4,,CSN,CSN_11458
,-33.844576,-72.248708,25.014,4.4,,CSN,CSN_11459
,-33.738195,-72.21743,24.1967,4.4,,CSN,CSN_11460
,-33.828003,-72.23402,13.4462,3.8,,CSN,CSN_11461
,-33.974629,-72.289321,17.6568,5.2,,CSN,CSN_11462
,-33.984059,-72.255326,8.0559,5.2,,CSN,CSN_11463
,-33.842946,-72.231845,14.4243,3.2,,CSN,CSN_11464
,-33.76859,-72.16448,2.2866,3.2,,CSN,CSN_11465
,-34.039701,-72.267956,4.1571,5.2,,CSN,CSN_11466
,-34.057657,-72.207523,4.6229,4.0,,CSN,CSN_11469
,-34.011568,-72.189413,4.601,3.5,,CSN,CSN_11470
,-34.071277,-72.340841,19.7374,4.6,,CSN,CSN_11471
,-34.044962,-72.335747,10.0652,3.2,,CSN,CSN_11472
,-34.065467,-72.239836,3.1202,3.9,,CSN,CSN_11473
,-34.479063,-72.074307,21.2838,3.1,,CSN,CSN_11474
,-33.783848,-71.962173,23.1837,3.1,,CSN,CSN_11475
,-34.713349,-71.801632,47.85,3.4,,CSN,CSN_11476
,-34.743218,-71.801694,44.433,3.2,,CSN,CSN_11477
,-33.713963,-72.000487,2.099,3.6,,CSN,CSN_11478
,-33.685379,-72.017666,5.8598,3.6,,CSN,CSN_11479
,-33.639774,-72.093009,15.1146,3.8,,CSN,CSN_11480
,-34.730375,-71.780374,45.2259,3.4,,CSN,CSN_11481
,-33.931607,-72.149448,7.2983,3.0,,CSN,CSN_11482
,-33.941503,-72.143272,27.412,3.0,,CSN,CSN_11483
,-34.674056,-71.827449,41.3806,3.3,,CSN,CSN_11486
,-34.778918,-71.760155,48.421,4.1,,CSN,CSN_11487
,-34.689312,-71.65141,51.6778,3.5,,CSN,CSN_11489
,-34.716971,-71.897624,48.3679,4.9,,CSN,CSN_11492
,-33.650219,-72.122971,64.2219,3.1,,CSN,CSN_11496
,-33.656683,-72.118326,43.2868,3.1,,CSN,CSN_11497
,-34.695728,-71.669538,52.3773,3.0,,CSN,CSN_11498
,-34.344573,-72.104782,28.1726,3.7,,CSN,CSN_11499
,-34.3605,-72.099689,28.5668,3.1,,CSN,CSN_11500
,-33.752793,-72.207949,10.9473,4.3,,CSN,CSN_11501
,-33.830037,-72.003481,56.3555,4.0,,CSN,CSN_11502
,-33.837275,-71.955847,29.7409,4.0,,CSN,CSN_11503
,-34.207902,-72.245516,0.8569,3.1,,CSN,CSN_11505
,-34.742652,-71.826411,41.0869,3.6,,CSN,CSN_11506
,-34.800242,-71.741169,48.5085,3.1,,CSN,CSN_11507
,-34.519902,-71.87034,-0.124,4.4,,CSN,CSN_11508
,-34.469969,-72.11754,8.4719,3.3,,CSN,CSN_11509
,-34.757051,-71.897689,-0.1509,3.4,,CSN,CSN_11510
,-34.892729,-71.853885,46.7498,5.7,,CSN,CSN_11512
,-33.816989,-72.116436,13.9544,4.4,,CSN,CSN_11514
,-33.879838,-72.161067,46.043,3.1,,CSN,CSN_11515
,-33.812845,-72.023508,18.9075,4.7,,CSN,CSN_11516
,-33.843858,-71.998998,3.7842,3.0,,CSN,CSN_11517
,-33.887818,-72.026563,22.2434,3.0,,CSN,CSN_11518
,-33.783909,-72.092176,5.2985,4.2,,CSN,CSN_11519
,-33.804525,-72.047992,0.7523,4.2,,CSN,CSN_11520
,-33.801117,-72.146652,23.214,3.8,,CSN,CSN_11521
,-33.817628,-72.123898,30.6367,3.8,,CSN,CSN_11522
,-34.786396,-71.754177,49.8536,5.2,,CSN,CSN_11523
,-33.953443,-72.408165,16.1434,3.5,,CSN,CSN_11524
,-33.967148,-72.23251,1.5279,3.4,,CSN,CSN_11525
,-34.257576,-72.261067,23.6584,3.0,,CSN,CSN_11527
,-34.299103,-72.252048,48.416,3.3,,CSN,CSN_11528
,-33.837582,-72.238576,17.7786,3.8,,CSN,CSN_11529
,-34.055747,-72.171941,1.6353,3.0,,CSN,CSN_11530
,-34.334922,-72.338831,48.7077,3.8,,CSN,CSN_11534
,-34.145612,-72.347455,27.7814,3.1,,CSN,CSN_11538
,-34.092929,-72.290655,17.6181,4.4,,CSN,CSN_11539
,-34.078194,-72.311284,16.3504,4.9,,CSN,CSN_11540
,-34.112378,-72.270345,8.9448,4.4,,CSN,CSN_11543
,-34.746749,-71.860084,46.9038,4.9,,CSN,CSN_11545
,-33.621282,-71.990642,29.9502,3.7,,CSN,CSN_11547
,-33.594882,-71.957104,32.616,3.7,,CSN,CSN_11548
,-34.802834,-71.829835,45.0766,3.1,,CSN,CSN_11549
,-34.719105,-71.690025,36.0204,3.5,,CSN,CSN_11550
,-33.861878,-72.268909,19.4002,3.7,,CSN,CSN_11551
,-33.89723,-72.152868,11.0909,3.6,,CSN,CSN_11552
,-34.275902,-72.01646,2.8961,3.2,,CSN,CSN_11554
,-34.747561,-71.748694,47.0088,3.1,,CSN,CSN_11555
,-34.781102,-71.793169,45.0666,3.1,,CSN,CSN_11558
,-34.069083,-72.380834,15.0164,3.4,,CSN,CSN_11559
,-34.526477,-71.942677,24.2906,4.1,,CSN,CSN_11561
,-34.748174,-71.781964,44.1807,4.3,,CSN,CSN_11563
,-34.746222,-71.886796,44.281,4.5,,CSN,CSN_11565
,-34.38969,-72.006261,9.6043,4.3,,CSN,CSN_11566
,-33.862542,-72.335066,2.08,3.2,,CSN,CSN_11567
,-33.877922,-72.339577,6.5264,3.2,,CSN,CSN_11568
,-34.77999,-71.851765,48.4837,3.1,,CSN,CSN_11571
,-34.536523,-71.808937,13.1715,3.9,,CSN,CSN_11578
,-33.766271,-72.161046,3.2918,5.4,,CSN,CSN_11579
,-33.769523,-72.182416,8.714,5.4,,CSN,CSN_11580
,-33.793384,-72.038523,14.2064,3.2,,CSN,CSN_11581
,-33.71179,-72.020931,11.7799,3.2,,CSN,CSN_11582
,-34.795917,-71.800767,44.3814,3.3,,CSN,CSN_11583
,-33.806726,-72.166828,40.236,3.0,,CSN,CSN_11584
,-33.587127,-72.046246,63.6214,3.5,,CSN,CSN_11587
,-34.69003,-71.775079,41.7785,4.5,,CSN,CSN_11588
,-34.764127,-71.810552,44.2006,3.8,,CSN,CSN_11590
,-33.946437,-72.431413,17.7499,5.0,,CSN,CSN_11598
,-33.844991,-72.330963,1.3954,5.0,,CSN,CSN_11599
,-34.209134,-72.289882,13.829,3.1,,CSN,CSN_11600
,-34.2195,-72.376957,32.7954,3.4,,CSN,CSN_11602
,-34.79798,-71.792499,40.9293,3.0,,CSN,CSN_11603
,-34.740081,-71.744146,46.3739,4.7,,CSN,CSN_11604
,-33.769721,-72.014992,10.4297,3.1,,CSN,CSN_11605
,-34.84712,-71.766963,40.7093,3.0,,CSN,CSN_11610
,-34.794862,-71.921402,50.3934,3.3,,CSN,CSN_11612
,-34.361663,-72.142522,33.3219,3.6,,CSN,CSN_11613
,-34.520503,-72.037388,28.3505,3.2,,CSN,CSN_11614
,-33.946201,-72.43141,11.9332,5.0,,CSN,CSN_11615
,-33.652424,-71.995802,45.7709,3.0,,CSN,CSN_11616
,-33.647563,-71.981603,51.4047,3.0,,CSN,CSN_11617
,-34.040114,-72.383399,16.7569,4.5,,CSN,CSN_11624
,-33.964968,-72.37264,20.5954,4.5,,CSN,CSN_11625
,-33.936208,-72.127961,25.8009,3.2,,CSN,CSN_11626
,-34.52274,-72.015595,21.5945,3.9,,CSN,CSN_11628
,-34.802619,-71.907001,54.2012,3.5,,CSN,CSN_11629
,-34.749067,-71.826977,49.1419,3.1,,CSN,CSN_11632
,-34.148329,-72.169313,32.3506,3.0,,CSN,CSN_11634
,-33.552289,-71.942373,1.196,4.1,,CSN,CSN_11635
,-33.583958,-72.009838,26.3385,4.1,,CSN,CSN_11636
,-34.025517,-72.375626,16.14,3.1,,CSN,CSN_11638
,-34.036818,-72.308421,20.3866,3.2,,CSN,CSN_11640
,-34.057437,-72.281355,23.0846,3.3,,CSN,CSN_11641
,-33.904897,-72.307991,20.9603,3.3,,CSN,CSN_11642
,-34.743934,-71.848493,44.1729,4.1,,CSN,CSN_11643
,-33.997717,-72.340446,30.0138,4.7,,CSN,CSN_11645
,-33.904023,-72.447753,17.5907,4.3,,CSN,CSN_11646
,-33.923235,-72.419528,13.2239,4.3,,CSN,CSN_11647
,-34.301311,-72.105111,22.8164,3.5,,CSN,CSN_11648
,-34.821796,-71.77145,48.9764,3.1,,CSN,CSN_11649
,-34.642388,-72.117035,8.7225,4.3,,CSN,CSN_11651
,-34.764849,-71.936181,15.3946,3.9,,CSN,CSN_11657
,-34.764649,-71.725751,58.4413,3.6,,CSN,CSN_11659
,-34.201635,-72.279884,16.181,3.1,,CSN,CSN_11661
,-34.766392,-71.909365,-0.1169,3.0,,CSN,CSN_11662
,-34.297024,-72.461492,19.4165,3.6,,CSN,CSN_11664
,-34.762813,-71.848951,40.6172,3.8,,CSN,CSN_11665
,-34.62835,-71.786742,42.06,3.0,,CSN,CSN_11666
,-34.764393,-71.765884,49.8883,5.2,,CSN,CSN_11667
,-33.497237,-72.007494,13.2005,3.7,,CSN,CSN_11668
,-33.521059,-72.023178,26.9202,3.7,,CSN,CSN_11669
,-33.501644,-72.054361,27.0596,3.8,,CSN,CSN_11670
,-33.492374,-72.044239,23.4418,3.8,,CSN,CSN_11671
,-33.958307,-72.417308,9.5152,3.7,,CSN,CSN_11673
,-34.7312,-71.833282,40.7121,3.1,,CSN,CSN_11675
,-34.013016,-72.20565,7.6205,4.2,,CSN,CSN_11677
,-34.029294,-72.292843,22.945,3.8,,CSN,CSN_11680
,-34.439947,-71.975103,21.4421,3.1,,CSN,CSN_11681
,-34.208665,-72.302949,25.3648,3.8,,CSN,CSN_11683
,-33.940155,-72.202004,12.0618,3.2,,CSN,CSN_11687
,-34.234238,-72.303788,20.5411,3.6,,CSN,CSN_11690
,-34.206091,-72.299572,22.5186,3.8,,CSN,CSN_11691
,-34.744027,-71.828998,47.6337,3.6,,CSN,CSN_11693
,-33.54718,-71.993315,30.1327,3.3,,CSN,CSN_11694
,-33.548933,-71.993362,39.4478,3.3,,CSN,CSN_11695
,-34.691118,-71.796957,40.7216,3.1,,CSN,CSN_11696
,-34.054403,-72.248037,28.2513,4.4,,CSN,CSN_11697
,-34.668602,-72.024813,4.5276,3.2,,CSN,CSN_11698
,-34.814113,-71.722437,58.881,3.0,,CSN,CSN_11699
,-34.519158,-72.251079,61.4513,3.1,,CSN,CSN_11700
,-34.687913,-71.940699,32.6803,3.0,,CSN,CSN_11701
,-34.787362,-71.875038,33.8839,3.6,,CSN,CSN_11702
,-34.851184,-71.69038,51.4746,3.1,,CSN,CSN_11705
,-34.786833,-71.7647,45.3934,3.8,,CSN,CSN_11706
,-34.437642,-72.042807,22.8857,3.2,,CSN,CSN_11707
,-34.5484,-71.882559,-0.1108,4.6,,CSN,CSN_11708
,-34.572362,-71.936126,-0.1219,3.8,,CSN,CSN_11709
,-34.026593,-72.233256,4.5401,4.9,,CSN,CSN_11710
,-34.030848,-72.194053,25.9831,3.1,,CSN,CSN_11711
,-33.865009,-72.095169,0.1613,3.0,,CSN,CSN_11715
,-33.896134,-72.213105,20.8639,3.0,,CSN,CSN_11716
,-34.682031,-71.904427,20.2676,4.2,,CSN,CSN_11717
,-34.756737,-71.616819,27.6675,3.2,,CSN,CSN_11725
,-34.789591,-72.017525,25.4488,3.1,,CSN,CSN_11728
,-34.802124,-71.83907,45.7168,3.5,,CSN,CSN_11729
,-34.635407,-72.091911,62.3464,3.7,,CSN,CSN_11730
,-34.218748,-72.397984,33.0937,4.1,,CSN,CSN_11736
,-34.827004,-71.837775,45.9734,3.5,,CSN,CSN_11737
,-34.823735,-71.769496,53.8024,3.5,,CSN,CSN_11738
,-34.737764,-71.67463,16.0978,3.7,,CSN,CSN_11739
,-34.192978,-72.298484,20.7884,3.6,,CSN,CSN_11740
,-33.972018,-72.405335,24.5601,3.1,,CSN,CSN_11741
,-34.726744,-71.799837,46.191,3.6,,CSN,CSN_11742
,-34.326083,-72.314351,26.6167,3.3,,CSN,CSN_11743
,-34.078834,-72.371143,15.3388,3.3,,CSN,CSN_11744
,-34.311293,-72.300825,23.1497,4.0,,CSN,CSN_11747
,-34.313641,-72.330457,22.3025,4.2,,CSN,CSN_11748
,-34.552292,-71.928684,28.9059,3.2,,CSN,CSN_11749
,-34.745096,-71.707045,48.1766,3.2,,CSN,CSN_11752
,-34.729779,-71.813041,44.5582,3.1,,CSN,CSN_11753
,-34.686556,-71.941061,-0.1333,3.0,,CSN,CSN_11754
,-34.806949,-71.799528,48.3779,3.1,,CSN,CSN_11755
,-34.762946,-71.871182,18.3229,3.0,,CSN,CSN_11756
,-33.905274,-72.393206,12.4837,5.1,,CSN,CSN_11760
,-33.917694,-72.405169,17.7702,5.1,,CSN,CSN_11761
,-33.959386,-72.403112,20.5411,3.0,,CSN,CSN_11762
,-33.858374,-72.453533,31.3725,3.0,,CSN,CSN_11763
,-33.961082,-72.434757,14.8469,3.5,,CSN,CSN_11770
,-33.934594,-72.437348,11.8514,3.7,,CSN,CSN_11771
,-33.969655,-72.42031,16.5234,4.3,,CSN,CSN_11772
,-33.968916,-72.37865,19.3776,3.3,,CSN,CSN_11773
,-33.911589,-72.369974,23.8471,3.3,,CSN,CSN_11774
,-33.960054,-72.374338,17.2764,3.8,,CSN,CSN_11775
,-33.956077,-72.390129,30.0198,3.8,,CSN,CSN_11776
,-33.966067,-72.399794,17.2439,3.4,,CSN,CSN_11777
,-33.921685,-72.376535,5.6355,3.9,,CSN,CSN_11780
,-33.919706,-72.368904,8.916,3.9,,CSN,CSN_11781
,-34.770342,-71.752395,49.8697,3.1,,CSN,CSN_11782
,-34.270848,-72.427727,64.0943,3.0,,CSN,CSN_11785
,-34.759759,-71.801673,46.3549,3.8,,CSN,CSN_11786
,-33.897745,-72.400111,12.4123,3.3,,CSN,CSN_11787
,-33.920687,-72.420555,20.3061,3.3,,CSN,CSN_11788
,-33.910741,-72.432081,14.5282,3.9,,CSN,CSN_11789
,-33.839624,-72.442663,16.1165,3.9,,CSN,CSN_11790
,-33.968157,-72.276593,22.3385,4.0,,CSN,CSN_11791
,-33.910936,-72.21732,33.4559,4.0,,CSN,CSN_11792
,-33.872147,-72.468827,10.9416,4.4,,CSN,CSN_11794
,-33.894939,-72.416134,11.059,4.4,,CSN,CSN_11795
,-33.952751,-72.267764,18.0082,3.5,,CSN,CSN_11797
,-34.294577,-72.352424,20.3295,3.6,,CSN,CSN_11798
,-34.300561,-72.358937,18.4137,3.2,,CSN,CSN_11799
,-34.556184,-72.054184,18.6467,4.3,,CSN,CSN_11801
,-34.005422,-72.394468,16.7636,3.1,,CSN,CSN_11802
,-33.85718,-72.428901,12.3412,3.7,,CSN,CSN_11807
,-34.128043,-72.23494,1.3146,3.0,,CSN,CSN_11809
,-34.139039,-72.416613,16.4146,3.7,,CSN,CSN_11810
,-34.137762,-72.288534,16.9521,3.1,,CSN,CSN_11813
,-34.216705,-72.396287,28.1296,3.3,,CSN,CSN_11814
,-34.152029,-72.336516,19.5554,3.9,,CSN,CSN_11815
,-34.446792,-72.057408,23.9666,3.0,,CSN,CSN_11816
,-34.119399,-72.413294,15.2988,3.9,,CSN,CSN_11817
,-34.145277,-72.300596,20.394,3.4,,CSN,CSN_11818
,-34.168349,-72.30847,21.1356,3.1,,CSN,CSN_11820
,-34.179325,-72.313226,27.0093,4.1,,CSN,CSN_11821
,-34.198131,-72.254981,27.4108,3.4,,CSN,CSN_11822
,-34.084622,-72.216198,8.432,3.0,,CSN,CSN_11825
,-34.042585,-72.062444,30.9357,3.0,,CSN,CSN_11830
,-34.138667,-72.352181,19.3186,3.5,,CSN,CSN_11832
,-34.141173,-72.404421,19.2581,3.0,,CSN,CSN_11834
,-34.768246,-71.778016,39.1804,3.7,,CSN,CSN_11836
,-34.593406,-71.977948,13.7316,3.1,,CSN,CSN_11840
,-34.104439,-72.352249,19.4541,3.1,,CSN,CSN_11842
,-33.979387,-72.43162,14.0754,3.7,,CSN,CSN_11844
,-33.563953,-72.029615,29.954,3.8,,CSN,CSN_11845
,-33.499268,-72.031434,28.4166,3.8,,CSN,CSN_11846
,-33.543521,-72.117332,31.0091,3.0,,CSN,CSN_11850
,-33.548695,-72.087427,34.492,3.0,,CSN,CSN_11851
,-33.871036,-72.222456,11.2584,5.7,,CSN,CSN_11854
,-33.882117,-72.110223,0.252,5.7,,CSN,CSN_11855
,-33.879606,-72.15496,22.9728,3.4,,CSN,CSN_11858
,-33.861377,-72.126812,25.2982,3.4,,CSN,CSN_11859
,-33.909088,-72.110841,28.7848,3.3,,CSN,CSN_11862
,-33.855734,-72.039781,13.0733,3.3,,CSN,CSN_11863
,-33.929531,-72.00614,3.7217,3.2,,CSN,CSN_11864
,-33.913624,-72.124621,31.8773,3.2,,CSN,CSN_11865
,-34.743068,-71.748417,48.1934,3.1,,CSN,CSN_11868
,-34.756191,-71.786327,47.2308,3.1,,CSN,CSN_11873
,-34.90164,-71.851668,42.2569,3.9,,CSN,CSN_11878
,-34.223763,-72.327732,31.9589,3.2,,CSN,CSN_11882
,-34.167007,-72.354637,25.8556,3.1,,CSN,CSN_11884
,-34.110618,-72.346382,19.6214,3.6,,CSN,CSN_11885
,-34.846005,-71.693043,50.8796,3.6,,CSN,CSN_11886
,-34.115222,-72.386585,14.9127,3.0,,CSN,CSN_11889
,-33.827715,-72.454398,12.6514,4.8,,CSN,CSN_11890
,-34.753791,-71.828231,43.6575,3.5,,CSN,CSN_11891
,-34.645453,-71.7758,12.6264,3.1,,CSN,CSN_11892
,-34.70729,-71.774821,41.6681,3.5,,CSN,CSN_11895
,-34.793459,-71.756023,47.5161,3.2,,CSN,CSN_11896
,-34.565549,-71.863877,4.3377,3.1,,CSN,CSN_11904
,-34.815721,-71.813849,48.7736,4.1,,CSN,CSN_11906
,-34.563129,-72.055586,16.8299,3.1,,CSN,CSN_11908
,-33.999849,-72.315731,19.3971,3.1,,CSN,CSN_11913
,-33.974711,-72.332798,28.5772,3.1,,CSN,CSN_11914
,-34.33844,-72.202507,25.842,3.6,,CSN,CSN_11916
,-34.791099,-72.121635,34.1238,3.7,,CSN,CSN_11919
,-34.783294,-71.733607,52.9678,3.3,,CSN,CSN_11922
,-34.042343,-72.120063,1.5244,3.1,,CSN,CSN_11924
,-34.78885,-71.845245,43.4381,3.1,,CSN,CSN_11925
,-33.922701,-72.275393,7.1221,3.0,,CSN,CSN_11927
,-34.045451,-72.365698,27.5848,3.0,,CSN,CSN_11928
,-34.751953,-71.760319,49.1115,3.4,,CSN,CSN_11933
,-34.733201,-71.71229,44.8167,3.1,,CSN,CSN_11935
,-34.722592,-71.716527,44.7015,3.6,,CSN,CSN_11936
,-33.950045,-72.357835,4.7539,3.2,,CSN,CSN_11940
,-33.920395,-72.3886,11.7981,3.2,,CSN,CSN_11941
,-34.812462,-71.709117,49.4475,3.5,,CSN,CSN_11943
,-33.949843,-72.14262,20.6305,3.4,,CSN,CSN_11944
,-33.809569,-72.074095,0.1593,3.4,,CSN,CSN_11945
,-34.310366,-72.204509,24.4249,3.5,,CSN,CSN_11947
,-34.681211,-71.77818,42.7733,3.0,,CSN,CSN_11949
,-34.526976,-72.094889,25.2646,3.6,,CSN,CSN_11950
,-34.448285,-72.020198,24.1102,3.3,,CSN,CSN_11953
,-34.760832,-71.79627,48.3737,3.5,,CSN,CSN_11959
,-34.840525,-71.905246,55.7864,3.8,,CSN,CSN_11961
,-33.931705,-72.165807,20.7139,3.6,,CSN,CSN_11962
,-33.95952,-72.12889,21.8397,3.6,,CSN,CSN_11963
,-34.743085,-71.879742,44.5194,3.8,,CSN,CSN_11964
,-34.409203,-72.058254,23.7727,3.0,,CSN,CSN_11967
,-34.22164,-72.342444,8.9005,5.1,,CSN,CSN_11971
,-34.177277,-72.319122,13.8803,3.8,,CSN,CSN_11972
,-33.827503,-72.36543,8.1909,3.2,,CSN,CSN_11975
,-33.875178,-72.384986,15.8786,3.2,,CSN,CSN_11976
,-34.74323,-71.768927,47.0522,3.5,,CSN,CSN_11978
,-34.314153,-72.222335,27.151,3.0,,CSN,CSN_11979
,-34.710763,-71.782798,43.9341,3.6,,CSN,CSN_11980
,-34.74693,-71.781449,45.7815,3.3,,CSN,CSN_11981
,-34.804716,-71.816729,46.2762,3.3,,CSN,CSN_11983
,-34.701746,-71.792181,42.4269,3.2,,CSN,CSN_11984
,-33.820091,-72.47382,14.257,3.2,,CSN,CSN_11985
,-34.236385,-72.180452,20.9533,4.1,,CSN,CSN_11989
,-34.161119,-72.410032,28.5048,3.5,,CSN,CSN_11991
,-34.070777,-72.346602,19.8203,3.2,,CSN,CSN_11996
,-33.968885,-72.3585,18.2366,3.2,,CSN,CSN_11997
,-34.109764,-72.409403,18.3302,3.7,,CSN,CSN_11998
,-33.96447,-72.398246,20.7616,3.7,,CSN,CSN_11999
,-34.095834,-72.388273,21.0384,3.1,,CSN,CSN_12000
,-34.088124,-72.387984,21.2721,3.0,,CSN,CSN_12002
,-34.80602,-71.765639,48.158,3.3,,CSN,CSN_12004
,-34.752135,-71.7275,50.4966,3.1,,CSN,CSN_12006
,-33.624018,-72.131352,13.4268,3.7,,CSN,CSN_12008
,-34.065689,-72.484296,30.2601,3.4,,CSN,CSN_12011
,-34.68397,-71.771765,37.4605,3.5,,CSN,CSN_12015
,-34.716596,-71.794033,44.0603,4.0,,CSN,CSN_12017
,-33.951192,-72.180368,55.4376,3.0,,CSN,CSN_12019
,-34.077367,-72.265381,20.8168,3.0,,CSN,CSN_12020
,-34.634448,-72.003373,1.5268,3.2,,CSN,CSN_12021
,-34.252819,-72.29561,21.0084,3.2,,CSN,CSN_12027
,-33.955377,-72.469574,13.1174,3.1,,CSN,CSN_12030
,-33.898379,-72.389698,2.6225,3.3,,CSN,CSN_12032
,-33.859951,-72.388996,8.8109,3.3,,CSN,CSN_12033
,-34.833785,-71.792471,45.2392,3.1,,CSN,CSN_12034
,-34.199351,-72.230794,2.3412,3.0,,CSN,CSN_12035
,-33.987227,-72.331929,17.0904,3.0,,CSN,CSN_12038
,-34.349992,-72.163993,28.9713,3.9,,CSN,CSN_12039
,-34.234357,-72.362038,10.94,3.3,,CSN,CSN_12040
,-34.385993,-72.028568,12.8406,3.0,,CSN,CSN_12046
,-34.339454,-72.168962,18.0271,3.0,,CSN,CSN_12047
,-34.292826,-72.406536,17.2171,4.4,,CSN,CSN_12052
,-34.275957,-72.278931,20.9915,4.3,,CSN,CSN_12054
,-34.322995,-72.31483,23.7521,3.2,,CSN,CSN_12055
,-34.739125,-71.791194,43.6733,3.1,,CSN,CSN_12056
,-34.754352,-71.802735,43.7061,3.0,,CSN,CSN_12059
,-34.087086,-72.238103,7.6617,3.3,,CSN,CSN_12061
,-34.189816,-72.28827,14.3765,5.2,,CSN,CSN_12063
,-34.228733,-72.281997,12.3952,4.2,,CSN,CSN_12064
,-34.845547,-71.808168,39.6177,3.2,,CSN,CSN_12065
,-34.337738,-71.964802,11.5562,3.0,,CSN,CSN_12066
,-34.799864,-71.873131,46.196,3.0,,CSN,CSN_12069
,-34.791282,-71.834947,45.9177,3.6,,CSN,CSN_12070
,-34.694549,-72.081413,8.731,3.0,,CSN,CSN_12073
,-34.459345,-72.117673,30.6737,3.0,,CSN,CSN_12076
,-34.629063,-72.082976,8.7455,3.3,,CSN,CSN_12081
,-34.477611,-72.156884,20.9913,3.7,,CSN,CSN_12082
,-34.781603,-71.864494,46.4756,4.2,,CSN,CSN_12086
,-34.781262,-71.830464,48.2409,5.6,,CSN,CSN_12088
,-34.63414,-72.130984,6.9574,3.1,,CSN,CSN_12094
,-34.739672,-71.7909,45.5203,3.0,,CSN,CSN_12095
,-34.758782,-71.842884,39.2923,3.0,,CSN,CSN_12096
,-33.937568,-71.991344,4.9185,3.0,,CSN,CSN_12098
,-33.912354,-72.044749,21.1473,3.0,,CSN,CSN_12099
,-34.80861,-71.71825,49.7504,3.0,,CSN,CSN_12104
,-34.003775,-72.188256,10.6993,3.2,,CSN,CSN_12105
,-33.961453,-72.213746,32.9037,3.2,,CSN,CSN_12106
,-34.756708,-71.813466,40.3925,3.6,,CSN,CSN_12107
,-33.829795,-71.997345,31.043,3.0,,CSN,CSN_12108
,-34.212089,-72.270823,12.3654,3.0,,CSN,CSN_12110
,-34.805012,-71.84426,47.8461,3.6,,CSN,CSN_12120
,-33.822327,-72.056086,12.1673,3.1,,CSN,CSN_12121
,-33.809778,-72.001992,4.2762,3.1,,CSN,CSN_12122
,-34.718865,-71.831701,37.8453,3.8,,CSN,CSN_12124
,-34.755571,-71.881415,45.3206,5.0,,CSN,CSN_12125
,-34.432855,-72.168569,20.7638,3.1,,CSN,CSN_12127
,-34.784222,-71.737361,46.61,3.0,,CSN,CSN_12128
,-34.825666,-71.806436,51.2844,3.6,,CSN,CSN_12131
,-34.750385,-71.775882,42.1283,3.3,,CSN,CSN_12132
,-34.787272,-71.777556,45.8948,3.2,,CSN,CSN_12133
,-34.769615,-71.834722,49.6412,3.9,,CSN,CSN_12134
,-33.843889,-72.415352,15.4152,4.3,,CSN,CSN_12135
,-33.826955,-72.445559,26.6002,4.3,,CSN,CSN_12136
,-34.798446,-71.797793,46.6624,3.1,,CSN,CSN_12138
,-34.805832,-71.823934,46.7807,4.3,,CSN,CSN_12139
,-33.994283,-72.161922,1.9385,3.3,,CSN,CSN_12140
,-34.331132,-72.201045,26.7036,4.0,,CSN,CSN_12141
,-33.628814,-72.105167,32.7761,3.0,,CSN,CSN_12144
,-34.777704,-71.842389,45.5005,3.8,,CSN,CSN_12150
,-34.641125,-71.911321,-0.1034,3.7,,CSN,CSN_12152
,-34.813148,-71.814908,47.9741,3.3,,CSN,CSN_12154
,-34.437561,-72.187823,23.2801,3.1,,CSN,CSN_12155
,-34.640274,-71.924527,42.7627,3.0,,CSN,CSN_12156
,-33.904173,-72.429086,16.0328,3.3,,CSN,CSN_12157
,-33.966821,-72.45104,16.2031,3.3,,CSN,CSN_12158
,-33.81887,-72.100221,12.1281,3.0,,CSN,CSN_12159
,-33.810084,-72.087336,13.7623,3.0,,CSN,CSN_12160
,-34.029527,-72.05829,0.1193,3.1,,CSN,CSN_12161
,-33.96601,-72.186006,27.7454,3.1,,CSN,CSN_12162
,-34.021816,-72.12365,6.5158,3.5,,CSN,CSN_12163
,-33.976019,-72.176433,27.0413,3.5,,CSN,CSN_12164
,-34.685546,-71.816696,42.2467,3.4,,CSN,CSN_12167
,-33.845598,-72.522712,9.7146,3.2,,CSN,CSN_12168
,-34.390777,-72.269205,12.1333,3.1,,CSN,CSN_12170
,-34.681589,-71.860647,47.4551,3.2,,CSN,CSN_12173
,-33.92332,-72.295888,1.2766,3.0,,CSN,CSN_12174
,-34.039123,-72.440198,29.2584,3.0,,CSN,CSN_12175
,-34.798852,-71.784535,46.5845,3.2,,CSN,CSN_12179
,-34.758113,-71.884728,46.1559,4.3,,CSN,CSN_12184
,-33.814897,-72.120027,15.9205,3.7,,CSN,CSN_12190
,-33.853519,-72.052135,6.9256,3.7,,CSN,CSN_12191
,-33.832299,-72.071893,11.357,3.5,,CSN,CSN_12192
,-33.826206,-71.990538,0.9007,3.5,,CSN,CSN_12193
,-34.788722,-71.847965,45.9941,3.7,,CSN,CSN_12194
,-33.640356,-72.037023,0.3832,3.2,,CSN,CSN_12203
,-33.677012,-72.097139,13.5161,3.2,,CSN,CSN_12204
,-34.492755,-72.07147,16.7078,3.8,,CSN,CSN_12205
,-34.48399,-72.036074,24.1788,3.8,,CSN,CSN_12206
,-34.896417,-71.701202,47.9385,3.3,,CSN,CSN_12207
,-34.049027,-72.433432,13.4154,3.8,,CSN,CSN_12209
,-33.992396,-72.382824,13.0205,3.2,,CSN,CSN_12210
,-33.938042,-72.369978,7.6163,3.2,,CSN,CSN_12211
,-34.711105,-71.763671,40.5992,3.2,,CSN,CSN_12214
,-34.77256,-71.738421,45.1768,3.1,,CSN,CSN_12216
,-34.693641,-71.847589,45.0751,4.7,,CSN,CSN_12217
,-34.711022,-71.734674,42.1604,3.0,,CSN,CSN_12219
,-34.670509,-72.143537,16.9647,3.1,,CSN,CSN_12223
,-34.72264,-71.751181,43.4652,3.5,,CSN,CSN_12225
,-34.781958,-71.743747,50.5518,3.7,,CSN,CSN_12226
,-34.0183,-72.260926,14.3733,3.4,,CSN,CSN_12227
,-33.840347,-72.269114,13.3643,3.4,,CSN,CSN_12228
,-34.068548,-72.336161,2.8535,3.0,,CSN,CSN_12230
,-34.678664,-71.811004,39.7195,3.1,,CSN,CSN_12233
,-34.202591,-72.290759,14.5071,3.6,,CSN,CSN_12234
,-34.743252,-72.156871,11.9458,3.4,,CSN,CSN_12235
,-34.714427,-71.885177,43.5159,3.0,,CSN,CSN_12236
,-34.544122,-71.950268,19.764,3.4,,CSN,CSN_12237
,-33.942199,-72.293406,22.4292,3.7,,CSN,CSN_12239
,-33.995808,-72.348906,25.7917,3.7,,CSN,CSN_12240
,-34.057674,-72.38179,13.0582,3.3,,CSN,CSN_12241
,-34.910021,-71.792771,52.6501,3.5,,CSN,CSN_12245
,-34.770132,-71.809135,43.8999,3.2,,CSN,CSN_12246
,-34.703947,-71.820237,43.8748,3.6,,CSN,CSN_12247
,-34.748638,-71.696502,44.9434,3.7,,CSN,CSN_12249
,-33.879951,-72.43504,9.0463,3.6,,CSN,CSN_12250
,-34.639541,-72.049187,3.0471,3.5,,CSN,CSN_12256
,-33.52417,-72.103582,20.7034,4.5,,CSN,CSN_12258
,-33.552145,-72.00829,5.162,4.5,,CSN,CSN_12259
,-33.506279,-72.05116,1.3074,3.3,,CSN,CSN_12261
,-33.554767,-72.061505,20.9956,3.9,,CSN,CSN_12262
,-33.547227,-72.044478,21.307,3.9,,CSN,CSN_12263
,-34.805135,-71.79108,51.0373,3.3,,CSN,CSN_12264
,-34.797288,-71.812647,47.7493,4.0,,CSN,CSN_12266
,-34.004591,-72.304941,9.5817,3.3,,CSN,CSN_12269
,-33.601125,-72.014911,22.5917,3.1,,CSN,CSN_12270
,-33.605165,-71.999059,15.744,3.1,,CSN,CSN_12271
,-33.774879,-71.995587,30.3395,3.3,,CSN,CSN_12272
,-33.540771,-71.987673,21.0167,3.0,,CSN,CSN_12273
,-34.281172,-72.325175,0.6702,3.0,,CSN,CSN_12274
,-34.258883,-72.44271,11.9679,3.1,,CSN,CSN_12275
,-34.326827,-72.411336,5.3162,3.3,,CSN,CSN_12276
,-34.028185,-72.336163,15.9624,3.1,,CSN,CSN_12278
,-34.266257,-72.470139,15.6221,3.1,,CSN,CSN_12279
,-34.258853,-72.386672,9.463,3.7,,CSN,CSN_12280
,-34.29838,-72.395164,13.8326,3.0,,CSN,CSN_12283
,-34.750583,-71.669861,46.2408,3.9,,CSN,CSN_12284
,-34.470001,-72.071535,23.4616,3.1,,CSN,CSN_12285
,-34.81401,-71.839213,47.3396,3.3,,CSN,CSN_12286
,-33.86404,-72.076754,18.2123,3.5,,CSN,CSN_12287
,-33.869946,-72.155197,28.8704,3.7,,CSN,CSN_12288
,-33.847809,-72.11402,28.0854,3.7,,CSN,CSN_12289
,-33.881674,-72.086008,10.3468,3.5,,CSN,CSN_12291
,-33.886514,-72.153903,29.4893,3.5,,CSN,CSN_12292
,-33.998572,-72.361475,16.9743,3.0,,CSN,CSN_12296
,-33.978171,-72.397716,31.1198,3.0,,CSN,CSN_12297
,-34.729145,-71.813724,45.7791,3.0,,CSN,CSN_12298
,-34.757683,-71.782362,48.8066,3.2,,CSN,CSN_12299
,-34.788624,-71.768387,45.4909,3.0,,CSN,CSN_12300
,-34.16975,-72.299261,12.1203,3.4,,CSN,CSN_12301
,-34.010834,-72.399917,13.8871,4.0,,CSN,CSN_12302
,-34.318032,-72.187315,18.0455,3.7,,CSN,CSN_12303
,-33.894113,-72.144721,25.7409,3.2,,CSN,CSN_12304
,-33.790827,-72.193421,50.3904,3.2,,CSN,CSN_12305
,-34.645742,-71.959878,28.7886,3.1,,CSN,CSN_12307
,-34.723735,-71.701446,47.4152,4.4,,CSN,CSN_12313
,-34.737788,-71.72131,49.0688,3.5,,CSN,CSN_12314
,-34.798164,-71.730078,50.4821,3.0,,CSN,CSN_12315
,-34.69419,-72.057644,0.3287,3.5,,CSN,CSN_12317
,-34.191395,-72.228521,16.438,3.0,,CSN,CSN_12319
,-34.900628,-71.857663,49.0389,4.0,,CSN,CSN_12322
,-34.610092,-72.084092,2.5644,3.3,,CSN,CSN_12323
,-33.841101,-72.191668,24.2366,3.5,,CSN,CSN_12329
,-33.862961,-72.145017,30.9753,3.5,,CSN,CSN_12330
,-33.895336,-72.036134,0.1381,3.7,,CSN,CSN_12331
,-34.537118,-71.948017,1.7531,3.4,,CSN,CSN_12333
,-34.365748,-72.057749,33.07,3.5,,CSN,CSN_12335
,-34.758213,-71.74441,49.4311,3.3,,CSN,CSN_12338
,-33.904308,-72.428814,10.0423,3.6,,CSN,CSN_12339
,-33.964429,-72.094501,16.6589,3.0,,CSN,CSN_12343
,-33.921117,-72.042033,8.2692,3.0,,CSN,CSN_12344
,-34.722406,-71.822583,46.5179,3.3,,CSN,CSN_12345
,-34.16431,-72.337518,13.4633,3.0,,CSN,CSN_12346
,-34.654507,-72.087174,6.1703,3.9,,CSN,CSN_12348
,-34.454832,-71.969459,28.6319,3.4,,CSN,CSN_12349
,-34.629934,-71.73878,-0.1062,3.9,,CSN,CSN_12350
,-34.462932,-71.9057,37.6829,3.4,,CSN,CSN_12352
,-34.577464,-71.896847,46.0997,4.0,,CSN,CSN_12353
,-34.710218,-71.753197,39.0454,3.0,,CSN,CSN_12354
,-34.002069,-72.381405,25.6787,3.6,,CSN,CSN_12355
,-34.242969,-72.212897,20.7689,3.1,,CSN,CSN_12356
,-33.643911,-71.986169,13.7228,3.2,,CSN,CSN_12358
,-34.753713,-71.964149,29.0202,3.2,,CSN,CSN_12359
,-34.730528,-71.764024,38.1923,3.6,,CSN,CSN_12360
,-34.127002,-72.231787,45.3991,3.1,,CSN,CSN_12361
,-34.666885,-71.737774,38.1663,3.2,,CSN,CSN_12363
,-34.686817,-71.849181,31.9971,3.1,,CSN,CSN_12364
,-33.99192,-72.247942,14.78,3.4,,CSN,CSN_12371
,-33.997103,-72.443347,28.841,3.4,,CSN,CSN_12372
,-33.941369,-72.348824,23.988,3.4,,CSN,CSN_12373
,-34.278567,-72.243746,25.966,3.7,,CSN,CSN_12376
,-33.827077,-72.348518,14.285,3.6,,CSN,CSN_12378
,-34.31762,-72.134477,27.4488,3.5,,CSN,CSN_12380
,-34.452569,-71.966717,21.2814,3.4,,CSN,CSN_12381
,-34.274954,-72.331556,17.9489,3.0,,CSN,CSN_12383
,-34.61923,-71.808783,15.6278,3.7,,CSN,CSN_12384
,-34.755939,-72.025426,-0.0938,3.0,,CSN,CSN_12385
,-34.691323,-71.768298,42.4446,3.1,,CSN,CSN_12386
,-33.473717,-71.984187,22.3048,3.2,,CSN,CSN_12387
,-34.735962,-71.840417,41.2257,3.0,,CSN,CSN_12388
,-33.797093,-72.011699,4.0501,3.2,,CSN,CSN_12390
,-33.661866,-72.065867,55.2287,3.2,,CSN,CSN_12391
,-33.683656,-72.169327,27.2241,3.3,,CSN,CSN_12393
,-34.100048,-72.409839,17.5187,3.3,,CSN,CSN_12395
,-34.587906,-71.977841,32.144,3.0,,CSN,CSN_12398
,-34.570844,-71.879966,0.3719,3.3,,CSN,CSN_12399
,-34.014021,-72.337486,20.7601,3.3,,CSN,CSN_12400
,-33.979935,-72.313621,21.6078,3.3,,CSN,CSN_12401
,-34.754943,-71.748446,40.4581,3.6,,CSN,CSN_12402
,-34.257269,-72.195215,11.5854,3.0,,CSN,CSN_12403
,-33.554372,-72.00767,30.1622,3.6,,CSN,CSN_12405
,-34.339422,-72.181047,28.2276,3.6,,CSN,CSN_12407
,-34.745081,-71.717023,44.0329,4.2,,CSN,CSN_12408
,-34.646094,-71.841626,40.2827,3.7,,CSN,CSN_12411
,-34.801676,-71.741349,43.3299,3.5,,CSN,CSN_12412
,-33.789667,-72.049827,29.6509,3.7,,CSN,CSN_12414
,-34.784503,-71.800446,51.3966,3.1,,CSN,CSN_12416
,-34.685095,-71.784701,37.8118,3.3,,CSN,CSN_12419
,-34.826525,-71.921973,33.9671,3.1,,CSN,CSN_12421
,-34.831004,-71.720676,52.7943,3.5,,CSN,CSN_12423
,-34.695079,-71.769186,40.9053,3.2,,CSN,CSN_12426
,-34.370799,-72.455666,30.6472,3.1,,CSN,CSN_12427
,-34.414227,-71.951168,62.4502,4.6,,CSN,CSN_12428
,-34.745348,-71.836456,39.8303,3.7,,CSN,CSN_12429
,-34.235618,-72.416265,30.475,3.4,,CSN,CSN_12430
,-34.208683,-72.254363,15.6072,3.3,,CSN,CSN_12431
,-34.247581,-72.260371,11.8658,3.0,,CSN,CSN_12432
,-34.830975,-71.846567,48.2575,3.6,,CSN,CSN_12436
,-34.634401,-71.806643,42.4037,3.2,,CSN,CSN_12441
,-34.836941,-71.833268,60.4618,3.8,,CSN,CSN_12442
,-34.837756,-71.885389,54.1506,4.1,,CSN,CSN_12445
,-34.011818,-72.286857,20.3888,3.4,,CSN,CSN_12446
,-34.014852,-72.166641,25.9422,3.3,,CSN,CSN_12447
,-34.000301,-72.230301,20.9724,3.2,,CSN,CSN_12448
,-33.990541,-72.234318,26.3795,3.7,,CSN,CSN_12449
,-33.970157,-72.18543,24.2844,3.7,,CSN,CSN_12450
,-34.000432,-72.211377,26.4207,3.1,,CSN,CSN_12451
,-34.487607,-71.817916,45.1441,3.2,,CSN,CSN_12452
,-34.02554,-72.411035,24.8708,4.1,,CSN,CSN_12453
,-33.999027,-72.487248,26.4411,3.2,,CSN,CSN_12454
,-34.013355,-72.401964,19.3967,4.4,,CSN,CSN_12455
,-34.030034,-72.299967,8.1779,3.0,,CSN,CSN_12459
,-33.961906,-72.418654,15.4863,3.0,,CSN,CSN_12460
,-34.410695,-72.233286,22.2048,3.8,,CSN,CSN_12462
,-33.903167,-72.550959,30.8556,3.4,,CSN,CSN_12463
,-34.758479,-71.880271,47.9589,4.6,,CSN,CSN_12464
,-34.778445,-71.848726,49.4995,3.0,,CSN,CSN_12465
,-34.816849,-71.850902,48.5103,3.6,,CSN,CSN_12467
,-34.824632,-71.79798,45.4008,3.6,,CSN,CSN_12468
,-33.603256,-72.028305,26.0814,3.9,,CSN,CSN_12469
,-33.884105,-72.475116,15.2658,3.7,,CSN,CSN_12471
,-33.895688,-72.447515,19.2266,3.7,,CSN,CSN_12472
,-34.436136,-72.002923,34.0907,3.1,,CSN,CSN_12475
,-34.790898,-71.812632,48.3916,3.3,,CSN,CSN_12476
,-34.792258,-71.718604,50.9842,4.6,,CSN,CSN_12477
,-34.901655,-71.707327,56.2254,3.1,,CSN,CSN_12478
,-34.468185,-71.927993,10.5777,3.3,,CSN,CSN_12480
,-34.617015,-71.931487,32.2074,3.1,,CSN,CSN_12481
,-34.596051,-71.80263,12.7001,3.4,,CSN,CSN_12482
,-33.949433,-72.429512,22.6288,3.0,,CSN,CSN_12484
,-33.945894,-72.459113,54.9488,3.4,,CSN,CSN_12485
,-33.908317,-72.439092,59.2461,3.4,,CSN,CSN_12486
,-33.951336,-72.37667,19.3841,3.4,,CSN,CSN_12489
,-33.958009,-72.345612,19.7452,3.7,,CSN,CSN_12490
,-33.942031,-72.228561,4.4185,3.7,,CSN,CSN_12491
,-33.949565,-72.345996,10.068,3.7,,CSN,CSN_12492
,-33.925039,-72.214099,1.745,4.6,,CSN,CSN_12493
,-33.934001,-72.436237,33.0315,4.6,,CSN,CSN_12494
,-33.961495,-72.324477,21.0824,4.7,,CSN,CSN_12495
,-33.943642,-72.166346,0.3446,4.7,,CSN,CSN_12496
,-33.965443,-72.41724,52.8107,4.2,,CSN,CSN_12499
,-33.955917,-72.425018,46.6132,3.7,,CSN,CSN_12500
,-33.96241,-72.368434,48.1618,3.7,,CSN,CSN_12501
,-33.944603,-72.468271,50.4934,3.5,,CSN,CSN_12502
,-33.957244,-72.339055,20.7694,3.3,,CSN,CSN_12505
,-33.989199,-72.325947,16.4622,3.3,,CSN,CSN_12506
,-34.046375,-72.319408,11.5864,3.3,,CSN,CSN_12508
,-33.945399,-72.272677,64.0921,3.1,,CSN,CSN_12509
,-33.936233,-72.22252,24.7997,3.5,,CSN,CSN_12511
,-33.93065,-72.182521,27.5175,3.5,,CSN,CSN_12512
,-34.764429,-72.031579,38.7447,3.0,,CSN,CSN_12518
,-33.945814,-72.364224,19.0647,3.8,,CSN,CSN_12521
,-33.992291,-72.358955,17.4501,3.8,,CSN,CSN_12522
,-33.969502,-72.434622,23.4433,3.5,,CSN,CSN_12523
,-33.931903,-72.36121,21.8252,3.5,,CSN,CSN_12524
,-33.939611,-72.415248,9.7544,4.9,,CSN,CSN_12525
,-33.983726,-72.391714,14.4249,4.9,,CSN,CSN_12526
,-33.997308,-72.366835,15.9018,3.3,,CSN,CSN_12529
,-33.983897,-72.2885,1.636,5.3,,CSN,CSN_12535
,-33.990018,-72.226649,4.948,3.0,,CSN,CSN_12536
,-33.927834,-72.346401,17.7425,3.1,,CSN,CSN_12539
,-33.984734,-72.358626,19.3667,3.1,,CSN,CSN_12540
,-34.819418,-71.85863,24.5864,3.9,,CSN,CSN_12542
,-33.984703,-72.403386,13.1511,3.2,,CSN,CSN_12543
,-34.005614,-72.366509,12.7877,3.0,,CSN,CSN_12544
,-33.943824,-72.380453,13.4868,3.3,,CSN,CSN_12547
,-34.000397,-72.370956,16.1868,3.3,,CSN,CSN_12548
,-33.990096,-72.347716,17.5167,3.1,,CSN,CSN_12549
,-33.977917,-72.379287,29.2887,3.1,,CSN,CSN_12550
,-33.988447,-72.353998,17.0029,3.4,,CSN,CSN_12552
,-33.961654,-72.337237,15.9393,5.1,,CSN,CSN_12556
,-34.001926,-72.322362,19.3238,5.1,,CSN,CSN_12557
,-34.024753,-72.32343,33.6031,3.4,,CSN,CSN_12560
,-34.01663,-72.452475,28.4238,3.0,,CSN,CSN_12561
,-33.984342,-72.268456,8.6049,5.5,,CSN,CSN_12562
,-33.979961,-72.243058,5.5783,5.5,,CSN,CSN_12563
,-33.964566,-72.355206,57.3292,3.0,,CSN,CSN_12564
,-34.014125,-72.304883,27.1315,4.1,,CSN,CSN_12570
,-34.039815,-72.306271,15.9715,5.2,,CSN,CSN_12571
,-34.021772,-72.322628,16.8227,4.1,,CSN,CSN_12572
,-33.951561,-72.134037,0.7856,3.4,,CSN,CSN_12573
,-33.960662,-72.276186,22.6886,3.4,,CSN,CSN_12574
,-34.027349,-72.099791,0.1599,3.2,,CSN,CSN_12576
,-33.965442,-72.270048,12.3587,3.2,,CSN,CSN_12577
,-34.030285,-72.324393,23.951,3.2,,CSN,CSN_12578
,-34.028955,-72.290692,13.2121,3.4,,CSN,CSN_12579
,-34.013959,-72.404064,20.6717,3.2,,CSN,CSN_12580
,-33.97931,-72.354712,20.8777,3.2,,CSN,CSN_12581
,-33.917367,-72.409482,44.3984,3.0,,CSN,CSN_12585
,-33.906409,-72.258059,28.1136,3.0,,CSN,CSN_12586
,-33.958476,-72.415674,12.9419,3.5,,CSN,CSN_12590
,-33.993276,-72.45007,17.4035,3.5,,CSN,CSN_12591
,-34.284198,-72.414799,16.2887,3.8,,CSN,CSN_12594
,-34.3015,-72.409628,20.5533,3.7,,CSN,CSN_12595
,-34.825782,-71.705585,50.3369,3.3,,CSN,CSN_12599
,-34.767599,-71.794984,47.419,3.2,,CSN,CSN_12604
,-33.693837,-72.063306,21.8508,3.4,,CSN,CSN_12606
,-34.424417,-72.053998,58.2919,3.6,,CSN,CSN_12607
,-34.846546,-71.772821,55.3158,3.1,,CSN,CSN_12608
,-34.828043,-71.790259,53.0745,3.3,,CSN,CSN_12609
,-33.616229,-72.112669,24.7254,3.2,,CSN,CSN_12611
,-34.82432,-71.779864,47.2755,3.3,,CSN,CSN_12614
,-34.781933,-71.687241,48.4046,4.7,,CSN,CSN_12615
,-34.330986,-72.371676,15.3459,3.0,,CSN,CSN_12616
,-33.900607,-72.435148,21.4941,3.2,,CSN,CSN_12618
,-33.887901,-72.407236,28.5561,3.2,,CSN,CSN_12619
,-34.427485,-72.022685,41.133,3.1,,CSN,CSN_12620
,-34.258277,-72.403385,62.4067,3.3,,CSN,CSN_12621
,-34.867468,-71.881583,46.1276,3.9,,CSN,CSN_12622
,-34.783084,-71.84757,51.1603,3.4,,CSN,CSN_12623
,-33.612946,-72.113506,22.2724,3.8,,CSN,CSN_12624
,-34.761796,-71.878701,44.8551,3.7,,CSN,CSN_12626
,-34.665715,-71.818483,39.1382,3.4,,CSN,CSN_12627
,-34.783346,-72.006548,30.527,3.5,,CSN,CSN_12628
,-34.414025,-72.080081,60.3042,3.1,,CSN,CSN_12630
,-34.802343,-71.821789,51.0276,3.9,,CSN,CSN_12631
,-33.990973,-72.220821,17.0044,3.8,,CSN,CSN_12634
,-34.788855,-71.739962,46.0809,3.1,,CSN,CSN_12636
,-33.880358,-72.441802,2.4589,3.0,,CSN,CSN_12637
,-33.738091,-72.129789,14.8335,3.7,,CSN,CSN_12640
,-33.667757,-72.114727,8.464,3.7,,CSN,CSN_12641
,-34.890782,-71.789649,59.5863,4.0,,CSN,CSN_12642
,-34.416551,-72.076263,55.0775,3.1,,CSN,CSN_12643
,-34.134407,-72.171867,38.9684,3.3,,CSN,CSN_12644
,-34.310904,-72.006821,6.2386,3.9,,CSN,CSN_12646
,-34.152117,-72.328436,22.8579,3.1,,CSN,CSN_12648
,-34.2568,-72.38949,37.9641,3.7,,CSN,CSN_12649
,-34.366151,-72.315048,46.0794,3.8,,CSN,CSN_12650
,-34.141335,-72.249109,24.2021,3.0,,CSN,CSN_12651
,-33.528733,-72.12227,26.9856,3.3,,CSN,CSN_12652
,-34.318658,-72.077676,35.1678,3.2,,CSN,CSN_12653
,-33.858532,-72.191338,19.0478,3.5,,CSN,CSN_12654
,-33.827503,-72.199584,14.5842,3.5,,CSN,CSN_12655
,-34.044995,-72.276786,44.9922,3.5,,CSN,CSN_12656
,-34.001392,-72.150731,0.1963,3.5,,CSN,CSN_12659
,-33.903278,-72.393996,10.7268,4.4,,CSN,CSN_12660
,-33.926348,-72.333826,14.5724,3.2,,CSN,CSN_12661
,-34.055201,-72.336141,32.0021,3.4,,CSN,CSN_12662
,-34.181493,-72.396576,58.2002,3.0,,CSN,CSN_12663
,-33.907674,-72.26211,4.4089,3.4,,CSN,CSN_12664
,-33.946636,-72.314132,17.3174,3.4,,CSN,CSN_12665
,-33.974534,-72.247049,3.335,3.1,,CSN,CSN_12666
,-34.823583,-71.954399,55.5184,3.4,,CSN,CSN_12667
,-33.973817,-72.342126,25.0464,3.2,,CSN,CSN_12669
,-33.971033,-72.339496,18.6122,3.2,,CSN,CSN_12670
,-33.998806,-72.338241,22.781,3.0,,CSN,CSN_12672
,-34.028487,-72.323749,29.7296,3.1,,CSN,CSN_12673
,-33.966559,-72.304437,18.9363,3.0,,CSN,CSN_12674
,-34.507176,-71.960392,15.7369,3.2,,CSN,CSN_12675
,-33.953086,-72.375138,26.4346,3.0,,CSN,CSN_12676
,-34.276638,-72.150539,18.0609,3.1,,CSN,CSN_12678
,-34.802154,-71.760267,49.5211,3.2,,CSN,CSN_12679
,-33.963262,-72.478122,16.7462,3.0,,CSN,CSN_12680
,-34.315294,-72.234117,37.5877,3.3,,CSN,CSN_12683
,-34.308347,-72.380205,37.4141,3.3,,CSN,CSN_12684
,-34.256677,-72.260571,31.7459,3.0,,CSN,CSN_12685
,-34.786525,-71.654297,41.7419,3.0,,CSN,CSN_12686
,-34.210581,-72.404215,21.7063,3.2,,CSN,CSN_12688
,-34.693666,-71.82217,-0.2432,3.0,,CSN,CSN_12689
,-34.582175,-72.002552,32.353,3.1,,CSN,CSN_12690
,-34.22572,-72.238431,34.6302,3.0,,CSN,CSN_12691
,-34.789194,-71.743594,47.557,3.4,,CSN,CSN_12692
,-34.026774,-72.181223,35.9915,3.3,,CSN,CSN_12693
,-34.739713,-71.796079,58.7771,3.2,,CSN,CSN_12697
,-34.607661,-71.896031,57.9869,4.6,,CSN,CSN_12698
,-34.781011,-71.796881,50.1191,3.0,,CSN,CSN_12699
,-34.920453,-71.843791,62.148,3.5,,CSN,CSN_12700
,-34.659421,-71.766427,46.1775,3.1,,CSN,CSN_12701
,-34.330866,-72.107923,38.0843,3.1,,CSN,CSN_12704
,-34.784974,-71.774843,46.1035,3.3,,CSN,CSN_12707
,-34.720704,-71.718487,39.2288,3.3,,CSN,CSN_12708
,-33.658393,-72.016398,10.7478,3.3,,CSN,CSN_12712
,-34.520101,-72.241553,58.0051,3.2,,CSN,CSN_12713
,-33.571269,-71.960056,22.8555,4.1,,CSN,CSN_12716
,-34.778907,-71.878763,47.2789,3.6,,CSN,CSN_12717
,-34.850564,-71.850191,59.7052,4.8,,CSN,CSN_12718
,-33.8275,-72.06422,0.3401,3.5,,CSN,CSN_12720
,-34.908882,-71.752983,52.713,3.7,,CSN,CSN_12721
,-34.20449,-72.157723,1.9061,3.6,,CSN,CSN_12724
,-34.507867,-72.181475,0.2357,3.0,,CSN,CSN_12725
,-34.427007,-72.002988,32.5065,3.6,,CSN,CSN_12726
,-34.395143,-72.065797,21.2277,3.1,,CSN,CSN_12727
,-34.750829,-71.779844,45.3458,3.0,,CSN,CSN_12728
,-34.856957,-71.775618,47.5181,3.3,,CSN,CSN_12729
,-34.680425,-71.879497,38.4301,4.3,,CSN,CSN_12730
,-34.358529,-72.257632,58.3832,3.2,,CSN,CSN_12731
,-34.791145,-71.88841,31.3236,4.6,,CSN,CSN_12732
,-34.460892,-72.154156,30.4295,4.0,,CSN,CSN_12733
,-34.439952,-71.972053,53.5919,3.5,,CSN,CSN_12735
,-34.277445,-72.434101,23.0792,3.3,,CSN,CSN_12736
,-34.769984,-71.803156,43.6801,3.2,,CSN,CSN_12737
,-34.819204,-71.748021,46.1469,3.2,,CSN,CSN_12739
,-34.758588,-71.699779,45.5102,3.3,,CSN,CSN_12740
,-34.714577,-72.128657,18.9621,4.1,,CSN,CSN_12742
,-33.643134,-72.069384,23.9354,3.5,,CSN,CSN_12744
,-34.727712,-71.913682,43.4907,3.1,,CSN,CSN_12745
,-34.72548,-71.77701,43.3581,3.7,,CSN,CSN_12748
,-34.794598,-71.811276,51.0899,3.9,,CSN,CSN_12749
,-34.846011,-71.641051,43.2327,3.0,,CSN,CSN_12750
,-34.687638,-71.799144,45.0188,3.5,,CSN,CSN_12751
,-33.912205,-72.488399,19.9137,3.2,,CSN,CSN_12752
,-34.845806,-71.753176,47.0103,3.1,,CSN,CSN_12753
,-33.50552,-72.019504,34.6875,4.3,,CSN,CSN_12754
,-34.691734,-71.761225,41.2656,3.1,,CSN,CSN_12755
,-33.955838,-72.497168,37.6056,3.0,,CSN,CSN_12758
,-33.976958,-72.37711,18.1447,3.5,,CSN,CSN_12759
,-34.68786,-71.8318,27.3081,3.0,,CSN,CSN_12760
,-34.782184,-71.973434,24.6783,3.0,,CSN,CSN_12765
,-33.568909,-72.065703,35.1522,3.1,,CSN,CSN_12766
,-34.718246,-71.761719,38.6477,3.2,,CSN,CSN_12768
,-34.015405,-72.09478,2.8963,3.1,,CSN,CSN_12770
,-33.887,-72.198456,26.1313,3.0,,CSN,CSN_12771
,-33.874964,-72.136664,22.3245,3.0,,CSN,CSN_12772
,-34.702003,-72.046919,48.1897,3.8,,CSN,CSN_12773
,-34.778995,-71.845959,46.7733,4.1,,CSN,CSN_12775
,-33.868936,-72.1933,38.0887,3.0,,CSN,CSN_12776
,-33.861666,-72.111828,29.6525,3.0,,CSN,CSN_12777
,-34.404606,-71.986669,26.7135,3.9,,CSN,CSN_12782
,-34.702584,-71.786361,41.9547,3.1,,CSN,CSN_12783
,-34.697071,-71.887074,34.0589,3.0,,CSN,CSN_12784
,-33.822165,-72.27363,48.0132,3.0,,CSN,CSN_12788
,-34.437325,-72.093374,39.7429,4.0,,CSN,CSN_12794
,-34.807292,-71.740407,52.273,3.5,,CSN,CSN_12796
,-33.874753,-72.134915,22.1198,3.3,,CSN,CSN_12797
,-34.508901,-72.153392,55.7444,3.0,,CSN,CSN_12799
,-34.246198,-72.305224,11.1932,3.2,,CSN,CSN_12800
,-34.282085,-72.384219,17.5312,3.0,,CSN,CSN_12801
,-34.527844,-72.078565,52.2724,3.1,,CSN,CSN_12802
,-34.478351,-72.007118,34.9518,3.4,,CSN,CSN_12805
,-34.742694,-71.903573,39.7772,3.2,,CSN,CSN_12806
,-33.947359,-72.4869,3.0525,4.6,,CSN,CSN_12807
,-33.922453,-72.511215,22.4429,4.8,,CSN,CSN_12808
,-33.888674,-72.483886,18.1042,4.0,,CSN,CSN_12809
,-34.277031,-72.449685,6.6928,3.3,,CSN,CSN_12811
,-34.760511,-71.812378,47.6228,3.2,,CSN,CSN_12812
,-34.742864,-71.770066,42.6575,3.1,,CSN,CSN_12813
,-33.731576,-72.077803,31.0443,3.1,,CSN,CSN_12817
,-34.621491,-71.817615,29.2866,3.3,,CSN,CSN_12818
,-33.813923,-72.195675,55.4159,3.2,,CSN,CSN_12821
,-33.833066,-72.031015,8.5899,3.2,,CSN,CSN_12822
,-34.801554,-71.736738,51.2215,4.4,,CSN,CSN_12824
,-33.629142,-71.947526,8.6259,4.3,,CSN,CSN_12825
,-33.534181,-71.986547,26.1859,3.1,,CSN,CSN_12826
,-34.657796,-72.159478,27.1089,3.3,,CSN,CSN_12827
,-34.826147,-71.636873,52.7611,3.9,,CSN,CSN_12829
,-33.609264,-71.981001,27.479,4.0,,CSN,CSN_12830
,-33.977587,-72.18378,6.2288,3.9,,CSN,CSN_12831
,-34.794793,-71.84052,45.218,3.3,,CSN,CSN_12832
,-33.745351,-72.230734,20.3283,3.6,,CSN,CSN_12835
,-34.85183,-71.763897,48.5133,5.1,,CSN,CSN_12837
,-34.069427,-72.26638,30.4475,3.9,,CSN,CSN_12838
,-33.736883,-72.06613,25.1872,3.2,,CSN,CSN_12839
,-34.750209,-71.79052,48.2003,3.4,,CSN,CSN_12841
,-33.622285,-72.117692,27.4831,5.4,,CSN,CSN_12842
,-33.620445,-72.014639,7.7832,4.4,,CSN,CSN_12843
,-33.64265,-72.000919,15.8007,4.4,,CSN,CSN_12844
,-33.600307,-72.052088,15.7773,3.8,,CSN,CSN_12845
,-33.655909,-72.082059,26.3841,3.1,,CSN,CSN_12846
,-33.651003,-72.003168,4.9711,3.5,,CSN,CSN_12847
,-33.669702,-72.075088,16.4406,3.1,,CSN,CSN_12848
,-33.698021,-72.004374,9.3167,3.6,,CSN,CSN_12849
,-33.661233,-72.044123,24.3932,3.1,,CSN,CSN_12851
,-33.616455,-72.05562,14.6957,3.3,,CSN,CSN_12852
,-33.628812,-72.037755,9.6085,3.3,,CSN,CSN_12853
,-33.640635,-72.059846,22.5258,3.1,,CSN,CSN_12856
,-33.652918,-72.053557,25.6204,3.2,,CSN,CSN_12857
,-33.703509,-72.079503,8.5343,3.6,,CSN,CSN_12860
,-33.682812,-72.027834,11.6213,3.5,,CSN,CSN_12861
,-33.673586,-72.032585,10.45,3.3,,CSN,CSN_12863
,-33.66703,-72.056048,29.2454,3.0,,CSN,CSN_12864
,-33.66691,-72.044044,3.8518,3.2,,CSN,CSN_12865
,-33.676427,-72.065285,21.4576,3.5,,CSN,CSN_12867
,-33.685346,-72.058941,24.5179,3.4,,CSN,CSN_12868
,-34.775316,-71.782989,44.6805,3.7,,CSN,CSN_12874
,-33.610525,-72.055288,27.8848,3.1,,CSN,CSN_12875
,-33.642696,-72.083692,18.8873,3.0,,CSN,CSN_12876
,-34.755171,-71.708067,46.9514,5.2,,CSN,CSN_12878
,-34.770226,-71.801607,46.6007,3.1,,CSN,CSN_12880
,-34.317273,-72.114362,31.8756,3.3,,CSN,CSN_12885
,-34.485483,-72.007649,59.5903,3.6,,CSN,CSN_12886
,-33.663341,-72.026365,29.7301,3.1,,CSN,CSN_12888
,-33.873711,-72.495716,13.2233,3.4,,CSN,CSN_12889
,-33.960507,-72.35527,22.1963,3.5,,CSN,CSN_12891
,-33.945784,-72.339578,30.4885,3.5,,CSN,CSN_12892
,-33.643833,-72.062806,24.0647,3.0,,CSN,CSN_12893
,-33.652923,-72.005382,31.075,3.4,,CSN,CSN_12895
,-34.86648,-71.815276,50.815,3.9,,CSN,CSN_12898
,-34.00154,-72.375864,13.7417,3.5,,CSN,CSN_12899
,-34.05256,-72.323949,22.53,3.3,,CSN,CSN_12900
,-34.0267,-72.375616,18.8648,3.3,,CSN,CSN_12901
,-34.768688,-71.775394,47.0283,3.8,,CSN,CSN_12904
,-33.693902,-72.033684,26.8948,3.8,,CSN,CSN_12905
,-34.141496,-72.403984,18.3757,3.2,,CSN,CSN_12907
,-34.81099,-71.765219,47.7245,3.1,,CSN,CSN_12908
,-34.756131,-71.787813,45.9245,3.8,,CSN,CSN_12909
,-34.739487,-71.699162,48.1125,4.8,,CSN,CSN_12910
,-33.958961,-72.042876,29.6538,3.2,,CSN,CSN_12911
,-33.950944,-72.114307,15.1574,3.0,,CSN,CSN_12912
,-33.737476,-71.985366,9.2425,3.1,,CSN,CSN_12913
,-34.660311,-72.02495,14.3831,3.0,,CSN,CSN_12914
,-33.752175,-72.09054,27.5527,4.5,,CSN,CSN_12917
,-34.117134,-72.410923,17.9942,3.6,,CSN,CSN_12920
,-34.714494,-71.699711,36.5625,3.1,,CSN,CSN_12921
,-34.720681,-71.732095,50.1664,3.4,,CSN,CSN_12922
,-34.180494,-72.363736,14.9148,3.5,,CSN,CSN_12923
,-34.280012,-72.405652,15.869,3.8,,CSN,CSN_12924
,-33.903628,-72.380586,23.71,5.0,,CSN,CSN_12925
,-34.786317,-71.820191,46.9208,5.0,,CSN,CSN_12926
,-34.788741,-71.663074,46.6471,3.5,,CSN,CSN_12927
,-33.903098,-72.491559,20.9894,4.6,,CSN,CSN_12928
,-33.894949,-72.473874,30.8804,4.6,,CSN,CSN_12929
,-33.887229,-72.444741,19.3162,4.0,,CSN,CSN_12930
,-34.782656,-71.796834,45.3822,3.4,,CSN,CSN_12931
,-33.851943,-72.1191,28.7223,3.4,,CSN,CSN_12933
,-34.681705,-71.867233,8.3674,3.0,,CSN,CSN_12934
,-34.759208,-72.062909,16.018,3.2,,CSN,CSN_12935
,-34.699811,-71.816257,44.8908,4.4,,CSN,CSN_12936
,-34.778976,-71.7201,47.6954,3.2,,CSN,CSN_12937
,-34.77777,-71.712262,52.4747,3.1,,CSN,CSN_12939
,-33.743417,-72.236151,19.4464,4.8,,CSN,CSN_12940
,-34.660315,-71.834068,33.592,3.2,,CSN,CSN_12941
,-34.822608,-71.748708,46.4831,3.1,,CSN,CSN_12942
,-33.580806,-72.051757,26.5823,4.3,,CSN,CSN_12943
,-34.814816,-71.7806,48.1639,3.6,,CSN,CSN_12947
,-34.526273,-71.887399,13.692,3.1,,CSN,CSN_12948
,-34.719416,-72.133289,1.5319,3.0,,CSN,CSN_12949
,-33.85561,-72.027783,41.0582,3.8,,CSN,CSN_12950
,-33.642425,-71.950043,2.6129,3.3,,CSN,CSN_12952
,-34.917107,-71.807954,54.9427,3.0,,CSN,CSN_12953
,-33.694756,-72.079952,21.6197,3.1,,CSN,CSN_12954
,-33.945304,-72.278083,22.626,3.3,,CSN,CSN_12956
,-33.919179,-72.528555,19.9195,3.3,,CSN,CSN_12957
,-34.601044,-71.874476,19.7583,3.3,,CSN,CSN_12958
,-34.858432,-71.694564,50.4824,3.1,,CSN,CSN_12959
,-34.755235,-71.840933,45.8321,4.0,,CSN,CSN_12961
,-33.698953,-72.100498,25.099,4.9,,CSN,CSN_12962
,-33.666494,-72.08454,24.2138,3.2,,CSN,CSN_12963
,-33.679463,-72.10519,24.5449,4.2,,CSN,CSN_12964
,-34.007281,-72.227593,20.4788,3.0,,CSN,CSN_12967
,-34.002582,-72.406667,23.2587,3.6,,CSN,CSN_12968
,-33.969951,-72.333585,23.1176,3.6,,CSN,CSN_12969
,-34.012051,-72.333288,17.0215,3.1,,CSN,CSN_12975
,-34.796372,-71.86458,45.2862,3.9,,CSN,CSN_12976
,-34.034638,-72.445728,23.8392,3.4,,CSN,CSN_12977
,-33.965675,-72.373919,24.9583,3.4,,CSN,CSN_12978
,-34.010241,-72.361443,18.7809,5.0,,CSN,CSN_12979
,-33.982322,-72.383224,15.4461,3.5,,CSN,CSN_12980
,-33.993834,-72.29796,24.9171,3.9,,CSN,CSN_12981
,-33.987272,-72.330381,20.5845,4.2,,CSN,CSN_12982
,-34.011107,-72.349267,18.1592,3.8,,CSN,CSN_12983
,-33.99294,-72.344178,15.1219,4.4,,CSN,CSN_12984
,-33.986075,-72.290145,18.7543,3.9,,CSN,CSN_12985
,-33.978548,-72.354194,26.0549,4.7,,CSN,CSN_12986
,-33.927447,-72.302689,14.4874,3.2,,CSN,CSN_12987
,-34.001485,-72.320282,22.0991,3.2,,CSN,CSN_12988
,-34.047279,-72.267619,26.1217,4.5,,CSN,CSN_12989
,-34.038235,-72.309954,21.5749,3.4,,CSN,CSN_12990
,-34.677836,-72.181505,16.787,3.0,,CSN,CSN_12991
,-34.50408,-72.041778,2.8207,3.2,,CSN,CSN_12992
,-34.301345,-72.344249,22.5191,3.3,,CSN,CSN_12993
,-33.999816,-72.359631,22.3389,3.9,,CSN,CSN_12994
,-33.966399,-72.340346,29.4186,3.9,,CSN,CSN_12995
,-34.01116,-72.369252,24.0622,3.5,,CSN,CSN_12996
,-33.962527,-72.328568,25.9866,3.5,,CSN,CSN_12997
,-33.98402,-72.301881,22.1298,3.1,,CSN,CSN_13000
,-33.909429,-72.283355,21.452,3.1,,CSN,CSN_13001
,-34.382369,-71.990415,5.4438,3.1,,CSN,CSN_13002
,-34.780618,-72.092532,6.6171,3.4,,CSN,CSN_13003
,-34.749616,-71.756543,46.9294,3.8,,CSN,CSN_13004
,-34.331777,-72.015134,30.4676,3.4,,CSN,CSN_13005
,-33.604619,-72.005391,27.1874,3.8,,CSN,CSN_13006
,-33.623376,-72.041872,12.5651,4.2,,CSN,CSN_13007
,-33.626507,-72.044399,18.7814,3.5,,CSN,CSN_13008
,-34.541018,-71.907718,4.8019,3.4,,CSN,CSN_13009
,-33.664177,-72.06807,24.5438,3.0,,CSN,CSN_13010
,-34.812807,-71.749678,48.0794,3.0,,CSN,CSN_13012
,-33.613059,-72.029289,26.8499,3.1,,CSN,CSN_13013
,-34.367228,-72.363843,25.4231,3.2,,CSN,CSN_13015
,-33.983229,-72.434817,20.7125,3.6,,CSN,CSN_13016
,-33.938142,-72.393583,29.5437,3.6,,CSN,CSN_13017
,-33.96258,-72.425068,19.8577,3.1,,CSN,CSN_13018
,-33.931049,-72.404417,29.1835,3.1,,CSN,CSN_13019
,-33.96321,-72.414733,29.882,3.5,,CSN,CSN_13020
,-33.972155,-72.450633,23.0589,3.5,,CSN,CSN_13021
,-33.957046,-72.429914,24.49,3.1,,CSN,CSN_13022
,-33.932244,-72.419784,23.1887,3.6,,CSN,CSN_13023
,-34.841785,-71.776845,45.9822,3.6,,CSN,CSN_13024
,-34.261613,-72.371973,20.5749,3.9,,CSN,CSN_13026
,-33.503835,-72.037802,24.962,3.0,,CSN,CSN_13027
,-33.929956,-72.224331,21.904,3.1,,CSN,CSN_13030
,-34.736837,-71.747112,47.2318,3.0,,CSN,CSN_13032
,-34.226043,-72.257785,16.9358,3.1,,CSN,CSN_13035
,-34.037086,-72.517072,40.2779,3.3,,CSN,CSN_13037
,-33.96576,-72.467284,27.2794,3.3,,CSN,CSN_13038
,-33.988472,-72.453171,18.701,3.3,,CSN,CSN_13039
,-33.981104,-72.481542,15.7295,3.1,,CSN,CSN_13040
,-33.949007,-72.489585,23.4829,3.1,,CSN,CSN_13041
,-34.798573,-71.83358,47.2734,4.0,,CSN,CSN_13042
,-34.190561,-72.393413,23.6325,4.7,,CSN,CSN_13043
,-34.206915,-72.346604,27.1378,4.6,,CSN,CSN_13044
,-34.237205,-72.221544,33.6146,3.7,,CSN,CSN_13045
,-34.597925,-72.034644,41.7221,3.3,,CSN,CSN_13046
,-34.160091,-72.330546,21.9941,3.4,,CSN,CSN_13048
,-34.009437,-72.284685,12.2005,3.0,,CSN,CSN_13050
,-34.763716,-71.796876,48.0114,5.2,,CSN,CSN_13053
,-34.343345,-72.084596,24.5811,3.3,,CSN,CSN_13059
,-34.757409,-71.849075,44.9208,3.4,,CSN,CSN_13061
,-34.696658,-71.805032,45.9356,3.4,,CSN,CSN_13062
,-33.629953,-72.015483,23.6535,3.0,,CSN,CSN_13063
,-34.373341,-72.006916,4.7241,3.3,,CSN,CSN_13065
,-34.812866,-71.76787,48.1117,3.7,,CSN,CSN_13068
,-33.876806,-72.107236,23.2383,3.0,,CSN,CSN_13069
,-34.765422,-71.782558,48.7309,3.3,,CSN,CSN_13070
,-34.512928,-71.946375,14.6808,3.0,,CSN,CSN_13071
,-33.834942,-72.15329,25.0989,3.1,,CSN,CSN_13072
,-34.6984,-71.76664,40.1082,3.6,,CSN,CSN_13073
,-33.760919,-72.064683,25.5325,3.4,,CSN,CSN_13074
,-33.654903,-71.991731,27.4992,3.2,,CSN,CSN_13075
,-33.578748,-72.06001,23.5586,3.2,,CSN,CSN_13076
,-34.832593,-71.743493,46.0781,3.3,,CSN,CSN_13077
,-34.335112,-72.485522,25.7291,3.6,,CSN,CSN_13079
,-33.796828,-72.085713,22.5457,3.0,,CSN,CSN_13086
,-34.725265,-71.964478,44.4524,3.1,,CSN,CSN_13091
,-34.258594,-72.282135,23.9011,3.0,,CSN,CSN_13092
,-34.516581,-72.049994,27.4264,3.1,,CSN,CSN_13094
,-34.882894,-71.789722,42.2005,4.8,,CSN,CSN_13095
,-34.072295,-72.49316,15.6946,3.0,,CSN,CSN_13097
,-33.58948,-72.046408,24.1726,3.1,,CSN,CSN_13101
,-33.630183,-72.025328,26.8025,3.8,,CSN,CSN_13102
,-33.634122,-72.03061,27.2566,3.5,,CSN,CSN_13107
,-33.753796,-72.056527,26.7604,3.0,,CSN,CSN_13108
,-33.895875,-72.493308,19.5245,5.1,,CSN,CSN_13110
,-34.781382,-71.770643,45.344,3.8,,CSN,CSN_13115
,-33.881307,-72.478637,19.9312,3.3,,CSN,CSN_13116
,-34.753309,-71.761106,47.9507,3.3,,CSN,CSN_13117
,-34.483336,-71.911127,46.8353,3.2,,CSN,CSN_13120
,-33.781489,-72.144251,15.1724,3.1,,CSN,CSN_13121
,-34.248677,-72.260006,26.6037,3.2,,CSN,CSN_13122
,-34.780906,-71.774122,44.1877,3.9,,CSN,CSN_13123
,-33.850991,-72.21516,25.6179,4.2,,CSN,CSN_13125
,-33.834614,-72.183651,33.1689,4.2,,CSN,CSN_13126
,-34.736244,-71.797995,45.4459,3.5,,CSN,CSN_13128
,-33.952533,-72.475154,26.2329,3.6,,CSN,CSN_13129
,-33.970473,-72.468013,18.7504,3.6,,CSN,CSN_13130
,-33.760224,-72.065014,25.9535,3.5,,CSN,CSN_13141
,-33.768831,-72.099538,25.3078,4.0,,CSN,CSN_13143
,-33.754791,-72.084506,24.1727,3.1,,CSN,CSN_13144
,-34.102493,-72.475823,15.2565,3.3,,CSN,CSN_13145
,-34.089293,-72.429277,19.317,4.3,,CSN,CSN_13149
,-34.118938,-72.356556,64.1337,3.2,,CSN,CSN_13151
,-34.08151,-72.41568,22.6738,3.1,,CSN,CSN_13152
,-33.861044,-72.382924,23.3675,3.2,,CSN,CSN_13153
,-34.780339,-71.744157,48.1505,3.4,,CSN,CSN_13154
,-34.115555,-72.409332,19.674,3.7,,CSN,CSN_13155
,-34.788274,-71.692978,52.3178,4.4,,CSN,CSN_13156
,-34.704636,-71.80981,46.831,4.0,,CSN,CSN_13160
,-33.874977,-72.080023,30.3067,3.2,,CSN,CSN_13161
,-34.762076,-71.751722,43.0561,3.3,,CSN,CSN_13162
,-33.939611,-72.146734,25.4892,3.4,,CSN,CSN_13164
,-34.116475,-72.379491,24.4762,3.0,,CSN,CSN_13167
,-34.115225,-72.398582,24.6256,3.6,,CSN,CSN_13168
,-33.922331,-72.119067,29.1684,3.0,,CSN,CSN_13169
,-34.113602,-72.367879,20.8203,3.3,,CSN,CSN_13170
,-34.112344,-72.399661,27.4498,3.5,,CSN,CSN_13173
,-33.875486,-72.120236,28.6603,3.3,,CSN,CSN_13175
,-34.183844,-72.334437,63.0831,3.9,,CSN,CSN_13179
,-34.162182,-72.39395,20.9691,3.1,,CSN,CSN_13182
,-34.200272,-72.374167,24.2486,3.0,,CSN,CSN_13183
,-34.698879,-72.03763,15.397,3.4,,CSN,CSN_13185
,-34.296747,-72.348954,28.7099,3.2,,CSN,CSN_13186
,-34.032955,-72.316199,7.5328,3.6,,CSN,CSN_13190
,-34.021272,-72.260557,22.5361,3.6,,CSN,CSN_13191
,-34.629547,-71.841013,21.5175,3.4,,CSN,CSN_13193
,-34.693955,-72.119927,55.0064,3.3,,CSN,CSN_13194
,-34.809164,-71.763419,47.2967,3.3,,CSN,CSN_13195
,-33.870962,-72.509676,21.6727,3.5,,CSN,CSN_13196
,-34.363235,-72.408612,27.2533,4.0,,CSN,CSN_13198
,-34.369541,-72.426741,17.1881,3.0,,CSN,CSN_13199
,-34.748313,-71.841335,43.1035,3.4,,CSN,CSN_13200
,-34.4689,-71.971883,28.6313,3.1,,CSN,CSN_13201
,-34.016797,-72.332014,20.2519,3.1,,CSN,CSN_13209
,-34.711219,-71.7979,43.134,3.3,,CSN,CSN_13212
,-34.808277,-71.797742,46.235,3.4,,CSN,CSN_13215
,-34.802968,-71.827107,44.2088,4.3,,CSN,CSN_13217
,-33.818031,-72.097669,26.9685,3.8,,CSN,CSN_13222
,-33.801964,-72.085574,24.8281,3.7,,CSN,CSN_13229
,-33.792744,-72.094657,27.9793,3.5,,CSN,CSN_13230
,-34.594501,-71.921329,17.853,3.6,,CSN,CSN_13231
,-33.745593,-72.062046,27.7634,4.0,,CSN,CSN_13239
,-33.740243,-72.066661,26.7134,3.0,,CSN,CSN_13240
,-33.737922,-72.069803,25.889,3.2,,CSN,CSN_13241
,-33.743163,-72.064061,25.563,3.0,,CSN,CSN_13242
,-33.745323,-72.050749,26.4129,3.0,,CSN,CSN_13243
,-34.021208,-72.3223,23.759,3.5,,CSN,CSN_13244
,-33.972886,-72.296701,27.1962,3.5,,CSN,CSN_13245
,-34.021997,-72.350421,21.8629,3.5,,CSN,CSN_13246
,-34.03831,-72.325717,30.3769,3.3,,CSN,CSN_13247
,-33.975884,-72.30486,27.2018,3.3,,CSN,CSN_13248
,-33.729265,-72.04213,26.4836,3.6,,CSN,CSN_13250
,-34.719072,-71.767664,47.9854,3.2,,CSN,CSN_13257
,-34.831432,-71.821114,51.2322,3.0,,CSN,CSN_13259
,-34.498065,-72.057939,22.7102,3.0,,CSN,CSN_13260
,-34.802036,-71.824491,47.3322,3.2,,CSN,CSN_13265
,-34.79992,-71.827657,42.5894,3.1,,CSN,CSN_13266
,-34.002248,-72.307331,22.2918,3.1,,CSN,CSN_13267
,-33.821988,-72.199306,21.2619,3.1,,CSN,CSN_13269
,-34.272162,-72.222242,28.5564,3.6,,CSN,CSN_13270
,-34.706666,-71.778672,43.6074,3.8,,CSN,CSN_13271
,-34.753431,-71.745741,44.9755,3.8,,CSN,CSN_13272
,-34.781312,-71.887833,2.3285,3.0,,CSN,CSN_13273
,-33.841086,-72.09802,27.3723,3.0,,CSN,CSN_13278
,-34.01115,-72.344753,21.131,3.0,,CSN,CSN_13281
,-33.971582,-72.326748,27.0999,3.0,,CSN,CSN_13282
,-34.769739,-71.822405,42.3832,3.4,,CSN,CSN_13283
,-34.611037,-71.966733,14.492,3.5,,CSN,CSN_13284
,-34.762477,-71.842575,44.549,3.3,,CSN,CSN_13289
,-34.919089,-71.807084,45.4279,3.9,,CSN,CSN_13293
,-33.559556,-71.973625,28.6564,4.3,,CSN,CSN_13295
,-34.770518,-71.787821,47.2667,3.0,,CSN,CSN_13304
,-34.709137,-72.0176,21.1743,3.2,,CSN,CSN_13306
,-33.763396,-72.078322,25.5191,3.4,,CSN,CSN_13308
,-33.961171,-72.249366,21.0259,4.4,,CSN,CSN_13311
,-33.967781,-72.247662,21.9861,3.7,,CSN,CSN_13312
,-33.974522,-72.228201,23.7264,3.7,,CSN,CSN_13314
,-34.706236,-71.812642,45.2795,3.5,,CSN,CSN_13319
,-33.952979,-72.276948,22.6149,3.2,,CSN,CSN_13320
,-34.348364,-72.44328,23.9791,3.0,,CSN,CSN_13321
,-33.758695,-72.062381,27.3512,3.2,,CSN,CSN_13322
,-34.074994,-72.193904,26.8278,3.3,,CSN,CSN_13327
,-34.040368,-72.348774,18.9882,3.0,,CSN,CSN_13330
,-33.939756,-72.499187,28.6067,3.1,,CSN,CSN_13336
,-33.975049,-72.505615,21.6665,3.1,,CSN,CSN_13337
,-34.46685,-71.979885,24.2145,3.1,,CSN,CSN_13339
,-33.828066,-72.061871,33.354,3.9,,CSN,CSN_13341
,-34.73523,-71.787299,48.1633,3.7,,CSN,CSN_13343
,-33.877065,-72.485053,19.5804,3.8,,CSN,CSN_13345
,-34.555972,-71.964416,4.1923,3.1,,CSN,CSN_13346
,-34.530938,-71.907858,8.5024,3.2,,CSN,CSN_13349
,-34.178862,-72.395267,22.692,4.0,,CSN,CSN_13353
,-34.210344,-72.368588,17.407,3.2,,CSN,CSN_13355
,-34.495202,-72.206565,30.6326,3.0,,CSN,CSN_13362
,-34.354392,-72.062922,16.0516,4.0,,CSN,CSN_13363
,-34.336386,-72.086618,15.6019,3.2,,CSN,CSN_13366
,-34.309564,-72.134004,28.7785,3.0,,CSN,CSN_13370
,-33.82689,-72.071365,29.2545,3.4,,CSN,CSN_13373
,-33.518231,-72.073476,22.3126,3.0,,CSN,CSN_13374
,-34.794745,-71.811105,47.4592,5.0,,CSN,CSN_13376
,-34.815256,-71.770661,45.9269,4.0,,CSN,CSN_13377
,-33.968563,-72.201998,5.1693,4.3,,CSN,CSN_13380
,-33.967831,-72.21128,7.988,3.4,,CSN,CSN_13381
,-33.972186,-72.209532,23.974,3.4,,CSN,CSN_13382
,-33.98383,-72.189097,23.7964,3.4,,CSN,CSN_13383
,-33.980292,-72.247781,21.9515,3.6,,CSN,CSN_13384
,-33.951638,-72.246249,8.1486,3.1,,CSN,CSN_13385
,-33.981758,-72.190536,24.092,3.1,,CSN,CSN_13386
,-34.002279,-72.176144,22.5711,3.5,,CSN,CSN_13387
,-33.972885,-72.161103,24.7131,3.5,,CSN,CSN_13388
,-33.989165,-72.1685,25.4398,3.0,,CSN,CSN_13389
,-33.947112,-72.315418,22.9733,3.6,,CSN,CSN_13392
,-33.533857,-72.095449,23.4775,3.3,,CSN,CSN_13393
,-34.716509,-71.796014,43.4654,4.5,,CSN,CSN_13402
,-34.811365,-71.740987,46.3123,3.1,,CSN,CSN_13404
,-34.800348,-71.744706,46.7349,3.3,,CSN,CSN_13408
,-34.625488,-72.196498,16.1263,3.2,,CSN,CSN_13409
,-33.884965,-72.117568,25.3684,3.3,,CSN,CSN_13411
,-33.994967,-72.405886,17.6497,3.1,,CSN,CSN_13413
,-33.968523,-72.412923,26.2315,3.1,,CSN,CSN_13414
,-34.550522,-71.992524,45.5844,3.9,,CSN,CSN_13415
,-34.027656,-72.330481,47.769,5.0,,CSN,CSN_13418
,-34.564916,-71.967282,23.0953,3.2,,CSN,CSN_13419
,-34.78999,-71.814528,43.2881,3.0,,CSN,CSN_13420
,-34.6454,-71.849355,41.0473,3.0,,CSN,CSN_13424
,-34.75958,-71.828395,43.9283,3.9,,CSN,CSN_13425
,-34.761651,-71.811433,45.8027,4.6,,CSN,CSN_13426
,-34.813403,-71.768051,45.3207,4.4,,CSN,CSN_13429
,-33.773976,-72.184153,5.1902,3.5,,CSN,CSN_13431
,-34.815576,-71.782138,46.9468,3.7,,CSN,CSN_13434
,-33.628579,-72.046827,24.847,3.3,,CSN,CSN_13443
,-34.341219,-72.033407,33.5556,3.9,,CSN,CSN_13448
,-34.77018,-71.756248,45.9084,3.0,,CSN,CSN_13452
,-34.796516,-71.785516,47.2867,3.5,,CSN,CSN_13455
,-33.643661,-71.998833,28.0434,3.4,,CSN,CSN_13456
,-34.80613,-71.828426,43.2094,3.7,,CSN,CSN_13458
,-34.560597,-71.849366,12.5962,3.0,,CSN,CSN_13460
,-34.760102,-71.754073,45.5729,3.1,,CSN,CSN_13462
,-34.774891,-71.765911,44.7299,3.8,,CSN,CSN_13466
,-34.707738,-71.788987,41.9359,3.3,,CSN,CSN_13467
,-34.802653,-71.782992,46.6176,3.0,,CSN,CSN_13469
,-34.045117,-72.113262,29.89,3.7,,CSN,CSN_13472
,-33.932135,-72.217692,27.243,3.3,,CSN,CSN_13473
,-33.904423,-72.455595,18.1575,3.9,,CSN,CSN_13479
,-33.916431,-72.442191,18.1061,4.5,,CSN,CSN_13480
,-34.182857,-72.303969,24.062,3.0,,CSN,CSN_13481
,-33.834988,-72.504588,25.4459,3.2,,CSN,CSN_13485
,-34.714343,-71.814911,45.3574,3.3,,CSN,CSN_13486
,-34.290553,-72.286198,28.0279,3.6,,CSN,CSN_13487
,-34.800519,-71.776721,45.3486,3.1,,CSN,CSN_13490
,-34.834802,-71.936527,38.3935,3.1,,CSN,CSN_13492
,-33.847273,-72.479388,14.4417,3.4,,CSN,CSN_13493
,-33.920679,-72.231445,24.7589,3.0,,CSN,CSN_13494
,-34.801496,-71.752321,46.5429,3.1,,CSN,CSN_13498
,-33.901636,-72.456062,21.0046,4.5,,CSN,CSN_13499
,-34.738465,-71.868394,42.9998,3.5,,CSN,CSN_13504
,-34.913553,-71.793898,43.6844,3.8,,CSN,CSN_13505
,-33.635105,-71.989924,17.4108,3.1,,CSN,CSN_13507
,-34.779034,-71.700693,48.9836,4.2,,CSN,CSN_13509
,-34.771981,-71.709332,47.9394,3.5,,CSN,CSN_13510
,-34.91343,-71.724154,50.111,3.9,,CSN,CSN_13513
,-34.541788,-72.251914,30.6207,3.1,,CSN,CSN_13515
,-34.538649,-72.205353,30.3915,4.5,,CSN,CSN_13516
,-34.099233,-72.213532,28.6992,3.7,,CSN,CSN_13518
,-33.916443,-72.228568,39.4234,3.6,,CSN,CSN_13521
,-34.557248,-71.938106,26.6897,3.0,,CSN,CSN_13525
,-34.754052,-71.737846,46.0333,3.4,,CSN,CSN_13526
,-34.338796,-72.058873,23.2661,3.1,,CSN,CSN_13528
,-34.736026,-71.788119,44.9002,3.7,,CSN,CSN_13533
,-34.789135,-71.777568,47.9171,3.2,,CSN,CSN_13534
,-34.30116,-72.384362,18.935,5.1,,CSN,CSN_13541
,-34.30349,-72.29823,18.9624,3.3,,CSN,CSN_13542
,-34.305973,-72.359496,27.8295,3.6,,CSN,CSN_13544
,-34.206451,-72.228141,27.3786,4.3,,CSN,CSN_13554
,-34.22593,-72.220704,32.7111,3.9,,CSN,CSN_13555
,-34.229599,-72.219068,35.4899,3.1,,CSN,CSN_13556
,-34.700387,-71.809559,47.1781,3.8,,CSN,CSN_13558
,-33.647188,-71.988108,28.5729,3.1,,CSN,CSN_13559
,-34.795974,-71.750658,47.9245,3.0,,CSN,CSN_13563
,-34.795361,-71.747747,46.7224,3.0,,CSN,CSN_13570
,-34.706369,-71.791894,45.6228,3.0,,CSN,CSN_13571
,-33.993248,-72.341082,21.9901,3.7,,CSN,CSN_13573
,-33.967772,-72.312967,27.2695,3.7,,CSN,CSN_13574
,-34.760164,-71.686658,48.7213,4.5,,CSN,CSN_13576
,-33.902411,-72.097287,26.0933,3.6,,CSN,CSN_13577
,-34.014927,-72.28624,19.5995,3.0,,CSN,CSN_13587
,-33.956699,-72.279199,22.4704,3.0,,CSN,CSN_13588
,-34.056943,-72.365381,21.9681,3.0,,CSN,CSN_13597
,-34.758328,-71.700078,47.1571,3.0,,CSN,CSN_13599
,-34.723109,-71.797844,46.4546,3.4,,CSN,CSN_13604
,-33.91202,-72.112622,25.7664,3.0,,CSN,CSN_13605
,-33.910981,-72.122175,28.9596,3.2,,CSN,CSN_13606
,-33.730946,-72.068113,26.3846,3.1,,CSN,CSN_13609
,-33.739879,-72.06421,25.2815,3.0,,CSN,CSN_13610
,-34.810596,-71.777589,47.8833,3.6,,CSN,CSN_13613
,-34.167963,-72.34085,24.3809,3.6,,CSN,CSN_13614
,-34.741093,-71.805947,47.2919,4.5,,CSN,CSN_13616
,-34.615342,-71.89431,7.151,3.8,,CSN,CSN_13617
,-34.729908,-71.759391,42.4031,3.1,,CSN,CSN_13618
,-34.740373,-71.717154,53.9797,3.8,,CSN,CSN_13627
,-33.67468,-72.079742,27.258,4.4,,CSN,CSN_13628
,-33.915573,-72.45073,19.9991,5.4,,CSN,CSN_13629
,-33.929075,-72.393678,20.203,4.8,,CSN,CSN_13630
,-33.898101,-72.443035,18.6979,3.2,,CSN,CSN_13631
,-33.939501,-72.393607,26.7865,3.9,,CSN,CSN_13633
,-33.912982,-72.415659,23.3708,3.6,,CSN,CSN_13634
,-33.925844,-72.401208,22.3167,3.2,,CSN,CSN_13635
,-33.92476,-72.415337,20.7247,3.5,,CSN,CSN_13636
,-33.963695,-72.436529,25.2878,3.4,,CSN,CSN_13639
,-33.969725,-72.433852,18.0085,3.4,,CSN,CSN_13640
,-33.976699,-72.404561,19.4699,3.1,,CSN,CSN_13648
,-33.926706,-72.395068,27.9079,3.1,,CSN,CSN_13649
,-33.955292,-72.417261,25.6433,4.4,,CSN,CSN_13654
,-33.992992,-72.428127,20.1339,4.4,,CSN,CSN_13655
,-33.983079,-72.454292,16.1733,3.7,,CSN,CSN_13656
,-33.991942,-72.382241,22.1627,3.8,,CSN,CSN_13657
,-33.945241,-72.370636,29.3529,3.8,,CSN,CSN_13658
,-33.959154,-72.415703,25.3518,4.1,,CSN,CSN_13659
,-33.986614,-72.42928,20.7642,4.1,,CSN,CSN_13660
,-34.01871,-72.369257,22.5497,3.1,,CSN,CSN_13664
,-33.958256,-72.349961,26.5381,3.1,,CSN,CSN_13665
,-34.769591,-71.750323,42.65,3.6,,CSN,CSN_13675
,-33.958068,-72.514749,19.8891,3.3,,CSN,CSN_13680
,-33.903887,-72.114185,28.5125,3.0,,CSN,CSN_13681
,-34.821814,-71.771547,45.8944,3.0,,CSN,CSN_13682
,-33.93091,-72.459888,20.7272,3.3,,CSN,CSN_13689
,-33.645048,-72.047425,20.6635,3.2,,CSN,CSN_13695
,-33.619109,-72.046692,26.0803,3.3,,CSN,CSN_13696
,-33.930067,-72.180202,27.5651,3.2,,CSN,CSN_13698
,-34.012065,-72.216516,21.2384,3.1,,CSN,CSN_13699
,-34.432757,-72.051805,23.4312,3.0,,CSN,CSN_13710
,-33.83718,-72.133849,27.3693,3.2,,CSN,CSN_13711
,-34.712836,-71.802739,46.2686,3.7,,CSN,CSN_13714
,-34.172004,-72.245947,25.8776,3.1,,CSN,CSN_13717
,-34.364796,-72.362854,30.3683,3.6,,CSN,CSN_13719
,-34.145226,-72.188334,39.6001,3.4,,CSN,CSN_13720
,-34.349514,-72.409326,20.5315,3.0,,CSN,CSN_13721
,-33.853674,-72.178816,26.9398,3.8,,CSN,CSN_13722
,-33.824849,-72.143652,27.5191,3.8,,CSN,CSN_13723
,-34.666294,-71.884813,6.8068,3.7,,CSN,CSN_13725
,-33.784543,-72.070905,25.1592,3.1,,CSN,CSN_13726
,-34.805103,-71.772262,46.2305,4.0,,CSN,CSN_13732
,-34.489929,-71.942109,31.582,4.2,,CSN,CSN_13734
,-33.901221,-72.48349,14.4904,3.5,,CSN,CSN_13735
,-34.796397,-71.794192,47.3986,4.2,,CSN,CSN_13737
,-34.811645,-71.744153,46.0323,3.4,,CSN,CSN_13741
,-34.923849,-71.83053,48.9103,3.8,,CSN,CSN_13742
,-33.621732,-72.068355,24.2421,3.3,,CSN,CSN_13743
,-34.7549,-72.158401,9.6432,3.4,,CSN,CSN_13749
,-34.323068,-72.196037,27.8005,3.1,,CSN,CSN_13750
,-34.259712,-72.427365,16.5249,6.8,,CSN,CSN_13753
,-34.302861,-72.341247,13.7449,4.6,,CSN,CSN_13754
,-34.274154,-72.323649,9.9801,3.8,,CSN,CSN_13755
,-34.35377,-72.337284,27.839,3.8,,CSN,CSN_13756
,-34.304424,-72.082469,24.2882,3.4,,CSN,CSN_13759
,-34.220192,-72.238306,23.8269,3.6,,CSN,CSN_13760
,-34.293972,-72.32377,22.5431,3.6,,CSN,CSN_13761
,-34.283898,-72.392042,21.5007,3.6,,CSN,CSN_13762
,-34.215971,-72.239448,22.9224,4.5,,CSN,CSN_13763
,-34.343539,-72.363928,25.1067,5.7,,CSN,CSN_13765
,-34.342965,-72.342243,28.0279,5.7,,CSN,CSN_13766
,-34.189306,-72.261847,19.1766,3.1,,CSN,CSN_13767
,-34.200937,-72.312391,20.4243,3.0,,CSN,CSN_13769
,-34.231169,-72.243378,24.7821,3.1,,CSN,CSN_13770
,-34.333846,-72.408796,15.4978,3.1,,CSN,CSN_13771
,-34.336281,-72.371887,16.6573,3.7,,CSN,CSN_13773
,-34.253331,-72.409203,11.2448,3.4,,CSN,CSN_13774
,-34.304559,-72.255033,25.4789,3.6,,CSN,CSN_13775
,-34.296532,-72.484122,12.2404,3.1,,CSN,CSN_13776
,-34.20709,-72.208099,7.3855,3.4,,CSN,CSN_13777
,-34.205088,-72.371158,20.1777,4.2,,CSN,CSN_13781
,-34.251788,-72.238244,30.8973,3.0,,CSN,CSN_13784
,-34.180354,-72.276963,20.419,5.4,,CSN,CSN_13785
,-33.943176,-72.271613,26.1562,3.2,,CSN,CSN_13787
,-33.906959,-72.231648,31.7649,3.2,,CSN,CSN_13788
,-34.006755,-72.282588,22.9465,3.3,,CSN,CSN_13789
,-34.284651,-72.477362,17.2587,3.3,,CSN,CSN_13791
,-34.263575,-72.124497,10.896,3.0,,CSN,CSN_13792
,-34.20849,-72.236642,24.6588,3.4,,CSN,CSN_13793
,-34.335193,-72.065063,27.5719,3.3,,CSN,CSN_13797
,-34.143315,-72.314943,19.7562,4.5,,CSN,CSN_13798
,-34.176759,-72.291739,29.3131,4.6,,CSN,CSN_13799
,-34.286264,-72.222197,25.7442,3.3,,CSN,CSN_13800
,-34.061072,-72.402523,17.3165,3.3,,CSN,CSN_13801
,-34.199908,-72.249279,22.7758,3.7,,CSN,CSN_13804
,-34.196656,-72.265213,12.4283,3.0,,CSN,CSN_13806
,-34.195171,-72.239638,22.1907,3.1,,CSN,CSN_13807
,-34.274439,-72.19754,31.2399,3.1,,CSN,CSN_13808
,-34.224109,-72.091059,32.7345,3.2,,CSN,CSN_13809
,-34.144444,-72.26203,21.1993,3.8,,CSN,CSN_13810
,-34.280919,-72.358678,25.1361,4.3,,CSN,CSN_13813
,-34.305987,-72.428252,11.2979,3.0,,CSN,CSN_13815
,-34.20799,-72.295695,20.1142,3.0,,CSN,CSN_13817
,-34.118629,-72.373127,19.2347,3.2,,CSN,CSN_13819
,-34.123222,-72.374041,20.0569,3.5,,CSN,CSN_13821
,-34.209311,-72.311681,31.3084,3.1,,CSN,CSN_13822
,-34.359977,-72.203459,22.6346,3.0,,CSN,CSN_13824
,-34.318831,-72.162464,26.7629,3.3,,CSN,CSN_13830
,-34.280136,-72.336457,25.6545,3.5,,CSN,CSN_13837
,-34.380743,-72.023602,18.4319,3.1,,CSN,CSN_13841
,-34.725819,-71.807542,44.9283,3.2,,CSN,CSN_13844
,-34.271762,-72.432049,10.7161,3.3,,CSN,CSN_13845
,-34.271284,-72.145867,27.2433,3.0,,CSN,CSN_13847
,-34.362376,-72.074033,21.5679,3.9,,CSN,CSN_13850
,-33.873518,-72.140908,29.1486,3.7,,CSN,CSN_13856
,-33.84294,-72.091802,30.194,3.7,,CSN,CSN_13857
,-33.874656,-72.096937,28.073,3.2,,CSN,CSN_13858
,-33.867501,-72.152243,29.1766,3.6,,CSN,CSN_13859
,-33.843776,-72.108353,31.1969,3.6,,CSN,CSN_13860
,-34.688635,-72.033716,13.1304,3.2,,CSN,CSN_13865
,-33.908062,-72.161798,24.8783,3.0,,CSN,CSN_13866
,-33.905303,-72.133952,30.6451,3.0,,CSN,CSN_13867
,-34.322981,-72.248209,27.8558,3.6,,CSN,CSN_13869
,-34.636413,-72.040242,12.2288,3.0,,CSN,CSN_13872
,-34.213418,-72.217358,24.3406,3.1,,CSN,CSN_13875
,-34.330884,-72.293286,27.0576,4.5,,CSN,CSN_13877
,-34.314365,-72.341832,23.6482,3.0,,CSN,CSN_13878
,-33.921679,-72.178848,24.8287,3.0,,CSN,CSN_13879
,-33.891805,-72.144662,25.751,3.0,,CSN,CSN_13880
,-34.772252,-71.849734,43.6203,3.4,,CSN,CSN_13890
,-34.034128,-72.287429,21.4888,5.1,,CSN,CSN_13891
,-34.716101,-71.802627,44.0488,3.2,,CSN,CSN_13892
,-33.998852,-72.31308,21.3826,3.1,,CSN,CSN_13893
,-34.773169,-71.687241,46.5938,3.7,,CSN,CSN_13899
,-34.698272,-71.776833,43.3042,3.0,,CSN,CSN_13900
,-34.812079,-71.836119,44.4072,4.4,,CSN,CSN_13901
,-34.254871,-72.226437,27.3724,3.3,,CSN,CSN_13902
,-34.801235,-71.791617,44.9892,3.5,,CSN,CSN_13906
,-34.06643,-72.389174,18.8042,3.5,,CSN,CSN_13909
,-33.547438,-72.005814,26.4265,3.1,,CSN,CSN_13910
,-34.025172,-72.190736,24.6176,3.1,,CSN,CSN_13912
,-34.746569,-71.800246,44.1851,3.0,,CSN,CSN_13916
,-34.435158,-72.015336,24.1852,3.3,,CSN,CSN_13923
,-34.725429,-71.763488,46.5142,3.3,,CSN,CSN_13924
,-34.772865,-71.764682,47.1211,3.5,,CSN,CSN_13926
,-34.637356,-72.043069,13.0697,3.5,,CSN,CSN_13933
,-34.001345,-72.240419,21.134,3.0,,CSN,CSN_13939
,-33.97249,-72.22331,22.2988,3.0,,CSN,CSN_13940
,-33.849105,-72.475304,21.6348,3.3,,CSN,CSN_13942
,-33.880052,-72.446007,14.8434,3.3,,CSN,CSN_13943
,-33.976767,-72.486323,20.4464,3.2,,CSN,CSN_13948
,-34.824811,-71.768943,47.9512,3.5,,CSN,CSN_13950
,-34.289003,-72.086411,36.1806,3.2,,CSN,CSN_13952
,-34.147498,-72.225866,25.992,5.0,,CSN,CSN_13954
,-34.330099,-72.210259,22.4082,3.1,,CSN,CSN_13957
,-29.687965,-71.265197,48.1375,3.3,,CSN,CSN_13959
,-29.631574,-71.288543,52.8399,3.8,,CSN,CSN_13960
,-29.714743,-71.298585,50.6054,4.9,,CSN,CSN_13961
,-29.717422,-71.343136,40.2871,4.9,,CSN,CSN_13962
,-29.694847,-71.290853,46.9428,4.7,,CSN,CSN_13964
,-29.701591,-71.359741,45.6375,3.2,,CSN,CSN_13965
,-29.646403,-71.221785,44.9937,3.5,,CSN,CSN_13966
,-29.865693,-71.443066,50.1948,3.3,,CSN,CSN_13967
,-29.753588,-71.256946,55.0899,4.1,,CSN,CSN_13968
,-29.617678,-71.292335,45.3616,3.1,,CSN,CSN_13969
,-29.711224,-71.345948,46.3722,3.2,,CSN,CSN_13970
,-29.671227,-71.346264,49.0214,4.0,,CSN,CSN_13971
,-29.683083,-71.30893,64.9139,3.4,,CSN,CSN_13972
,-29.717641,-71.280254,45.6535,3.0,,CSN,CSN_13975
,-29.735546,-71.232305,55.9529,4.0,,CSN,CSN_13976
,-29.696479,-71.354872,11.1051,3.2,,CSN,CSN_13979
,-29.69834,-71.344538,42.0387,3.9,,CSN,CSN_13980
,-29.623868,-71.253632,38.6828,3.9,,CSN,CSN_13981
,-29.622437,-71.225888,44.5263,4.0,,CSN,CSN_13982
,-29.609923,-71.229765,50.3255,3.5,,CSN,CSN_13983
,-29.657759,-71.242082,45.8749,3.1,,CSN,CSN_13985
,-29.637144,-71.260401,47.7377,3.7,,CSN,CSN_13987
,-29.855547,-71.399111,34.169,3.2,,CSN,CSN_13991
,-29.665442,-71.2133,46.6343,4.2,,CSN,CSN_13992
,-29.728193,-71.34913,42.9807,3.4,,CSN,CSN_13994
,-29.623032,-71.310758,49.785,4.1,,CSN,CSN_13995
,-29.74004,-71.350858,57.9059,4.8,,CSN,CSN_13997
,-29.69652,-71.327868,44.5858,3.6,,CSN,CSN_13999
,-29.6796,-71.272634,51.0191,3.6,,CSN,CSN_14000
,-29.721762,-71.323609,47.8572,5.9,,CSN,CSN_14001
,-29.758055,-71.314781,43.1066,3.3,,CSN,CSN_14002
,-29.710197,-71.283676,43.909,4.4,,CSN,CSN_14003
,-29.75754,-71.313906,43.2288,3.7,,CSN,CSN_14004
,-29.761934,-71.295289,44.6784,5.0,,CSN,CSN_14005
,-29.758121,-71.330859,43.2631,3.3,,CSN,CSN_14006
,-29.757473,-71.309013,44.9107,3.6,,CSN,CSN_14008
,-29.663352,-71.283517,46.4292,3.0,,CSN,CSN_14009
,-29.722053,-71.291382,45.6695,3.6,,CSN,CSN_14011
,-29.716992,-71.324421,43.4677,4.3,,CSN,CSN_14012
,-29.738034,-71.325651,43.7942,4.6,,CSN,CSN_14013
,-29.717962,-71.247293,44.921,3.0,,CSN,CSN_14014
,-29.81149,-71.414991,31.3017,4.8,,CSN,CSN_14015
,-29.725269,-71.29752,44.1944,4.1,,CSN,CSN_14016
,-29.703741,-71.296908,46.9325,3.1,,CSN,CSN_14017
,-29.661888,-71.216522,48.2588,3.4,,CSN,CSN_14020
,-29.723522,-71.303182,43.4119,3.7,,CSN,CSN_14022
,-29.749482,-71.288486,46.3158,4.3,,CSN,CSN_14024
,-29.675245,-71.22777,46.3296,4.4,,CSN,CSN_14025
,-29.650295,-71.228147,44.6898,4.1,,CSN,CSN_14026
,-29.702709,-71.311584,41.8129,3.5,,CSN,CSN_14028
,-29.821875,-71.402198,44.1816,3.4,,CSN,CSN_14029
,-29.713856,-71.309636,43.2353,3.5,,CSN,CSN_14031
,-29.834272,-71.420647,50.201,4.0,,CSN,CSN_14034
,-29.707418,-71.281018,46.5225,4.2,,CSN,CSN_14038
,-29.865428,-71.376761,43.5713,3.0,,CSN,CSN_14039
,-29.689479,-71.295697,46.5678,5.4,,CSN,CSN_14040
,-29.681344,-71.274374,45.0581,3.4,,CSN,CSN_14042
,-29.707612,-71.289701,43.6314,3.0,,CSN,CSN_14044
,-29.681555,-71.279492,43.7434,3.8,,CSN,CSN_14045
,-29.690201,-71.278271,44.7886,3.2,,CSN,CSN_14048
,-29.677914,-71.273791,43.9629,3.1,,CSN,CSN_14051
,-29.69107,-71.292248,46.068,3.1,,CSN,CSN_14054
,-29.697108,-71.284889,45.2879,3.1,,CSN,CSN_14055
,-29.694953,-71.270389,44.2791,3.4,,CSN,CSN_14057
,-29.683274,-71.275655,45.1936,4.3,,CSN,CSN_14059
,-29.689197,-71.315105,46.8594,4.3,,CSN,CSN_14060
,-29.687046,-71.316773,45.5877,3.0,,CSN,CSN_14061
,-29.67647,-71.296933,43.2807,4.7,,CSN,CSN_14062
,-29.675406,-71.302038,44.7977,3.7,,CSN,CSN_14064
,-29.68042,-71.32916,45.213,4.4,,CSN,CSN_14065
,-29.687636,-71.305469,43.1421,4.9,,CSN,CSN_14066
,-29.679721,-71.288324,49.9618,4.5,,CSN,CSN_14067
,-29.679147,-71.296463,44.67,3.7,,CSN,CSN_14068
,-29.665409,-71.20281,57.5182,3.5,,CSN,CSN_14070
,-29.598806,-71.264474,57.5153,3.5,,CSN,CSN_14072
,-29.660687,-71.22787,46.9924,3.0,,CSN,CSN_14073
,-29.733445,-71.356773,47.3941,4.2,,CSN,CSN_14074
,-29.849332,-71.40177,37.4398,3.6,,CSN,CSN_14076
,-29.727771,-71.275738,55.0991,3.8,,CSN,CSN_14077
,-29.655653,-71.208847,44.8214,3.5,,CSN,CSN_14078
,-29.719564,-71.31626,44.0517,3.1,,CSN,CSN_14080
,-30.033443,-71.26796,51.4354,3.0,,CSN,CSN_14085
,-30.259248,-71.25913,52.2079,3.1,,CSN,CSN_14088
,-30.275711,-71.391125,52.0573,3.3,,CSN,CSN_14090
,-30.194091,-71.317954,56.3667,3.1,,CSN,CSN_14092
,-30.246318,-71.401422,38.6146,3.0,,CSN,CSN_14093
,-30.294525,-71.263388,56.1817,3.5,,CSN,CSN_14094
,-30.313676,-71.282273,64.286,3.2,,CSN,CSN_14100
,-30.28314,-71.245591,54.5745,4.1,,CSN,CSN_14101
,-30.302277,-71.283995,59.0066,4.7,,CSN,CSN_14102
,-30.062492,-71.350128,53.9064,5.0,,CSN,CSN_14103
,-30.134035,-71.375795,50.0358,3.1,,CSN,CSN_14104
,-30.225052,-71.277856,61.5975,3.2,,CSN,CSN_14105
,-30.161789,-71.343086,40.4804,3.3,,CSN,CSN_14107
,-30.261245,-71.400093,48.7131,3.0,,CSN,CSN_14109
,-30.220896,-71.395167,63.8977,3.7,,CSN,CSN_14110
,-30.342458,-71.300717,53.6919,4.0,,CSN,CSN_14112
,-30.284497,-71.358607,56.8168,3.6,,CSN,CSN_14114
,-30.332111,-71.344168,53.0164,3.0,,CSN,CSN_14117
,-30.236645,-71.38284,62.8862,3.4,,CSN,CSN_14118
,-30.321167,-71.371214,56.3037,4.5,,CSN,CSN_14119
,-30.339746,-71.350872,60.3695,3.4,,CSN,CSN_14120
,-30.343346,-71.334773,59.8858,3.4,,CSN,CSN_14121
,-30.04252,-71.265014,60.2107,3.5,,CSN,CSN_14122
,-30.289854,-71.421485,40.335,4.2,,CSN,CSN_14123
,-30.041518,-71.317984,47.1663,4.0,,CSN,CSN_14124
,-30.071003,-71.337439,49.1999,4.0,,CSN,CSN_14125
,-30.273363,-71.407079,45.2976,4.0,,CSN,CSN_14126
,-30.300012,-71.382934,46.5216,4.4,,CSN,CSN_14127
,-30.055202,-71.330627,51.8069,3.6,,CSN,CSN_14128
,-30.237476,-71.295705,52.1887,3.7,,CSN,CSN_14129
,-30.281108,-71.357489,46.7411,3.7,,CSN,CSN_14130
,-30.267871,-71.289612,53.4155,4.2,,CSN,CSN_14131
,-30.299182,-71.291068,56.8549,3.5,,CSN,CSN_14132
,-30.279449,-71.382405,42.2342,3.1,,CSN,CSN_14135
,-30.047008,-71.320061,44.0233,3.4,,CSN,CSN_14137
,-30.284357,-71.285599,50.56,3.0,,CSN,CSN_14138
,-30.282283,-71.287691,51.3142,3.2,,CSN,CSN_14140
,-30.192033,-71.292101,60.6642,3.2,,CSN,CSN_14144
,-30.309159,-71.410743,41.4919,3.9,,CSN,CSN_14145
,-30.305113,-71.368415,46.1262,3.2,,CSN,CSN_14146
,-30.045098,-71.324011,45.9756,3.1,,CSN,CSN_14148
,-30.036668,-71.297013,48.4268,4.7,,CSN,CSN_14150
,-30.09812,-71.306261,54.0783,3.6,,CSN,CSN_14151
,-30.039755,-71.299663,47.7377,3.6,,CSN,CSN_14152
,-30.306714,-71.372836,46.7057,3.0,,CSN,CSN_14153
,-30.275735,-71.364555,47.2026,3.3,,CSN,CSN_14154
,-30.269867,-71.37063,47.1115,3.4,,CSN,CSN_14155
,-30.285561,-71.364222,46.2763,4.0,,CSN,CSN_14156
,-30.235939,-71.252178,55.2463,3.3,,CSN,CSN_14158
,-30.03446,-71.313519,43.8802,3.1,,CSN,CSN_14160
,-30.101749,-71.343537,48.3893,3.1,,CSN,CSN_14161
,-30.278148,-71.343651,48.7005,3.3,,CSN,CSN_14164
,-30.272911,-71.363417,45.9146,3.1,,CSN,CSN_14165
,-30.280139,-71.353767,43.7355,3.2,,CSN,CSN_14166
,-30.282148,-71.288683,51.1745,3.0,,CSN,CSN_14168
,-30.051583,-71.311351,48.2287,3.6,,CSN,CSN_14169
,-30.302028,-71.355612,45.666,4.2,,CSN,CSN_14170
,-30.233553,-71.270889,64.9127,3.6,,CSN,CSN_14171
,-30.118561,-71.277429,62.5199,3.5,,CSN,CSN_14173
,-30.254599,-71.311663,60.1193,4.2,,CSN,CSN_14174
,-30.221951,-71.28007,60.9352,4.2,,CSN,CSN_14175
,-30.221835,-71.366608,59.3166,3.2,,CSN,CSN_14176
,-30.189737,-71.300341,58.6422,3.2,,CSN,CSN_14177
,-30.094444,-71.286531,63.7808,3.7,,CSN,CSN_14178
,-30.148867,-71.275453,62.2358,3.5,,CSN,CSN_14179
,-30.09416,-71.281233,63.7023,3.3,,CSN,CSN_14180
,-30.097735,-71.261077,62.9753,3.3,,CSN,CSN_14181
,-30.124069,-71.283615,61.2717,3.1,,CSN,CSN_14182
,-30.116975,-71.30055,61.5492,3.1,,CSN,CSN_14183
,-30.228882,-71.278982,61.5668,3.2,,CSN,CSN_14184
,-30.237273,-71.281988,62.0076,3.2,,CSN,CSN_14185
,-30.130051,-71.293865,63.0509,3.4,,CSN,CSN_14186
,-30.117479,-71.275274,61.835,3.4,,CSN,CSN_14187
,-30.2319,-71.23448,64.8324,3.2,,CSN,CSN_14188
,-30.108826,-71.323858,62.9599,4.2,,CSN,CSN_14189
,-30.098364,-71.309786,62.9686,4.2,,CSN,CSN_14190
,-30.127274,-71.320281,61.0686,3.1,,CSN,CSN_14191
,-30.0966,-71.280717,61.2188,3.1,,CSN,CSN_14192
,-30.104313,-71.308911,62.4768,3.4,,CSN,CSN_14193
,-30.141866,-71.325891,62.0517,3.7,,CSN,CSN_14194
,-30.14008,-71.284149,59.9198,3.7,,CSN,CSN_14195
,-30.232045,-71.295264,61.0353,3.4,,CSN,CSN_14197
,-30.235964,-71.298028,61.175,3.4,,CSN,CSN_14198
,-30.248082,-71.293735,63.3051,3.9,,CSN,CSN_14199
,-30.244767,-71.303376,61.609,3.9,,CSN,CSN_14200
,-30.187571,-71.309605,59.9598,3.3,,CSN,CSN_14202
,-30.142696,-71.312808,62.3489,3.2,,CSN,CSN_14204
,-30.145399,-71.312636,60.7423,3.2,,CSN,CSN_14205
,-30.227493,-71.290127,62.9507,3.4,,CSN,CSN_14206
,-30.128282,-71.277717,63.3948,3.2,,CSN,CSN_14208
,-30.152229,-71.314143,60.9771,3.3,,CSN,CSN_14209
,-30.258149,-71.280566,52.1595,3.4,,CSN,CSN_14210
,-30.145893,-71.324724,62.0541,4.2,,CSN,CSN_14211
,-30.224823,-71.312033,60.2016,3.1,,CSN,CSN_14212
,-30.226952,-71.294935,58.8698,3.1,,CSN,CSN_14213
,-30.107116,-71.311707,62.5688,3.8,,CSN,CSN_14218
,-30.103542,-71.307517,62.1908,3.8,,CSN,CSN_14219
,-30.174688,-71.317152,61.4958,3.0,,CSN,CSN_14220
,-30.121203,-71.299814,62.6472,3.4,,CSN,CSN_14226
,-30.111582,-71.230454,64.5392,3.0,,CSN,CSN_14229
,-30.167731,-71.297359,64.5421,3.7,,CSN,CSN_14232
,-30.125553,-71.360202,62.6587,3.0,,CSN,CSN_14233
,-30.189682,-71.268461,62.7703,3.3,,CSN,CSN_14234
,-30.213629,-71.316102,61.6112,3.3,,CSN,CSN_14241
,-30.217041,-71.302331,62.3383,3.5,,CSN,CSN_14243
,-30.141826,-71.308893,62.6674,3.0,,CSN,CSN_14244
,-30.178038,-71.336274,60.3134,3.0,,CSN,CSN_14250
,-30.118235,-71.286859,62.728,3.0,,CSN,CSN_14252
,-30.139603,-71.318685,63.5915,3.4,,CSN,CSN_14253
,-30.247734,-71.325644,60.9052,3.1,,CSN,CSN_14254
,-30.116322,-71.299321,63.9022,3.3,,CSN,CSN_14260
,-30.146119,-71.307431,61.5146,3.2,,CSN,CSN_14267
,-30.236691,-71.300765,61.0642,4.2,,CSN,CSN_14274
,-30.135923,-71.334272,62.2246,4.4,,CSN,CSN_14275
,-30.123916,-71.310704,61.596,3.5,,CSN,CSN_14277
,-30.21551,-71.296882,63.3692,3.9,,CSN,CSN_14279
,-30.245229,-71.327637,57.0975,4.3,,CSN,CSN_14280
,-30.241094,-71.308149,62.3362,3.5,,CSN,CSN_14282
,-30.127874,-71.277789,60.4957,3.1,,CSN,CSN_14285
,-30.099236,-71.265854,62.8371,3.0,,CSN,CSN_14286
,-30.144063,-71.273218,62.5138,3.3,,CSN,CSN_14289
,-30.224274,-71.296995,63.463,3.4,,CSN,CSN_14290
,-30.208861,-71.309258,60.2521,3.2,,CSN,CSN_14291
,-30.134722,-71.302317,63.5572,4.8,,CSN,CSN_14293
,-30.184292,-71.318056,64.0879,3.0,,CSN,CSN_14296
,-30.16884,-71.293829,61.8129,3.0,,CSN,CSN_14297
,-30.234357,-71.255765,64.9879,3.0,,CSN,CSN_14300
,-30.09262,-71.269489,62.2715,3.0,,CSN,CSN_14301
,-30.264509,-71.363193,58.0983,4.3,,CSN,CSN_14302
,-30.100327,-71.281029,64.8065,3.8,,CSN,CSN_14304
,-30.263513,-71.298115,61.3199,3.1,,CSN,CSN_14306
,-30.215833,-71.307719,60.8326,3.9,,CSN,CSN_14308
,-30.241478,-71.237234,64.1236,3.4,,CSN,CSN_14309
,-30.194226,-71.285566,64.6208,4.0,,CSN,CSN_14312
,-30.120292,-71.296067,62.0383,3.2,,CSN,CSN_14313
,-30.247211,-71.254179,64.1982,3.1,,CSN,CSN_14315
,-30.173348,-71.327083,60.7525,3.3,,CSN,CSN_14322
,-30.22313,-71.345397,59.5348,3.6,,CSN,CSN_14324
,-30.115153,-71.236336,63.3989,3.5,,CSN,CSN_14325
,-30.16759,-71.2795,64.2565,3.8,,CSN,CSN_14327
,-30.120056,-71.268521,61.2548,3.0,,CSN,CSN_14328
,-30.235466,-71.301566,62.5373,3.2,,CSN,CSN_14332
,-30.25942,-71.305912,63.0811,3.1,,CSN,CSN_14333
,-30.119107,-71.283591,62.7747,3.3,,CSN,CSN_14338
,-30.101164,-71.291434,64.0547,3.3,,CSN,CSN_14339
,-30.130497,-71.298126,60.9161,4.3,,CSN,CSN_14347
,-30.259977,-71.312266,63.2639,3.0,,CSN,CSN_14351
,-30.256249,-71.284766,63.8248,3.8,,CSN,CSN_14352
,-30.211217,-71.286538,62.0017,3.0,,CSN,CSN_14355
,-30.096305,-71.304164,51.8236,3.3,,CSN,CSN_14356
,-30.214681,-71.304558,61.8224,3.0,,CSN,CSN_14357
,-30.175278,-71.290073,60.7378,3.6,,CSN,CSN_14358
,-30.16127,-71.286622,62.1087,3.6,,CSN,CSN_14367
,-30.239752,-71.30813,63.7312,3.0,,CSN,CSN_14368
,-30.102878,-71.30987,63.965,3.0,,CSN,CSN_14369
,-30.115889,-71.307969,63.0432,3.2,,CSN,CSN_14371
,-30.249476,-71.296681,63.9652,3.9,,CSN,CSN_14373
,-30.245946,-71.291699,63.0487,3.1,,CSN,CSN_14376
,-30.205036,-71.336983,61.9137,4.6,,CSN,CSN_14377
,-30.215938,-71.319139,59.7024,3.1,,CSN,CSN_14378
,-30.215111,-71.311051,60.9559,3.6,,CSN,CSN_14380
,-30.138069,-71.301039,63.4694,3.0,,CSN,CSN_14386
,-30.196115,-71.289449,61.6123,3.1,,CSN,CSN_14387
,-30.206984,-71.333706,60.6586,3.4,,CSN,CSN_14388
,-30.13667,-71.309952,62.9291,4.4,,CSN,CSN_14391
,-30.21901,-71.325621,59.8569,4.0,,CSN,CSN_14392
,-30.2204,-71.309087,61.3719,3.2,,CSN,CSN_14393
,-30.27114,-71.29972,62.1923,3.7,,CSN,CSN_14395
,-30.282812,-71.32224,49.7653,4.7,,CSN,CSN_14396
,-30.263847,-71.353138,48.9602,3.1,,CSN,CSN_14399
,-30.257462,-71.340715,49.423,3.3,,CSN,CSN_14400
,-30.258298,-71.35406,48.9452,3.3,,CSN,CSN_14401
,-30.146373,-71.321747,61.1343,3.9,,CSN,CSN_14404
,-30.254143,-71.283528,64.6832,3.5,,CSN,CSN_14406
,-30.130246,-71.259903,64.5397,3.0,,CSN,CSN_14407
,-30.28053,-71.292878,51.0864,3.2,,CSN,CSN_14409
,-30.055774,-71.308624,64.6103,4.1,,CSN,CSN_14410
,-30.188529,-71.302407,62.5768,3.5,,CSN,CSN_14411
,-30.180321,-71.297798,61.2021,3.6,,CSN,CSN_14412
,-30.225868,-71.253263,62.0875,3.1,,CSN,CSN_14414
,-30.244793,-71.298527,62.4776,4.3,,CSN,CSN_14415
,-30.075119,-71.249139,61.8653,4.8,,CSN,CSN_14417
,-30.113184,-71.304496,53.0475,3.1,,CSN,CSN_14419
,-30.253656,-71.298217,63.7175,3.3,,CSN,CSN_14420
,-30.187499,-71.323111,60.4877,3.9,,CSN,CSN_14425
,-30.275201,-71.354261,61.0973,4.0,,CSN,CSN_14429
,-30.238948,-71.305437,62.7724,3.3,,CSN,CSN_14430
,-30.174741,-71.279349,57.7453,3.1,,CSN,CSN_14438
,-30.259836,-71.306129,50.0915,3.1,,CSN,CSN_14441
,-30.17745,-71.286907,60.7989,3.1,,CSN,CSN_14442
,-30.309499,-71.326022,19.5613,3.1,,CSN,CSN_14444
,-30.197465,-71.293508,59.794,3.1,,CSN,CSN_14445
,-30.158734,-71.308492,60.7958,3.2,,CSN,CSN_14448
,-30.09643,-71.360868,64.9275,3.1,,CSN,CSN_14449
,-30.223525,-71.331934,59.2394,4.3,,CSN,CSN_14450
,-30.080106,-71.264318,63.9511,3.5,,CSN,CSN_14453
,-30.164227,-71.316623,63.0833,3.7,,CSN,CSN_14454
,-30.281085,-71.283192,49.3934,3.1,,CSN,CSN_14456
,-30.220454,-71.300769,61.6249,3.0,,CSN,CSN_14457
,-30.23789,-71.326967,60.5582,3.1,,CSN,CSN_14458
,-30.168749,-71.297197,63.646,3.5,,CSN,CSN_14460
,-30.15063,-71.314453,62.8042,3.0,,CSN,CSN_14463
,-30.218201,-71.320823,60.8294,4.0,,CSN,CSN_14464
,-30.12427,-71.266266,62.4734,3.3,,CSN,CSN_14468
,-30.28557,-71.300817,51.1011,3.2,,CSN,CSN_14469
,-30.277653,-71.294774,51.9682,3.0,,CSN,CSN_14470
,-30.161432,-71.297356,61.5981,3.7,,CSN,CSN_14474
,-30.133591,-71.292933,64.0268,3.0,,CSN,CSN_14482
,-30.096167,-71.293777,62.9273,3.5,,CSN,CSN_14489
,-30.089854,-71.264045,60.5123,3.5,,CSN,CSN_14490
,-30.070111,-71.287547,64.372,3.6,,CSN,CSN_14493
,-30.258764,-71.359321,45.5836,3.0,,CSN,CSN_14502
,-30.078021,-71.335898,53.0104,3.4,,CSN,CSN_14504
,-30.086467,-71.339584,61.754,3.0,,CSN,CSN_14505
,-31.793352,-71.342252,15.6473,3.0,,CSN,CSN_14507
,-31.756752,-71.295387,59.0564,3.4,,CSN,CSN_14508
,-31.746009,-71.355262,57.8883,3.0,,CSN,CSN_14509
,-31.756454,-71.38471,52.1616,3.0,,CSN,CSN_14514
,-31.777364,-71.419652,47.1581,3.1,,CSN,CSN_14515
,-31.780726,-71.429471,28.5026,3.5,,CSN,CSN_14517
,-31.79661,-71.347487,45.4839,3.2,,CSN,CSN_14518
,-31.77937,-71.421908,46.0223,3.1,,CSN,CSN_14520
,-31.858238,-71.27875,43.109,3.3,,CSN,CSN_14521
,-31.830417,-71.382554,46.8904,3.0,,CSN,CSN_14522
,-31.800687,-71.428659,32.1498,3.0,,CSN,CSN_14523
,-31.749031,-71.367489,45.577,3.9,,CSN,CSN_14524
,-31.768254,-71.386328,36.3196,3.4,,CSN,CSN_14525
,-31.743731,-71.347211,46.5361,3.3,,CSN,CSN_14526
,-31.759725,-71.404695,42.4953,3.8,,CSN,CSN_14527
,-31.752474,-71.372202,44.0558,4.3,,CSN,CSN_14529
,-31.751089,-71.342634,47.6423,5.2,,CSN,CSN_14530
,-31.762851,-71.376981,38.1064,4.0,,CSN,CSN_14531
,-31.74884,-71.372673,44.9278,3.6,,CSN,CSN_14533
,-31.760299,-71.401947,53.9176,3.6,,CSN,CSN_14535
,-31.720663,-71.333318,41.4651,3.6,,CSN,CSN_14538
,-31.806807,-71.312155,54.807,6.1,,CSN,CSN_14541
,-31.783878,-71.30254,52.9611,3.0,,CSN,CSN_14546
,-31.78875,-71.306715,52.7986,3.0,,CSN,CSN_14547
,-31.8154,-71.306902,53.8824,4.3,,CSN,CSN_14549
,-31.781098,-71.307254,52.567,4.0,,CSN,CSN_14552
,-31.825959,-71.279114,54.885,3.5,,CSN,CSN_14553
,-31.820141,-71.276601,53.4434,3.1,,CSN,CSN_14558
,-31.804499,-71.309083,51.8295,3.0,,CSN,CSN_14559
,-31.804558,-71.263717,52.6709,3.0,,CSN,CSN_14560
,-31.812777,-71.316586,49.5189,3.4,,CSN,CSN_14562
,-31.788284,-71.301351,55.5285,3.0,,CSN,CSN_14563
,-31.829575,-71.305091,52.3881,3.3,,CSN,CSN_14569
,-31.799987,-71.316204,53.6165,3.6,,CSN,CSN_14573
,-31.806902,-71.291894,54.7092,4.0,,CSN,CSN_14574
,-31.808044,-71.292491,50.8855,3.2,,CSN,CSN_14576
,-31.773796,-71.328103,52.3183,3.7,,CSN,CSN_14578
,-31.795505,-71.322547,54.5936,3.8,,CSN,CSN_14581
,-31.805183,-71.318263,51.7304,3.4,,CSN,CSN_14582
,-31.830118,-71.324459,52.777,3.6,,CSN,CSN_14583
,-31.816976,-71.316362,53.2755,3.8,,CSN,CSN_14586
,-31.811611,-71.29998,53.1364,4.3,,CSN,CSN_14587
,-31.7899,-71.334644,51.7103,3.9,,CSN,CSN_14590
,-31.814142,-71.301419,51.3116,3.4,,CSN,CSN_14592
,-31.812384,-71.342649,49.3327,4.4,,CSN,CSN_14593
,-31.818356,-71.268587,52.7297,3.0,,CSN,CSN_14595
,-31.795552,-71.319435,52.4155,3.3,,CSN,CSN_14597
,-31.794811,-71.320003,53.8434,3.8,,CSN,CSN_14598
,-31.815715,-71.313752,51.484,3.4,,CSN,CSN_14599
,-31.817546,-71.283555,50.9798,3.1,,CSN,CSN_14600
,-31.82083,-71.293742,55.3657,4.2,,CSN,CSN_14601
,-31.815487,-71.291421,51.9696,3.0,,CSN,CSN_14612
,-31.771373,-71.388605,52.3495,3.3,,CSN,CSN_14614
,-31.804075,-71.369075,53.075,3.9,,CSN,CSN_14615
,-31.762083,-71.411483,40.7437,3.6,,CSN,CSN_14616
,-31.785144,-71.350834,53.4797,3.0,,CSN,CSN_14617
,-31.801024,-71.349416,50.9502,3.1,,CSN,CSN_14619
,-31.769276,-71.387755,47.4538,3.0,,CSN,CSN_14620
,-31.824637,-71.267652,55.4205,3.4,,CSN,CSN_14623
,-29.82339,-71.653779,54.7788,4.3,,CSN,CSN_14624
,-29.904899,-71.641359,42.6069,4.2,,CSN,CSN_14625
,-29.878079,-71.696558,23.6033,3.2,,CSN,CSN_14630
,-29.847944,-71.622771,28.6169,3.1,,CSN,CSN_14631
,-29.849958,-71.66802,31.6209,4.0,,CSN,CSN_14632
,-29.765423,-71.64142,47.2836,3.1,,CSN,CSN_14633
,-29.794277,-71.644989,24.3443,3.1,,CSN,CSN_14635
,-29.848213,-71.627975,27.0645,3.3,,CSN,CSN_14636
,-29.849997,-71.608106,28.8841,3.4,,CSN,CSN_14638
,-29.784802,-71.634374,24.8586,4.4,,CSN,CSN_14639
,-29.814399,-71.583397,28.7587,3.2,,CSN,CSN_14640
,-29.779805,-71.612731,47.9325,4.7,,CSN,CSN_14642
,-29.891888,-71.613523,35.165,3.8,,CSN,CSN_14643
,-29.848442,-71.654341,56.7039,3.2,,CSN,CSN_14644
,-29.87002,-71.622791,28.9617,3.7,,CSN,CSN_14645
,-29.783226,-71.579041,62.3553,3.5,,CSN,CSN_14646
,-29.869566,-71.638399,20.7171,3.1,,CSN,CSN_14647
,-29.81638,-71.650786,16.3662,4.5,,CSN,CSN_14648
,-29.880025,-71.66967,44.1235,4.4,,CSN,CSN_14649
,-29.875141,-71.680488,13.5318,3.1,,CSN,CSN_14650
,-29.885675,-71.620598,31.5222,3.2,,CSN,CSN_14651
,-29.838374,-71.638384,37.6856,3.2,,CSN,CSN_14652
,-29.800354,-71.571136,62.3594,3.8,,CSN,CSN_14653
,-29.818888,-71.687505,32.5044,3.1,,CSN,CSN_14654
,-29.794866,-71.699388,46.8941,3.6,,CSN,CSN_14655
,-29.892235,-71.63663,44.9736,5.2,,CSN,CSN_14657
,-29.806381,-71.580752,33.5235,3.5,,CSN,CSN_14658
,-29.83194,-71.654961,58.4123,5.9,,CSN,CSN_14659
,-29.858763,-71.66369,49.3472,3.6,,CSN,CSN_14660
,-29.857906,-71.68217,55.0933,3.1,,CSN,CSN_14661
,-29.81329,-71.706657,38.5674,3.0,,CSN,CSN_14663
,-29.807923,-71.69629,14.7179,4.2,,CSN,CSN_14664
,-29.834553,-71.616155,38.7147,3.7,,CSN,CSN_14665
,-29.779304,-71.683569,5.7463,3.7,,CSN,CSN_14666
,-29.802675,-71.697647,5.402,3.0,,CSN,CSN_14667
,-29.808653,-71.667982,18.636,3.2,,CSN,CSN_14668
,-29.814729,-71.698829,40.8624,3.0,,CSN,CSN_14669
,-29.793815,-71.644511,8.9653,3.7,,CSN,CSN_14670
,-29.829625,-71.648655,58.3596,3.4,,CSN,CSN_14672
,-29.818677,-71.693863,14.7662,3.7,,CSN,CSN_14673
,-29.881005,-71.595758,31.262,3.6,,CSN,CSN_14675
,-29.790675,-71.688112,11.692,3.4,,CSN,CSN_14676
,-29.77729,-71.689372,9.66,3.0,,CSN,CSN_14678
,-29.779296,-71.68033,15.917,3.4,,CSN,CSN_14679
,-29.790948,-71.683563,14.7305,3.2,,CSN,CSN_14681
,-29.822795,-71.709911,31.0223,3.0,,CSN,CSN_14683
,-29.842906,-71.650911,30.5674,5.3,,CSN,CSN_14684
,-29.87041,-71.658707,24.5871,3.3,,CSN,CSN_14685
,-29.88791,-71.633259,16.5825,4.7,,CSN,CSN_14686
,-29.879494,-71.620527,24.3679,3.5,,CSN,CSN_14687
,-29.849951,-71.683142,20.7328,3.8,,CSN,CSN_14688
,-29.81844,-71.655864,33.162,5.1,,CSN,CSN_14689
,-29.773156,-71.680066,35.5585,3.3,,CSN,CSN_14690
,-29.884311,-71.684896,21.5148,3.7,,CSN,CSN_14691
,-29.842888,-71.668133,30.0114,3.1,,CSN,CSN_14692
,-29.848639,-71.674567,36.9791,3.0,,CSN,CSN_14694
,-29.905727,-71.676442,30.2496,3.1,,CSN,CSN_14695
,-29.772116,-71.596236,31.925,3.3,,CSN,CSN_14696
,-29.867999,-71.63487,30.2102,3.9,,CSN,CSN_14697
,-29.824211,-71.572142,54.5025,3.0,,CSN,CSN_14701
,-29.854425,-71.627488,30.2501,3.4,,CSN,CSN_14702
,-29.833596,-71.676672,17.4388,3.6,,CSN,CSN_14705
,-29.84521,-71.579894,31.4291,3.1,,CSN,CSN_14709
,-29.819956,-71.596762,35.4726,3.2,,CSN,CSN_14711
,-29.795266,-71.645978,37.0302,3.8,,CSN,CSN_14714
,-29.809558,-71.610881,28.5184,3.0,,CSN,CSN_14716
,-29.84443,-71.586629,31.6926,3.2,,CSN,CSN_14717
,-29.805935,-71.654816,27.246,3.0,,CSN,CSN_14718
,-29.842457,-71.638598,52.3728,3.1,,CSN,CSN_14720
,-29.892239,-71.603614,54.0391,3.5,,CSN,CSN_14723
,-29.759047,-71.626299,38.8974,3.7,,CSN,CSN_14727
,-29.842057,-71.692321,28.2562,4.7,,CSN,CSN_14732
,-29.854786,-71.6232,29.0465,3.5,,CSN,CSN_14733
,-29.836795,-71.655254,28.3716,3.0,,CSN,CSN_14734
,-29.846942,-71.658624,29.4144,3.8,,CSN,CSN_14739
,-29.867621,-71.633611,28.6476,4.4,,CSN,CSN_14744
,-29.861192,-71.615173,30.0969,3.3,,CSN,CSN_14745
,-29.793021,-71.597728,42.9313,3.4,,CSN,CSN_14746
,-29.778572,-71.677152,34.0298,3.0,,CSN,CSN_14747
,-29.803338,-71.583744,42.1106,4.1,,CSN,CSN_14749
,-29.794344,-71.571486,31.8278,3.2,,CSN,CSN_14750
,-29.841284,-71.618286,30.2907,3.6,,CSN,CSN_14754
,-29.852814,-71.636505,24.1684,3.1,,CSN,CSN_14757
,-29.771407,-71.63347,32.4433,5.3,,CSN,CSN_14758
,-29.755958,-71.618922,32.625,3.5,,CSN,CSN_14759
,-29.758879,-71.630928,33.1895,3.1,,CSN,CSN_14760
,-29.833673,-71.631818,27.7483,3.5,,CSN,CSN_14761
,-29.783955,-71.608554,32.8629,3.6,,CSN,CSN_14762
,-29.798653,-71.587362,28.9194,3.6,,CSN,CSN_14763
,-29.887538,-71.652512,22.8027,3.1,,CSN,CSN_14765
,-29.77067,-71.606032,29.4449,3.1,,CSN,CSN_14769
,-29.8053,-71.649628,29.5672,3.4,,CSN,CSN_14770
,-29.816895,-71.666268,25.9021,4.4,,CSN,CSN_14772
,-29.803594,-71.585736,28.74,3.4,,CSN,CSN_14774
,-29.781741,-71.625008,28.2825,3.5,,CSN,CSN_14776
,-29.794537,-71.618613,29.921,3.3,,CSN,CSN_14785
,-29.840806,-71.575732,0.865,3.1,,CSN,CSN_14786
,-32.961689,-72.054984,20.335,3.6,,CSN,CSN_14787
,-32.970736,-72.036704,21.0058,3.9,,CSN,CSN_14788
,-32.999884,-72.151015,17.962,3.4,,CSN,CSN_14789
,-32.954775,-72.173295,12.5463,3.0,,CSN,CSN_14791
,-32.919734,-72.179117,16.4266,3.7,,CSN,CSN_14792
,-32.931988,-72.149937,16.9542,4.6,,CSN,CSN_14793
,-32.937263,-72.149782,16.4279,3.7,,CSN,CSN_14794
,-32.990256,-72.110363,3.8084,4.5,,CSN,CSN_14795
,-32.924883,-72.175514,17.3411,4.2,,CSN,CSN_14796
,-33.275118,-71.93824,22.6733,3.0,,CSN,CSN_14799
,-33.100089,-72.097653,9.2149,3.3,,CSN,CSN_14800
,-33.115528,-72.056678,1.2929,3.6,,CSN,CSN_14801
,-32.984108,-72.072505,19.5907,3.0,,CSN,CSN_14806
,-32.963797,-72.067564,20.5447,5.5,,CSN,CSN_14810
,-32.962209,-72.043535,19.8106,3.9,,CSN,CSN_14811
,-32.969696,-72.043113,15.9675,3.3,,CSN,CSN_14814
,-32.943551,-72.079718,17.1275,3.2,,CSN,CSN_14820
,-32.979677,-71.964417,22.5837,3.5,,CSN,CSN_14826
,-32.955669,-72.012219,22.2083,3.7,,CSN,CSN_14827
,-32.944613,-71.938707,8.0836,3.9,,CSN,CSN_14828
,-32.964736,-72.104326,18.966,4.2,,CSN,CSN_14830
,-32.950051,-72.057243,10.3984,3.5,,CSN,CSN_14831
,-32.931931,-72.117394,18.4678,3.6,,CSN,CSN_14832
,-32.943667,-72.045201,20.4751,4.8,,CSN,CSN_14834
,-32.934852,-72.088805,19.485,4.4,,CSN,CSN_14838
,-32.951425,-72.061295,20.4244,4.2,,CSN,CSN_14841
,-32.967747,-71.977735,22.4057,4.4,,CSN,CSN_14845
,-32.93282,-72.08527,19.3082,3.5,,CSN,CSN_14846
,-32.942639,-72.079265,18.7722,3.3,,CSN,CSN_14849
,-32.957388,-72.084577,15.8449,3.3,,CSN,CSN_14852
,-32.993886,-72.004525,17.881,3.8,,CSN,CSN_14860
,-32.960365,-72.057744,10.5209,3.2,,CSN,CSN_14861
,-32.946722,-72.109349,12.3743,3.1,,CSN,CSN_14862
,-33.034212,-72.009345,21.2797,3.3,,CSN,CSN_14865
,-32.94676,-72.077416,13.096,3.0,,CSN,CSN_14866
,-32.931574,-72.076782,10.0424,3.1,,CSN,CSN_14868
,-32.907709,-72.115553,19.9539,3.0,,CSN,CSN_14870
,-32.97056,-72.083373,18.1308,3.7,,CSN,CSN_14871
,-32.944458,-72.082175,18.7941,4.1,,CSN,CSN_14874
,-32.93758,-72.065676,17.8756,3.3,,CSN,CSN_14875
,-32.940459,-72.142383,8.6155,3.3,,CSN,CSN_14877
,-32.95976,-71.994454,1.6502,3.1,,CSN,CSN_14888
,-32.993484,-72.138167,23.6306,3.1,,CSN,CSN_14890
,-33.112337,-72.102555,14.8154,3.0,,CSN,CSN_14892
,-33.014374,-72.135352,18.9227,3.7,,CSN,CSN_14897
,-33.059702,-72.099201,17.1528,3.8,,CSN,CSN_14900
,-33.055647,-72.117679,12.9062,3.2,,CSN,CSN_14903
,-33.042883,-72.119222,18.1998,3.5,,CSN,CSN_14905
,-33.059619,-72.115137,16.8647,3.3,,CSN,CSN_14908
,-33.040209,-72.143245,28.3435,3.0,,CSN,CSN_14917
,-33.073032,-72.135823,15.8008,3.1,,CSN,CSN_14921
,-33.079266,-72.118989,16.2312,4.0,,CSN,CSN_14922
,-33.077718,-72.09442,19.8128,3.4,,CSN,CSN_14927
,-33.068893,-72.091418,20.0265,3.4,,CSN,CSN_14929
,-33.228927,-72.015272,32.7666,3.2,,CSN,CSN_14932
,-32.950556,-72.126767,13.8152,3.6,,CSN,CSN_14933
,-33.175183,-71.992753,25.4161,3.2,,CSN,CSN_14935
,-32.954676,-71.958113,23.2169,3.5,,CSN,CSN_14941
,-33.0218,-72.0687,18.1915,3.1,,CSN,CSN_14942
,-33.004044,-71.934208,25.7355,3.7,,CSN,CSN_14954
,-32.989192,-72.127811,18.2456,3.3,,CSN,CSN_14966
,-33.006632,-72.027102,20.1494,3.6,,CSN,CSN_14967
,-33.005547,-72.057256,23.8512,3.0,,CSN,CSN_14968
,-33.008376,-72.088048,20.4007,3.1,,CSN,CSN_14972
,-33.028171,-72.143368,20.039,3.5,,CSN,CSN_14982
,-33.000128,-72.150214,22.0303,3.4,,CSN,CSN_14987
,-33.00314,-72.174762,20.0719,4.1,,CSN,CSN_14988
,-33.007121,-72.177911,19.1234,3.3,,CSN,CSN_14989
,-33.010972,-72.156084,21.6634,3.3,,CSN,CSN_14990
,-33.004431,-72.16469,19.2703,3.3,,CSN,CSN_14997
,-33.007022,-72.144734,19.1036,3.0,,CSN,CSN_14998
,-32.973036,-72.217231,18.4752,3.1,,CSN,CSN_15003
,-33.041355,-72.105845,20.0366,3.7,,CSN,CSN_15004
,-33.048521,-72.102986,22.368,3.2,,CSN,CSN_15006
,-33.126978,-72.120056,20.4671,4.1,,CSN,CSN_15010
,-33.13706,-72.130409,17.6642,3.3,,CSN,CSN_15011
,-33.168442,-72.021065,27.3491,4.2,,CSN,CSN_15018
,-33.056041,-72.179737,17.266,3.0,,CSN,CSN_15021
,-33.028051,-72.193062,19.41,3.3,,CSN,CSN_15024
,-32.97476,-72.0514,20.3866,3.2,,CSN,CSN_15028
,-33.135739,-72.000229,22.0053,3.5,,CSN,CSN_15029
,-33.115981,-72.013702,28.2566,3.8,,CSN,CSN_15031
,-33.021518,-72.171619,21.5916,3.8,,CSN,CSN_15039
,-33.006872,-72.14338,20.5138,3.1,,CSN,CSN_15042
,-32.966994,-72.053814,19.3092,3.1,,CSN,CSN_15043
,-33.297135,-71.985473,23.8105,3.0,,CSN,CSN_15044
,-33.003154,-72.024731,21.8594,3.0,,CSN,CSN_15046
,-33.00987,-72.016854,20.8162,4.7,,CSN,CSN_15050
,-32.988819,-71.984106,22.6799,3.8,,CSN,CSN_15051
,-32.9848,-71.993295,26.5668,4.2,,CSN,CSN_15052
,-32.993394,-71.989909,22.816,4.5,,CSN,CSN_15058
,-32.976963,-71.985527,22.3559,3.5,,CSN,CSN_15060
,-32.989337,-72.007464,22.7127,4.3,,CSN,CSN_15061
,-33.17058,-72.065379,3.5178,4.3,,CSN,CSN_15062
,-32.990232,-71.989297,22.5283,4.3,,CSN,CSN_15063
,-33.119382,-72.13904,20.8842,3.4,,CSN,CSN_15069
,-33.098181,-72.20574,31.61,3.2,,CSN,CSN_15071
,-33.117308,-72.03527,12.3412,3.9,,CSN,CSN_15077
,-33.098666,-72.017282,8.3514,3.1,,CSN,CSN_15078
,-33.279288,-71.971542,24.4502,3.5,,CSN,CSN_15079
,-33.002557,-72.119311,18.6207,4.7,,CSN,CSN_15080
,-32.9911,-72.078338,18.8031,3.7,,CSN,CSN_15081
,-32.945092,-72.072267,4.6422,4.2,,CSN,CSN_15082
,-33.031391,-72.068289,23.2205,3.9,,CSN,CSN_15083
,-33.162227,-72.07371,21.0415,3.8,,CSN,CSN_15084
,-33.128043,-71.992649,23.6862,4.0,,CSN,CSN_15085
,-33.230939,-71.975397,41.449,3.9,,CSN,CSN_15086
,-32.904611,-72.06979,13.8123,4.0,,CSN,CSN_15087
,-33.006078,-72.116721,5.0864,4.2,,CSN,CSN_15088
,-33.04218,-72.143956,2.036,3.7,,CSN,CSN_15089
,-32.969983,-72.060558,19.8839,3.3,,CSN,CSN_15090
,-33.106148,-72.128138,3.6643,4.2,,CSN,CSN_15091
,-33.107007,-72.080773,7.8639,4.1,,CSN,CSN_15092
,-33.0504,-72.075995,19.1273,3.5,,CSN,CSN_15093
,-33.042906,-72.040617,15.6415,3.1,,CSN,CSN_15094
,-33.118898,-72.079229,10.7546,3.9,,CSN,CSN_15095
,-33.105949,-72.023626,15.2204,3.0,,CSN,CSN_15096
,-33.094076,-72.077001,18.4952,3.2,,CSN,CSN_15097
,-33.160794,-72.038943,20.9997,5.5,,CSN,CSN_15098
,-33.005635,-72.07981,22.0233,3.7,,CSN,CSN_15099
,-32.909632,-72.158616,2.8746,3.4,,CSN,CSN_15100
,-32.971516,-72.198778,12.0733,4.1,,CSN,CSN_15101
,-33.315138,-71.953515,19.1994,4.4,,CSN,CSN_15102
,-33.118401,-72.17176,29.7666,4.4,,CSN,CSN_15103
,-33.101469,-72.156414,16.0473,3.5,,CSN,CSN_15105
,-33.236124,-72.029908,44.1265,4.1,,CSN,CSN_15108
,-33.054977,-72.090255,10.2159,3.4,,CSN,CSN_15109
,-33.042601,-72.101502,11.5734,3.8,,CSN,CSN_15110
,-33.04242,-72.16814,11.465,3.8,,CSN,CSN_15111
,-33.03088,-72.022468,5.0147,3.8,,CSN,CSN_15112
,-33.240506,-71.969417,38.3957,3.1,,CSN,CSN_15113
,-32.912281,-71.981087,12.0527,3.0,,CSN,CSN_15115
,-32.918669,-72.0277,14.6894,4.2,,CSN,CSN_15116
,-33.076479,-72.102462,1.4877,4.0,,CSN,CSN_15117
,-32.91102,-72.043915,24.8372,3.1,,CSN,CSN_15118
,-32.882599,-72.043933,21.9474,3.0,,CSN,CSN_15119
,-33.289905,-71.94803,26.1435,3.1,,CSN,CSN_15121
,-32.979874,-72.096928,6.0763,4.6,,CSN,CSN_15122
,-32.934047,-72.042699,20.9693,3.6,,CSN,CSN_15123
,-32.892192,-72.029655,12.3779,3.4,,CSN,CSN_15124
,-33.176893,-72.093086,14.2282,3.5,,CSN,CSN_15125
,-32.963404,-71.933906,27.8643,3.0,,CSN,CSN_15128
,-32.957523,-72.125537,18.7483,3.5,,CSN,CSN_15131
,-33.004714,-72.146221,34.7461,4.1,,CSN,CSN_15132
,-33.068563,-72.172382,18.0131,3.4,,CSN,CSN_15133
,-33.032532,-72.150842,41.6587,3.4,,CSN,CSN_15134
,-33.030356,-72.124661,18.668,3.0,,CSN,CSN_15135
,-32.917478,-72.078773,20.0726,3.1,,CSN,CSN_15137
,-33.126445,-72.017651,19.0426,4.1,,CSN,CSN_15139
,-33.096601,-72.00509,19.9613,3.0,,CSN,CSN_15141
,-33.103184,-72.056188,18.3096,3.3,,CSN,CSN_15142
,-33.038426,-71.976389,22.3813,3.4,,CSN,CSN_15143
,-33.117283,-72.020197,20.9594,4.8,,CSN,CSN_15145
,-33.061575,-72.044143,18.7383,3.0,,CSN,CSN_15146
,-33.055318,-72.026196,20.3692,3.1,,CSN,CSN_15147
,-33.05929,-72.04358,18.841,3.0,,CSN,CSN_15149
,-33.071315,-72.06977,20.1586,3.7,,CSN,CSN_15150
,-33.081771,-72.020056,24.0381,3.9,,CSN,CSN_15153
,-33.012771,-71.992795,29.1657,3.1,,CSN,CSN_15154
,-33.073652,-72.113543,31.1758,3.4,,CSN,CSN_15155
,-32.918649,-72.118488,18.5183,4.0,,CSN,CSN_15157
,-32.924478,-72.109232,16.5604,3.6,,CSN,CSN_15158
,-32.908814,-72.125247,18.1194,3.0,,CSN,CSN_15160
,-33.224661,-71.938772,22.0232,3.2,,CSN,CSN_15161
,-33.178139,-72.003442,33.4739,3.5,,CSN,CSN_15162
,-33.179093,-72.046144,16.1016,4.1,,CSN,CSN_15163
,-33.061344,-71.971467,30.2136,3.6,,CSN,CSN_15166
,-33.059595,-71.954156,1.9059,3.4,,CSN,CSN_15168
,-33.05529,-71.957134,5.8065,3.5,,CSN,CSN_15169
,-33.016737,-72.045383,20.8063,3.0,,CSN,CSN_15170
,-32.997592,-71.939273,23.6817,3.0,,CSN,CSN_15172
,-33.297103,-72.002226,33.188,3.2,,CSN,CSN_15174
,-33.06345,-72.076862,21.7782,4.3,,CSN,CSN_15175
,-33.066125,-72.104228,20.9515,3.5,,CSN,CSN_15176
,-33.082209,-72.08683,20.6506,3.9,,CSN,CSN_15177
,-33.074329,-72.114614,18.769,3.0,,CSN,CSN_15178
,-33.051783,-72.064983,21.5375,4.1,,CSN,CSN_15181
,-33.057985,-72.099489,18.9227,3.1,,CSN,CSN_15182
,-33.055737,-72.07694,21.6428,3.2,,CSN,CSN_15183
,-33.064751,-72.058403,21.1341,4.0,,CSN,CSN_15184
,-32.913762,-72.089898,14.3106,3.5,,CSN,CSN_15186
,-33.004029,-72.164894,17.9354,3.3,,CSN,CSN_15187
,-33.012867,-72.174585,20.4988,3.3,,CSN,CSN_15189
,-33.062222,-72.186541,21.1085,3.2,,CSN,CSN_15191
,-33.020573,-72.142398,18.8771,3.1,,CSN,CSN_15192
,-32.93403,-72.051302,19.0874,3.3,,CSN,CSN_15194
,-33.064421,-72.060398,22.0423,3.2,,CSN,CSN_15195
,-32.896987,-72.014181,15.2634,3.1,,CSN,CSN_15199
,-33.0532,-72.159772,21.3129,3.2,,CSN,CSN_15202
,-33.042361,-72.045315,20.9739,3.0,,CSN,CSN_15205
,-32.938335,-72.018591,19.9504,3.6,,CSN,CSN_15206
,-33.119771,-72.05121,18.579,3.3,,CSN,CSN_15207
,-32.933919,-72.032227,20.3958,3.1,,CSN,CSN_15210
,-33.004722,-72.051902,22.3913,4.8,,CSN,CSN_15213
,-33.018541,-72.068436,19.1875,3.0,,CSN,CSN_15214
,-33.001965,-72.057386,20.9735,3.3,,CSN,CSN_15217
,-33.024431,-72.000614,23.362,3.9,,CSN,CSN_15219
,-33.015045,-72.033692,20.8712,4.6,,CSN,CSN_15222
,-33.017226,-72.006796,20.8822,3.8,,CSN,CSN_15223
,-33.031357,-72.049888,13.2221,3.5,,CSN,CSN_15224
,-33.023206,-72.006232,19.2475,3.4,,CSN,CSN_15225
,-32.994124,-72.081849,17.8304,3.5,,CSN,CSN_15226
,-32.997894,-72.052314,21.7713,3.8,,CSN,CSN_15229
,-33.015284,-72.076683,18.6024,5.9,,CSN,CSN_15231
,-33.032979,-71.968553,18.0166,4.5,,CSN,CSN_15232
,-33.059657,-71.96749,21.7022,4.5,,CSN,CSN_15233
,-33.00558,-71.986387,18.9952,4.6,,CSN,CSN_15234
,-33.033389,-71.965025,23.3584,4.7,,CSN,CSN_15235
,-33.036727,-72.048199,13.208,4.4,,CSN,CSN_15236
,-33.060602,-72.010828,23.0958,4.7,,CSN,CSN_15237
,-32.985698,-71.923578,23.6585,4.0,,CSN,CSN_15238
,-33.006338,-72.001276,22.0889,3.7,,CSN,CSN_15239
,-32.988409,-71.956203,22.8632,3.7,,CSN,CSN_15241
,-32.998637,-71.951212,23.4099,3.0,,CSN,CSN_15243
,-32.982564,-71.957661,23.5329,3.1,,CSN,CSN_15245
,-33.043159,-71.949966,23.2996,3.9,,CSN,CSN_15246
,-33.006535,-71.956236,21.5897,3.0,,CSN,CSN_15247
,-33.023246,-71.96286,23.3593,3.1,,CSN,CSN_15248
,-33.031126,-72.063286,21.8044,3.2,,CSN,CSN_15249
,-33.031267,-71.943197,23.9829,3.2,,CSN,CSN_15251
,-33.072167,-72.11212,20.6016,3.5,,CSN,CSN_15258
,-32.977611,-71.971726,21.8695,3.0,,CSN,CSN_15262
,-33.025243,-71.95981,23.5235,3.4,,CSN,CSN_15264
,-33.028032,-72.058753,19.4031,3.3,,CSN,CSN_15267
,-32.952593,-72.035222,18.6403,3.0,,CSN,CSN_15268
,-33.060809,-71.95399,23.3888,3.9,,CSN,CSN_15272
,-32.986238,-71.919323,23.1136,3.3,,CSN,CSN_15274
,-32.944884,-72.042264,19.8008,3.1,,CSN,CSN_15275
,-32.986924,-71.952726,23.29,4.3,,CSN,CSN_15279
,-33.040183,-72.141481,17.6899,5.5,,CSN,CSN_15282
,-33.080374,-72.051069,19.5196,3.8,,CSN,CSN_15283
,-33.041489,-72.018786,11.8415,3.2,,CSN,CSN_15284
,-33.041092,-72.087431,18.6988,3.4,,CSN,CSN_15285
,-33.047654,-71.949374,21.5884,3.6,,CSN,CSN_15291
,-33.06938,-72.116096,19.0714,3.0,,CSN,CSN_15292
,-33.061788,-72.065072,18.8351,3.0,,CSN,CSN_15296
,-32.985802,-71.968068,23.0366,3.1,,CSN,CSN_15300
,-33.048241,-72.061261,22.6592,3.0,,CSN,CSN_15303
,-33.091401,-72.02978,22.5921,4.2,,CSN,CSN_15304
,-33.04091,-72.113027,18.6345,3.1,,CSN,CSN_15308
,-33.082301,-72.111757,21.1785,4.5,,CSN,CSN_15311
,-33.098061,-72.069804,18.6168,4.7,,CSN,CSN_15312
,-33.102393,-72.084518,19.5478,3.8,,CSN,CSN_15319
,-33.095674,-72.062037,22.6211,3.4,,CSN,CSN_15320
,-33.098418,-72.037036,24.1519,3.8,,CSN,CSN_15321
,-33.037253,-72.087087,19.2348,3.5,,CSN,CSN_15327
,-32.968356,-72.122,19.5556,3.2,,CSN,CSN_15328
,-32.990343,-72.101443,18.717,3.0,,CSN,CSN_15330
,-33.107731,-72.070375,21.2028,3.2,,CSN,CSN_15331
,-33.100586,-72.081194,21.9061,3.7,,CSN,CSN_15332
,-32.96918,-71.936465,24.2462,3.8,,CSN,CSN_15337
,-33.074105,-72.081265,19.5152,3.4,,CSN,CSN_15342
,-33.089437,-72.042304,20.7276,3.1,,CSN,CSN_15344
,-33.034064,-72.103767,18.7249,3.0,,CSN,CSN_15346
,-33.090343,-72.046001,20.4506,3.0,,CSN,CSN_15347
,-33.069932,-72.074075,20.451,6.9,,CSN,CSN_15348
,-32.943509,-71.940226,22.8226,3.9,,CSN,CSN_15349
,-33.035776,-71.960603,22.923,4.4,,CSN,CSN_15350
,-33.076658,-72.043567,15.5575,3.7,,CSN,CSN_15351
,-33.183734,-72.032884,22.0119,3.7,,CSN,CSN_15352
,-33.016754,-72.022273,16.8059,4.3,,CSN,CSN_15353
,-33.008545,-71.956523,21.0662,3.5,,CSN,CSN_15354
,-33.0262,-71.949157,23.1278,3.4,,CSN,CSN_15355
,-33.10162,-72.021383,23.485,4.5,,CSN,CSN_15356
,-33.020605,-71.913826,24.2137,3.8,,CSN,CSN_15357
,-33.07694,-72.102999,17.4175,3.2,,CSN,CSN_15358
,-33.171693,-72.050612,15.7317,3.7,,CSN,CSN_15359
,-33.040062,-72.052516,22.0047,3.2,,CSN,CSN_15360
,-32.976911,-72.014128,21.6168,3.2,,CSN,CSN_15361
,-32.964237,-72.009013,21.1955,3.9,,CSN,CSN_15362
,-33.068027,-72.096029,15.6962,3.6,,CSN,CSN_15363
,-32.97326,-72.033196,18.0528,3.5,,CSN,CSN_15364
,-33.1495,-72.026387,23.4049,4.6,,CSN,CSN_15365
,-33.02621,-72.095761,20.3632,3.0,,CSN,CSN_15366
,-33.044481,-71.889314,25.5531,3.5,,CSN,CSN_15367
,-32.948182,-72.026329,20.3415,3.1,,CSN,CSN_15368
,-32.998469,-72.007,22.2849,3.8,,CSN,CSN_15375
,-33.05127,-72.107755,17.6217,3.2,,CSN,CSN_15377
,-33.148729,-72.043341,21.4706,4.7,,CSN,CSN_15378
,-33.163187,-72.056921,21.3174,3.8,,CSN,CSN_15379
,-32.981027,-71.884637,25.4367,3.3,,CSN,CSN_15380
,-33.141742,-72.077302,22.252,5.2,,CSN,CSN_15381
,-33.081095,-72.068887,17.2903,3.8,,CSN,CSN_15382
,-33.008632,-72.102681,19.7298,3.1,,CSN,CSN_15383
,-33.021531,-71.939467,22.7003,3.5,,CSN,CSN_15384
,-33.124473,-72.17755,17.8307,3.0,,CSN,CSN_15385
,-33.032102,-71.917339,23.6653,3.3,,CSN,CSN_15386
,-33.145058,-72.09785,20.7882,3.3,,CSN,CSN_15388
,-32.980909,-71.8847,25.4546,4.1,,CSN,CSN_15389
,-32.97982,-71.886872,25.9377,3.0,,CSN,CSN_15390
,-33.041175,-72.097624,18.9583,3.0,,CSN,CSN_15391
,-33.030686,-71.970498,22.0742,3.0,,CSN,CSN_15393
,-33.145572,-72.074131,21.7545,4.9,,CSN,CSN_15396
,-33.019799,-71.963808,20.0697,3.6,,CSN,CSN_15397
,-33.016354,-72.043065,19.7766,3.6,,CSN,CSN_15398
,-33.066496,-72.114215,17.7871,3.0,,CSN,CSN_15400
,-33.014695,-72.120331,12.6505,3.5,,CSN,CSN_15402
,-32.995014,-71.914088,23.601,3.1,,CSN,CSN_15406
,-32.945364,-71.952786,23.324,3.1,,CSN,CSN_15407
,-32.943267,-71.932582,23.7511,3.2,,CSN,CSN_15410
,-33.070143,-72.107685,18.8655,3.1,,CSN,CSN_15411
,-32.957503,-71.919276,24.8884,3.6,,CSN,CSN_15412
,-32.959144,-71.910846,24.2942,3.8,,CSN,CSN_15414
,-33.096859,-72.085744,18.1099,3.1,,CSN,CSN_15415
,-32.995186,-72.053079,20.9967,3.2,,CSN,CSN_15418
,-32.932942,-72.079576,19.4447,3.1,,CSN,CSN_15419
,-33.099229,-72.096313,17.834,3.8,,CSN,CSN_15421
,-33.093182,-72.050399,18.1152,3.2,,CSN,CSN_15426
,-32.95483,-71.959576,21.4732,3.8,,CSN,CSN_15427
,-33.125146,-72.093701,22.4606,4.2,,CSN,CSN_15428
,-33.09429,-71.990178,24.2676,4.3,,CSN,CSN_15430
,-33.12027,-72.189674,20.0387,3.0,,CSN,CSN_15431
,-33.011605,-72.160552,19.4416,3.3,,CSN,CSN_15432
,-33.114428,-72.160471,19.2999,3.0,,CSN,CSN_15433
,-33.050312,-72.083943,17.6883,3.3,,CSN,CSN_15435
,-32.92027,-72.095082,19.7399,4.3,,CSN,CSN_15437
,-32.919306,-72.11624,16.6502,4.0,,CSN,CSN_15438
,-33.019435,-72.180028,17.2591,3.9,,CSN,CSN_15439
,-33.092649,-72.052371,19.9903,3.5,,CSN,CSN_15440
,-33.021081,-72.140401,19.6203,3.0,,CSN,CSN_15441
,-33.095285,-72.051561,18.8161,3.4,,CSN,CSN_15442
,-33.009472,-72.084997,18.7214,3.4,,CSN,CSN_15444
,-33.044618,-72.089108,18.4069,3.3,,CSN,CSN_15445
,-33.123873,-72.189824,17.2178,4.6,,CSN,CSN_15446
,-33.07071,-72.080723,21.1525,3.5,,CSN,CSN_15449
,-33.020359,-72.144927,19.9427,3.8,,CSN,CSN_15450
,-33.102564,-72.169743,20.2719,3.4,,CSN,CSN_15451
,-33.194447,-72.015955,22.8241,3.1,,CSN,CSN_15453
,-33.176595,-71.998329,22.674,3.3,,CSN,CSN_15454
,-33.007515,-72.072088,20.4674,3.7,,CSN,CSN_15456
,-33.156767,-72.080829,18.2419,4.2,,CSN,CSN_15458
,-33.139421,-72.135237,20.5311,3.6,,CSN,CSN_15460
,-33.06859,-72.091673,20.0815,3.2,,CSN,CSN_15462
,-33.096803,-72.184305,21.3848,4.2,,CSN,CSN_15463
,-32.994257,-72.069962,19.9534,3.1,,CSN,CSN_15465
,-33.074762,-72.075615,19.668,3.0,,CSN,CSN_15466
,-33.273482,-72.008515,23.1149,3.2,,CSN,CSN_15467
,-33.060739,-72.11322,19.4697,3.9,,CSN,CSN_15468
,-33.07061,-72.085513,20.888,3.6,,CSN,CSN_15469
,-33.164596,-72.051231,19.3132,3.2,,CSN,CSN_15470
,-33.047718,-72.148367,21.6401,3.9,,CSN,CSN_15471
,-33.280011,-72.011563,24.6073,4.2,,CSN,CSN_15472
,-32.953402,-72.033321,18.1955,3.4,,CSN,CSN_15476
,-32.938235,-72.048143,21.0267,3.1,,CSN,CSN_15479
,-33.093406,-72.033715,17.7458,3.3,,CSN,CSN_15481
,-33.038778,-72.095765,19.4241,3.4,,CSN,CSN_15482
,-33.248843,-71.975184,22.9359,3.3,,CSN,CSN_15484
,-33.112943,-72.168282,19.8334,3.6,,CSN,CSN_15488
,-33.117006,-72.13967,20.2358,3.4,,CSN,CSN_15490
,-33.123276,-72.157935,20.0932,4.0,,CSN,CSN_15491
,-33.097206,-72.041821,20.527,3.9,,CSN,CSN_15492
,-33.098821,-72.074137,19.8336,3.2,,CSN,CSN_15495
,-32.944044,-71.934044,24.0194,4.2,,CSN,CSN_15497
,-33.006241,-71.952696,22.7991,3.4,,CSN,CSN_15500
,-32.954562,-71.928686,24.6166,3.0,,CSN,CSN_15501
,-32.920076,-72.081532,18.7262,3.1,,CSN,CSN_15502
,-32.987279,-71.888019,23.4128,3.2,,CSN,CSN_15503
,-32.999772,-72.083146,19.2338,3.0,,CSN,CSN_15509
,-33.070271,-72.063566,21.2806,3.7,,CSN,CSN_15512
,-33.073983,-72.07848,21.5437,3.2,,CSN,CSN_15516
,-32.906025,-72.082347,13.7879,3.2,,CSN,CSN_15518
,-32.922208,-72.159936,12.3382,3.0,,CSN,CSN_15522
,-32.937764,-72.146209,14.9069,3.5,,CSN,CSN_15524
,-33.019557,-72.145978,11.815,3.6,,CSN,CSN_15525
,-33.135933,-72.1033,23.0324,3.0,,CSN,CSN_15531
,-33.04817,-72.172969,19.6734,3.2,,CSN,CSN_15533
,-33.099032,-71.991394,20.7903,3.0,,CSN,CSN_15536
,-33.044532,-72.211111,16.4942,3.4,,CSN,CSN_15537
,-33.082496,-72.168953,17.5495,3.2,,CSN,CSN_15538
,-33.193176,-72.030691,22.573,3.6,,CSN,CSN_15539
,-33.271546,-71.927886,25.747,4.7,,CSN,CSN_15540
,-32.987031,-72.050879,22.6986,3.5,,CSN,CSN_15542
,-33.023023,-72.09233,19.6382,3.4,,CSN,CSN_15548
,-33.055026,-72.160547,25.2845,4.2,,CSN,CSN_15549
,-33.06625,-72.084239,24.8204,4.2,,CSN,CSN_15550
,-33.007738,-72.116529,18.9058,3.6,,CSN,CSN_15551
,-32.982787,-72.187436,19.1085,3.1,,CSN,CSN_15552
,-33.29834,-71.945386,19.6137,4.7,,CSN,CSN_15553
,-33.236047,-71.922093,24.7608,4.5,,CSN,CSN_15554
,-32.999588,-72.12753,20.277,3.5,,CSN,CSN_15559
,-33.259563,-71.980151,20.3293,3.1,,CSN,CSN_15561
,-33.008862,-72.179995,19.5014,3.9,,CSN,CSN_15568
,-33.068162,-72.107026,20.9176,3.8,,CSN,CSN_15570
,-32.925367,-72.060789,19.4778,3.3,,CSN,CSN_15572
,-33.074165,-72.015933,21.4202,3.0,,CSN,CSN_15573
,-32.967999,-72.173002,12.3797,3.1,,CSN,CSN_15576
,-33.080656,-72.113171,19.9715,3.4,,CSN,CSN_15582
,-33.222283,-72.008426,23.1314,3.2,,CSN,CSN_15583
,-33.068649,-72.082091,19.2632,3.6,,CSN,CSN_15587
,-33.075822,-72.160905,22.6416,3.1,,CSN,CSN_15588
,-33.096892,-72.211202,18.8104,3.4,,CSN,CSN_15590
,-33.05918,-72.105804,20.2009,3.8,,CSN,CSN_15594
,-33.02879,-72.065255,21.2837,3.5,,CSN,CSN_15595
,-32.941043,-72.084854,20.12,4.1,,CSN,CSN_15596
,-32.940548,-72.139585,17.3939,3.9,,CSN,CSN_15600
,-33.09598,-72.05359,18.0802,3.1,,CSN,CSN_15605
,-33.01929,-72.099633,22.03,3.7,,CSN,CSN_15609
,-33.01796,-72.067012,21.3079,3.6,,CSN,CSN_15610
,-33.082977,-72.095446,17.1553,3.3,,CSN,CSN_15611
,-33.003763,-72.089719,19.8876,3.0,,CSN,CSN_15614
,-33.079356,-72.185191,20.6436,3.3,,CSN,CSN_15616
,-33.064846,-72.10631,23.1293,3.9,,CSN,CSN_15619
,-33.05089,-72.183601,20.2141,3.7,,CSN,CSN_15623
,-33.275856,-71.939352,26.1651,3.4,,CSN,CSN_15625
,-33.047744,-72.176758,19.6293,3.3,,CSN,CSN_15627
,-33.021849,-72.101902,18.0223,3.2,,CSN,CSN_15632
,-33.046264,-72.04968,2.4044,3.0,,CSN,CSN_15633
,-32.94363,-71.974791,22.5994,5.2,,CSN,CSN_15642
,-32.982955,-71.900977,23.2589,3.4,,CSN,CSN_15643
,-33.255573,-71.976366,23.3378,3.0,,CSN,CSN_15646
,-33.259534,-71.984062,20.453,3.3,,CSN,CSN_15647
,-32.89842,-72.068496,17.6903,3.5,,CSN,CSN_15650
,-33.08876,-72.05898,21.4492,3.5,,CSN,CSN_15651
,-33.088704,-72.054216,17.3893,3.0,,CSN,CSN_15652
,-33.014109,-72.062823,16.8197,3.2,,CSN,CSN_15655
,-32.971352,-72.154735,15.0108,3.9,,CSN,CSN_15656
,-32.951757,-72.175131,10.2985,3.1,,CSN,CSN_15658
,-32.967584,-72.147879,15.6777,3.5,,CSN,CSN_15659
,-33.033019,-72.133836,16.5805,3.0,,CSN,CSN_15661
,-32.964646,-72.130311,12.0702,3.1,,CSN,CSN_15662
,-32.973604,-72.122674,15.1856,3.5,,CSN,CSN_15664
,-32.971401,-72.136144,15.4172,3.2,,CSN,CSN_15665
,-33.044325,-72.180428,19.4541,3.1,,CSN,CSN_15672
,-32.960406,-72.158176,14.1691,3.3,,CSN,CSN_15673
,-32.968021,-72.146424,14.2408,3.0,,CSN,CSN_15674
,-33.073033,-72.117083,19.4375,3.5,,CSN,CSN_15677
,-33.048697,-72.071778,20.7305,3.1,,CSN,CSN_15678
,-32.965833,-72.161588,14.1874,3.1,,CSN,CSN_15679
,-33.068647,-72.052384,21.9449,3.3,,CSN,CSN_15682
,-32.957595,-72.040649,17.5533,4.3,,CSN,CSN_15684
,-33.071003,-72.105671,19.803,3.2,,CSN,CSN_15686
,-33.035636,-72.114917,20.9517,3.6,,CSN,CSN_15687
,-33.047355,-71.893769,28.1888,3.4,,CSN,CSN_15692
,-33.123564,-72.038309,19.3091,3.1,,CSN,CSN_15695
,-33.11875,-72.054259,22.1266,3.0,,CSN,CSN_15696
,-32.934134,-72.070478,20.1623,3.9,,CSN,CSN_15699
,-32.930594,-72.058097,19.1502,3.5,,CSN,CSN_15700
,-32.953387,-72.165706,19.6257,4.0,,CSN,CSN_15702
,-32.954671,-72.192446,16.3049,3.0,,CSN,CSN_15703
,-33.072483,-72.04215,19.5527,3.1,,CSN,CSN_15706
,-32.999737,-72.05263,21.5372,3.4,,CSN,CSN_15707
,-33.002422,-72.047432,21.4338,3.7,,CSN,CSN_15708
,-32.95211,-72.183356,16.855,3.3,,CSN,CSN_15711
,-33.137881,-72.043272,21.62,3.6,,CSN,CSN_15714
,-33.091124,-72.079006,17.3811,3.1,,CSN,CSN_15717
,-33.033061,-72.141945,21.6456,3.3,,CSN,CSN_15721
,-33.037948,-72.160356,20.1158,3.0,,CSN,CSN_15723
,-33.038754,-72.086087,21.3941,3.3,,CSN,CSN_15724
,-33.074597,-72.111182,19.4828,4.2,,CSN,CSN_15725
,-33.083006,-72.077138,19.6611,3.6,,CSN,CSN_15726
,-33.05839,-72.042224,17.8428,3.0,,CSN,CSN_15732
,-32.990268,-71.963843,23.469,4.6,,CSN,CSN_15738
,-32.995605,-71.984815,22.3819,3.7,,CSN,CSN_15739
,-33.049822,-72.142922,21.1482,3.1,,CSN,CSN_15742
,-33.028367,-72.022679,21.0408,3.0,,CSN,CSN_15745
,-33.070925,-72.096212,20.7251,3.4,,CSN,CSN_15747
,-33.048924,-71.897805,25.2137,4.3,,CSN,CSN_15748
,-33.085519,-72.052954,20.1684,3.9,,CSN,CSN_15750
,-33.085467,-72.066211,19.1518,3.0,,CSN,CSN_15754
,-33.081665,-72.031456,20.8078,3.3,,CSN,CSN_15755
,-33.0886,-72.031004,20.9142,3.2,,CSN,CSN_15756
,-33.256439,-71.939053,24.4795,3.3,,CSN,CSN_15757
,-33.026194,-72.104919,21.5743,3.3,,CSN,CSN_15758
,-33.078998,-72.06025,22.3438,3.0,,CSN,CSN_15760
,-33.093569,-72.074995,19.6445,3.4,,CSN,CSN_15761
,-33.108194,-72.028715,9.1162,3.2,,CSN,CSN_15762
,-33.089278,-72.06252,17.7955,3.2,,CSN,CSN_15763
,-33.044532,-72.078833,21.7858,3.0,,CSN,CSN_15765
,-33.042862,-72.121473,20.2357,3.3,,CSN,CSN_15773
,-33.00766,-72.139834,20.0206,3.8,,CSN,CSN_15775
,-33.023732,-72.135614,20.2309,3.5,,CSN,CSN_15778
,-33.041847,-72.125257,19.4746,4.0,,CSN,CSN_15779
,-33.007759,-72.156581,19.089,3.1,,CSN,CSN_15780
,-33.018799,-72.182393,19.6644,3.4,,CSN,CSN_15781
,-33.01325,-72.175503,19.2119,3.1,,CSN,CSN_15783
,-33.128505,-72.148319,12.2585,4.0,,CSN,CSN_15786
,-32.999346,-72.132438,17.8462,3.3,,CSN,CSN_15794
,-33.028916,-71.945312,25.2363,4.4,,CSN,CSN_15798
,-33.00771,-72.152955,16.6134,3.6,,CSN,CSN_15800
,-33.025908,-72.072641,20.7135,3.2,,CSN,CSN_15801
,-33.07754,-72.017351,19.5043,3.9,,CSN,CSN_15802
,-33.058688,-72.112844,19.9719,3.9,,CSN,CSN_15808
,-33.06967,-72.04939,11.1386,3.3,,CSN,CSN_15809
,-32.939138,-72.073914,19.5025,3.6,,CSN,CSN_15811
,-33.073554,-72.124031,18.4025,3.0,,CSN,CSN_15812
,-33.052014,-72.081275,18.0281,3.1,,CSN,CSN_15815
,-33.082135,-71.931364,44.0378,3.0,,CSN,CSN_15818
,-32.931154,-72.106022,16.7724,3.0,,CSN,CSN_15822
,-33.005465,-72.083637,18.9753,3.0,,CSN,CSN_15829
,-33.015232,-72.100124,19.0281,3.0,,CSN,CSN_15831
,-32.922138,-72.130878,19.6302,3.0,,CSN,CSN_15832
,-32.851444,-71.931323,12.3252,3.5,,CSN,CSN_15835
,-33.067066,-72.20722,19.8918,3.3,,CSN,CSN_15836
,-33.113213,-72.032196,21.3058,3.0,,CSN,CSN_15841
,-33.070384,-72.103585,19.8112,3.4,,CSN,CSN_15843
,-32.921827,-72.13711,15.6765,3.4,,CSN,CSN_15846
,-33.08439,-72.054252,20.0184,3.1,,CSN,CSN_15848
,-33.084372,-72.045533,21.1004,3.5,,CSN,CSN_15849
,-33.07603,-72.062764,21.6374,4.0,,CSN,CSN_15850
,-33.073051,-72.039777,19.5554,3.3,,CSN,CSN_15851
,-33.083434,-72.111659,19.6766,3.1,,CSN,CSN_15853
,-33.101162,-72.100932,18.8082,3.2,,CSN,CSN_15855
,-33.035177,-72.132446,18.7931,3.7,,CSN,CSN_15856
,-33.17684,-72.074699,19.2377,3.2,,CSN,CSN_15859
,-33.014475,-72.000742,26.1136,3.3,,CSN,CSN_15863
,-33.042424,-72.091502,17.2197,3.1,,CSN,CSN_15864
,-32.970994,-72.032531,19.9322,3.0,,CSN,CSN_15866
,-32.977907,-72.018405,20.601,3.1,,CSN,CSN_15869
,-33.099157,-72.103243,20.5547,3.1,,CSN,CSN_15870
,-32.92832,-72.179615,16.3626,3.5,,CSN,CSN_15875
,-33.14015,-72.086732,20.0434,3.0,,CSN,CSN_15880
,-33.005233,-72.040964,20.9165,3.6,,CSN,CSN_15883
,-32.99825,-72.066477,23.6321,3.8,,CSN,CSN_15884
,-32.992331,-72.060006,20.4644,3.0,,CSN,CSN_15885
,-33.092943,-72.012245,19.3542,3.1,,CSN,CSN_15888
,-32.921082,-72.152729,16.3805,3.0,,CSN,CSN_15890
,-33.215364,-72.014056,20.3211,3.1,,CSN,CSN_15892
,-33.210355,-72.025875,30.9955,3.1,,CSN,CSN_15893
,-33.111534,-71.958146,23.5122,3.4,,CSN,CSN_15895
,-33.102777,-72.086181,20.4639,4.5,,CSN,CSN_15896
,-33.084369,-72.10177,20.0134,3.0,,CSN,CSN_15897
,-33.100247,-72.122827,20.2657,3.1,,CSN,CSN_15898
,-32.966299,-71.946755,23.406,3.7,,CSN,CSN_15903
,-33.083437,-72.048095,21.1788,3.4,,CSN,CSN_15904
,-33.081059,-72.071857,19.9643,4.2,,CSN,CSN_15905
,-33.0144,-71.97056,22.9226,3.6,,CSN,CSN_15906
,-33.095037,-72.067938,21.732,3.4,,CSN,CSN_15909
,-33.093307,-72.077691,19.5684,3.3,,CSN,CSN_15910
,-33.020202,-72.061492,20.9314,3.0,,CSN,CSN_15915
,-33.169866,-72.111007,27.6349,3.2,,CSN,CSN_15916
,-32.992941,-72.077629,21.6859,3.7,,CSN,CSN_15919
,-32.961455,-72.140813,18.2544,3.6,,CSN,CSN_15922
,-32.980858,-72.00555,21.9489,3.1,,CSN,CSN_15924
,-32.892974,-72.075495,20.7713,3.0,,CSN,CSN_15929
,-33.036296,-71.896644,25.6373,4.3,,CSN,CSN_15932
,-32.895573,-72.125487,13.2737,3.7,,CSN,CSN_15935
,-32.940802,-72.032156,13.8531,3.0,,CSN,CSN_15936
,-32.96689,-72.066694,20.3304,3.6,,CSN,CSN_15937
,-33.042225,-71.967786,23.087,4.3,,CSN,CSN_15938
,-33.169906,-72.02514,23.0499,3.9,,CSN,CSN_15940
,-33.018656,-72.184843,14.7785,3.1,,CSN,CSN_15942
,-32.927445,-72.1659,15.0137,3.8,,CSN,CSN_15944
,-32.925041,-72.120084,10.651,3.4,,CSN,CSN_15945
,-32.931878,-72.123872,15.5869,3.2,,CSN,CSN_15946
,-32.929396,-72.142199,8.9729,3.1,,CSN,CSN_15947
,-33.014527,-72.022959,22.2759,3.7,,CSN,CSN_15951
,-33.123553,-72.064433,20.0497,3.3,,CSN,CSN_15957
,-32.936347,-72.050562,20.1332,3.9,,CSN,CSN_15960
,-33.227494,-72.025923,30.1905,3.0,,CSN,CSN_15964
,-33.036561,-72.133182,21.3097,3.3,,CSN,CSN_15970
,-32.993078,-72.081331,19.1088,3.3,,CSN,CSN_15971
,-32.962162,-72.041375,19.6057,3.3,,CSN,CSN_15977
,-33.018162,-72.109653,18.0556,3.4,,CSN,CSN_15979
,-33.01257,-72.015646,21.4242,3.9,,CSN,CSN_15980
,-32.963175,-72.054401,20.2764,3.8,,CSN,CSN_15981
,-32.273194,-71.854675,1.3327,3.0,,CSN,CSN_15983
,-32.404958,-71.703941,23.6192,3.8,,CSN,CSN_15984
,-32.373533,-71.470311,18.048,3.9,,CSN,CSN_15985
,-32.284308,-71.820466,12.8372,3.0,,CSN,CSN_15988
,-32.389858,-71.743988,19.1672,3.3,,CSN,CSN_15989
,-32.126995,-71.755449,10.8066,4.2,,CSN,CSN_15990
,-32.342447,-71.759617,16.1322,3.4,,CSN,CSN_15991
,-32.157,-71.705131,14.714,3.0,,CSN,CSN_15992
,-32.43336,-71.698078,25.6587,3.0,,CSN,CSN_15993
,-32.576127,-71.712014,27.6756,3.4,,CSN,CSN_15995
,-31.976801,-71.513135,63.7023,4.0,,CSN,CSN_15996
,-32.674447,-71.756223,27.0353,3.4,,CSN,CSN_15998
,-32.702969,-71.650596,31.8704,3.0,,CSN,CSN_15999
,-32.327998,-71.817667,23.4668,3.9,,CSN,CSN_16001
,-32.399458,-71.686624,54.439,3.1,,CSN,CSN_16002
,-32.750984,-71.726059,26.8371,3.1,,CSN,CSN_16003
,-32.085336,-71.803927,5.3687,3.5,,CSN,CSN_16005
,-32.482887,-71.886835,20.1007,3.3,,CSN,CSN_16006
,-32.523495,-71.877544,13.5411,3.6,,CSN,CSN_16007
,-32.592555,-71.560906,22.9431,3.0,,CSN,CSN_16008
,-32.688134,-71.774905,27.3092,3.5,,CSN,CSN_16009
,-32.238743,-71.667641,64.8945,4.8,,CSN,CSN_16010
,-32.390183,-71.825725,18.1817,3.3,,CSN,CSN_16011
,-32.269616,-71.628072,55.4152,3.6,,CSN,CSN_16012
,-32.672657,-71.715099,29.4517,3.3,,CSN,CSN_16013
,-32.316943,-71.898444,1.8723,4.6,,CSN,CSN_16015
,-32.273943,-71.854824,7.6481,3.7,,CSN,CSN_16017
,-32.663572,-71.705512,27.0772,3.0,,CSN,CSN_16018
,-32.683427,-71.775718,26.5574,3.3,,CSN,CSN_16019
,-32.760248,-71.743467,26.7223,3.3,,CSN,CSN_16020
,-32.001987,-71.634486,17.3686,3.4,,CSN,CSN_16022
,-32.105038,-71.699193,53.8079,3.1,,CSN,CSN_16025
,-31.988793,-71.535465,64.8316,4.8,,CSN,CSN_16028
,-32.67403,-71.837476,17.1536,3.4,,CSN,CSN_16029
,-32.203939,-71.756805,12.3886,3.1,,CSN,CSN_16030
,-32.545109,-71.681623,29.3777,3.4,,CSN,CSN_16031
,-32.365763,-71.474864,53.5285,4.2,,CSN,CSN_16032
,-32.807864,-71.784722,22.8561,3.2,,CSN,CSN_16033
,-32.51094,-71.881802,12.6314,4.3,,CSN,CSN_16034
,-32.734268,-71.738911,26.5694,3.2,,CSN,CSN_16035
,-32.738279,-71.755553,27.45,3.4,,CSN,CSN_16036
,-32.215201,-71.625443,1.355,3.5,,CSN,CSN_16039
,-32.484944,-71.8005,7.5935,3.1,,CSN,CSN_16040
,-32.192164,-71.716154,10.8758,3.3,,CSN,CSN_16043
,-31.965581,-71.498389,39.4924,3.7,,CSN,CSN_16044
,-32.241771,-71.631688,4.1009,3.6,,CSN,CSN_16045
,-32.670496,-71.759367,27.5631,3.0,,CSN,CSN_16046
,-32.449766,-71.73719,47.6875,3.4,,CSN,CSN_16047
,-32.254106,-71.764079,13.7028,3.1,,CSN,CSN_16048
,-32.673728,-71.785138,23.3368,3.7,,CSN,CSN_16049
,-32.379844,-71.880193,16.5728,3.2,,CSN,CSN_16050
,-32.141233,-71.753016,8.9762,3.3,,CSN,CSN_16051
,-32.062765,-71.541906,10.4687,3.2,,CSN,CSN_16054
,-32.257343,-71.865082,20.3685,3.8,,CSN,CSN_16055
,-32.656834,-71.734362,24.1093,3.0,,CSN,CSN_16056
,-32.109482,-71.655463,13.2081,3.3,,CSN,CSN_16057
,-32.708399,-71.71711,27.2821,3.2,,CSN,CSN_16063
,-32.608454,-71.566296,29.6545,3.2,,CSN,CSN_16066
,-31.928537,-71.55234,64.6429,3.9,,CSN,CSN_16067
,-32.195359,-71.641748,58.3791,3.0,,CSN,CSN_16068
,-32.092531,-71.669558,58.3361,3.1,,CSN,CSN_16069
,-32.601843,-71.686891,18.5545,3.0,,CSN,CSN_16073
,-32.24586,-71.818449,11.3264,4.0,,CSN,CSN_16075
,-32.096953,-71.625993,61.4154,3.1,,CSN,CSN_16078
,-32.208383,-71.901235,17.592,4.2,,CSN,CSN_16079
,-32.56276,-71.883505,21.166,3.1,,CSN,CSN_16080
,-32.402963,-71.476494,37.3045,3.7,,CSN,CSN_16081
,-32.291117,-71.856343,6.7213,3.0,,CSN,CSN_16082
,-32.104255,-71.83022,8.8977,3.2,,CSN,CSN_16083
,-32.803212,-71.774895,27.6701,3.9,,CSN,CSN_16085
,-31.998585,-71.586081,63.6432,3.3,,CSN,CSN_16088
,-32.027513,-71.593356,62.9882,3.1,,CSN,CSN_16092
,-32.731334,-71.780912,13.3403,3.0,,CSN,CSN_16095
,-32.321822,-71.711575,55.4573,3.5,,CSN,CSN_16099
,-32.129119,-71.74509,15.4964,3.0,,CSN,CSN_16100
,-32.330326,-71.914985,10.1982,3.2,,CSN,CSN_16104
,-32.124862,-71.802603,21.4582,3.2,,CSN,CSN_16105
,-32.618378,-71.604129,33.3198,5.1,,CSN,CSN_16109
,-32.481293,-71.894121,22.4986,3.9,,CSN,CSN_16113
,-32.109998,-71.721697,16.4121,3.5,,CSN,CSN_16114
,-31.943717,-71.624826,54.0065,3.5,,CSN,CSN_16120
,-32.48752,-71.549334,46.5102,3.3,,CSN,CSN_16121
,-32.305538,-71.748459,35.4836,3.0,,CSN,CSN_16127
,-32.288846,-71.831697,2.1309,3.2,,CSN,CSN_16130
,-32.254028,-71.813782,9.6172,3.4,,CSN,CSN_16135
,-31.991674,-71.54424,27.9141,3.1,,CSN,CSN_16140
,-31.924833,-71.582528,40.1544,3.1,,CSN,CSN_16141
,-32.574447,-71.689208,24.4636,3.2,,CSN,CSN_16151
,-32.199905,-71.791505,21.5668,3.6,,CSN,CSN_16152
,-32.254727,-71.750431,14.3298,3.0,,CSN,CSN_16161
,-32.143451,-71.771248,6.2095,3.3,,CSN,CSN_16163
,-32.511853,-71.644833,58.2689,3.0,,CSN,CSN_16168
,-32.578683,-71.787543,25.7242,4.0,,CSN,CSN_16170
,-32.53611,-71.519211,41.2303,4.4,,CSN,CSN_16173
,-32.713144,-71.861637,11.6645,3.0,,CSN,CSN_16176
,-32.692961,-71.544468,27.9803,3.0,,CSN,CSN_16178
,-32.287615,-71.777217,15.3994,3.4,,CSN,CSN_16181
,-32.521957,-71.670685,30.2437,3.3,,CSN,CSN_16182
,-32.689805,-71.793163,27.0615,4.1,,CSN,CSN_16185
,-32.472107,-71.908479,24.9051,3.8,,CSN,CSN_16194
,-32.020229,-71.613761,22.4003,3.7,,CSN,CSN_16195
,-32.579983,-71.748272,28.5285,3.9,,CSN,CSN_16200
,-32.134399,-71.799772,10.6676,3.3,,CSN,CSN_16202
,-32.580717,-71.719082,28.6236,3.8,,CSN,CSN_16204
,-32.565922,-71.712379,29.767,3.3,,CSN,CSN_16205
,-32.576812,-71.715871,29.0899,3.7,,CSN,CSN_16207
,-32.669565,-71.842396,20.2327,3.7,,CSN,CSN_16210
,-32.407672,-71.701264,27.8267,3.2,,CSN,CSN_16211
,-32.291484,-71.871931,49.721,3.1,,CSN,CSN_16212
,-32.16273,-71.760049,22.3025,3.4,,CSN,CSN_16213
,-32.505323,-71.902968,21.4799,3.0,,CSN,CSN_16219
,-32.560401,-71.719502,27.9641,3.2,,CSN,CSN_16220
,-32.683826,-71.805915,24.7387,3.0,,CSN,CSN_16222
,-32.330657,-71.858098,20.7889,3.4,,CSN,CSN_16223
,-32.174698,-71.64374,54.6517,3.4,,CSN,CSN_16228
,-32.706068,-71.540174,27.4233,3.0,,CSN,CSN_16229
,-32.058401,-71.567808,54.8835,3.8,,CSN,CSN_16230
,-32.737887,-71.74849,27.7548,3.3,,CSN,CSN_16231
,-32.721015,-71.544625,22.8534,4.0,,CSN,CSN_16235
,-32.682798,-71.69093,28.7731,3.0,,CSN,CSN_16246
,-32.267465,-71.777199,16.3837,3.5,,CSN,CSN_16247
,-32.063295,-71.876826,7.0765,3.5,,CSN,CSN_16250
,-32.386371,-71.837519,18.6846,3.4,,CSN,CSN_16258
,-32.424327,-71.638716,48.3941,3.6,,CSN,CSN_16260
,-32.163899,-71.749843,10.0284,4.2,,CSN,CSN_16262
,-32.064209,-71.746383,52.1114,3.8,,CSN,CSN_16263
,-32.01748,-71.569669,25.5395,3.2,,CSN,CSN_16266
,-32.412677,-71.661507,40.4694,3.1,,CSN,CSN_16267
,-32.647679,-71.627087,29.5156,3.1,,CSN,CSN_16269
,-32.341039,-71.85178,13.0,3.0,,CSN,CSN_16274
,-32.673995,-71.704277,29.1079,3.1,,CSN,CSN_16275
,-32.431549,-71.505987,21.8302,4.0,,CSN,CSN_16276
,-32.84484,-71.792365,18.593,3.4,,CSN,CSN_16277
,-32.617542,-71.858541,2.1792,3.1,,CSN,CSN_16280
,-32.104808,-71.84531,23.466,4.1,,CSN,CSN_16282
,-32.499424,-71.741425,27.9613,3.4,,CSN,CSN_16285
,-32.125969,-71.645275,59.7639,3.1,,CSN,CSN_16287
,-32.499445,-71.750285,27.8809,3.7,,CSN,CSN_16289
,-32.782336,-71.719993,12.0318,3.0,,CSN,CSN_16290
,-32.167902,-71.681788,56.2491,3.6,,CSN,CSN_16291
,-32.592048,-71.854616,23.2525,3.2,,CSN,CSN_16299
,-31.918352,-71.675736,26.5412,4.1,,CSN,CSN_16301
,-32.734684,-71.796649,27.604,4.1,,CSN,CSN_16307
,-32.23392,-71.711598,25.4298,3.6,,CSN,CSN_16310
,-32.593731,-71.896341,38.951,4.0,,CSN,CSN_16312
,-32.700501,-71.549451,28.8879,4.5,,CSN,CSN_16313
,-32.712598,-71.545084,25.8163,3.2,,CSN,CSN_16314
,-32.713591,-71.523753,25.4264,3.3,,CSN,CSN_16317
,-32.546271,-71.965189,11.5046,3.4,,CSN,CSN_16323
,-32.152623,-71.796094,22.875,4.2,,CSN,CSN_16325
,-32.609959,-71.727207,22.7986,3.0,,CSN,CSN_16327
,-32.145169,-71.925046,18.9455,4.2,,CSN,CSN_16332
,-32.576222,-71.713778,29.7713,3.6,,CSN,CSN_16342
,-32.578857,-71.712312,29.8964,3.2,,CSN,CSN_16343
,-31.973241,-71.506932,35.3898,3.2,,CSN,CSN_16351
,-32.620418,-71.680782,25.0368,3.2,,CSN,CSN_16352
,-31.899782,-71.60616,61.3131,4.7,,CSN,CSN_16361
,-32.417955,-71.849408,22.6703,3.2,,CSN,CSN_16372
,-32.569962,-71.767173,27.587,4.2,,CSN,CSN_16373
,-32.565356,-71.73702,27.3058,3.2,,CSN,CSN_16374
,-32.199617,-71.946043,42.7807,3.1,,CSN,CSN_16379
,-32.566776,-71.709484,28.2722,3.0,,CSN,CSN_16384
,-32.155955,-71.723797,50.4976,3.2,,CSN,CSN_16385
,-32.697073,-71.682042,31.8334,4.6,,CSN,CSN_16395
,-32.572499,-71.634612,30.0365,3.7,,CSN,CSN_16402
,-31.915592,-71.569412,62.3264,3.8,,CSN,CSN_16403
,-32.126856,-71.801414,11.4725,3.0,,CSN,CSN_16408
,-32.56448,-71.744532,29.0684,4.1,,CSN,CSN_16409
,-32.632459,-71.584236,33.138,3.5,,CSN,CSN_16414
,-32.825104,-71.793272,14.7229,3.4,,CSN,CSN_16417
,-32.009807,-71.556896,39.3799,3.3,,CSN,CSN_16425
,-32.512854,-71.806881,24.636,4.1,,CSN,CSN_16429
,-32.014055,-71.497076,39.3789,4.3,,CSN,CSN_16430
,-32.609186,-71.747396,29.881,4.5,,CSN,CSN_16431
,-32.596114,-71.633603,2.2898,3.1,,CSN,CSN_16432
,-32.256044,-71.745976,20.3336,3.1,,CSN,CSN_16442
,-32.342141,-71.866509,12.8395,3.1,,CSN,CSN_16453
,-32.340852,-71.886348,20.246,4.1,,CSN,CSN_16454
,-32.343493,-71.8901,18.4319,3.8,,CSN,CSN_16455
,-32.056907,-71.554227,60.2045,3.1,,CSN,CSN_16457
,-32.175291,-71.751978,23.7247,3.1,,CSN,CSN_16459
,-32.524222,-71.53085,61.577,4.0,,CSN,CSN_16467
,-32.050131,-71.593762,56.9947,3.0,,CSN,CSN_16468
,-32.595049,-71.717533,25.1242,3.6,,CSN,CSN_16470
,-32.696749,-71.696143,30.468,3.8,,CSN,CSN_16473
,-32.533442,-71.824524,22.869,3.1,,CSN,CSN_16477
,-32.140085,-71.754348,16.1417,3.8,,CSN,CSN_16478
,-32.50246,-71.769662,21.2582,3.5,,CSN,CSN_16479
,-32.497419,-71.883541,22.6338,3.3,,CSN,CSN_16480
,-32.564853,-71.771918,24.9269,3.0,,CSN,CSN_16483
,-32.439711,-71.750059,24.2753,3.3,,CSN,CSN_16486
,-32.502516,-71.765204,26.8194,3.3,,CSN,CSN_16491
,-32.628711,-71.533561,27.3023,3.1,,CSN,CSN_16492
,-32.106369,-71.673742,25.8859,3.1,,CSN,CSN_16494
,-32.493487,-71.746093,24.8702,3.0,,CSN,CSN_16497
,-32.255019,-71.766188,22.595,3.1,,CSN,CSN_16500
,-32.629032,-71.532263,26.5108,3.6,,CSN,CSN_16502
,-32.788669,-71.772996,25.9943,3.1,,CSN,CSN_16520
,-32.674763,-71.742419,27.8823,3.5,,CSN,CSN_16527
,-32.699623,-71.849114,25.1578,3.6,,CSN,CSN_16532
,-32.706927,-71.541884,26.7164,3.2,,CSN,CSN_16533
,-32.143112,-71.720639,51.8073,3.2,,CSN,CSN_16534
,-32.287705,-71.847579,14.998,3.1,,CSN,CSN_16543
,-32.317494,-71.658424,57.8063,3.1,,CSN,CSN_16546
,-32.783045,-71.75631,24.2804,3.1,,CSN,CSN_16547
,-32.750976,-71.551873,35.4391,3.9,,CSN,CSN_16554
,-32.559411,-71.741033,22.4864,3.4,,CSN,CSN_16564
,-32.004667,-71.502011,32.4028,3.4,,CSN,CSN_16569
,-32.007401,-71.512687,29.2136,3.3,,CSN,CSN_16570
,-32.292036,-71.868974,45.5359,3.4,,CSN,CSN_16573
,-32.231574,-71.871805,21.34,3.5,,CSN,CSN_16575
,-32.507621,-71.759867,24.6083,3.2,,CSN,CSN_16578
,-32.567654,-71.881349,24.7805,4.6,,CSN,CSN_16579
,-32.084586,-71.724329,12.1778,3.0,,CSN,CSN_16588
,-32.326888,-71.467012,44.1146,4.7,,CSN,CSN_16590
,-32.32113,-71.4486,43.9134,3.8,,CSN,CSN_16591
,-32.765008,-71.541943,25.8613,4.3,,CSN,CSN_16593
,-31.974725,-71.510493,35.9237,3.8,,CSN,CSN_16595
,-31.94632,-71.54527,30.907,3.0,,CSN,CSN_16596
,-32.496009,-71.501213,24.8575,3.0,,CSN,CSN_16598
,-32.383904,-71.600485,42.8839,3.0,,CSN,CSN_16599
,-32.457706,-71.691317,56.7587,4.5,,CSN,CSN_16601
,-32.657294,-71.784817,24.8328,4.3,,CSN,CSN_16607
,-32.476187,-71.670023,56.7344,3.9,,CSN,CSN_16608
,-32.717233,-71.729547,28.2118,3.0,,CSN,CSN_16611
,-32.4712,-71.93931,26.5858,3.1,,CSN,CSN_16613
,-32.140438,-71.823847,14.7468,3.1,,CSN,CSN_16615
,-32.510608,-71.80656,20.1806,3.0,,CSN,CSN_16620
,-32.247633,-71.934249,22.7802,3.0,,CSN,CSN_16627
,-32.488069,-71.729415,39.2642,3.2,,CSN,CSN_16629
,-32.632227,-71.624227,32.5667,3.5,,CSN,CSN_16631
,-32.699316,-71.663461,28.4939,3.2,,CSN,CSN_16634
,-32.751359,-71.677451,30.0494,4.4,,CSN,CSN_16636
,-32.682376,-71.743008,30.0413,4.0,,CSN,CSN_16637
,-32.698494,-71.74907,31.5582,5.3,,CSN,CSN_16638
,-32.693835,-71.783568,28.8704,4.2,,CSN,CSN_16639
,-32.683456,-71.763753,26.1712,3.1,,CSN,CSN_16641
,-32.711086,-71.709839,29.3808,3.3,,CSN,CSN_16642
,-32.706637,-71.741084,29.502,3.2,,CSN,CSN_16643
,-32.736932,-71.69663,31.5956,3.1,,CSN,CSN_16646
,-32.710122,-71.768733,30.2058,3.1,,CSN,CSN_16647
,-32.698589,-71.738011,17.4809,3.4,,CSN,CSN_16648
,-32.67363,-71.722536,27.4509,3.2,,CSN,CSN_16657
,-32.729783,-71.698205,31.8861,3.5,,CSN,CSN_16662
,-32.717622,-71.708416,26.5642,3.0,,CSN,CSN_16664
,-32.679569,-71.759006,26.5111,3.1,,CSN,CSN_16665
,-32.07741,-71.637362,57.7597,3.0,,CSN,CSN_16666
,-32.713858,-71.700768,27.7055,3.0,,CSN,CSN_16669
,-32.701449,-71.729055,30.355,3.7,,CSN,CSN_16670
,-32.694384,-71.74111,29.2601,3.3,,CSN,CSN_16673
,-32.757845,-71.709996,26.1553,4.3,,CSN,CSN_16680
,-32.635514,-71.808636,23.4419,3.5,,CSN,CSN_16681
,-32.655477,-71.759676,27.7876,3.1,,CSN,CSN_16687
,-32.483835,-71.76455,25.4615,4.2,,CSN,CSN_16689
,-32.479127,-71.722117,22.9075,3.0,,CSN,CSN_16693
,-32.663698,-71.712173,29.5906,3.2,,CSN,CSN_16694
,-32.088857,-71.860576,10.6031,3.1,,CSN,CSN_16697
,-32.055271,-71.637337,41.3038,3.3,,CSN,CSN_16705
,-32.240354,-71.733629,33.0322,3.4,,CSN,CSN_16706
,-32.46924,-71.907502,20.972,4.0,,CSN,CSN_16707
,-32.747773,-71.748806,30.1873,4.0,,CSN,CSN_16710
,-32.38616,-71.613745,41.0136,3.4,,CSN,CSN_16712
,-32.139487,-71.910453,19.5,3.8,,CSN,CSN_16715
,-32.597864,-71.642726,26.7086,3.2,,CSN,CSN_16717
,-32.103246,-71.768287,19.6533,3.2,,CSN,CSN_16719
,-32.315932,-71.637919,36.9494,3.3,,CSN,CSN_16726
,-32.686073,-71.676306,30.399,3.0,,CSN,CSN_16727
,-32.51536,-71.862398,24.8324,4.4,,CSN,CSN_16728
,-32.237155,-71.864134,30.7061,3.9,,CSN,CSN_16731
,-32.757448,-71.96118,32.9103,4.0,,CSN,CSN_16738
,-32.568414,-71.797064,16.4135,3.7,,CSN,CSN_16741
,-32.105295,-71.751177,20.391,3.1,,CSN,CSN_16745
,-32.106063,-71.595539,52.5052,3.1,,CSN,CSN_16749
,-32.39703,-71.579534,54.4153,3.2,,CSN,CSN_16750
,-32.573856,-71.891947,22.0736,3.1,,CSN,CSN_16753
,-32.38416,-71.7863,21.9192,3.8,,CSN,CSN_16762
,-32.37979,-71.788468,23.0787,3.6,,CSN,CSN_16763
,-32.038219,-71.548109,28.0151,3.2,,CSN,CSN_16766
,-32.163652,-71.782801,22.8699,3.0,,CSN,CSN_16767
,-32.148588,-71.771591,23.804,3.3,,CSN,CSN_16770
,-32.698109,-71.80916,27.2064,4.1,,CSN,CSN_16789
,-32.707593,-71.663756,30.1831,3.3,,CSN,CSN_16792
,-32.698902,-71.787406,26.2779,5.2,,CSN,CSN_16794
,-32.677681,-71.779552,25.1951,3.1,,CSN,CSN_16797
,-32.681615,-71.825707,25.9472,3.2,,CSN,CSN_16800
,-32.665269,-71.76791,26.7938,3.3,,CSN,CSN_16804
,-31.921653,-71.603016,32.0227,3.0,,CSN,CSN_16806
,-32.641504,-71.70521,28.4921,3.0,,CSN,CSN_16810
,-32.161215,-71.803903,15.626,3.6,,CSN,CSN_16814
,-32.681285,-71.697652,28.3387,3.3,,CSN,CSN_16816
,-32.688267,-71.792902,26.7729,3.3,,CSN,CSN_16821
,-32.454137,-71.927643,20.6289,3.0,,CSN,CSN_16822
,-32.434164,-71.76214,26.5986,3.5,,CSN,CSN_16829
,-32.433981,-71.856209,22.0061,3.7,,CSN,CSN_16833
,-32.050178,-71.769417,49.5586,3.3,,CSN,CSN_16836
,-32.498926,-71.754843,27.17,4.0,,CSN,CSN_16844
,-32.127854,-71.884054,18.8581,3.1,,CSN,CSN_16849
,-32.505939,-71.902157,21.5847,3.5,,CSN,CSN_16853
,-32.497257,-71.633528,21.4307,3.3,,CSN,CSN_16856
,-32.653239,-71.754445,26.7756,3.4,,CSN,CSN_16861
,-32.572948,-71.543602,26.2393,3.1,,CSN,CSN_16863
,-32.668229,-71.711452,30.6049,3.6,,CSN,CSN_16871
,-32.66923,-71.707374,30.31,3.4,,CSN,CSN_16872
,-32.673351,-71.692918,28.9833,3.4,,CSN,CSN_16873
,-32.695385,-71.682258,29.3765,4.3,,CSN,CSN_16874
,-32.677154,-71.694451,31.6443,4.3,,CSN,CSN_16880
,-32.670787,-71.680355,29.256,3.0,,CSN,CSN_16882
,-32.723989,-71.710201,30.2337,4.9,,CSN,CSN_16884
,-32.524909,-71.699964,32.5525,3.6,,CSN,CSN_16886
,-31.901522,-71.566399,57.6603,3.1,,CSN,CSN_16892
,-31.927833,-71.63033,57.3184,3.8,,CSN,CSN_16900
,-32.467415,-71.726507,29.5139,3.9,,CSN,CSN_16906
,-32.589534,-71.661795,27.7621,3.3,,CSN,CSN_16911
,-32.611339,-71.706517,31.2217,4.0,,CSN,CSN_16920
,-32.720049,-71.769639,26.6038,3.7,,CSN,CSN_16924
,-32.664728,-71.699658,27.2092,3.9,,CSN,CSN_16925
,-32.204631,-71.747039,11.3297,3.6,,CSN,CSN_16928
,-32.405256,-71.689104,25.1999,3.4,,CSN,CSN_16933
,-32.714779,-71.701868,31.2573,4.2,,CSN,CSN_16935
,-32.510852,-71.738989,26.7482,3.5,,CSN,CSN_16943
,-32.607065,-71.544152,26.8467,3.9,,CSN,CSN_16944
,-32.160759,-71.761151,22.6196,3.5,,CSN,CSN_16950
,-32.668669,-71.693758,29.7078,3.0,,CSN,CSN_16951
,-32.389998,-71.844939,23.6971,4.1,,CSN,CSN_16960
,-32.686916,-71.708084,28.6992,3.2,,CSN,CSN_16969
,-32.798524,-71.821001,27.0497,3.1,,CSN,CSN_16995
,-32.282572,-71.911969,15.7915,3.9,,CSN,CSN_16996
,-32.665633,-71.691795,28.1627,3.1,,CSN,CSN_17000
,-32.546301,-71.636785,9.1522,3.1,,CSN,CSN_17004
,-32.123639,-71.723974,8.5741,3.0,,CSN,CSN_17008
,-31.923569,-71.571452,58.015,3.0,,CSN,CSN_17010
,-32.256619,-71.696932,12.6454,3.0,,CSN,CSN_17028
,-32.371199,-71.683858,25.1482,3.4,,CSN,CSN_17029
,-32.164094,-71.869315,26.1942,3.1,,CSN,CSN_17032
,-32.762732,-71.870593,26.9666,4.3,,CSN,CSN_17050
,-32.335227,-71.813983,13.3529,3.5,,CSN,CSN_17052
,-32.281081,-71.813021,2.9658,3.4,,CSN,CSN_17053
,-32.015213,-71.493563,35.4511,3.6,,CSN,CSN_17054
,-32.630315,-71.807292,37.2408,3.0,,CSN,CSN_17058
,-32.556006,-71.699958,27.8808,3.7,,CSN,CSN_17061
,-32.552654,-71.66479,7.9538,3.2,,CSN,CSN_17063
,-32.33191,-71.461237,38.5363,3.2,,CSN,CSN_17065
,-32.230781,-71.763522,20.0376,3.0,,CSN,CSN_17066
,-32.681921,-71.824503,23.3345,3.2,,CSN,CSN_17067
,-32.673956,-71.707005,30.4825,3.7,,CSN,CSN_17080
,-32.667336,-71.714901,29.0851,3.5,,CSN,CSN_17087
,-32.255022,-71.810525,19.0805,3.0,,CSN,CSN_17089
,-32.564604,-71.731799,29.2745,3.1,,CSN,CSN_17091
,-32.422303,-71.738703,23.2444,3.8,,CSN,CSN_17092
,-32.569774,-71.712495,24.8386,3.3,,CSN,CSN_17093
,-32.606274,-71.583645,22.144,3.2,,CSN,CSN_17097
,-32.682325,-71.6942,28.3486,3.2,,CSN,CSN_17101
,-32.292515,-71.667344,28.8209,4.6,,CSN,CSN_17103
,-32.504251,-71.877802,25.7264,4.8,,CSN,CSN_17112
,-32.679945,-71.690255,29.3993,3.5,,CSN,CSN_17116
,-32.412565,-71.725853,14.6747,3.0,,CSN,CSN_17118
,-32.633597,-71.676062,30.3571,3.4,,CSN,CSN_17122
,-32.60551,-71.586791,35.3603,5.2,,CSN,CSN_17127
,-32.440032,-71.78486,26.0402,3.4,,CSN,CSN_17139
,-32.211882,-71.766899,25.5763,3.5,,CSN,CSN_17143
,-31.992792,-71.479476,35.6542,3.1,,CSN,CSN_17146
,-32.281965,-71.875516,21.5969,3.1,,CSN,CSN_17154
,-32.679375,-71.841733,28.438,4.5,,CSN,CSN_17157
,-32.683631,-71.794038,30.7755,4.3,,CSN,CSN_17158
,-32.681916,-71.812129,25.7462,3.6,,CSN,CSN_17167
,-32.148667,-71.868565,16.0139,3.1,,CSN,CSN_17169
,-32.015705,-71.714327,57.2558,3.2,,CSN,CSN_17172
,-32.440638,-71.519496,40.4666,3.1,,CSN,CSN_17175
,-32.16697,-71.74732,5.9232,3.1,,CSN,CSN_17179
,-32.738982,-71.674713,57.2923,4.2,,CSN,CSN_17181
,-32.130491,-71.741834,29.8052,3.1,,CSN,CSN_17182
,-32.65975,-71.728621,28.1857,3.2,,CSN,CSN_17184
,-32.568277,-71.585355,51.4323,3.5,,CSN,CSN_17190
,-32.020488,-71.428385,40.943,3.0,,CSN,CSN_17197
,-32.461278,-71.902572,22.617,4.9,,CSN,CSN_17200
,-32.460633,-71.884879,22.554,3.9,,CSN,CSN_17203
,-32.445414,-71.892335,22.1003,3.3,,CSN,CSN_17205
,-32.473691,-71.90043,14.2026,3.1,,CSN,CSN_17206
,-31.984969,-71.509494,35.5358,3.6,,CSN,CSN_17211
,-32.677662,-71.817444,27.5053,3.9,,CSN,CSN_17212
,-32.112444,-71.831846,23.7972,4.1,,CSN,CSN_17215
,-32.720276,-71.898762,19.9972,3.5,,CSN,CSN_17219
,-31.919419,-71.614368,42.3324,3.1,,CSN,CSN_17224
,-32.098918,-71.858035,26.6607,3.6,,CSN,CSN_17226
,-32.133213,-71.848901,23.9959,3.5,,CSN,CSN_17227
,-32.496876,-71.749406,16.935,3.1,,CSN,CSN_17241
,-32.608229,-71.607326,29.9524,3.7,,CSN,CSN_17242
,-32.470817,-71.948015,22.9672,4.3,,CSN,CSN_17246
,-32.479879,-71.904919,13.622,3.2,,CSN,CSN_17247
,-32.479954,-71.936399,23.7307,4.9,,CSN,CSN_17248
,-32.483964,-71.921404,21.7671,3.1,,CSN,CSN_17249
,-32.471254,-71.911574,31.0093,3.0,,CSN,CSN_17251
,-32.513886,-71.920888,22.4448,4.0,,CSN,CSN_17253
,-32.092186,-71.875238,13.3887,3.0,,CSN,CSN_17254
,-32.464362,-71.903774,22.1181,3.8,,CSN,CSN_17258
,-32.255265,-71.706472,44.1152,3.0,,CSN,CSN_17265
,-32.491515,-71.860849,16.5109,3.6,,CSN,CSN_17268
,-32.762971,-71.88597,27.9741,3.4,,CSN,CSN_17269
,-32.591102,-71.83477,19.9355,3.6,,CSN,CSN_17271
,-32.391292,-71.870035,21.7339,4.1,,CSN,CSN_17277
,-32.397776,-71.90194,19.1982,3.0,,CSN,CSN_17278
,-32.478497,-71.850251,14.7939,3.1,,CSN,CSN_17280
,-32.418631,-71.655263,10.5089,3.2,,CSN,CSN_17283
,-32.494989,-71.713143,27.6192,3.2,,CSN,CSN_17284
,-32.055796,-71.595565,31.8531,3.4,,CSN,CSN_17293
,-32.120649,-71.836966,16.963,3.2,,CSN,CSN_17295
,-32.707096,-71.863952,20.7722,3.2,,CSN,CSN_17296
,-32.59651,-71.648752,27.5225,3.4,,CSN,CSN_17298
,-31.988094,-71.664926,18.0548,3.3,,CSN,CSN_17308
,-32.680495,-71.821776,25.9468,3.1,,CSN,CSN_17318
,-32.416285,-71.651366,40.8149,3.1,,CSN,CSN_17325
,-32.619307,-71.698177,21.6065,3.4,,CSN,CSN_17332
,-32.239063,-71.783569,24.0079,3.5,,CSN,CSN_17334
,-32.350821,-71.820028,12.6714,3.3,,CSN,CSN_17338
,-32.342102,-71.823343,8.132,3.1,,CSN,CSN_17339
,-32.301099,-71.807277,26.0664,3.0,,CSN,CSN_17340
,-32.104752,-71.66929,29.0557,4.1,,CSN,CSN_17342
,-32.386735,-71.835459,21.0502,3.6,,CSN,CSN_17347
,-32.387825,-71.815299,13.9181,3.1,,CSN,CSN_17349
,-32.388431,-71.842407,20.3019,3.0,,CSN,CSN_17351
,-32.557178,-71.686728,29.8501,3.8,,CSN,CSN_17358
,-32.180921,-71.875473,30.9725,3.3,,CSN,CSN_17369
,-32.695576,-71.762358,22.6897,3.6,,CSN,CSN_17370
,-31.957322,-71.485778,37.4001,3.0,,CSN,CSN_17373
,-32.118404,-71.686694,56.4736,4.0,,CSN,CSN_17378
,-32.377433,-71.781676,23.4196,3.2,,CSN,CSN_17379
,-32.620567,-71.534294,27.5248,3.0,,CSN,CSN_17383
,-32.700226,-71.822306,24.3435,3.8,,CSN,CSN_17384
,-32.697686,-71.622235,29.3952,3.9,,CSN,CSN_17387
,-32.406495,-71.627716,20.7293,3.2,,CSN,CSN_17394
,-32.711976,-71.825771,20.2189,3.4,,CSN,CSN_17397
,-32.502709,-71.725503,30.7524,3.4,,CSN,CSN_17405
,-32.212365,-71.779993,12.3519,3.2,,CSN,CSN_17408
,-32.491782,-71.552149,43.6941,3.0,,CSN,CSN_17418
,-32.611325,-71.836778,24.5067,3.3,,CSN,CSN_17419
,-32.780051,-71.791231,25.2533,3.0,,CSN,CSN_17430
,-32.787254,-71.841829,27.3488,3.7,,CSN,CSN_17441
,-32.413126,-71.686085,24.0763,3.2,,CSN,CSN_17443
,-32.781861,-71.566017,23.3995,3.1,,CSN,CSN_17447
,-31.968743,-71.632189,28.4179,3.2,,CSN,CSN_17453
,-32.677866,-71.680318,31.2714,3.3,,CSN,CSN_17455
,-32.403717,-71.450636,20.9736,5.5,,CSN,CSN_17461
,-32.388455,-71.539592,27.4772,3.5,,CSN,CSN_17469
,-32.133461,-71.796666,17.679,3.7,,CSN,CSN_17473
,-32.599988,-71.823538,19.2013,3.0,,CSN,CSN_17476
,-32.490108,-71.940695,25.457,3.0,,CSN,CSN_17481
,-32.059118,-71.457262,40.6524,4.5,,CSN,CSN_17486
,-32.586328,-71.722693,26.506,3.3,,CSN,CSN_17490
,-32.168029,-71.908682,28.5086,3.5,,CSN,CSN_17492
,-32.11171,-71.539615,64.1882,4.2,,CSN,CSN_17496
,-32.60404,-71.805856,16.1798,3.1,,CSN,CSN_17498
,-32.217809,-71.789343,26.6724,3.4,,CSN,CSN_17510
,-32.106547,-71.677897,29.1899,3.5,,CSN,CSN_17512
,-32.682862,-71.756474,27.6017,3.6,,CSN,CSN_17513
,-32.250972,-71.758731,10.146,3.3,,CSN,CSN_17523
,-32.056437,-71.709963,33.1384,3.1,,CSN,CSN_17528
,-32.499602,-71.739093,27.6366,5.1,,CSN,CSN_17530
,-32.501358,-71.759334,27.1882,4.1,,CSN,CSN_17531
,-32.500911,-71.751378,24.1959,3.2,,CSN,CSN_17532
,-32.491224,-71.711346,26.1756,3.5,,CSN,CSN_17535
,-32.495992,-71.75179,29.6057,3.7,,CSN,CSN_17536
,-32.502934,-71.746317,25.7668,3.4,,CSN,CSN_17538
,-32.522361,-71.729821,19.4008,3.8,,CSN,CSN_17542
,-32.720609,-71.741381,27.1734,3.4,,CSN,CSN_17555
,-32.5953,-71.821124,20.3873,3.1,,CSN,CSN_17559
,-32.484176,-71.867537,7.8407,3.8,,CSN,CSN_17574
,-32.129111,-71.752611,7.4566,3.0,,CSN,CSN_17582
,-32.687762,-71.712594,32.2698,4.9,,CSN,CSN_17583
,-32.149354,-71.669782,57.4906,3.6,,CSN,CSN_17585
,-32.206779,-71.779704,6.0131,3.0,,CSN,CSN_17591
,-32.700971,-71.749667,26.7063,3.1,,CSN,CSN_17604
,-32.735692,-71.744883,31.2833,5.9,,CSN,CSN_17613
,-32.742099,-71.777876,21.8008,3.9,,CSN,CSN_17614
,-32.761728,-71.699082,26.4744,4.0,,CSN,CSN_17617
,-32.710903,-71.781615,28.0037,3.8,,CSN,CSN_17618
,-32.759042,-71.736726,26.4714,3.4,,CSN,CSN_17619
,-32.693716,-71.828804,22.3105,4.7,,CSN,CSN_17620
,-32.764334,-71.787167,24.6726,3.6,,CSN,CSN_17621
,-32.705161,-71.748674,10.6722,3.1,,CSN,CSN_17623
,-32.731852,-71.765129,20.1364,3.4,,CSN,CSN_17624
,-32.688494,-71.788039,27.5483,4.1,,CSN,CSN_17625
,-32.72655,-71.731035,27.8385,3.1,,CSN,CSN_17626
,-32.7026,-71.769533,28.5721,3.0,,CSN,CSN_17627
,-32.729681,-71.782838,29.0184,5.3,,CSN,CSN_17630
,-32.777499,-71.751572,29.0031,3.5,,CSN,CSN_17631
,-32.704934,-71.780529,24.8055,4.6,,CSN,CSN_17632
,-32.709532,-71.802903,29.0362,5.0,,CSN,CSN_17633
,-32.759306,-71.750914,27.4867,3.1,,CSN,CSN_17634
,-32.651675,-71.772972,7.2544,3.0,,CSN,CSN_17635
,-32.670393,-71.839869,25.4203,4.4,,CSN,CSN_17636
,-32.715422,-71.740225,19.0571,4.0,,CSN,CSN_17637
,-32.699601,-71.892257,21.6841,3.6,,CSN,CSN_17638
,-32.078659,-71.871858,27.3309,3.0,,CSN,CSN_17641
,-32.750617,-71.739699,30.1048,3.6,,CSN,CSN_17643
,-32.775731,-71.758263,30.2067,3.0,,CSN,CSN_17645
,-32.642113,-71.775747,28.0656,3.0,,CSN,CSN_17647
,-32.707126,-71.849357,30.6454,3.4,,CSN,CSN_17648
,-32.663308,-71.647402,29.7827,3.2,,CSN,CSN_17651
,-32.563652,-71.773759,26.2687,3.1,,CSN,CSN_17652
,-32.721167,-71.821,25.7316,3.3,,CSN,CSN_17654
,-32.545837,-71.757182,27.0368,3.1,,CSN,CSN_17655
,-32.65097,-71.808712,27.3182,4.4,,CSN,CSN_17656
,-32.516624,-71.782646,28.4863,3.7,,CSN,CSN_17662
,-32.745382,-71.675021,15.1706,3.4,,CSN,CSN_17664
,-32.401072,-71.525913,46.8101,4.3,,CSN,CSN_17667
,-32.656456,-71.639088,24.0942,3.0,,CSN,CSN_17671
,-32.681057,-71.769867,28.2033,3.0,,CSN,CSN_17675
,-32.667154,-71.697543,31.4729,3.4,,CSN,CSN_17677
,-32.585706,-71.57729,36.0197,3.6,,CSN,CSN_17679
,-32.646965,-71.803072,28.1575,3.0,,CSN,CSN_17680
,-32.598253,-71.656408,57.5371,3.8,,CSN,CSN_17685
,-32.297271,-71.873157,23.6383,3.6,,CSN,CSN_17687
,-32.606393,-71.549349,24.0753,3.1,,CSN,CSN_17689
,-32.710219,-71.52752,26.3301,3.2,,CSN,CSN_17690
,-32.391558,-71.531112,46.6895,4.0,,CSN,CSN_17696
,-32.75659,-71.771859,27.1154,3.4,,CSN,CSN_17697
,-31.981506,-71.561622,34.064,3.1,,CSN,CSN_17698
,-32.73602,-71.784943,29.389,3.0,,CSN,CSN_17700
,-32.726052,-71.761208,29.0589,3.6,,CSN,CSN_17701
,-32.743741,-71.739778,26.489,3.1,,CSN,CSN_17705
,-32.442354,-71.556582,45.0351,3.4,,CSN,CSN_17709
,-32.519891,-71.73147,28.6666,4.4,,CSN,CSN_17713
,-32.501128,-71.624906,2.8462,3.2,,CSN,CSN_17714
,-32.491995,-71.563646,63.5305,4.0,,CSN,CSN_17716
,-32.750007,-71.782123,25.9366,3.0,,CSN,CSN_17718
,-32.303082,-71.865547,27.4645,3.3,,CSN,CSN_17719
,-32.519576,-71.719481,27.5479,4.0,,CSN,CSN_17721
,-32.6601,-71.664321,33.162,3.6,,CSN,CSN_17730
,-32.553222,-71.736587,26.9233,3.2,,CSN,CSN_17734
,-32.077778,-71.569908,58.8391,3.2,,CSN,CSN_17737
,-32.432329,-71.717686,24.0969,3.1,,CSN,CSN_17738
,-32.330581,-71.891445,10.896,3.0,,CSN,CSN_17739
,-32.149932,-71.675873,7.4699,3.0,,CSN,CSN_17745
,-32.704621,-71.758294,29.3875,3.5,,CSN,CSN_17746
,-32.52823,-71.784557,18.7396,3.0,,CSN,CSN_17748
,-32.413511,-71.568636,64.4753,3.0,,CSN,CSN_17752
,-32.017639,-71.506637,36.9283,3.0,,CSN,CSN_17753
,-32.548941,-71.499665,29.2218,3.6,,CSN,CSN_17754
,-32.015138,-71.522929,36.6073,3.4,,CSN,CSN_17758
,-32.673232,-71.626536,12.8137,3.4,,CSN,CSN_17760
,-32.664691,-71.698243,27.1514,3.4,,CSN,CSN_17761
,-32.227356,-71.84839,11.6922,3.4,,CSN,CSN_17769
,-32.213202,-71.887417,17.223,3.3,,CSN,CSN_17770
,-32.222512,-71.932022,23.0953,3.2,,CSN,CSN_17773
,-32.655273,-71.69759,22.3171,3.2,,CSN,CSN_17780
,-32.099254,-71.552515,21.9806,3.4,,CSN,CSN_17783
,-32.707941,-71.648364,32.3565,3.1,,CSN,CSN_17786
,-32.764955,-71.572033,26.9483,3.3,,CSN,CSN_17789
,-32.659356,-71.877042,23.0473,3.4,,CSN,CSN_17790
,-32.727459,-71.774304,19.3349,3.4,,CSN,CSN_17791
,-32.613996,-71.585919,25.3267,3.5,,CSN,CSN_17798
,-32.14365,-71.845039,1.3046,3.3,,CSN,CSN_17803
,-32.135329,-71.847837,2.7155,3.3,,CSN,CSN_17804
,-32.134763,-71.802641,1.5367,3.4,,CSN,CSN_17805
,-32.219592,-71.849746,3.2334,3.0,,CSN,CSN_17808
,-32.596552,-71.615728,32.7629,4.0,,CSN,CSN_17813
,-32.467673,-71.738135,25.1635,3.4,,CSN,CSN_17817
,-32.557874,-71.725081,7.8918,3.0,,CSN,CSN_17819
,-31.929918,-71.497079,5.288,3.0,,CSN,CSN_17832
,-32.046907,-71.701963,32.3897,3.0,,CSN,CSN_17833
,-32.195262,-71.763741,24.6076,3.0,,CSN,CSN_17834
,-32.661257,-71.629264,29.5844,3.3,,CSN,CSN_17839
,-32.25762,-71.816196,13.8532,3.5,,CSN,CSN_17840
,-32.134048,-71.869652,26.8957,3.8,,CSN,CSN_17841
,-32.400533,-71.70942,26.9949,3.3,,CSN,CSN_17842
,-32.505003,-71.935831,20.5851,4.5,,CSN,CSN_17846
,-32.218729,-71.795071,8.5003,3.2,,CSN,CSN_17849
,-32.101296,-71.598638,28.6772,3.1,,CSN,CSN_17853
,-31.990203,-71.597113,31.8904,3.5,,CSN,CSN_17854
,-32.662443,-71.776396,26.7102,3.5,,CSN,CSN_17856
,-32.564292,-71.698817,29.7195,4.1,,CSN,CSN_17859
,-32.631646,-71.802594,7.0891,3.1,,CSN,CSN_17861
,-32.648949,-71.802892,8.1729,3.4,,CSN,CSN_17863
,-32.667788,-71.667036,29.3171,3.2,,CSN,CSN_17864
,-32.567264,-71.686175,26.4525,3.0,,CSN,CSN_17865
,-32.134076,-71.860457,21.261,3.1,,CSN,CSN_17866
,-32.101933,-71.705388,28.8561,4.1,,CSN,CSN_17867
,-32.388248,-71.834585,20.2965,3.4,,CSN,CSN_17869
,-32.550319,-71.692275,25.9403,3.0,,CSN,CSN_17873
,-32.168351,-71.788549,18.4319,3.2,,CSN,CSN_17881
,-32.714896,-71.813221,25.9792,3.6,,CSN,CSN_17882
,-32.668072,-71.69842,29.5824,3.0,,CSN,CSN_17884
,-32.494498,-71.93977,21.3454,6.1,,CSN,CSN_17885
,-32.495487,-71.893314,27.1804,4.6,,CSN,CSN_17886
,-32.492004,-71.892715,21.069,3.0,,CSN,CSN_17887
,-32.543699,-71.867842,17.9024,3.3,,CSN,CSN_17888
,-32.526265,-71.97898,18.5757,4.0,,CSN,CSN_17889
,-32.570622,-71.942989,7.3471,3.8,,CSN,CSN_17890
,-32.635081,-71.906366,11.1102,3.7,,CSN,CSN_17891
,-32.490548,-71.961929,19.6196,3.0,,CSN,CSN_17892
,-32.486303,-71.86897,16.0787,3.6,,CSN,CSN_17893
,-32.512427,-71.980189,20.8953,3.3,,CSN,CSN_17894
,-32.502159,-71.882556,18.8362,3.5,,CSN,CSN_17895
,-32.476012,-71.937345,20.9004,3.6,,CSN,CSN_17896
,-32.576503,-71.864051,22.2076,3.6,,CSN,CSN_17898
,-32.475956,-71.939352,21.8068,4.2,,CSN,CSN_17899
,-32.515787,-71.885317,19.5306,3.9,,CSN,CSN_17900
,-32.567041,-71.870324,23.1946,3.4,,CSN,CSN_17901
,-32.46201,-71.784693,5.2912,3.1,,CSN,CSN_17904
,-32.485586,-71.921115,19.4648,4.1,,CSN,CSN_17905
,-32.472003,-71.884863,22.9055,3.2,,CSN,CSN_17907
,-32.482472,-71.952349,22.6318,4.5,,CSN,CSN_17909
,-32.574664,-71.838856,19.9605,3.1,,CSN,CSN_17912
,-32.489611,-71.918147,17.2978,3.3,,CSN,CSN_17915
,-32.575816,-71.930364,22.0926,4.3,,CSN,CSN_17917
,-32.473796,-71.956412,20.7686,3.9,,CSN,CSN_17918
,-32.484542,-71.911923,12.7276,3.3,,CSN,CSN_17919
,-32.576462,-71.87185,24.3049,4.0,,CSN,CSN_17920
,-32.568455,-71.843256,23.5901,3.6,,CSN,CSN_17921
,-32.566643,-71.940815,21.2756,3.0,,CSN,CSN_17922
,-32.577972,-71.824245,19.6618,3.7,,CSN,CSN_17923
,-32.464515,-71.944257,22.2852,5.8,,CSN,CSN_17924
,-32.525122,-71.863843,12.4925,3.4,,CSN,CSN_17925
,-32.569641,-71.858938,19.6809,3.3,,CSN,CSN_17926
,-32.467432,-71.942104,20.8349,3.8,,CSN,CSN_17927
,-32.477618,-71.923215,21.9144,3.3,,CSN,CSN_17928
,-32.599081,-71.925446,21.2037,4.1,,CSN,CSN_17929
,-32.462686,-71.897803,22.0131,4.1,,CSN,CSN_17930
,-32.59181,-71.87148,23.9716,5.1,,CSN,CSN_17931
,-32.593537,-71.835328,19.5409,3.1,,CSN,CSN_17932
,-32.470556,-71.885882,22.0146,3.5,,CSN,CSN_17933
,-32.630926,-71.807815,25.2507,3.2,,CSN,CSN_17934
,-32.589496,-71.798158,24.5977,3.3,,CSN,CSN_17935
,-32.614933,-71.843249,25.5704,4.2,,CSN,CSN_17936
,-32.369091,-71.658811,55.5452,3.8,,CSN,CSN_17937
,-32.618279,-71.818672,22.267,3.6,,CSN,CSN_17938
,-32.578834,-71.840891,22.7507,4.9,,CSN,CSN_17939
,-32.606088,-71.812975,26.3435,3.1,,CSN,CSN_17940
,-32.470585,-71.92062,19.5675,3.1,,CSN,CSN_17941
,-32.612917,-71.863468,21.4483,4.8,,CSN,CSN_17943
,-32.622207,-71.870256,22.3483,3.9,,CSN,CSN_17945
,-32.612552,-71.913936,22.205,3.3,,CSN,CSN_17946
,-32.605012,-71.85605,24.1758,4.1,,CSN,CSN_17948
,-32.601642,-71.864688,24.1193,3.6,,CSN,CSN_17949
,-32.567601,-71.926361,13.0882,4.1,,CSN,CSN_17950
,-31.968384,-71.601714,33.2094,3.2,,CSN,CSN_17952
,-32.490186,-71.911978,16.5722,3.0,,CSN,CSN_17955
,-32.476266,-71.916916,3.2113,3.2,,CSN,CSN_17957
,-32.621954,-71.855573,3.2937,4.3,,CSN,CSN_17958
,-32.52329,-71.801776,25.7358,3.1,,CSN,CSN_17960
,-32.611204,-71.868812,5.3027,3.1,,CSN,CSN_17965
,-32.491718,-71.848554,17.0921,3.3,,CSN,CSN_17966
,-32.462652,-71.851015,22.2227,3.0,,CSN,CSN_17967
,-32.466383,-71.835193,13.9595,3.1,,CSN,CSN_17969
,-32.239912,-71.762757,26.4954,3.1,,CSN,CSN_17970
,-32.518269,-71.768551,1.5618,3.1,,CSN,CSN_17975
,-32.637719,-71.773054,24.7002,3.2,,CSN,CSN_17980
,-32.663613,-71.679138,27.4445,3.0,,CSN,CSN_17982
,-32.634913,-71.845157,24.4429,4.2,,CSN,CSN_17991
,-32.577361,-71.856105,24.8339,3.1,,CSN,CSN_17994
,-32.483487,-71.899239,21.1563,3.2,,CSN,CSN_17996
,-32.543216,-71.825929,19.3915,3.2,,CSN,CSN_18000
,-32.517841,-71.861486,23.5619,3.7,,CSN,CSN_18003
,-32.489947,-71.743793,26.3734,3.0,,CSN,CSN_18007
,-32.602676,-71.872516,16.8582,3.1,,CSN,CSN_18008
,-32.678795,-71.715731,27.3133,3.7,,CSN,CSN_18011
,-32.112835,-71.793373,25.0853,3.8,,CSN,CSN_18015
,-32.605494,-71.849556,21.2129,3.3,,CSN,CSN_18029
,-32.109959,-71.901109,19.6799,3.7,,CSN,CSN_18045
,-32.107351,-71.910258,15.2799,3.5,,CSN,CSN_18047
,-32.315973,-71.717672,45.3794,3.5,,CSN,CSN_18051
,-32.551759,-71.666867,26.7897,4.4,,CSN,CSN_18055
,-32.575305,-71.747135,27.3305,3.0,,CSN,CSN_18056
,-32.642586,-71.534025,25.8769,3.3,,CSN,CSN_18061
,-32.099967,-71.684965,4.7317,3.6,,CSN,CSN_18066
,-32.620698,-71.583086,32.1525,3.0,,CSN,CSN_18079
,-32.507877,-71.492619,37.881,3.3,,CSN,CSN_18083
,-32.463651,-71.858341,24.575,3.0,,CSN,CSN_18084
,-31.994895,-71.648357,31.7747,3.1,,CSN,CSN_18097
,-32.261402,-71.675534,16.3351,3.5,,CSN,CSN_18099
,-32.505673,-71.815605,16.7753,3.2,,CSN,CSN_18100
,-32.507755,-71.836145,20.5782,3.0,,CSN,CSN_18102
,-32.119876,-71.682098,31.5829,3.1,,CSN,CSN_18110
,-32.506002,-71.678329,38.0097,3.4,,CSN,CSN_18112
,-32.264791,-71.782766,12.831,3.2,,CSN,CSN_18123
,-32.467655,-71.895157,23.4412,3.9,,CSN,CSN_18126
,-32.480979,-71.885746,22.7354,3.0,,CSN,CSN_18128
,-32.476865,-71.895386,20.4487,3.1,,CSN,CSN_18129
,-32.273588,-71.760173,4.5667,3.2,,CSN,CSN_18133
,-32.614838,-71.649871,2.3878,3.0,,CSN,CSN_18136
,-32.657513,-71.741306,3.0466,3.1,,CSN,CSN_18137
,-32.674724,-71.800431,18.1424,3.3,,CSN,CSN_18139
,-32.01265,-71.497543,62.2964,3.6,,CSN,CSN_18143
,-32.098248,-71.729334,50.857,3.0,,CSN,CSN_18144
,-32.427826,-71.911138,51.7523,3.0,,CSN,CSN_18153
,-32.32412,-71.787192,15.9911,3.4,,CSN,CSN_18154
,-32.775181,-71.840414,25.6987,3.0,,CSN,CSN_18161
,-32.424385,-71.685737,26.6027,4.0,,CSN,CSN_18162
,-32.64208,-71.878249,18.268,3.4,,CSN,CSN_18166
,-32.739424,-71.780342,26.4565,3.7,,CSN,CSN_18168
,-32.001571,-71.510775,46.247,3.5,,CSN,CSN_18169
,-32.293041,-71.633296,57.9786,3.5,,CSN,CSN_18171
,-32.012949,-71.508716,56.313,3.4,,CSN,CSN_18175
,-32.621112,-71.604199,31.3083,3.5,,CSN,CSN_18176
,-32.078444,-71.847135,20.4421,3.3,,CSN,CSN_18179
,-32.621984,-71.560945,34.6302,3.5,,CSN,CSN_18182
,-32.494059,-71.723933,28.4841,4.2,,CSN,CSN_18183
,-32.53685,-71.579974,25.1634,3.0,,CSN,CSN_18190
,-32.460679,-71.63883,26.3545,3.0,,CSN,CSN_18191
,-32.394922,-71.805544,25.0993,4.2,,CSN,CSN_18193
,-32.685911,-71.553097,35.3854,3.8,,CSN,CSN_18194
,-32.431846,-71.472142,24.8719,3.5,,CSN,CSN_18197
,-32.379996,-71.833263,24.9212,4.9,,CSN,CSN_18198
,-32.391543,-71.793726,19.3437,3.1,,CSN,CSN_18202
,-32.145359,-71.732291,51.0049,5.3,,CSN,CSN_18203
,-32.38603,-71.897472,25.0497,5.0,,CSN,CSN_18204
,-32.388159,-71.596781,56.6548,3.2,,CSN,CSN_18206
,-32.782154,-71.961768,14.2057,3.3,,CSN,CSN_18212
,-32.787611,-71.962488,12.6911,3.5,,CSN,CSN_18215
,-32.768479,-71.929853,4.2567,3.6,,CSN,CSN_18216
,-32.777634,-71.97697,11.4823,3.2,,CSN,CSN_18225
,-32.794203,-71.947971,13.6443,3.4,,CSN,CSN_18226
,-32.783426,-71.952756,9.4308,3.1,,CSN,CSN_18227
,-32.792307,-71.936803,7.0129,3.0,,CSN,CSN_18228
,-32.499722,-71.539088,26.657,3.0,,CSN,CSN_18230
,-32.449205,-71.789724,31.4947,3.3,,CSN,CSN_18231
,-32.538587,-71.623346,58.1705,3.0,,CSN,CSN_18232
,-32.781698,-71.907443,7.9023,3.3,,CSN,CSN_18233
,-32.769138,-71.955866,6.0457,3.8,,CSN,CSN_18235
,-32.772463,-71.937699,8.9827,3.6,,CSN,CSN_18236
,-32.800185,-71.97452,10.8484,3.6,,CSN,CSN_18237
,-32.803288,-71.95679,11.4295,4.9,,CSN,CSN_18238
,-32.794557,-71.973018,11.2696,4.2,,CSN,CSN_18239
,-32.809443,-71.968623,12.3079,5.1,,CSN,CSN_18240
,-32.819168,-71.954229,5.0322,4.1,,CSN,CSN_18241
,-32.818735,-71.926777,19.1157,3.9,,CSN,CSN_18243
,-32.782747,-71.889593,2.2253,3.6,,CSN,CSN_18244
,-32.792209,-71.875349,4.8337,3.1,,CSN,CSN_18245
,-32.790379,-71.913915,6.3432,3.8,,CSN,CSN_18246
,-32.821181,-71.950721,6.2791,4.7,,CSN,CSN_18247
,-32.821101,-71.901047,7.9926,4.6,,CSN,CSN_18248
,-32.825331,-71.915,12.3853,4.7,,CSN,CSN_18249
,-32.807914,-71.950345,9.7047,3.5,,CSN,CSN_18250
,-32.779467,-71.953119,14.7022,3.3,,CSN,CSN_18251
,-32.78597,-71.892608,8.5023,3.4,,CSN,CSN_18253
,-32.788985,-71.893897,8.8516,3.1,,CSN,CSN_18254
,-32.812297,-71.88254,13.0725,3.6,,CSN,CSN_18255
,-32.801082,-71.878402,3.7744,3.0,,CSN,CSN_18263
,-32.774173,-71.916271,10.6703,3.0,,CSN,CSN_18264
,-32.669724,-71.638917,32.4129,3.7,,CSN,CSN_18266
,-32.779671,-71.945651,14.4066,4.3,,CSN,CSN_18267
,-32.739055,-71.795974,20.0115,3.2,,CSN,CSN_18270
,-32.794887,-71.888248,18.1807,4.3,,CSN,CSN_18276
,-32.794211,-71.925681,12.115,3.3,,CSN,CSN_18277
,-32.514267,-71.701071,32.0243,3.7,,CSN,CSN_18278
,-32.808845,-71.921754,13.2781,3.1,,CSN,CSN_18279
,-32.120266,-71.689009,30.314,3.1,,CSN,CSN_18281
,-32.800005,-71.896436,6.5335,3.4,,CSN,CSN_18282
,-32.662053,-71.762936,26.5762,3.4,,CSN,CSN_18283
,-32.658264,-71.775072,25.3133,4.0,,CSN,CSN_18284
,-32.76491,-71.677403,34.5066,3.5,,CSN,CSN_18287
,-32.33243,-71.806359,24.0193,3.8,,CSN,CSN_18289
,-32.480247,-71.74995,22.5699,3.1,,CSN,CSN_18293
,-32.782051,-71.975953,13.7401,3.7,,CSN,CSN_18294
,-32.7849,-71.942688,8.7041,3.2,,CSN,CSN_18296
,-31.975349,-71.477014,26.9002,3.7,,CSN,CSN_18297
,-32.252379,-71.716992,58.7904,3.1,,CSN,CSN_18299
,-32.358408,-71.588184,41.1132,3.2,,CSN,CSN_18301
,-32.766243,-71.924128,9.9551,3.6,,CSN,CSN_18302
,-32.257517,-71.882894,22.0488,3.9,,CSN,CSN_18303
,-32.478706,-71.905076,19.49,3.3,,CSN,CSN_18304
,-32.546103,-71.563313,22.4066,3.0,,CSN,CSN_18306
,-32.798241,-71.92917,10.0689,3.0,,CSN,CSN_18313
,-32.79646,-71.892811,2.1985,3.0,,CSN,CSN_18314
,-32.795588,-71.973185,8.1026,3.4,,CSN,CSN_18316
,-32.801234,-71.917244,3.5848,3.0,,CSN,CSN_18317
,-32.488705,-71.561841,39.1519,3.1,,CSN,CSN_18318
,-32.672619,-71.584026,37.6285,3.0,,CSN,CSN_18319
,-31.920427,-71.638323,16.4212,3.1,,CSN,CSN_18322
,-32.673408,-71.658272,32.1674,4.6,,CSN,CSN_18326
,-32.793698,-71.725318,29.5564,3.2,,CSN,CSN_18331
,-32.770521,-71.828674,24.5217,3.4,,CSN,CSN_18332
,-32.504512,-71.716252,13.4521,3.2,,CSN,CSN_18334
,-32.372699,-71.776123,11.3865,3.4,,CSN,CSN_18338
,-32.735196,-71.687324,36.7243,3.9,,CSN,CSN_18339
,-31.977426,-71.433155,14.3168,3.0,,CSN,CSN_18346
,-32.640402,-71.676548,27.47,3.3,,CSN,CSN_18348
,-32.73286,-71.809436,24.3805,3.2,,CSN,CSN_18351
,-32.205934,-71.798226,49.9547,3.1,,CSN,CSN_18352
,-32.664277,-71.859654,17.0009,4.2,,CSN,CSN_18353
,-32.720257,-71.819833,10.9898,4.4,,CSN,CSN_18354
,-32.731716,-71.7996,2.0458,4.1,,CSN,CSN_18355
,-32.706814,-71.824627,12.3033,4.8,,CSN,CSN_18356
,-32.676425,-71.764089,3.4834,4.9,,CSN,CSN_18357
,-32.688937,-71.810825,7.832,4.0,,CSN,CSN_18358
,-32.717173,-71.840345,4.7245,4.7,,CSN,CSN_18359
,-32.681839,-71.851278,4.8969,4.9,,CSN,CSN_18360
,-32.610153,-71.866568,8.0848,4.8,,CSN,CSN_18361
,-32.723355,-71.840616,7.1858,4.5,,CSN,CSN_18362
,-32.63737,-71.840121,10.3421,3.3,,CSN,CSN_18363
,-32.634521,-71.808542,7.8767,4.1,,CSN,CSN_18364
,-32.635937,-71.86228,7.7616,3.1,,CSN,CSN_18365
,-32.620559,-71.907316,12.3267,4.7,,CSN,CSN_18366
,-32.648273,-71.896583,13.0247,4.0,,CSN,CSN_18368
,-32.707058,-71.809911,10.3153,3.2,,CSN,CSN_18369
,-32.679166,-71.810435,14.7323,3.4,,CSN,CSN_18370
,-32.050775,-71.470202,29.7327,3.8,,CSN,CSN_18371
,-32.012668,-71.602489,37.4559,3.1,,CSN,CSN_18372
,-32.400638,-71.693555,38.9954,3.7,,CSN,CSN_18373
,-32.443459,-71.764505,43.1922,3.0,,CSN,CSN_18374
,-32.447384,-71.681579,22.1501,4.2,,CSN,CSN_18375
,-32.618453,-71.719771,8.271,3.1,,CSN,CSN_18377
,-32.697865,-71.657942,31.5374,3.6,,CSN,CSN_18379
,-32.690112,-71.644519,61.2971,3.4,,CSN,CSN_18380
,-32.728065,-71.815647,1.7906,3.1,,CSN,CSN_18381
,-32.654034,-71.88905,17.5493,3.6,,CSN,CSN_18382
,-32.713995,-71.891953,9.6484,3.1,,CSN,CSN_18383
,-31.918764,-71.624417,36.9126,3.7,,CSN,CSN_18384
,-32.032821,-71.49238,40.9014,3.8,,CSN,CSN_18385
,-32.516535,-71.783679,15.413,3.1,,CSN,CSN_18386
,-32.731113,-71.839227,12.9901,3.2,,CSN,CSN_18387
,-32.643455,-71.799083,28.4361,5.2,,CSN,CSN_18389
,-32.770566,-71.686157,34.2068,3.1,,CSN,CSN_18390
,-32.651612,-71.681915,24.2553,3.2,,CSN,CSN_18391
,-32.795764,-71.859881,15.2548,4.0,,CSN,CSN_18393
,-32.549796,-71.733912,38.1484,3.4,,CSN,CSN_18394
,-32.614695,-71.748015,33.1468,3.5,,CSN,CSN_18395
,-32.799833,-71.964517,22.2802,4.7,,CSN,CSN_18396
,-32.794219,-71.958528,9.8047,4.1,,CSN,CSN_18397
,-32.538922,-71.707351,10.4961,3.1,,CSN,CSN_18398
,-32.682834,-71.797187,28.6284,3.2,,CSN,CSN_18399
,-32.04204,-71.733246,26.8688,3.2,,CSN,CSN_18400
,-32.606442,-71.797512,28.2862,3.9,,CSN,CSN_18401
,-32.794638,-71.871293,17.8914,3.5,,CSN,CSN_18403
,-32.536954,-71.769992,26.6837,3.6,,CSN,CSN_18404
,-32.600714,-71.740569,19.2295,4.0,,CSN,CSN_18405
,-32.823664,-71.947188,16.6855,3.2,,CSN,CSN_18406
,-32.410421,-71.806947,5.4826,3.3,,CSN,CSN_18407
,-32.345958,-71.884235,10.7379,3.4,,CSN,CSN_18408
,-32.110263,-71.724104,52.7942,3.2,,CSN,CSN_18409
,-32.315103,-71.850614,11.6967,3.9,,CSN,CSN_18410
,-32.479614,-71.843445,40.3193,4.1,,CSN,CSN_18411
,-32.034809,-71.596023,21.8689,3.1,,CSN,CSN_18412
,-32.348255,-71.8642,4.1955,3.0,,CSN,CSN_18413
,-32.656924,-71.795286,29.0376,3.2,,CSN,CSN_18416
,-32.046288,-71.530918,32.6577,3.2,,CSN,CSN_18419
,-32.396505,-71.724019,25.411,4.0,,CSN,CSN_18421
,-32.794988,-71.558221,30.4774,3.2,,CSN,CSN_18424
,-32.393369,-71.65934,52.1332,4.1,,CSN,CSN_18425
,-32.612196,-71.638073,31.9653,3.6,,CSN,CSN_18426
,-32.081757,-71.616713,57.4554,3.1,,CSN,CSN_18427
,-32.485931,-71.538359,31.7826,3.3,,CSN,CSN_18430
,-32.691595,-71.840638,32.0563,3.1,,CSN,CSN_18431
,-32.698492,-71.669911,11.752,3.7,,CSN,CSN_18433
,-32.307612,-71.860001,15.0437,3.9,,CSN,CSN_18435
,-32.616274,-71.565439,12.4873,3.4,,CSN,CSN_18437
,-32.171722,-71.614682,55.7354,3.6,,CSN,CSN_18438
,-32.221566,-71.80766,43.5279,3.3,,CSN,CSN_18439
,-32.057123,-71.875801,13.555,4.5,,CSN,CSN_18440
,-32.718157,-71.721359,41.3512,3.0,,CSN,CSN_18441
,-32.656832,-71.650008,0.7356,3.3,,CSN,CSN_18445
,-32.598201,-71.931564,37.0096,3.2,,CSN,CSN_18446
,-32.752132,-71.886245,14.2351,5.1,,CSN,CSN_18447
,-32.775108,-71.827891,23.0291,3.2,,CSN,CSN_18448
,-32.157644,-71.787894,15.7268,3.6,,CSN,CSN_18449
,-32.144571,-71.76477,11.316,3.5,,CSN,CSN_18450
,-32.532047,-71.680826,18.8724,3.1,,CSN,CSN_18451
,-32.5711,-71.745462,26.0589,5.6,,CSN,CSN_18452
,-32.568648,-71.703541,32.8446,4.4,,CSN,CSN_18453
,-32.483748,-71.620535,30.9279,4.5,,CSN,CSN_18454
,-32.553847,-71.637967,8.8844,3.8,,CSN,CSN_18455
,-32.546663,-71.734662,24.1936,4.0,,CSN,CSN_18456
,-32.588328,-71.754803,14.6999,3.7,,CSN,CSN_18457
,-32.518272,-71.614308,8.0042,3.5,,CSN,CSN_18458
,-32.536587,-71.633262,31.113,3.1,,CSN,CSN_18459
,-32.558153,-71.736419,41.4215,3.5,,CSN,CSN_18460
,-32.514465,-71.749277,28.2411,3.4,,CSN,CSN_18461
,-32.638758,-71.777486,6.9024,5.0,,CSN,CSN_18462
,-32.564033,-71.760441,25.1745,4.3,,CSN,CSN_18463
,-32.432286,-71.575276,39.5481,3.6,,CSN,CSN_18464
,-32.642156,-71.713784,30.5832,3.3,,CSN,CSN_18465
,-32.648242,-71.575412,37.4787,3.0,,CSN,CSN_18466
,-32.276335,-71.660917,48.5482,3.1,,CSN,CSN_18467
,-32.478841,-71.850958,18.2931,3.3,,CSN,CSN_18469
,-32.283916,-71.934077,17.8016,3.6,,CSN,CSN_18472
,-32.240764,-71.721903,3.1929,3.8,,CSN,CSN_18476
,-32.559649,-71.758805,41.2583,3.1,,CSN,CSN_18477
,-32.611462,-71.656186,20.1345,3.0,,CSN,CSN_18489
,-32.769432,-71.710157,11.5797,3.7,,CSN,CSN_18491
,-32.328,-71.748639,11.0825,3.9,,CSN,CSN_18492
,-32.263781,-71.849471,25.0489,3.7,,CSN,CSN_18493
,-32.631464,-71.661736,12.602,3.0,,CSN,CSN_18499
,-32.570712,-71.587658,3.6383,4.3,,CSN,CSN_18501
,-32.681494,-71.787022,45.1074,3.7,,CSN,CSN_18504
,-32.620425,-71.807777,13.2963,3.6,,CSN,CSN_18505
,-32.53619,-71.51108,64.3818,3.3,,CSN,CSN_18510
,-32.067081,-71.75532,49.812,3.6,,CSN,CSN_18513
,-32.106917,-71.814285,2.8932,3.4,,CSN,CSN_18514
,-32.023876,-71.608976,49.6563,3.8,,CSN,CSN_18516
,-32.034476,-71.543662,42.2516,3.1,,CSN,CSN_18517
,-32.364814,-71.467463,20.9288,3.6,,CSN,CSN_18520
,-32.687815,-71.63223,4.0368,3.1,,CSN,CSN_18521
,-32.209294,-71.843316,50.3724,3.1,,CSN,CSN_18523
,-32.566036,-71.805388,16.7918,3.1,,CSN,CSN_18525
,-32.589048,-71.821373,15.6973,3.2,,CSN,CSN_18526
,-32.507521,-71.718097,6.7034,3.7,,CSN,CSN_18527
,-32.639505,-71.836522,9.736,3.2,,CSN,CSN_18528
,-32.496933,-71.75322,24.1178,3.1,,CSN,CSN_18529
,-32.566105,-71.829556,7.8841,3.0,,CSN,CSN_18531
,-32.482369,-71.540188,36.5985,3.3,,CSN,CSN_18533
,-32.717028,-71.714362,17.0889,3.1,,CSN,CSN_18534
,-32.614611,-71.681931,31.1068,4.2,,CSN,CSN_18535
,-32.740723,-71.843718,23.8756,5.6,,CSN,CSN_18536
,-32.685505,-71.784219,28.9733,4.1,,CSN,CSN_18537
,-32.653947,-71.743293,16.3663,3.1,,CSN,CSN_18538
,-32.724036,-71.798483,12.1562,3.3,,CSN,CSN_18539
,-32.689415,-71.838298,37.5077,3.0,,CSN,CSN_18540
,-32.716391,-71.850375,25.1578,3.7,,CSN,CSN_18542
,-32.696856,-71.788684,15.5016,4.0,,CSN,CSN_18544
,-32.667154,-71.859236,19.1848,3.8,,CSN,CSN_18545
,-32.613399,-71.711763,23.6519,3.2,,CSN,CSN_18546
,-32.681667,-71.794039,27.7916,3.6,,CSN,CSN_18547
,-32.696697,-71.78965,18.9712,3.6,,CSN,CSN_18548
,-32.700428,-71.784733,2.8372,3.2,,CSN,CSN_18550
,-32.70043,-71.915223,29.0394,3.7,,CSN,CSN_18553
,-32.723252,-71.795475,6.7173,3.7,,CSN,CSN_18554
,-32.56626,-71.640826,4.2538,3.2,,CSN,CSN_18557
,-32.636987,-71.737436,2.0444,4.1,,CSN,CSN_18560
,-32.685915,-71.830019,25.3293,3.5,,CSN,CSN_18565
,-32.7533,-71.739577,24.117,3.8,,CSN,CSN_18574
,-32.669711,-71.773758,4.7814,3.3,,CSN,CSN_18580
,-32.558472,-71.726309,22.1754,3.3,,CSN,CSN_18581
,-32.786785,-71.775022,26.5235,3.0,,CSN,CSN_18585
,-32.751831,-71.80843,5.7402,3.0,,CSN,CSN_18593
,-32.653219,-71.631552,4.1017,3.6,,CSN,CSN_18598
,-32.552923,-71.590281,45.6674,4.7,,CSN,CSN_18601
,-32.61048,-71.722329,30.877,4.5,,CSN,CSN_18608
,-32.625262,-71.713685,30.4275,3.8,,CSN,CSN_18610
,-32.553346,-71.650947,46.4892,3.0,,CSN,CSN_18612
,-32.463552,-71.716314,44.604,3.2,,CSN,CSN_18614
,-32.646227,-71.638158,30.3329,3.1,,CSN,CSN_18616
,-32.623605,-71.697753,30.0031,3.3,,CSN,CSN_18617
,-32.557075,-71.795476,25.8152,3.4,,CSN,CSN_18618
,-32.131262,-71.640049,29.3514,4.3,,CSN,CSN_18624
,-32.1052,-71.577383,32.2333,3.0,,CSN,CSN_18625
,-32.188742,-71.781602,19.5259,3.0,,CSN,CSN_18628
,-32.393237,-71.598564,27.0731,3.4,,CSN,CSN_18629
,-32.510127,-71.693438,18.3447,3.1,,CSN,CSN_18631
,-32.161565,-71.717379,54.3599,3.7,,CSN,CSN_18632
,-32.668108,-71.796909,6.2441,3.3,,CSN,CSN_18634
,-32.641087,-71.782971,5.606,3.1,,CSN,CSN_18635
,-32.667513,-71.792385,37.2548,3.3,,CSN,CSN_18638
,-32.581264,-71.665638,2.355,3.4,,CSN,CSN_18641
,-32.586319,-71.651305,1.8198,3.3,,CSN,CSN_18643
,-32.580313,-71.639902,11.0935,5.2,,CSN,CSN_18644
,-32.632657,-71.63504,13.2787,3.6,,CSN,CSN_18645
,-32.630958,-71.629579,5.0835,3.2,,CSN,CSN_18646
,-32.663557,-71.68928,11.9879,3.2,,CSN,CSN_18648
,-32.758513,-71.785885,19.4852,3.4,,CSN,CSN_18650
,-32.240434,-71.644717,5.5651,3.3,,CSN,CSN_18651
,-32.620678,-71.73358,13.7457,3.5,,CSN,CSN_18653
,-32.588629,-71.670895,10.0725,3.2,,CSN,CSN_18654
,-32.698496,-71.518993,37.3015,4.3,,CSN,CSN_18661
,-31.997551,-71.617244,27.9536,3.1,,CSN,CSN_18665
,-32.595028,-71.557929,6.7472,3.3,,CSN,CSN_18666
,-32.713443,-71.708075,33.3382,3.3,,CSN,CSN_18668
,-32.122698,-71.803501,17.1609,3.8,,CSN,CSN_18669
,-32.291327,-71.738563,20.4059,3.1,,CSN,CSN_18674
,-32.689595,-71.82974,37.515,3.7,,CSN,CSN_18676
,-32.523775,-71.766049,34.9668,3.0,,CSN,CSN_18677
,-32.530787,-71.660414,10.7877,3.2,,CSN,CSN_18678
,-32.639457,-71.533126,22.9388,3.0,,CSN,CSN_18679
,-32.439904,-71.594627,36.5254,3.1,,CSN,CSN_18680
,-32.672841,-71.642474,3.8528,3.0,,CSN,CSN_18688
,-32.449719,-71.846555,20.9068,3.3,,CSN,CSN_18692
,-32.051013,-71.745667,21.032,3.0,,CSN,CSN_18693
,-32.017494,-71.663512,3.6804,3.2,,CSN,CSN_18694
,-32.642478,-71.75786,20.4207,3.0,,CSN,CSN_18699
,-32.362362,-71.866737,9.1699,3.1,,CSN,CSN_18700
,-32.035519,-71.829011,15.5899,3.4,,CSN,CSN_18701
,-32.030968,-71.644684,5.3013,3.1,,CSN,CSN_18702
,-32.132534,-71.843769,13.269,3.0,,CSN,CSN_18704
,-32.516965,-71.734366,6.9329,4.1,,CSN,CSN_18705
,-32.733276,-71.798496,18.9315,6.5,,CSN,CSN_18706
,-32.758208,-71.672495,35.3681,3.4,,CSN,CSN_18707
,-32.797906,-71.774015,15.6989,3.6,,CSN,CSN_18708
,-32.593758,-71.627908,30.2154,3.7,,CSN,CSN_18710
,-32.705831,-71.549292,16.1352,3.0,,CSN,CSN_18711
,-32.723583,-71.655619,6.1084,3.1,,CSN,CSN_18712
,-32.618352,-71.532566,15.5111,3.0,,CSN,CSN_18713
,-32.642825,-71.702409,22.6053,3.5,,CSN,CSN_18715
,-32.567135,-71.526449,17.6618,3.7,,CSN,CSN_18716
,-32.618855,-71.8034,17.1935,3.2,,CSN,CSN_18717
,-32.664452,-71.777692,22.1669,3.5,,CSN,CSN_18718
,-32.697301,-71.805633,18.8274,3.3,,CSN,CSN_18719
,-32.517619,-71.74829,23.3193,3.3,,CSN,CSN_18720
,-32.683802,-71.695259,28.8385,3.8,,CSN,CSN_18721
,-32.650384,-71.590465,33.9188,3.0,,CSN,CSN_18722
,-32.441368,-71.485231,26.5473,3.0,,CSN,CSN_18723
,-32.604841,-71.630139,29.2609,3.1,,CSN,CSN_18724
,-32.514598,-71.926728,13.8517,4.1,,CSN,CSN_18726
,-32.712144,-71.783216,15.1436,3.2,,CSN,CSN_18727
,-32.236806,-71.689289,6.3831,3.4,,CSN,CSN_18728
,-32.540147,-71.712273,41.872,3.4,,CSN,CSN_18729
,-32.561563,-71.595055,29.711,3.3,,CSN,CSN_18731
,-32.556728,-71.791019,17.9704,4.2,,CSN,CSN_18734
,-32.575716,-71.747207,23.071,3.5,,CSN,CSN_18735
,-32.267982,-71.921,26.5352,3.0,,CSN,CSN_18738
,-32.438648,-71.932034,14.4804,3.0,,CSN,CSN_18739
,-32.824278,-71.820484,1.2233,4.8,,CSN,CSN_18741
,-32.631342,-71.583086,16.5706,3.0,,CSN,CSN_18743
,-32.643598,-71.697533,15.3775,3.4,,CSN,CSN_18745
,-32.597567,-71.708348,53.7482,3.7,,CSN,CSN_18746
,-32.732433,-71.850743,10.2275,4.3,,CSN,CSN_18747
,-32.577582,-71.660052,27.2095,3.2,,CSN,CSN_18748
,-32.569419,-71.64857,25.0044,3.1,,CSN,CSN_18749
,-32.12116,-71.811122,11.3153,3.6,,CSN,CSN_18750
,-32.253268,-71.756947,21.4267,3.9,,CSN,CSN_18751
,-32.675485,-71.748609,20.6352,3.2,,CSN,CSN_18752
,-32.622328,-71.701723,31.2694,3.7,,CSN,CSN_18753
,-32.556935,-71.520846,34.444,3.5,,CSN,CSN_18754
,-32.370711,-71.719395,19.3854,3.2,,CSN,CSN_18755
,-32.659102,-71.561178,31.6211,3.6,,CSN,CSN_18757
,-32.692128,-71.576473,33.7889,3.6,,CSN,CSN_18758
,-32.782189,-71.825077,31.2359,3.2,,CSN,CSN_18759
,-32.677045,-71.811323,35.9423,3.1,,CSN,CSN_18760
,-32.622703,-71.781943,20.6113,3.4,,CSN,CSN_18761
,-32.521896,-71.775077,20.3125,3.7,,CSN,CSN_18763
,-32.192912,-71.886095,25.8553,3.0,,CSN,CSN_18765
,-32.679276,-71.776565,25.4942,3.9,,CSN,CSN_18766
,-32.817822,-71.943284,9.6428,3.5,,CSN,CSN_18767
,-32.427591,-71.691324,23.7318,4.4,,CSN,CSN_18770
,-32.41574,-71.831006,55.483,3.0,,CSN,CSN_18781
,-32.642093,-71.672942,5.3569,3.0,,CSN,CSN_18782
,-32.655342,-71.499889,21.981,3.4,,CSN,CSN_18783
,-32.224662,-71.823794,23.6211,3.6,,CSN,CSN_18784
,-32.677479,-71.585805,21.0181,3.0,,CSN,CSN_18785
,-32.49502,-71.745229,2.5414,3.0,,CSN,CSN_18786
,-32.402607,-71.66011,38.0719,3.7,,CSN,CSN_18793
,-32.746662,-71.66289,34.2768,3.2,,CSN,CSN_18798
,-32.402597,-71.705823,24.0208,3.3,,CSN,CSN_18801
,-32.145302,-71.899298,8.4756,3.2,,CSN,CSN_18802
,-32.331657,-71.871465,1.9876,4.1,,CSN,CSN_18804
,-32.631566,-71.648967,29.976,3.5,,CSN,CSN_18805
,-32.660101,-71.765122,16.0041,3.9,,CSN,CSN_18809
,-32.572323,-71.764245,17.0376,3.7,,CSN,CSN_18810
,-32.77496,-71.934656,6.8519,3.3,,CSN,CSN_18811
,-32.481027,-71.836575,12.4561,3.2,,CSN,CSN_18812
,-32.648391,-71.794948,17.4176,4.5,,CSN,CSN_18816
,-32.644711,-71.746191,6.9057,3.5,,CSN,CSN_18817
,-32.732965,-71.805288,2.515,3.7,,CSN,CSN_18818
,-32.792166,-71.846766,8.8513,4.1,,CSN,CSN_18821
,-32.031444,-71.575595,10.6429,3.6,,CSN,CSN_18824
,-32.287479,-71.721636,2.5602,3.2,,CSN,CSN_18827
,-32.297433,-71.824327,13.4286,3.6,,CSN,CSN_18828
,-32.327481,-71.77641,2.0379,3.3,,CSN,CSN_18829
,-32.679555,-71.563081,42.4107,4.2,,CSN,CSN_18830
,-32.70468,-71.553223,32.0183,3.4,,CSN,CSN_18831
,-32.288808,-71.684089,5.7995,3.0,,CSN,CSN_18834
,-32.438045,-71.896072,21.8141,3.1,,CSN,CSN_18835
,-31.980919,-71.514184,45.865,3.1,,CSN,CSN_18837
,-32.625014,-71.839397,23.9382,3.7,,CSN,CSN_18841
,-32.690215,-71.814496,23.3503,3.4,,CSN,CSN_18842
,-31.991789,-71.510511,32.4399,3.2,,CSN,CSN_18844
,-32.471312,-71.634585,2.402,3.4,,CSN,CSN_18845
,-32.676034,-71.68982,15.6457,3.1,,CSN,CSN_18847
,-32.694162,-71.545078,29.9933,3.3,,CSN,CSN_18848
,-32.322964,-71.648918,22.3818,3.1,,CSN,CSN_18850
,-32.645339,-71.571994,30.351,3.0,,CSN,CSN_18851
,-32.153264,-71.759241,15.0018,3.3,,CSN,CSN_18852
,-32.170915,-71.884699,23.1499,3.8,,CSN,CSN_18853
,-32.155695,-71.783869,6.7021,3.2,,CSN,CSN_18854
,-32.01074,-71.660125,29.3767,3.1,,CSN,CSN_18856
,-32.750032,-71.54686,31.6917,3.1,,CSN,CSN_18859
,-32.569876,-71.702442,29.6899,4.3,,CSN,CSN_18860
,-32.09398,-71.751018,2.7485,3.1,,CSN,CSN_18861
,-32.360091,-71.593127,31.562,4.3,,CSN,CSN_18862
,-32.365421,-71.602215,28.4294,3.2,,CSN,CSN_18864
,-32.093526,-71.551462,22.924,3.1,,CSN,CSN_18866
,-32.45973,-71.747458,3.7029,3.6,,CSN,CSN_18867
,-32.463135,-71.878752,22.1351,3.0,,CSN,CSN_18868
,-32.617106,-71.549663,33.8808,3.2,,CSN,CSN_18874
,-32.560566,-71.812085,21.83,3.5,,CSN,CSN_18875
,-32.652437,-71.811668,22.5105,3.0,,CSN,CSN_18878
,-32.722014,-71.786766,3.4773,4.0,,CSN,CSN_18879
,-32.512035,-71.935555,18.1075,4.6,,CSN,CSN_18881
,-32.459023,-71.811135,5.0645,4.0,,CSN,CSN_18882
,-32.467145,-71.877872,22.1786,3.3,,CSN,CSN_18883
,-32.465122,-71.876192,12.6276,3.5,,CSN,CSN_18884
,-32.436114,-71.85362,20.6981,4.0,,CSN,CSN_18885
,-32.721477,-71.750594,15.9312,3.4,,CSN,CSN_18887
,-32.484749,-71.840208,22.6638,3.3,,CSN,CSN_18888
,-32.478344,-71.737396,5.8931,3.4,,CSN,CSN_18889
,-32.522546,-71.721568,5.5349,3.1,,CSN,CSN_18893
,-32.327438,-71.725476,12.3133,3.9,,CSN,CSN_18894
,-31.999397,-71.461206,34.003,3.6,,CSN,CSN_18895
,-32.718681,-71.527394,28.1651,3.7,,CSN,CSN_18897
,-32.491996,-71.595798,24.3757,3.7,,CSN,CSN_18899
,-32.304959,-71.912762,22.5453,3.2,,CSN,CSN_18901
,-32.548681,-71.689095,25.9757,3.0,,CSN,CSN_18902
,-32.070717,-71.728695,24.5444,3.5,,CSN,CSN_18904
,-32.621763,-71.610821,9.4642,3.2,,CSN,CSN_18905
,-32.617728,-71.750717,42.8284,3.2,,CSN,CSN_18907
,-32.460174,-71.529341,24.2137,3.1,,CSN,CSN_18909
,-32.542917,-71.529109,25.0569,4.5,,CSN,CSN_18910
,-32.56146,-71.701495,25.9694,4.2,,CSN,CSN_18913
,-32.629896,-71.706285,24.9654,3.6,,CSN,CSN_18914
,-32.198269,-71.782316,27.4021,3.0,,CSN,CSN_18917
,-32.659865,-71.488949,36.6365,3.4,,CSN,CSN_18918
,-31.938467,-71.581561,29.6907,3.0,,CSN,CSN_18921
,-32.407358,-71.673274,37.3972,3.3,,CSN,CSN_18922
,-32.657302,-71.695788,2.4663,3.3,,CSN,CSN_18923
,-32.00279,-71.580306,22.0109,3.1,,CSN,CSN_18924
,-32.541803,-71.586346,13.3203,3.3,,CSN,CSN_18926
,-32.516352,-71.713614,32.3037,3.4,,CSN,CSN_18929
,-32.3339,-71.842361,14.4582,3.0,,CSN,CSN_18930
,-32.108438,-71.511412,18.7394,3.1,,CSN,CSN_18932
,-32.503543,-71.824885,23.5854,4.1,,CSN,CSN_18934
,-32.493826,-71.727286,33.8091,3.1,,CSN,CSN_18935
,-32.513846,-71.706171,43.7015,4.9,,CSN,CSN_18937
,-32.363273,-71.473443,31.5302,3.4,,CSN,CSN_18940
,-32.219274,-71.886434,10.4016,3.1,,CSN,CSN_18947
,-32.147612,-71.944828,23.5608,3.4,,CSN,CSN_18954
,-32.768197,-71.784464,26.0423,3.1,,CSN,CSN_18956
,-32.637488,-71.589178,33.5068,4.6,,CSN,CSN_18957
,-32.675076,-71.830943,25.8882,3.3,,CSN,CSN_18960
,-32.647347,-71.758598,9.6755,3.4,,CSN,CSN_18961
,-32.184698,-71.85716,19.7812,3.0,,CSN,CSN_18966
,-32.513897,-71.724108,28.8365,4.1,,CSN,CSN_18971
,-32.611712,-71.70486,13.7386,3.8,,CSN,CSN_18975
,-32.608837,-71.777129,5.4718,3.2,,CSN,CSN_18976
,-32.456184,-71.608433,14.6925,3.0,,CSN,CSN_18977
,-32.369712,-71.645131,50.9848,3.2,,CSN,CSN_18978
,-32.562692,-71.696231,28.7685,3.1,,CSN,CSN_18982
,-32.426902,-71.764923,15.805,3.6,,CSN,CSN_18988
,-32.56524,-71.709902,5.8821,3.0,,CSN,CSN_18991
,-32.216341,-71.919422,23.3149,4.7,,CSN,CSN_18995
,-32.24106,-71.808493,1.0958,3.9,,CSN,CSN_18996
,-32.234001,-71.815853,1.0243,3.6,,CSN,CSN_18997
,-32.237031,-71.803365,2.4478,3.6,,CSN,CSN_19000
,-32.252407,-71.758007,30.2087,3.1,,CSN,CSN_19003
,-32.753002,-71.540961,32.4629,3.0,,CSN,CSN_19004
,-32.091704,-71.658285,30.6492,3.3,,CSN,CSN_19005
,-32.231774,-71.880953,10.1905,3.4,,CSN,CSN_19009
,-32.449859,-71.726834,23.87,3.1,,CSN,CSN_19010
,-32.647852,-71.784141,25.7724,3.3,,CSN,CSN_19011
,-32.011949,-71.645637,17.6859,3.1,,CSN,CSN_19012
,-32.725653,-71.494883,24.8668,3.4,,CSN,CSN_19013
,-32.103572,-71.918604,17.1101,4.9,,CSN,CSN_19015
,-32.101902,-71.868398,21.2903,3.2,,CSN,CSN_19016
,-32.104634,-71.878076,21.9523,3.2,,CSN,CSN_19017
,-32.728678,-71.643148,31.5031,3.6,,CSN,CSN_19018
,-32.080135,-71.883964,29.209,3.2,,CSN,CSN_19019
,-32.246435,-71.670189,3.1254,4.4,,CSN,CSN_19026
,-32.066822,-71.567132,63.1318,4.6,,CSN,CSN_19027
,-32.712827,-71.654513,29.6792,3.7,,CSN,CSN_19028
,-31.953885,-71.46165,37.4149,3.3,,CSN,CSN_19031
,-32.552915,-71.603608,24.9977,3.1,,CSN,CSN_19032
,-32.681555,-71.464853,41.0386,5.6,,CSN,CSN_19033
,-32.76991,-71.523976,35.1916,3.1,,CSN,CSN_19034
,-32.748279,-71.504385,37.2739,3.1,,CSN,CSN_19035
,-32.60516,-71.825066,23.6734,3.6,,CSN,CSN_19036
,-32.120842,-71.743594,14.6387,3.5,,CSN,CSN_19037
,-32.684123,-71.874852,33.8361,3.1,,CSN,CSN_19038
,-32.657474,-71.740001,27.514,3.1,,CSN,CSN_19040
,-32.133986,-71.777717,19.909,4.2,,CSN,CSN_19043
,-32.482416,-71.913163,23.5157,3.2,,CSN,CSN_19046
,-32.763586,-71.627517,29.9927,3.5,,CSN,CSN_19048
,-32.561895,-71.769596,8.3843,4.4,,CSN,CSN_19049
,-32.61598,-71.492869,34.7869,4.0,,CSN,CSN_19051
,-32.01633,-71.522916,38.1658,3.0,,CSN,CSN_19052
,-32.700446,-71.556308,24.2975,3.0,,CSN,CSN_19054
,-32.482422,-71.843664,9.696,3.7,,CSN,CSN_19056
,-32.633778,-71.557955,35.8629,4.1,,CSN,CSN_19057
,-32.435648,-71.642669,29.5297,3.5,,CSN,CSN_19058
,-32.251228,-71.903812,4.0966,3.3,,CSN,CSN_19060
,-32.277706,-71.891886,2.153,3.2,,CSN,CSN_19062
,-32.440115,-71.833512,35.4833,3.7,,CSN,CSN_19065
,-32.138692,-71.767952,6.1907,3.3,,CSN,CSN_19066
,-32.659486,-71.782904,15.1859,3.0,,CSN,CSN_19067
,-32.284216,-71.884186,13.0342,3.1,,CSN,CSN_19068
,-32.06038,-71.5361,33.5789,3.5,,CSN,CSN_19070
,-32.775666,-71.513152,35.0652,3.2,,CSN,CSN_19072
,-32.253813,-71.696065,55.8557,3.8,,CSN,CSN_19073
,-32.213491,-71.902858,18.9133,3.6,,CSN,CSN_19074
,-32.612525,-71.72804,12.9296,3.5,,CSN,CSN_19076
,-32.730821,-71.531694,36.3984,6.4,,CSN,CSN_19077
,-32.748074,-71.512668,35.9997,3.7,,CSN,CSN_19078
,-32.732898,-71.475904,40.1225,3.4,,CSN,CSN_19079
,-32.747071,-71.5396,36.6302,4.0,,CSN,CSN_19080
,-32.774667,-71.525097,32.1875,3.2,,CSN,CSN_19082
,-32.582167,-71.665169,29.1001,3.0,,CSN,CSN_19087
,-32.300417,-71.836134,5.6519,3.3,,CSN,CSN_19088
,-32.309493,-71.845436,7.0786,3.3,,CSN,CSN_19089
,-32.222746,-71.889337,10.6446,3.1,,CSN,CSN_19091
,-31.973151,-71.552871,31.2163,3.6,,CSN,CSN_19092
,-32.243147,-71.879401,9.5983,3.7,,CSN,CSN_19093
,-32.247322,-71.7916,2.4166,3.2,,CSN,CSN_19094
,-32.109578,-71.699578,24.5954,3.0,,CSN,CSN_19100
,-32.607809,-71.735731,27.639,3.9,,CSN,CSN_19101
,-32.499416,-71.837764,6.7708,3.4,,CSN,CSN_19102
,-32.612488,-71.612084,26.4169,3.6,,CSN,CSN_19103
,-32.040697,-71.524617,36.3264,3.6,,CSN,CSN_19104
,-32.457484,-71.569427,57.9622,3.0,,CSN,CSN_19105
,-32.777061,-71.775625,20.7526,3.0,,CSN,CSN_19106
,-32.139495,-71.641572,44.3436,3.7,,CSN,CSN_19108
,-31.967318,-71.578297,47.1223,3.2,,CSN,CSN_19109
,-32.641852,-71.567829,34.3694,3.2,,CSN,CSN_19110
,-32.597136,-71.575638,22.2304,3.8,,CSN,CSN_19112
,-32.516304,-71.801695,26.5007,4.1,,CSN,CSN_19116
,-32.510819,-71.77881,26.2398,3.9,,CSN,CSN_19117
,-32.783786,-71.679717,30.3715,3.1,,CSN,CSN_19118
,-31.951034,-71.482956,29.5572,3.1,,CSN,CSN_19119
,-32.522904,-71.940777,24.8763,3.0,,CSN,CSN_19120
,-32.634175,-71.608461,56.1054,3.0,,CSN,CSN_19121
,-32.142281,-71.937101,22.1873,3.4,,CSN,CSN_19123
,-32.145033,-71.9173,9.6084,3.3,,CSN,CSN_19124
,-32.140799,-71.943158,18.8632,3.5,,CSN,CSN_19125
,-32.566375,-71.662947,27.2295,3.0,,CSN,CSN_19128
,-32.585484,-71.545933,28.5241,3.2,,CSN,CSN_19130
,-32.769174,-71.823099,21.0778,3.8,,CSN,CSN_19131
,-32.637373,-71.576844,35.0475,3.5,,CSN,CSN_19132
,-32.154872,-71.896127,13.8634,4.0,,CSN,CSN_19133
,-32.154266,-71.843929,1.1701,3.1,,CSN,CSN_19134
,-32.1641,-71.860792,5.5782,4.0,,CSN,CSN_19135
,-32.475063,-71.710615,40.6255,3.3,,CSN,CSN_19136
,-32.082625,-71.619611,36.234,3.2,,CSN,CSN_19137
,-32.618735,-71.669563,19.4802,3.1,,CSN,CSN_19138
,-32.113309,-71.796224,3.0702,3.1,,CSN,CSN_19139
,-32.502983,-71.753901,15.2348,4.2,,CSN,CSN_19141
,-32.809007,-71.889461,15.2956,3.4,,CSN,CSN_19142
,-32.841339,-71.830303,14.7585,3.8,,CSN,CSN_19143
,-32.401458,-71.540955,0.1571,3.7,,CSN,CSN_19144
,-32.779569,-71.715115,26.8712,4.2,,CSN,CSN_19145
,-32.738456,-71.686607,7.466,3.1,,CSN,CSN_19146
,-32.663696,-71.561413,38.5166,3.0,,CSN,CSN_19149
,-32.73234,-71.543747,33.8174,3.0,,CSN,CSN_19150
,-32.658824,-71.794121,23.9156,4.9,,CSN,CSN_19151
,-32.637745,-71.662679,50.583,3.1,,CSN,CSN_19156
,-31.988854,-71.632477,2.5369,3.0,,CSN,CSN_19160
,-32.137398,-71.800482,14.5366,3.1,,CSN,CSN_19164
,-32.258834,-71.811862,11.5872,3.9,,CSN,CSN_19165
,-31.999027,-71.599545,56.914,3.2,,CSN,CSN_19166
,-32.51394,-71.791217,22.8227,4.1,,CSN,CSN_19167
,-32.733391,-71.579454,33.689,3.8,,CSN,CSN_19169
,-32.625373,-71.777388,53.3834,4.9,,CSN,CSN_19170
,-31.952898,-71.536556,61.7764,3.7,,CSN,CSN_19171
,-32.120579,-71.76209,19.1457,3.1,,CSN,CSN_19174
,-32.705721,-71.595314,31.6962,3.9,,CSN,CSN_19176
,-32.418647,-71.68873,27.4026,3.7,,CSN,CSN_19180
,-32.618569,-71.638989,9.8533,3.2,,CSN,CSN_19181
,-32.493031,-71.88335,21.4736,3.2,,CSN,CSN_19184
,-32.667769,-71.813631,14.6099,4.0,,CSN,CSN_19185
,-32.665984,-71.824516,20.0439,3.5,,CSN,CSN_19186
,-32.695008,-71.813053,26.1108,4.0,,CSN,CSN_19188
,-32.682972,-71.744746,27.9463,3.5,,CSN,CSN_19189
,-32.292584,-71.850723,22.5627,4.5,,CSN,CSN_19192
,-32.774989,-71.692238,29.9863,3.1,,CSN,CSN_19194
,-32.006597,-71.452842,42.7691,3.9,,CSN,CSN_19197
,-31.98005,-71.523099,34.6061,3.4,,CSN,CSN_19198
,-32.024309,-71.466454,33.6665,3.5,,CSN,CSN_19199
,-32.351874,-71.811698,23.9567,3.4,,CSN,CSN_19201
,-32.572599,-71.74104,25.0135,3.3,,CSN,CSN_19202
,-32.350893,-71.811603,23.3924,3.1,,CSN,CSN_19204
,-32.043993,-71.538219,63.1265,3.4,,CSN,CSN_19205
,-32.505665,-71.86229,27.0362,3.0,,CSN,CSN_19207
,-32.72222,-71.784793,19.2027,3.9,,CSN,CSN_19210
,-32.7391,-71.771936,24.0553,3.6,,CSN,CSN_19211
,-32.690849,-71.743273,31.2466,3.1,,CSN,CSN_19217
,-32.293019,-71.644989,27.7543,3.6,,CSN,CSN_19220
,-32.242344,-71.75768,37.216,3.1,,CSN,CSN_19223
,-32.207597,-71.844673,21.8313,3.6,,CSN,CSN_19224
,-32.637314,-71.815427,26.2261,3.3,,CSN,CSN_19225
,-32.629361,-71.821257,24.6789,3.9,,CSN,CSN_19226
,-32.392834,-71.803313,16.5261,3.6,,CSN,CSN_19227
,-32.223514,-71.745842,3.335,4.0,,CSN,CSN_19228
,-32.70434,-71.597371,30.6498,3.3,,CSN,CSN_19229
,-32.214899,-71.74081,3.9772,3.3,,CSN,CSN_19230
,-32.740015,-71.545107,35.9758,3.6,,CSN,CSN_19231
,-32.495918,-71.671636,26.8885,3.4,,CSN,CSN_19233
,-32.627334,-71.616408,31.5985,3.5,,CSN,CSN_19234
,-32.000513,-71.512566,32.7826,3.8,,CSN,CSN_19235
,-32.642512,-71.825482,22.9196,3.4,,CSN,CSN_19241
,-32.465094,-71.956051,23.9082,3.8,,CSN,CSN_19242
,-32.413231,-71.745925,0.9966,3.1,,CSN,CSN_19243
,-32.216741,-71.686818,41.8218,3.3,,CSN,CSN_19244
,-32.34184,-71.843747,18.6182,3.0,,CSN,CSN_19245
,-32.338093,-71.811098,11.8209,3.0,,CSN,CSN_19246
,-32.314526,-71.911703,19.7718,4.1,,CSN,CSN_19247
,-32.315665,-71.856406,6.0769,3.0,,CSN,CSN_19248
,-32.337791,-71.902158,13.7339,4.0,,CSN,CSN_19250
,-32.402333,-71.860155,2.0305,4.1,,CSN,CSN_19251
,-32.322404,-71.828467,4.1326,3.0,,CSN,CSN_19252
,-32.320422,-71.932641,17.2398,4.3,,CSN,CSN_19253
,-32.33245,-71.880682,8.4177,3.9,,CSN,CSN_19254
,-32.285487,-71.881137,23.0173,3.9,,CSN,CSN_19255
,-32.290175,-71.828686,1.39,3.6,,CSN,CSN_19256
,-32.32946,-71.849753,16.6967,3.3,,CSN,CSN_19257
,-32.331719,-71.877893,13.9401,4.2,,CSN,CSN_19258
,-32.34606,-71.864477,14.4123,3.8,,CSN,CSN_19259
,-32.267373,-71.942319,14.7009,3.4,,CSN,CSN_19260
,-32.483543,-71.927813,15.5401,4.0,,CSN,CSN_19261
,-32.355699,-71.868122,9.1357,3.4,,CSN,CSN_19262
,-32.375235,-71.864184,7.4001,3.5,,CSN,CSN_19263
,-32.325172,-71.878993,13.4586,4.6,,CSN,CSN_19264
,-32.356409,-71.823504,11.8799,3.4,,CSN,CSN_19265
,-32.298052,-71.889215,18.6469,4.1,,CSN,CSN_19266
,-32.261082,-71.903451,20.8197,4.0,,CSN,CSN_19267
,-32.254726,-71.915201,6.6339,3.0,,CSN,CSN_19268
,-32.182513,-71.881108,3.2247,3.2,,CSN,CSN_19269
,-32.337546,-71.899529,18.2744,3.0,,CSN,CSN_19270
,-32.084927,-71.825973,5.33,4.4,,CSN,CSN_19271
,-32.372939,-71.839786,16.9742,3.6,,CSN,CSN_19272
,-32.2802,-71.890454,1.4982,3.4,,CSN,CSN_19273
,-32.275982,-71.911978,2.5717,4.1,,CSN,CSN_19274
,-32.31797,-71.892347,16.8603,3.5,,CSN,CSN_19275
,-32.253289,-71.87964,19.2152,3.0,,CSN,CSN_19277
,-32.317567,-71.872522,14.093,3.7,,CSN,CSN_19278
,-32.398804,-71.799782,2.3551,3.2,,CSN,CSN_19279
,-32.123481,-71.872064,23.182,3.6,,CSN,CSN_19282
,-32.224453,-71.924362,14.2431,4.2,,CSN,CSN_19283
,-32.278508,-71.798372,3.8643,3.4,,CSN,CSN_19284
,-32.296624,-71.875812,21.9229,3.8,,CSN,CSN_19285
,-32.288195,-71.863966,22.1206,4.3,,CSN,CSN_19286
,-32.293533,-71.875518,21.0585,3.6,,CSN,CSN_19287
,-32.171496,-71.886111,5.544,4.1,,CSN,CSN_19288
,-32.134061,-71.892847,20.7884,3.7,,CSN,CSN_19289
,-32.155451,-71.915966,21.8271,4.6,,CSN,CSN_19290
,-32.191645,-71.860357,10.1924,4.5,,CSN,CSN_19291
,-32.671683,-71.789121,17.558,3.0,,CSN,CSN_19293
,-32.308804,-71.832697,19.146,3.4,,CSN,CSN_19294
,-32.241385,-71.817429,20.6105,3.0,,CSN,CSN_19295
,-32.626681,-71.577114,20.6073,4.0,,CSN,CSN_19296
,-32.045737,-71.874474,18.001,4.3,,CSN,CSN_19297
,-32.275644,-71.845662,9.7852,4.1,,CSN,CSN_19298
,-32.525773,-71.78309,25.8326,3.4,,CSN,CSN_19299
,-32.114687,-71.77637,15.9045,3.7,,CSN,CSN_19301
,-32.096112,-71.827642,17.747,4.2,,CSN,CSN_19302
,-32.134212,-71.788159,25.5814,3.0,,CSN,CSN_19303
,-32.121993,-71.793253,22.165,3.1,,CSN,CSN_19304
,-32.1143,-71.815844,18.8767,3.9,,CSN,CSN_19305
,-32.175819,-71.783385,10.2777,3.0,,CSN,CSN_19306
,-32.157812,-71.78837,22.5452,3.7,,CSN,CSN_19307
,-32.07509,-71.800901,25.3494,3.1,,CSN,CSN_19308
,-32.286278,-71.89898,9.321,3.2,,CSN,CSN_19309
,-32.078934,-71.806689,20.9832,3.4,,CSN,CSN_19310
,-32.131082,-71.82827,19.2444,4.0,,CSN,CSN_19312
,-32.170092,-71.670756,20.4848,3.0,,CSN,CSN_19313
,-32.112946,-71.797904,21.9955,4.1,,CSN,CSN_19315
,-32.680474,-71.784297,4.6999,3.3,,CSN,CSN_19316
,-32.486549,-71.958577,14.6931,3.2,,CSN,CSN_19319
,-32.351294,-71.891111,22.6876,3.3,,CSN,CSN_19320
,-32.467158,-71.895071,27.4065,3.4,,CSN,CSN_19321
,-32.649993,-71.700932,27.865,3.1,,CSN,CSN_19323
,-32.228841,-71.793985,20.9822,3.0,,CSN,CSN_19325
,-32.441004,-71.809027,23.7678,4.2,,CSN,CSN_19326
,-32.385509,-71.832456,21.416,3.3,,CSN,CSN_19327
,-32.138429,-71.808831,19.4951,3.0,,CSN,CSN_19330
,-32.756728,-71.819517,25.0855,3.5,,CSN,CSN_19331
,-32.771503,-71.748554,30.238,4.1,,CSN,CSN_19332
,-32.159528,-71.784336,3.5135,3.2,,CSN,CSN_19334
,-31.942256,-71.713315,28.4281,3.3,,CSN,CSN_19335
,-32.548355,-71.745668,23.5936,3.3,,CSN,CSN_19336
,-31.929313,-71.680169,26.8287,3.3,,CSN,CSN_19337
,-32.072701,-71.54146,36.6314,3.3,,CSN,CSN_19338
,-32.129104,-71.859359,8.3026,3.0,,CSN,CSN_19340
,-31.909932,-71.629208,24.0263,3.0,,CSN,CSN_19342
,-32.698473,-71.744261,26.4335,3.8,,CSN,CSN_19344
,-32.189486,-71.8677,4.9481,3.2,,CSN,CSN_19347
,-32.490695,-71.884942,22.4055,3.0,,CSN,CSN_19350
,-32.256591,-71.794002,22.9493,3.4,,CSN,CSN_19354
,-31.999232,-71.614166,41.482,3.8,,CSN,CSN_19357
,-32.667428,-71.825684,10.7545,3.0,,CSN,CSN_19363
,-32.262598,-71.718304,29.0693,3.7,,CSN,CSN_19364
,-32.810244,-71.752197,29.8278,3.8,,CSN,CSN_19366
,-32.158225,-71.768705,26.6513,3.4,,CSN,CSN_19367
,-32.675864,-71.816685,24.4144,3.3,,CSN,CSN_19370
,-32.68052,-71.820271,24.3376,3.8,,CSN,CSN_19371
,-32.60332,-71.832442,24.5149,3.4,,CSN,CSN_19373
,-32.097439,-71.859981,18.6113,3.6,,CSN,CSN_19375
,-32.142575,-71.831653,17.9289,3.3,,CSN,CSN_19376
,-32.362017,-71.846785,22.8924,3.6,,CSN,CSN_19377
,-32.291339,-71.937438,3.2079,3.0,,CSN,CSN_19378
,-31.994487,-71.727002,24.5623,3.1,,CSN,CSN_19382
,-32.160293,-71.827754,15.4659,3.1,,CSN,CSN_19385
,-32.207822,-71.83471,20.81,3.2,,CSN,CSN_19386
,-32.196272,-71.712155,16.1732,4.0,,CSN,CSN_19387
,-32.15995,-71.771844,24.4831,3.2,,CSN,CSN_19389
,-32.134055,-71.852844,18.3401,3.5,,CSN,CSN_19390
,-32.137719,-71.844466,19.13,3.0,,CSN,CSN_19391
,-32.738145,-71.843785,20.1397,3.4,,CSN,CSN_19392
,-32.739981,-71.835645,21.5844,3.3,,CSN,CSN_19393
,-32.382492,-71.818195,22.7347,3.2,,CSN,CSN_19394
,-31.965444,-71.570026,56.5988,3.4,,CSN,CSN_19396
,-32.675136,-71.647432,53.2246,3.1,,CSN,CSN_19397
,-32.378526,-71.709586,25.9169,3.3,,CSN,CSN_19399
,-32.635386,-71.862966,19.7625,5.1,,CSN,CSN_19402
,-32.670435,-71.832886,14.3114,3.9,,CSN,CSN_19405
,-32.751472,-71.750615,27.3965,3.1,,CSN,CSN_19406
,-32.148299,-71.945502,8.9599,3.2,,CSN,CSN_19409
,-32.148685,-71.849073,2.1774,3.2,,CSN,CSN_19410
,-32.160459,-71.883428,3.4443,3.0,,CSN,CSN_19412
,-32.114591,-71.87593,22.7432,4.3,,CSN,CSN_19413
,-32.116715,-71.836026,36.6443,4.0,,CSN,CSN_19415
,-32.250093,-71.712958,33.2984,3.4,,CSN,CSN_19416
,-31.978194,-71.637935,29.8619,3.3,,CSN,CSN_19417
,-32.05187,-71.514156,38.7129,3.4,,CSN,CSN_19420
,-32.20807,-71.874452,20.9684,3.7,,CSN,CSN_19424
,-32.287321,-71.710724,28.9868,3.5,,CSN,CSN_19432
,-32.105996,-71.818762,23.8995,3.1,,CSN,CSN_19437
,-32.603237,-71.737446,27.8678,4.0,,CSN,CSN_19442
,-32.288167,-71.694163,31.4082,4.5,,CSN,CSN_19443
,-32.236567,-71.687265,27.591,3.0,,CSN,CSN_19444
,-32.279998,-71.774298,3.1031,3.1,,CSN,CSN_19445
,-32.520385,-71.893679,21.0436,3.7,,CSN,CSN_19447
,-32.746166,-71.745557,25.2241,3.0,,CSN,CSN_19448
,-32.134535,-71.811367,22.5238,3.1,,CSN,CSN_19451
,-32.141228,-71.875511,22.0463,3.0,,CSN,CSN_19452
,-32.066713,-71.858528,20.4155,3.5,,CSN,CSN_19453
,-32.785338,-71.662558,28.2512,3.0,,CSN,CSN_19455
,-31.960047,-71.701324,25.5213,3.6,,CSN,CSN_19457
,-32.531005,-71.76192,20.4831,3.1,,CSN,CSN_19458
,-32.287032,-71.770441,22.6852,3.0,,CSN,CSN_19459
,-32.123452,-71.767501,13.7972,3.0,,CSN,CSN_19460
,-32.148314,-71.70364,9.0264,3.0,,CSN,CSN_19461
,-32.166967,-71.851078,22.4697,4.5,,CSN,CSN_19462
,-32.089403,-71.762048,7.2386,3.1,,CSN,CSN_19464
,-32.180916,-71.86235,14.9932,3.3,,CSN,CSN_19465
,-32.158126,-71.822615,9.2673,3.1,,CSN,CSN_19467
,-32.170757,-71.815888,10.5543,3.4,,CSN,CSN_19468
,-32.167708,-71.860065,21.9205,4.8,,CSN,CSN_19469
,-32.169476,-71.7537,11.9859,3.5,,CSN,CSN_19470
,-32.604461,-71.647726,28.7396,3.1,,CSN,CSN_19473
,-32.609154,-71.74191,18.0792,3.2,,CSN,CSN_19474
,-32.605635,-71.745706,17.1845,3.4,,CSN,CSN_19479
,-32.60687,-71.75063,21.1819,3.3,,CSN,CSN_19481
,-32.132113,-71.848008,12.9281,4.0,,CSN,CSN_19483
,-32.140303,-71.840235,9.4232,3.6,,CSN,CSN_19485
,-32.155188,-71.851615,15.3057,3.7,,CSN,CSN_19486
,-32.138689,-71.825685,22.8283,3.9,,CSN,CSN_19487
,-32.125527,-71.828835,18.5032,3.0,,CSN,CSN_19488
,-32.343464,-71.826868,23.7828,4.2,,CSN,CSN_19490
,-32.599573,-71.75089,16.507,4.0,,CSN,CSN_19496
,-32.764384,-71.543072,33.341,4.6,,CSN,CSN_19500
,-32.576726,-71.880476,21.5456,4.0,,CSN,CSN_19501
,-32.597021,-71.825263,24.1676,3.1,,CSN,CSN_19503
,-32.586736,-71.853212,22.0597,3.3,,CSN,CSN_19504
,-32.320807,-71.670498,53.6751,4.3,,CSN,CSN_19506
,-32.516086,-71.643752,55.17,3.2,,CSN,CSN_19512
,-32.242527,-71.681102,32.9465,3.6,,CSN,CSN_19514
,-32.077075,-71.790776,27.0044,3.4,,CSN,CSN_19517
,-32.016373,-71.448152,37.1895,3.1,,CSN,CSN_19518
,-32.112987,-71.778792,19.7733,4.0,,CSN,CSN_19520
,-32.286517,-71.8752,15.886,3.1,,CSN,CSN_19522
,-32.229898,-71.749971,28.7804,3.1,,CSN,CSN_19523
,-32.241188,-71.720066,31.9859,3.9,,CSN,CSN_19524
,-32.235717,-71.686149,32.3165,4.3,,CSN,CSN_19525
,-32.42682,-71.497532,17.4506,3.7,,CSN,CSN_19526
,-32.771412,-71.790045,1.1254,3.0,,CSN,CSN_19528
,-32.138707,-71.776305,25.4376,3.6,,CSN,CSN_19529
,-32.142196,-71.746892,9.0261,3.6,,CSN,CSN_19530
,-32.148383,-71.774888,19.233,3.2,,CSN,CSN_19531
,-31.998366,-71.523027,33.28,4.3,,CSN,CSN_19532
,-32.246597,-71.934133,19.0716,4.0,,CSN,CSN_19540
,-32.019228,-71.661767,34.855,4.0,,CSN,CSN_19541
,-32.020584,-71.633693,28.5636,4.0,,CSN,CSN_19542
,-32.007695,-71.663127,24.3547,3.0,,CSN,CSN_19543
,-32.01545,-71.647542,23.8576,3.1,,CSN,CSN_19544
,-32.688591,-71.625438,31.508,3.0,,CSN,CSN_19545
,-32.226938,-71.793491,23.0086,3.2,,CSN,CSN_19547
,-32.405001,-71.831888,23.0811,3.1,,CSN,CSN_19552
,-31.969702,-71.617034,28.933,3.0,,CSN,CSN_19558
,-32.710197,-71.544802,26.7759,3.5,,CSN,CSN_19560
,-32.703907,-71.784531,17.4927,3.0,,CSN,CSN_19561
,-32.349171,-71.610833,38.7773,3.7,,CSN,CSN_19564
,-32.704017,-71.783286,26.9121,4.8,,CSN,CSN_19571
,-32.672641,-71.78318,24.8857,3.0,,CSN,CSN_19573
,-32.256478,-71.729236,24.3685,3.1,,CSN,CSN_19576
,-32.009542,-71.634465,28.3112,3.7,,CSN,CSN_19583
,-32.011556,-71.649348,27.4949,3.4,,CSN,CSN_19585
,-31.966934,-71.532892,26.7727,4.5,,CSN,CSN_19586
,-32.47679,-71.848033,15.0637,3.2,,CSN,CSN_19587
,-32.384612,-71.729585,26.4063,4.1,,CSN,CSN_19588
,-32.794078,-71.746227,28.3472,3.5,,CSN,CSN_19591
,-32.653396,-71.804467,25.3818,3.1,,CSN,CSN_19593
,-32.478897,-71.630032,56.7007,3.7,,CSN,CSN_19595
,-32.785616,-71.669958,28.9254,4.1,,CSN,CSN_19602
,-32.62908,-71.547738,34.3007,3.1,,CSN,CSN_19603
,-31.94741,-71.692671,31.1922,3.1,,CSN,CSN_19608
,-32.751788,-71.712414,28.7433,3.2,,CSN,CSN_19609
,-32.152723,-71.924982,15.9631,3.8,,CSN,CSN_19610
,-32.02062,-71.623161,41.1537,3.1,,CSN,CSN_19611
,-32.696331,-71.717368,28.5069,3.0,,CSN,CSN_19612
,-32.319804,-71.815789,13.7546,3.1,,CSN,CSN_19613
,-31.976253,-71.631088,13.6393,3.4,,CSN,CSN_19614
,-32.710053,-71.725947,28.3069,3.3,,CSN,CSN_19618
,-32.015349,-71.479,36.2853,3.0,,CSN,CSN_19621
,-32.013429,-71.607754,33.3531,3.6,,CSN,CSN_19623
,-32.156642,-71.85682,7.4448,3.3,,CSN,CSN_19625
,-32.157742,-71.868633,13.4689,3.9,,CSN,CSN_19626
,-31.982808,-71.627154,28.9998,3.4,,CSN,CSN_19628
,-32.243708,-71.787882,25.3374,3.1,,CSN,CSN_19629
,-32.713903,-71.746941,29.3298,3.1,,CSN,CSN_19634
,-32.610766,-71.589444,26.1521,4.0,,CSN,CSN_19636
,-32.070021,-71.806871,25.2013,4.0,,CSN,CSN_19637
,-32.213905,-71.765266,28.5319,3.9,,CSN,CSN_19638
,-32.164803,-71.775847,26.534,3.6,,CSN,CSN_19645
,-32.437572,-71.513788,26.8637,3.1,,CSN,CSN_19647
,-32.428239,-71.494057,28.7345,3.0,,CSN,CSN_19648
,-32.162492,-71.81993,1.0432,3.9,,CSN,CSN_19649
,-32.651916,-71.766965,27.8101,3.1,,CSN,CSN_19653
,-32.359367,-71.8421,20.004,3.0,,CSN,CSN_19654
,-32.580397,-71.585668,24.5757,3.8,,CSN,CSN_19658
,-32.234188,-71.786505,24.0473,3.3,,CSN,CSN_19659
,-32.005825,-71.663406,29.6305,3.0,,CSN,CSN_19660
,-32.349386,-71.837404,20.306,3.1,,CSN,CSN_19665
,-32.017458,-71.637298,29.8003,3.1,,CSN,CSN_19666
,-32.163125,-71.922309,20.9719,3.5,,CSN,CSN_19671
,-32.17185,-71.841308,4.7475,3.0,,CSN,CSN_19674
,-32.257133,-71.772112,25.2695,3.0,,CSN,CSN_19677
,-32.505149,-71.722158,28.4258,3.2,,CSN,CSN_19678
,-32.137135,-71.771497,11.6544,4.1,,CSN,CSN_19679
,-31.968155,-71.505837,37.1757,3.6,,CSN,CSN_19681
,-32.014187,-71.644367,27.6894,3.0,,CSN,CSN_19683
,-31.9689,-71.603483,29.2283,3.1,,CSN,CSN_19688
,-32.199587,-71.80073,24.5634,3.6,,CSN,CSN_19691
,-32.37915,-71.833862,21.9909,3.4,,CSN,CSN_19695
,-32.151215,-71.687971,3.9158,3.3,,CSN,CSN_19696
,-32.152865,-71.856173,29.4074,4.7,,CSN,CSN_19698
,-32.152084,-71.871825,15.7293,3.8,,CSN,CSN_19699
,-32.148679,-71.790192,3.3134,3.9,,CSN,CSN_19700
,-32.590078,-71.755007,28.2347,3.2,,CSN,CSN_19702
,-32.224779,-71.705825,4.8491,3.3,,CSN,CSN_19706
,-31.95387,-71.645552,28.144,3.8,,CSN,CSN_19711
,-32.422475,-71.675066,29.3701,3.0,,CSN,CSN_19713
,-32.568945,-71.744989,28.1734,3.2,,CSN,CSN_19717
,-32.61061,-71.645989,33.0499,3.3,,CSN,CSN_19719
,-32.144379,-71.741073,30.6932,3.3,,CSN,CSN_19720
,-32.498216,-71.87096,22.7943,3.3,,CSN,CSN_19725
,-32.428907,-71.561691,44.5754,3.7,,CSN,CSN_19726
,-32.123218,-71.724251,23.2837,3.0,,CSN,CSN_19731
,-31.982586,-71.717041,27.7017,3.0,,CSN,CSN_19735
,-32.093331,-71.582641,31.7853,3.2,,CSN,CSN_19736
,-31.997046,-71.644375,27.7753,4.1,,CSN,CSN_19737
,-31.919895,-71.594874,28.9094,3.2,,CSN,CSN_19738
,-32.280019,-71.78124,24.9552,3.6,,CSN,CSN_19743
,-32.206723,-71.81624,23.47,3.1,,CSN,CSN_19745
,-32.397624,-71.838021,20.4042,3.1,,CSN,CSN_19746
,-32.52439,-71.770996,25.0312,3.3,,CSN,CSN_19747
,-32.352301,-71.84262,21.6227,3.2,,CSN,CSN_19749
,-32.262687,-71.801683,24.8771,3.2,,CSN,CSN_19754
,-31.98315,-71.698616,19.648,3.0,,CSN,CSN_19757
,-32.128422,-71.724386,16.9346,3.5,,CSN,CSN_19758
,-32.739401,-71.741837,26.715,3.2,,CSN,CSN_19764
,-32.170528,-71.813021,10.7299,3.1,,CSN,CSN_19766
,-32.116509,-71.684527,28.7531,3.4,,CSN,CSN_19773
,-32.348354,-71.844011,20.0777,3.4,,CSN,CSN_19777
,-32.424748,-71.703421,30.1128,4.8,,CSN,CSN_19780
,-32.44852,-71.671898,28.5867,3.0,,CSN,CSN_19781
,-31.98848,-71.66876,29.6863,3.0,,CSN,CSN_19782
,-32.16939,-71.759026,27.1393,3.2,,CSN,CSN_19783
,-32.158558,-71.91633,20.4929,4.0,,CSN,CSN_19784
,-32.168021,-71.885504,21.533,4.0,,CSN,CSN_19785
,-32.152496,-71.894109,5.1361,3.5,,CSN,CSN_19790
,-32.678047,-71.788082,26.32,3.0,,CSN,CSN_19792
,-32.488076,-71.568852,59.056,3.0,,CSN,CSN_19793
,-32.563364,-71.751744,27.1568,3.1,,CSN,CSN_19795
,-32.300266,-71.892709,18.756,3.1,,CSN,CSN_19796
,-32.262619,-71.750126,26.6349,3.6,,CSN,CSN_19799
,-32.265479,-71.77422,23.3913,3.4,,CSN,CSN_19800
,-32.365961,-71.856277,21.3193,3.3,,CSN,CSN_19801
,-31.981113,-71.677433,27.8005,3.3,,CSN,CSN_19802
,-32.071104,-71.905269,6.8048,4.0,,CSN,CSN_19804
,-32.090129,-71.702125,4.999,3.0,,CSN,CSN_19808
,-32.123287,-71.838498,21.8554,3.1,,CSN,CSN_19809
,-32.633229,-71.789444,26.3357,3.3,,CSN,CSN_19811
,-32.625734,-71.614559,33.1251,3.3,,CSN,CSN_19816
,-32.814762,-71.973985,22.0422,3.9,,CSN,CSN_19817
,-32.442359,-71.790005,16.8257,3.0,,CSN,CSN_19818
,-32.200867,-71.751168,24.8994,3.0,,CSN,CSN_19821
,-32.041707,-71.507595,37.8291,3.2,,CSN,CSN_19824
,-32.682849,-71.82221,17.8316,3.3,,CSN,CSN_19825
,-32.710714,-71.709718,25.5504,3.1,,CSN,CSN_19828
,-31.996394,-71.623931,27.4251,4.7,,CSN,CSN_19829
,-31.939057,-71.565797,62.0273,4.0,,CSN,CSN_19831
,-31.996556,-71.617551,31.0833,3.0,,CSN,CSN_19833
,-32.532137,-71.847701,22.7275,3.2,,CSN,CSN_19834
,-32.677932,-71.829217,18.2123,3.2,,CSN,CSN_19838
,-32.152821,-71.886349,16.7563,4.1,,CSN,CSN_19843
,-31.972201,-71.630178,27.5066,3.0,,CSN,CSN_19844
,-31.972821,-71.500787,35.0125,3.2,,CSN,CSN_19845
,-32.598064,-71.590851,34.4724,3.4,,CSN,CSN_19850
,-32.519479,-71.725489,30.0081,3.2,,CSN,CSN_19851
,-32.226307,-71.864292,21.5545,3.7,,CSN,CSN_19852
,-32.032628,-71.637154,38.7292,3.2,,CSN,CSN_19858
,-32.117723,-71.869913,25.9324,4.7,,CSN,CSN_19859
,-32.105455,-71.874211,24.7166,3.6,,CSN,CSN_19860
,-32.803569,-71.901878,17.9085,3.2,,CSN,CSN_19861
,-32.271462,-71.949586,17.8102,3.3,,CSN,CSN_19864
,-32.526311,-71.72861,28.9595,4.0,,CSN,CSN_19867
,-32.481605,-71.895407,22.1416,3.7,,CSN,CSN_19869
,-32.493098,-71.900666,22.4868,3.2,,CSN,CSN_19870
,-32.816989,-71.779688,26.8514,3.1,,CSN,CSN_19871
,-32.048317,-71.681181,27.1826,3.1,,CSN,CSN_19875
,-32.501093,-71.872285,24.0081,3.8,,CSN,CSN_19876
,-32.52424,-71.722946,29.8019,3.6,,CSN,CSN_19877
,-32.677717,-71.852295,20.9345,3.2,,CSN,CSN_19879
,-32.703379,-71.736105,32.1934,3.0,,CSN,CSN_19880
,-31.985294,-71.63588,29.0282,3.0,,CSN,CSN_19882
,-32.788941,-71.785181,28.1045,3.9,,CSN,CSN_19883
,-32.213281,-71.836888,30.3604,3.2,,CSN,CSN_19884
,-32.225403,-71.837321,5.2937,3.1,,CSN,CSN_19887
,-32.216269,-71.76542,1.2323,3.0,,CSN,CSN_19888
,-32.780563,-71.734842,31.6806,3.2,,CSN,CSN_19892
,-32.706836,-71.799613,30.7108,4.0,,CSN,CSN_19894
,-32.289382,-71.710717,30.0231,3.2,,CSN,CSN_19895
,-31.918252,-71.65273,25.2784,3.2,,CSN,CSN_19902
,-32.550389,-71.718939,20.7498,3.2,,CSN,CSN_19903
,-32.635976,-71.782885,26.8736,3.4,,CSN,CSN_19909
,-32.425251,-71.697262,30.8058,3.4,,CSN,CSN_19912
,-32.577989,-71.659139,52.2597,3.0,,CSN,CSN_19917
,-32.08691,-71.831738,13.451,3.1,,CSN,CSN_19918
,-32.135719,-71.776334,6.0841,3.2,,CSN,CSN_19922
,-32.498995,-71.498884,39.9484,3.1,,CSN,CSN_19924
,-32.601804,-71.574211,27.0985,3.9,,CSN,CSN_19927
,-32.224607,-71.835077,4.7991,3.1,,CSN,CSN_19929
,-32.271636,-71.888993,13.2961,3.1,,CSN,CSN_19931
,-32.614344,-71.53741,25.3856,3.0,,CSN,CSN_19935
,-32.643638,-71.863636,22.5893,3.4,,CSN,CSN_19936
,-32.00015,-71.610889,28.117,3.0,,CSN,CSN_19938
,-32.021738,-71.615995,34.7311,3.1,,CSN,CSN_19940
,-32.149949,-71.89251,17.6142,3.4,,CSN,CSN_19944
,-32.004455,-71.652029,23.5171,3.0,,CSN,CSN_19948
,-32.520528,-71.862331,10.93,3.3,,CSN,CSN_19951
,-32.423983,-71.734454,20.9778,3.4,,CSN,CSN_19952
,-32.082949,-71.82777,10.9357,3.1,,CSN,CSN_19953
,-32.536055,-71.92518,36.0808,3.1,,CSN,CSN_19955
,-32.25074,-71.685714,8.0054,3.0,,CSN,CSN_19956
,-32.250439,-71.719548,7.4177,3.2,,CSN,CSN_19957
,-32.24203,-71.630727,52.8155,3.0,,CSN,CSN_19958
,-32.511691,-71.730999,26.8545,3.2,,CSN,CSN_19961
,-32.712563,-71.540294,31.8623,3.2,,CSN,CSN_19966
,-31.934221,-71.607679,32.013,3.1,,CSN,CSN_19968
,-32.496795,-71.735192,19.9777,4.0,,CSN,CSN_19969
,-32.487449,-71.746655,17.2332,3.0,,CSN,CSN_19971
,-32.520945,-71.865441,17.4708,3.0,,CSN,CSN_19981
,-31.964772,-71.545989,27.0176,3.3,,CSN,CSN_19982
,-32.007063,-71.625165,32.1887,3.0,,CSN,CSN_19983
,-32.105777,-71.618757,31.5662,3.7,,CSN,CSN_19987
,-32.357085,-71.476888,47.0977,3.1,,CSN,CSN_19997
,-32.11733,-71.844727,19.6324,4.3,,CSN,CSN_20000
,-32.652821,-71.596479,59.0525,3.8,,CSN,CSN_20004
,-32.654696,-71.604346,30.2398,4.0,,CSN,CSN_20006
,-32.699357,-71.795228,23.7738,3.8,,CSN,CSN_20013
,-32.712155,-71.802165,26.8552,3.3,,CSN,CSN_20014
,-32.296705,-71.795139,17.9753,4.2,,CSN,CSN_20015
,-32.285967,-71.766956,10.144,3.3,,CSN,CSN_20016
,-32.290354,-71.798549,22.222,3.3,,CSN,CSN_20018
,-32.005024,-71.554904,29.9611,4.3,,CSN,CSN_20020
,-32.123493,-71.81324,23.4113,4.4,,CSN,CSN_20021
,-32.148901,-71.822863,20.5923,3.5,,CSN,CSN_20022
,-32.302172,-71.756399,30.7271,3.0,,CSN,CSN_20023
,-32.336153,-71.713379,0.6942,3.1,,CSN,CSN_20024
,-32.287749,-71.78753,11.7828,3.7,,CSN,CSN_20025
,-32.309455,-71.833616,22.3846,3.8,,CSN,CSN_20026
,-32.484964,-71.733171,27.6507,4.4,,CSN,CSN_20034
,-31.997057,-71.653759,14.3972,4.1,,CSN,CSN_20039
,-32.701766,-71.691233,24.1013,4.4,,CSN,CSN_20040
,-32.286364,-71.813554,18.7356,3.6,,CSN,CSN_20043
,-32.708404,-71.780695,27.1663,3.1,,CSN,CSN_20052
,-32.336195,-71.819205,14.2225,4.1,,CSN,CSN_20064
,-32.217262,-71.799842,24.3602,3.0,,CSN,CSN_20068
,-32.009095,-71.670344,27.8915,3.2,,CSN,CSN_20078
,-32.797051,-71.764899,26.1349,3.4,,CSN,CSN_20079
,-32.093185,-71.779507,14.1988,3.0,,CSN,CSN_20081
,-32.132037,-71.696952,26.2536,3.3,,CSN,CSN_20083
,-32.712613,-71.803898,15.3005,3.9,,CSN,CSN_20089
,-32.115386,-71.729231,12.515,3.4,,CSN,CSN_20090
,-32.005614,-71.602361,20.3684,3.5,,CSN,CSN_20091
,-32.14983,-71.732363,21.3644,4.0,,CSN,CSN_20092
,-32.688109,-71.676467,25.5885,4.0,,CSN,CSN_20105
,-32.34782,-71.831592,22.8888,3.0,,CSN,CSN_20108
,-32.354808,-71.842862,16.6547,3.7,,CSN,CSN_20109
,-32.782871,-71.574753,29.4297,3.2,,CSN,CSN_20112
,-32.183286,-71.890155,19.3631,3.7,,CSN,CSN_20116
,-32.153173,-71.873645,7.9472,3.4,,CSN,CSN_20117
,-32.107569,-71.728894,21.3833,3.4,,CSN,CSN_20120
,-32.549822,-71.639009,60.2775,3.4,,CSN,CSN_20121
,-32.492073,-71.548916,63.0359,4.0,,CSN,CSN_20124
,-32.633831,-71.680153,50.114,3.1,,CSN,CSN_20125
,-32.008606,-71.670958,28.4211,3.5,,CSN,CSN_20130
,-32.747053,-71.865038,25.8195,4.5,,CSN,CSN_20131
,-32.771856,-71.824579,24.3711,3.6,,CSN,CSN_20133
,-32.768802,-71.856738,23.8705,3.3,,CSN,CSN_20135
,-32.014219,-71.703107,25.2043,3.2,,CSN,CSN_20138
,-32.003784,-71.698838,49.4588,3.0,,CSN,CSN_20141
,-32.333697,-71.785011,23.0003,3.4,,CSN,CSN_20143
,-32.474076,-71.879329,24.5483,3.0,,CSN,CSN_20149
,-32.126024,-71.703125,18.5252,3.3,,CSN,CSN_20150
,-32.151139,-71.630736,11.4954,3.2,,CSN,CSN_20151
,-32.512005,-71.913699,23.0033,3.7,,CSN,CSN_20159
,-32.505441,-71.92027,22.2059,3.7,,CSN,CSN_20160
,-32.522141,-71.823153,2.7008,3.9,,CSN,CSN_20161
,-32.199548,-71.797069,19.8105,3.3,,CSN,CSN_20162
,-32.583661,-71.809079,2.1715,3.0,,CSN,CSN_20164
,-32.139102,-71.748386,15.1973,3.0,,CSN,CSN_20166
,-32.014992,-71.661818,26.9169,3.2,,CSN,CSN_20172
,-32.142287,-71.826984,23.1125,4.6,,CSN,CSN_20173
,-32.137582,-71.813578,23.2672,3.0,,CSN,CSN_20176
,-32.184115,-71.828501,23.4198,3.7,,CSN,CSN_20181
,-32.72602,-71.752427,18.5429,3.8,,CSN,CSN_20185
,-32.243151,-71.790712,23.2761,3.1,,CSN,CSN_20186
,-32.133123,-71.756774,24.2848,3.5,,CSN,CSN_20190
,-32.266195,-71.803327,20.5892,3.1,,CSN,CSN_20194
,-32.609677,-71.67713,28.2429,4.3,,CSN,CSN_20195
,-32.002503,-71.614636,54.0797,3.6,,CSN,CSN_20197
,-32.104787,-71.705545,24.4818,3.1,,CSN,CSN_20198
,-32.229293,-71.777101,24.5917,3.2,,CSN,CSN_20202
,-32.650952,-71.747141,25.3043,3.1,,CSN,CSN_20204
,-32.522701,-71.832806,19.7469,3.9,,CSN,CSN_20206
,-32.171614,-71.827573,12.4893,3.1,,CSN,CSN_20209
,-32.023175,-71.67169,50.1381,3.5,,CSN,CSN_20212
,-32.080967,-71.83095,15.432,3.0,,CSN,CSN_20214
,-32.095293,-71.609283,54.3514,3.2,,CSN,CSN_20216
,-32.231982,-71.784523,23.6436,3.9,,CSN,CSN_20218
,-32.832325,-71.838112,27.961,3.1,,CSN,CSN_20226
,-32.507624,-71.744358,29.0545,3.2,,CSN,CSN_20229
,-32.254176,-71.697815,29.6758,3.6,,CSN,CSN_20231
,-32.657795,-71.556303,28.5244,3.2,,CSN,CSN_20233
,-32.716992,-71.7817,25.6487,3.1,,CSN,CSN_20234
,-32.40072,-71.823577,20.0522,3.2,,CSN,CSN_20235
,-32.492346,-71.594233,32.6477,3.5,,CSN,CSN_20244
,-32.585431,-71.759439,27.0246,3.3,,CSN,CSN_20251
,-32.244948,-71.698318,28.6117,3.5,,CSN,CSN_20252
,-32.509147,-71.606316,25.3616,4.5,,CSN,CSN_20255
,-32.518755,-71.593066,24.6371,4.1,,CSN,CSN_20256
,-32.597084,-71.857929,25.0104,3.0,,CSN,CSN_20259
,-32.291982,-71.839762,21.4276,3.6,,CSN,CSN_20260
,-32.159248,-71.722867,22.2717,3.1,,CSN,CSN_20264
,-32.706096,-71.805372,19.0604,3.2,,CSN,CSN_20268
,-32.693283,-71.814743,23.9299,3.0,,CSN,CSN_20269
,-32.538459,-71.710671,30.3793,3.7,,CSN,CSN_20273
,-32.012457,-71.629412,26.9823,3.7,,CSN,CSN_20280
,-32.010635,-71.628494,28.44,3.5,,CSN,CSN_20281
,-32.008462,-71.666176,27.1995,3.0,,CSN,CSN_20282
,-32.768452,-71.610798,33.2044,3.2,,CSN,CSN_20283
,-32.262758,-71.782647,25.4243,3.5,,CSN,CSN_20284
,-32.275441,-71.773123,19.7796,3.3,,CSN,CSN_20285
,-32.194232,-71.881003,16.7013,3.3,,CSN,CSN_20287
,-32.798476,-71.766439,26.6883,3.1,,CSN,CSN_20299
,-32.236105,-71.765711,29.8033,3.2,,CSN,CSN_20301
,-32.000147,-71.664414,15.9529,3.6,,CSN,CSN_20304
,-32.736375,-71.688119,29.5184,3.1,,CSN,CSN_20306
,-32.789765,-71.808633,27.5384,3.7,,CSN,CSN_20312
,-31.973331,-71.626317,29.896,3.1,,CSN,CSN_20317
,-32.751347,-71.893462,20.5187,3.0,,CSN,CSN_20328
,-32.338492,-71.853335,12.9071,3.1,,CSN,CSN_20330
,-32.533712,-71.816004,24.2332,3.2,,CSN,CSN_20334
,-32.31608,-71.837911,12.4899,3.1,,CSN,CSN_20335
,-32.303433,-71.828343,23.0207,3.0,,CSN,CSN_20336
,-32.30079,-71.742857,2.961,3.0,,CSN,CSN_20337
,-32.296596,-71.836052,8.8988,3.2,,CSN,CSN_20340
,-32.793559,-71.853636,14.7286,3.1,,CSN,CSN_20342
,-32.000931,-71.677759,26.0893,3.2,,CSN,CSN_20343
,-32.700443,-71.660237,31.2575,3.0,,CSN,CSN_20348
,-32.005615,-71.619016,30.4233,3.7,,CSN,CSN_20351
,-32.112223,-71.783121,13.7581,3.0,,CSN,CSN_20357
,-32.099151,-71.873514,21.3946,3.9,,CSN,CSN_20358
,-32.095896,-71.89061,19.9273,3.5,,CSN,CSN_20360
,-32.382974,-71.842856,20.4309,3.0,,CSN,CSN_20361
,-32.385434,-71.844834,22.3006,3.1,,CSN,CSN_20362
,-32.045139,-71.514147,37.7541,3.0,,CSN,CSN_20363
,-32.262166,-71.818391,16.338,3.2,,CSN,CSN_20365
,-32.26448,-71.738904,26.5815,3.8,,CSN,CSN_20367
,-32.479174,-71.857489,21.9472,3.5,,CSN,CSN_20371
,-32.124851,-71.919381,19.5227,3.9,,CSN,CSN_20374
,-32.134902,-71.885859,18.0924,4.1,,CSN,CSN_20375
,-32.120314,-71.895293,10.0424,3.0,,CSN,CSN_20376
,-32.12812,-71.849751,3.8355,3.0,,CSN,CSN_20378
,-32.639231,-71.776172,28.0528,3.7,,CSN,CSN_20379
,-32.49028,-71.735079,26.548,3.4,,CSN,CSN_20380
,-32.631827,-71.615386,56.3639,4.1,,CSN,CSN_20383
,-32.83085,-71.756878,27.8218,3.1,,CSN,CSN_20389
,-32.834288,-71.715058,22.9495,3.0,,CSN,CSN_20391
,-32.256707,-71.744614,0.9549,3.0,,CSN,CSN_20393
,-32.274365,-71.868168,16.7258,3.0,,CSN,CSN_20394
,-32.580095,-71.614363,30.2134,3.2,,CSN,CSN_20409
,-32.77896,-71.742632,7.8092,3.2,,CSN,CSN_20411
,-32.497443,-71.85809,43.4039,3.9,,CSN,CSN_20416
,-32.394855,-71.810739,23.7649,3.5,,CSN,CSN_20419
,-32.607289,-71.768047,22.7861,3.0,,CSN,CSN_20420
,-32.598334,-71.802034,25.8179,3.1,,CSN,CSN_20421
,-31.991512,-71.596144,61.8846,4.3,,CSN,CSN_20424
,-32.054797,-71.629253,29.419,4.3,,CSN,CSN_20425
,-32.011903,-71.55209,27.9154,3.0,,CSN,CSN_20426
,-32.131743,-71.581613,28.6014,3.7,,CSN,CSN_20428
,-32.613615,-71.877751,24.1215,3.1,,CSN,CSN_20434
,-31.959631,-71.646895,29.4741,4.0,,CSN,CSN_20438
,-32.24173,-71.750361,24.0457,3.2,,CSN,CSN_20440
,-32.427478,-71.75274,28.293,3.9,,CSN,CSN_20444
,-32.204362,-71.90898,33.7742,4.8,,CSN,CSN_20446
,-31.988588,-71.639442,29.8853,3.2,,CSN,CSN_20447
,-32.598752,-71.775967,25.9654,4.2,,CSN,CSN_20449
,-32.531201,-71.754659,26.4164,3.2,,CSN,CSN_20455
,-32.271462,-71.669722,4.922,3.0,,CSN,CSN_20457
,-32.624986,-71.61685,32.8509,3.2,,CSN,CSN_20459
,-31.959465,-71.671012,46.439,3.0,,CSN,CSN_20461
,-32.50074,-71.791802,26.8772,3.4,,CSN,CSN_20466
,-32.445631,-71.55215,34.7126,3.0,,CSN,CSN_20467
,-31.997079,-71.647657,22.2207,3.2,,CSN,CSN_20468
,-32.310563,-71.870662,6.8307,3.6,,CSN,CSN_20472
,-32.360371,-71.639901,54.4379,3.0,,CSN,CSN_20473
,-32.140936,-71.718679,28.3715,4.4,,CSN,CSN_20478
,-32.132124,-71.801536,20.9948,3.3,,CSN,CSN_20480
,-32.138054,-71.748414,13.1708,3.3,,CSN,CSN_20481
,-32.140836,-71.73828,13.705,3.2,,CSN,CSN_20483
,-32.151749,-71.726586,9.2471,3.3,,CSN,CSN_20485
,-32.141702,-71.748051,24.2584,3.3,,CSN,CSN_20486
,-32.153983,-71.751678,28.4603,4.6,,CSN,CSN_20487
,-32.085936,-71.694644,19.5824,3.0,,CSN,CSN_20490
,-32.046231,-71.439115,48.3294,3.5,,CSN,CSN_20491
,-32.756784,-71.534619,18.4439,3.5,,CSN,CSN_20494
,-32.56216,-71.546374,26.0793,3.1,,CSN,CSN_20498
,-31.942582,-71.56398,33.9779,3.3,,CSN,CSN_20501
,-32.381423,-71.805296,21.8926,3.8,,CSN,CSN_20504
,-32.024664,-71.640676,28.0617,3.2,,CSN,CSN_20510
,-32.048179,-71.522505,38.2721,3.2,,CSN,CSN_20513
,-32.717771,-71.626027,31.7773,3.0,,CSN,CSN_20515
,-31.952646,-71.575234,37.8929,3.0,,CSN,CSN_20516
,-32.007198,-71.590482,34.2441,3.5,,CSN,CSN_20527
,-32.010854,-71.571891,28.6735,3.0,,CSN,CSN_20528
,-32.041566,-71.665606,57.8449,3.2,,CSN,CSN_20531
,-31.971682,-71.522092,31.8676,3.8,,CSN,CSN_20533
,-32.312754,-71.798507,23.725,3.5,,CSN,CSN_20534
,-32.504232,-71.723066,27.5445,3.2,,CSN,CSN_20541
,-32.480202,-71.864402,22.8576,3.4,,CSN,CSN_20542
,-32.54319,-71.854433,7.8765,4.0,,CSN,CSN_20543
,-32.341496,-71.857904,19.8636,3.5,,CSN,CSN_20544
,-32.007314,-71.630551,28.5538,3.3,,CSN,CSN_20546
,-32.675008,-71.76403,27.8469,3.7,,CSN,CSN_20549
,-32.651897,-71.812998,22.4112,3.8,,CSN,CSN_20550
,-32.040361,-71.691266,58.5256,3.2,,CSN,CSN_20553
,-32.245376,-71.756055,26.6301,3.3,,CSN,CSN_20558
,-32.432431,-71.585747,57.3184,3.8,,CSN,CSN_20559
,-32.302129,-71.801869,14.5414,3.5,,CSN,CSN_20560
,-32.285067,-71.825735,21.8373,4.0,,CSN,CSN_20561
,-31.999424,-71.611012,31.6048,3.6,,CSN,CSN_20565
,-32.750263,-71.778527,26.4621,3.3,,CSN,CSN_20568
,-32.647376,-71.764657,26.0971,3.1,,CSN,CSN_20570
,-32.146306,-71.890309,22.0463,3.0,,CSN,CSN_20575
,-32.547547,-71.559924,56.104,4.3,,CSN,CSN_20576
,-32.088051,-71.786519,25.8614,3.1,,CSN,CSN_20581
,-32.209394,-71.834305,17.7974,3.2,,CSN,CSN_20584
,-31.951189,-71.650989,57.2885,3.0,,CSN,CSN_20585
,-32.607718,-71.659792,31.5131,3.4,,CSN,CSN_20586
,-32.757257,-71.7661,29.6563,3.0,,CSN,CSN_20587
,-32.53987,-71.567778,57.4167,3.5,,CSN,CSN_20591
,-32.089706,-71.758169,22.7739,3.0,,CSN,CSN_20599
,-32.088149,-71.802977,26.5304,3.4,,CSN,CSN_20600
,-32.052485,-71.87868,13.6856,3.6,,CSN,CSN_20602
,-31.959253,-71.583452,30.2647,3.2,,CSN,CSN_20603
,-32.120245,-71.749259,17.446,3.4,,CSN,CSN_20607
,-32.077886,-71.568119,38.5193,3.1,,CSN,CSN_20608
,-32.400329,-71.592205,55.5407,3.5,,CSN,CSN_20612
,-32.735894,-71.771417,26.6285,3.1,,CSN,CSN_20615
,-32.281376,-71.810519,21.9552,3.0,,CSN,CSN_20618
,-32.741208,-71.763853,29.1426,4.6,,CSN,CSN_20620
,-32.732761,-71.756477,29.3426,3.0,,CSN,CSN_20621
,-32.751543,-71.761196,27.8498,4.2,,CSN,CSN_20623
,-32.349272,-71.780762,45.6269,3.4,,CSN,CSN_20626
,-32.260803,-71.787652,24.8372,3.5,,CSN,CSN_20627
,-32.134952,-71.770452,26.9856,3.7,,CSN,CSN_20628
,-32.157067,-71.842993,3.0429,3.3,,CSN,CSN_20630
,-32.628883,-71.623295,32.1981,3.7,,CSN,CSN_20632
,-32.081775,-71.867169,21.3959,3.2,,CSN,CSN_20633
,-32.617199,-71.619359,29.2911,3.0,,CSN,CSN_20640
,-32.204861,-71.657562,40.5825,3.0,,CSN,CSN_20641
,-32.387749,-71.565921,48.665,3.3,,CSN,CSN_20642
,-31.983479,-71.615726,29.4758,3.2,,CSN,CSN_20643
,-32.126038,-71.765794,24.6792,3.5,,CSN,CSN_20644
,-32.744491,-71.599665,30.7326,3.3,,CSN,CSN_20650
,-32.406852,-71.587418,47.2471,3.3,,CSN,CSN_20651
,-32.493752,-71.740627,27.8547,3.1,,CSN,CSN_20652
,-31.952231,-71.670832,28.277,3.2,,CSN,CSN_20655
,-32.759008,-71.71726,24.2791,3.3,,CSN,CSN_20661
,-32.63848,-71.602712,32.7427,3.1,,CSN,CSN_20663
,-32.27897,-71.71412,19.5017,3.4,,CSN,CSN_20666
,-32.092335,-71.73148,18.9992,3.0,,CSN,CSN_20668
,-32.262524,-71.747667,28.4116,3.8,,CSN,CSN_20670
,-32.091669,-71.659197,28.7189,3.3,,CSN,CSN_20672
,-32.189712,-71.778738,21.9986,3.1,,CSN,CSN_20674
,-32.291371,-71.766473,23.4768,3.1,,CSN,CSN_20675
,-31.991561,-71.666246,25.2643,3.0,,CSN,CSN_20680
,-32.416101,-71.834652,13.2478,3.0,,CSN,CSN_20683
,-32.42566,-71.63164,41.4684,3.4,,CSN,CSN_20686
,-32.352481,-71.851567,14.5539,3.2,,CSN,CSN_20687
,-32.331928,-71.862722,19.3439,3.1,,CSN,CSN_20688
,-32.208814,-71.837849,27.709,3.7,,CSN,CSN_20692
,-32.228015,-71.868658,22.4564,3.4,,CSN,CSN_20693
,-32.519849,-71.570234,44.031,3.3,,CSN,CSN_20694
,-32.411377,-71.703495,28.225,3.2,,CSN,CSN_20697
,-32.23534,-71.705576,21.9424,3.2,,CSN,CSN_20700
,-32.141106,-71.829225,24.6373,3.1,,CSN,CSN_20701
,-32.54342,-71.55739,26.3522,3.1,,CSN,CSN_20702
,-32.449501,-71.868285,36.3896,4.5,,CSN,CSN_20705
,-32.090237,-71.771334,10.0386,3.1,,CSN,CSN_20710
,-31.987306,-71.619189,26.5861,3.0,,CSN,CSN_20711
,-32.049377,-71.792904,14.9727,3.0,,CSN,CSN_20716
,-31.995677,-71.647162,25.673,3.0,,CSN,CSN_20725
,-32.129122,-71.880175,18.3494,3.0,,CSN,CSN_20726
,-32.295116,-71.856304,16.6465,3.4,,CSN,CSN_20733
,-32.274793,-71.802541,21.2091,3.2,,CSN,CSN_20734
,-32.293356,-71.737791,24.8552,3.5,,CSN,CSN_20735
,-32.157729,-71.748582,27.8092,3.1,,CSN,CSN_20736
,-32.13643,-71.749537,24.784,3.2,,CSN,CSN_20737
,-32.119204,-71.562297,33.9285,3.0,,CSN,CSN_20738
,-32.601003,-71.563908,28.5526,3.0,,CSN,CSN_20743
,-32.080038,-71.783127,22.1549,3.2,,CSN,CSN_20747
,-32.144169,-71.819557,23.9866,3.8,,CSN,CSN_20748
,-31.977861,-71.597738,30.0183,3.0,,CSN,CSN_20757
,-32.063752,-71.758164,12.2524,3.0,,CSN,CSN_20759
,-32.806738,-71.78094,25.703,3.9,,CSN,CSN_20764
,-32.274626,-71.726715,24.2029,4.1,,CSN,CSN_20768
,-32.237438,-71.675834,32.218,5.2,,CSN,CSN_20769
,-32.241125,-71.709667,27.3541,3.0,,CSN,CSN_20771
,-32.244961,-71.704866,29.2156,3.8,,CSN,CSN_20773
,-32.563021,-71.906261,21.8414,3.0,,CSN,CSN_20775
,-32.01521,-71.619157,32.6587,3.2,,CSN,CSN_20777
,-32.247703,-71.686652,26.2257,3.1,,CSN,CSN_20778
,-32.461565,-71.903168,19.267,3.0,,CSN,CSN_20780
,-32.011351,-71.48969,35.9959,3.0,,CSN,CSN_20781
,-32.48924,-71.516192,45.418,3.7,,CSN,CSN_20784
,-31.576768,-71.468171,39.6588,3.5,,CSN,CSN_20789
,-31.58341,-71.513646,35.3934,3.6,,CSN,CSN_20790
,-31.510132,-71.506304,62.8284,3.0,,CSN,CSN_20798
,-31.514577,-71.47052,51.748,3.0,,CSN,CSN_20799
,-31.575016,-71.442253,63.1787,3.1,,CSN,CSN_20802
,-31.550391,-71.449506,5.9783,3.2,,CSN,CSN_20806
,-31.596763,-71.441702,15.2312,3.0,,CSN,CSN_20808
,-31.584449,-71.465735,50.8726,4.4,,CSN,CSN_20810
,-31.538393,-71.511021,38.2832,3.7,,CSN,CSN_20811
,-31.608941,-71.468204,44.8093,3.5,,CSN,CSN_20812
,-31.537737,-71.501674,28.7932,3.8,,CSN,CSN_20813
,-31.534639,-71.509255,27.6061,3.8,,CSN,CSN_20814
,-31.586852,-71.456024,33.163,4.1,,CSN,CSN_20815
,-31.578439,-71.493254,3.1041,3.1,,CSN,CSN_20816
,-31.472417,-71.492452,35.7272,3.0,,CSN,CSN_20817
,-31.52752,-71.45976,37.8405,4.0,,CSN,CSN_20820
,-31.554743,-71.513853,33.1277,3.7,,CSN,CSN_20822
,-31.469403,-71.489357,35.9365,3.3,,CSN,CSN_20823
,-31.570682,-71.46645,44.542,3.5,,CSN,CSN_20824
,-31.575606,-71.464181,37.8609,3.9,,CSN,CSN_20825
,-31.554359,-71.483507,37.1641,3.3,,CSN,CSN_20827
,-31.54617,-71.524549,32.5234,3.4,,CSN,CSN_20828
,-31.529444,-71.471856,27.8032,3.6,,CSN,CSN_20829
,-31.592936,-71.444077,30.1983,4.0,,CSN,CSN_20830
,-31.532322,-71.511143,33.6071,3.6,,CSN,CSN_20831
,-31.54801,-71.515683,34.6044,3.1,,CSN,CSN_20833
,-31.588514,-71.46305,39.2793,3.0,,CSN,CSN_20834
,-31.581433,-71.466199,36.3144,3.2,,CSN,CSN_20837
,-31.542146,-71.477754,36.0771,3.9,,CSN,CSN_20838
,-31.546371,-71.479231,38.0143,4.0,,CSN,CSN_20839
,-31.463563,-71.483044,44.0214,3.4,,CSN,CSN_20841
,-31.575879,-71.4539,45.2759,3.3,,CSN,CSN_20842
,-31.492932,-71.461279,44.3568,3.3,,CSN,CSN_20843
,-31.575861,-71.472732,41.9226,3.8,,CSN,CSN_20845
,-31.514916,-71.484956,44.9377,3.5,,CSN,CSN_20848
,-31.475194,-71.490801,45.1889,3.2,,CSN,CSN_20849
,-31.590916,-71.443932,43.2415,4.1,,CSN,CSN_20850
,-31.532403,-71.46628,47.1665,4.7,,CSN,CSN_20852
,-31.588434,-71.449917,42.8038,3.5,,CSN,CSN_20853
,-31.596016,-71.447069,43.2304,4.7,,CSN,CSN_20854
,-31.590619,-71.461992,39.3278,3.0,,CSN,CSN_20855
,-31.613152,-71.467039,40.3097,3.3,,CSN,CSN_20858
,-31.486256,-71.482536,41.9055,4.1,,CSN,CSN_20860
,-31.541326,-71.463624,45.0877,3.2,,CSN,CSN_20861
,-31.57541,-71.493292,38.938,3.0,,CSN,CSN_20862
,-31.494313,-71.456214,60.8854,3.5,,CSN,CSN_20864
,-31.550367,-71.514368,40.0982,3.1,,CSN,CSN_20867
,-31.568941,-71.510431,49.6725,3.1,,CSN,CSN_20868
,-31.585991,-71.442265,48.4751,3.7,,CSN,CSN_20869
,-31.528434,-71.455159,46.5758,3.5,,CSN,CSN_20870
,-31.513695,-71.481303,50.3438,3.1,,CSN,CSN_20871
,-31.589176,-71.447177,43.7269,4.0,,CSN,CSN_20872
,-31.56337,-71.493562,44.3611,3.7,,CSN,CSN_20873
,-31.546252,-71.486621,47.1166,3.4,,CSN,CSN_20876
,-31.582979,-71.491895,64.18,3.2,,CSN,CSN_20877
,-31.543033,-71.472839,40.2261,3.4,,CSN,CSN_20878
,-31.561686,-71.5013,38.4,3.6,,CSN,CSN_20879
,-31.598419,-71.437291,41.5674,4.7,,CSN,CSN_20880
,-31.540426,-71.48068,43.8208,4.4,,CSN,CSN_20884
,-31.59478,-71.45685,39.406,3.0,,CSN,CSN_20886
,-31.548135,-71.505888,41.3537,3.1,,CSN,CSN_20887
,-30.045835,-71.549995,39.143,3.4,,CSN,CSN_20889
,-30.176634,-71.598688,32.0463,3.1,,CSN,CSN_20890
,-30.093965,-71.541579,36.3562,3.0,,CSN,CSN_20891
,-30.08961,-71.54746,33.3343,3.7,,CSN,CSN_20892
,-30.176475,-71.557716,2.1968,3.6,,CSN,CSN_20893
,-30.05726,-71.653248,20.3817,3.9,,CSN,CSN_20896
,-30.051881,-71.60167,30.7336,3.8,,CSN,CSN_20902
,-30.079408,-71.599919,33.0284,3.8,,CSN,CSN_20903
,-30.0488,-71.647018,31.9695,4.9,,CSN,CSN_20904
,-30.014077,-71.636264,48.2987,3.0,,CSN,CSN_20905
,-30.028557,-71.634825,31.1891,3.4,,CSN,CSN_20911
,-30.062267,-71.671623,32.4408,3.4,,CSN,CSN_20912
,-30.01606,-71.627254,55.2098,4.9,,CSN,CSN_20915
,-30.061918,-71.632372,62.4373,4.9,,CSN,CSN_20916
,-30.166123,-71.567824,27.2311,3.1,,CSN,CSN_20917
,-30.131657,-71.584274,41.4828,4.4,,CSN,CSN_20918
,-30.037263,-71.560608,18.1351,3.5,,CSN,CSN_20919
,-30.122432,-71.538539,13.9246,4.3,,CSN,CSN_20920
,-30.099416,-71.533158,38.6867,4.2,,CSN,CSN_20921
,-30.106989,-71.587691,46.6697,4.1,,CSN,CSN_20922
,-30.034826,-71.593841,34.1399,4.3,,CSN,CSN_20927
,-30.065059,-71.618041,36.2144,4.3,,CSN,CSN_20928
,-30.106758,-71.595788,27.3132,3.5,,CSN,CSN_20931
,-30.07803,-71.555379,35.4909,4.7,,CSN,CSN_20933
,-30.078632,-71.565945,31.2612,3.9,,CSN,CSN_20934
,-30.135719,-71.595706,33.1787,4.0,,CSN,CSN_20936
,-30.126209,-71.560892,23.9201,4.0,,CSN,CSN_20937
,-30.062241,-71.590337,37.6561,3.3,,CSN,CSN_20939
,-30.064392,-71.581198,36.6255,3.5,,CSN,CSN_20940
,-30.124514,-71.65114,26.1716,3.9,,CSN,CSN_20941
,-30.004206,-71.632556,12.5556,3.9,,CSN,CSN_20942
,-30.037202,-71.624272,25.7061,3.0,,CSN,CSN_20943
,-30.088839,-71.534588,42.4445,3.6,,CSN,CSN_20944
,-30.035429,-71.636443,11.0084,4.7,,CSN,CSN_20945
,-30.083042,-71.658636,11.0636,4.7,,CSN,CSN_20946
,-30.074769,-71.58708,0.5492,3.5,,CSN,CSN_20947
,-30.108855,-71.600414,0.4494,3.5,,CSN,CSN_20948
,-30.111909,-71.620294,18.2853,3.2,,CSN,CSN_20949
,-30.166049,-71.622284,29.161,3.5,,CSN,CSN_20950
,-30.052761,-71.57782,0.5525,3.7,,CSN,CSN_20951
,-30.076122,-71.59615,0.5274,3.7,,CSN,CSN_20952
,-30.131104,-71.549514,31.3135,4.3,,CSN,CSN_20953
,-30.064122,-71.612146,30.9663,3.3,,CSN,CSN_20956
,-30.039551,-71.576279,32.4788,3.3,,CSN,CSN_20957
,-30.05372,-71.634885,19.9085,3.5,,CSN,CSN_20960
,-30.089925,-71.578841,31.7816,3.0,,CSN,CSN_20961
,-30.084362,-71.523757,33.9325,3.0,,CSN,CSN_20962
,-30.066945,-71.55223,32.4524,3.0,,CSN,CSN_20963
,-30.101031,-71.585019,29.1643,3.0,,CSN,CSN_20964
,-30.055319,-71.606416,32.8371,5.6,,CSN,CSN_20965
,-30.066142,-71.542,36.3697,5.6,,CSN,CSN_20966
,-30.065571,-71.558859,37.7676,5.5,,CSN,CSN_20967
,-30.073113,-71.524023,37.4269,5.5,,CSN,CSN_20968
,-30.109044,-71.528566,32.6161,3.6,,CSN,CSN_20969
,-30.153593,-71.550812,32.1741,3.6,,CSN,CSN_20970
,-30.1467,-71.544464,17.1734,3.0,,CSN,CSN_20971
,-30.109243,-71.537726,10.4555,4.5,,CSN,CSN_20972
,-30.047097,-71.663811,28.012,3.5,,CSN,CSN_20977
,-30.072082,-71.675552,30.2928,3.5,,CSN,CSN_20978
,-30.041107,-71.668798,26.6539,3.9,,CSN,CSN_20979
,-30.110813,-71.653293,19.4651,3.3,,CSN,CSN_20980
,-30.074216,-71.605278,29.6001,3.3,,CSN,CSN_20981
,-30.114549,-71.578245,32.5032,3.0,,CSN,CSN_20982
,-30.150444,-71.614007,22.0891,3.0,,CSN,CSN_20983
,-30.063102,-71.628176,28.5388,3.5,,CSN,CSN_20984
,-30.098872,-71.639641,16.4749,3.5,,CSN,CSN_20985
,-30.077028,-71.64537,30.82,3.7,,CSN,CSN_20986
,-30.024738,-71.642276,19.6641,3.5,,CSN,CSN_20989
,-30.073337,-71.639127,13.0167,3.5,,CSN,CSN_20990
,-30.079896,-71.595392,27.6597,3.3,,CSN,CSN_20994
,-30.128417,-71.621362,28.1625,3.3,,CSN,CSN_20995
,-30.173252,-71.601124,31.5915,3.1,,CSN,CSN_20996
,-30.084862,-71.633668,30.0256,3.2,,CSN,CSN_20998
,-30.045751,-71.604203,31.9782,3.2,,CSN,CSN_20999
,-30.117402,-71.578317,15.1966,3.2,,CSN,CSN_21000
,-30.018419,-71.662113,29.1138,3.4,,CSN,CSN_21001
,-30.07899,-71.534525,35.2811,3.0,,CSN,CSN_21002
,-30.028069,-71.663264,27.3056,4.4,,CSN,CSN_21005
,-30.078913,-71.579496,32.9034,3.1,,CSN,CSN_21007
,-30.136259,-71.608811,32.4406,3.1,,CSN,CSN_21008
,-30.10815,-71.558163,26.7681,3.4,,CSN,CSN_21012
,-30.087175,-71.518207,33.8341,3.4,,CSN,CSN_21013
,-30.024669,-71.651778,29.0482,3.6,,CSN,CSN_21018
,-30.026395,-71.679193,28.0669,4.4,,CSN,CSN_21019
,-30.115422,-71.608584,29.7332,3.2,,CSN,CSN_21024
,-30.088317,-71.569033,32.7023,3.2,,CSN,CSN_21025
,-30.038332,-71.675312,24.9575,3.3,,CSN,CSN_21030
,-30.085435,-71.553856,33.1776,3.6,,CSN,CSN_21031
,-30.044811,-71.590645,28.4241,3.3,,CSN,CSN_21032
,-30.07878,-71.603831,18.4357,3.0,,CSN,CSN_21033
,-30.104348,-71.541535,27.0358,3.9,,CSN,CSN_21034
,-30.034709,-71.661469,26.7461,3.1,,CSN,CSN_21039
,-30.078672,-71.600565,22.9648,3.6,,CSN,CSN_21041
,-30.047302,-71.540112,35.1126,3.6,,CSN,CSN_21042
,-30.113291,-71.598677,25.9456,4.7,,CSN,CSN_21043
,-30.103547,-71.567107,28.4816,4.7,,CSN,CSN_21044
,-30.044788,-71.575968,32.8239,3.2,,CSN,CSN_21045
,-30.137343,-71.5968,31.3366,3.5,,CSN,CSN_21046
,-30.077059,-71.535879,31.2297,3.0,,CSN,CSN_21047
,-30.121666,-71.562531,29.7618,3.0,,CSN,CSN_21048
,-30.076174,-71.541976,30.4418,3.2,,CSN,CSN_21051
,-30.116925,-71.571837,27.6346,3.2,,CSN,CSN_21052
,-30.069711,-71.668098,24.0714,4.0,,CSN,CSN_21059
,-30.02546,-71.645852,27.2058,4.0,,CSN,CSN_21060
,-30.053977,-71.590611,31.1794,3.2,,CSN,CSN_21066
,-30.096024,-71.618816,23.6315,3.2,,CSN,CSN_21067
,-30.120661,-71.579451,38.9339,3.9,,CSN,CSN_21068
,-30.125268,-71.524521,38.4134,3.9,,CSN,CSN_21069
,-30.095375,-71.543842,32.3441,3.4,,CSN,CSN_21074
,-30.146588,-71.578443,31.6752,3.4,,CSN,CSN_21075
,-30.074609,-71.523348,35.9041,3.4,,CSN,CSN_21076
,-30.061339,-71.565206,31.5161,3.3,,CSN,CSN_21077
,-30.101813,-71.573538,10.3084,3.3,,CSN,CSN_21078
,-30.040921,-71.605159,29.7804,3.3,,CSN,CSN_21079
,-30.10108,-71.613761,29.1558,3.3,,CSN,CSN_21080
,-30.033908,-71.663714,24.5561,3.8,,CSN,CSN_21081
,-30.168563,-71.572978,31.9552,3.7,,CSN,CSN_21083
,-30.0817,-71.647184,25.9782,3.0,,CSN,CSN_21089
,-30.073152,-71.603294,27.5543,3.0,,CSN,CSN_21095
,-30.098855,-71.614878,26.46,3.8,,CSN,CSN_21098
,-30.046158,-71.674915,24.8625,4.3,,CSN,CSN_21104
,-30.07199,-71.594723,10.7331,3.9,,CSN,CSN_21105
,-30.070813,-71.666774,38.4285,3.2,,CSN,CSN_21109
,-30.060026,-71.574708,24.428,3.6,,CSN,CSN_21110
,-30.137565,-71.607687,29.3643,3.0,,CSN,CSN_21111
,-30.026661,-71.556424,39.8988,3.5,,CSN,CSN_21113
,-31.257405,-71.786345,14.5518,4.6,,CSN,CSN_21114
,-31.272384,-71.750474,56.5806,3.6,,CSN,CSN_21117
,-31.125279,-71.70199,7.5043,3.7,,CSN,CSN_21122
,-31.105293,-71.749169,28.3064,3.5,,CSN,CSN_21130
,-31.261237,-71.771067,10.828,3.0,,CSN,CSN_21135
,-31.187852,-71.736391,29.6913,3.8,,CSN,CSN_21136
,-31.258894,-71.731169,7.6711,3.0,,CSN,CSN_21138
,-31.266902,-71.761864,22.9216,4.3,,CSN,CSN_21139
,-31.202542,-71.720505,54.7106,3.1,,CSN,CSN_21142
,-31.20878,-71.775844,17.8456,4.0,,CSN,CSN_21143
,-31.20326,-71.743687,32.7902,3.3,,CSN,CSN_21144
,-31.264945,-71.746082,18.8327,3.9,,CSN,CSN_21145
,-31.258165,-71.763916,23.6621,3.0,,CSN,CSN_21146
,-31.226629,-71.735876,33.7554,3.9,,CSN,CSN_21147
,-31.089437,-71.742119,11.8201,4.0,,CSN,CSN_21149
,-31.094925,-71.757569,22.4468,4.0,,CSN,CSN_21150
,-31.105504,-71.763758,20.594,3.2,,CSN,CSN_21151
,-31.081483,-71.746263,26.1011,3.0,,CSN,CSN_21152
,-31.181549,-71.720921,11.1876,3.4,,CSN,CSN_21154
,-31.080487,-71.718182,10.0205,3.4,,CSN,CSN_21155
,-31.091047,-71.753745,23.2825,3.5,,CSN,CSN_21156
,-31.172058,-71.69257,12.8589,6.5,,CSN,CSN_21157
,-31.122374,-71.700744,1.5342,4.6,,CSN,CSN_21158
,-31.258754,-71.79616,1.5315,4.8,,CSN,CSN_21159
,-31.099284,-71.749622,14.9587,4.5,,CSN,CSN_21160
,-31.113873,-71.760902,21.0409,3.9,,CSN,CSN_21161
,-31.262178,-71.760188,27.3512,4.4,,CSN,CSN_21162
,-31.268496,-71.786186,10.4248,3.7,,CSN,CSN_21163
,-31.237686,-71.80235,20.9362,3.7,,CSN,CSN_21164
,-31.239945,-71.79585,23.5167,3.9,,CSN,CSN_21165
,-31.112867,-71.721489,1.4159,3.6,,CSN,CSN_21166
,-31.119842,-71.701827,7.0036,3.5,,CSN,CSN_21167
,-31.110287,-71.71737,7.1938,4.2,,CSN,CSN_21168
,-31.104287,-71.727975,23.9548,4.0,,CSN,CSN_21169
,-31.093382,-71.718815,26.9234,3.3,,CSN,CSN_21170
,-31.262798,-71.786517,13.8629,4.9,,CSN,CSN_21171
,-31.176188,-71.727016,23.8876,4.0,,CSN,CSN_21172
,-31.096334,-71.729485,9.7275,3.0,,CSN,CSN_21173
,-31.154924,-71.743102,24.9833,3.6,,CSN,CSN_21174
,-31.24459,-71.713069,17.6744,3.6,,CSN,CSN_21175
,-31.241222,-71.738485,22.5683,3.1,,CSN,CSN_21176
,-31.157529,-71.740567,25.1087,3.8,,CSN,CSN_21177
,-31.223651,-71.734235,22.0693,3.1,,CSN,CSN_21178
,-31.178996,-71.73624,21.3501,3.4,,CSN,CSN_21179
,-31.145116,-71.719916,29.5008,3.0,,CSN,CSN_21180
,-31.173607,-71.694823,31.8802,4.2,,CSN,CSN_21181
,-31.188224,-71.696962,26.2631,3.5,,CSN,CSN_21182
,-31.205221,-71.763451,21.7717,3.7,,CSN,CSN_21183
,-31.221668,-71.751645,17.0098,3.6,,CSN,CSN_21184
,-31.183152,-71.706733,19.4371,3.9,,CSN,CSN_21185
,-31.26521,-71.778073,22.7974,3.5,,CSN,CSN_21186
,-31.16455,-71.732046,32.5353,4.0,,CSN,CSN_21187
,-31.282142,-71.75315,24.5109,3.8,,CSN,CSN_21188
,-31.141347,-71.691264,28.0805,4.3,,CSN,CSN_21189
,-31.135035,-71.721879,33.0195,3.5,,CSN,CSN_21190
,-31.238439,-71.742127,24.8994,4.1,,CSN,CSN_21191
,-31.243821,-71.734574,23.7452,4.0,,CSN,CSN_21192
,-31.103838,-71.761659,4.4485,3.0,,CSN,CSN_21193
,-31.102715,-71.705144,19.7219,3.0,,CSN,CSN_21195
,-31.112216,-71.712939,24.7839,3.2,,CSN,CSN_21196
,-31.167623,-71.724964,26.6257,3.3,,CSN,CSN_21197
,-31.205662,-71.764315,12.0371,3.1,,CSN,CSN_21198
,-31.236896,-71.797364,20.9928,3.7,,CSN,CSN_21199
,-31.229865,-71.775746,22.2003,3.7,,CSN,CSN_21200
,-31.178234,-71.70977,25.8103,3.1,,CSN,CSN_21202
,-31.145199,-71.711359,28.1032,3.6,,CSN,CSN_21204
,-31.200734,-71.758547,23.2737,3.2,,CSN,CSN_21205
,-31.145888,-71.714384,24.6801,3.4,,CSN,CSN_21206
,-31.234161,-71.701782,27.7029,3.9,,CSN,CSN_21207
,-31.21516,-71.765887,23.6016,3.3,,CSN,CSN_21212
,-31.253015,-71.804054,23.7699,4.0,,CSN,CSN_21213
,-31.257544,-71.784287,12.1809,3.3,,CSN,CSN_21214
,-31.181016,-71.725026,21.5597,3.0,,CSN,CSN_21215
,-31.262728,-71.791743,24.1397,3.4,,CSN,CSN_21216
,-31.182747,-71.716941,24.9908,3.2,,CSN,CSN_21217
,-31.129847,-71.731954,24.3909,3.4,,CSN,CSN_21221
,-31.269078,-71.765312,26.16,3.7,,CSN,CSN_21223
,-31.21527,-71.760133,17.1148,3.1,,CSN,CSN_21224
,-31.174368,-71.717808,23.8882,3.7,,CSN,CSN_21231
,-31.139608,-71.700436,29.638,3.5,,CSN,CSN_21232
,-31.236647,-71.734359,27.096,3.3,,CSN,CSN_21239
,-31.225373,-71.740118,56.4746,4.0,,CSN,CSN_21240
,-30.311295,-71.59484,33.68,3.0,,CSN,CSN_21241
,-30.326316,-71.60568,43.7254,4.2,,CSN,CSN_21243
,-30.389399,-71.671174,27.7629,3.6,,CSN,CSN_21249
,-30.463467,-71.598802,36.6812,3.6,,CSN,CSN_21251
,-30.453342,-71.643033,30.3882,3.7,,CSN,CSN_21258
,-30.454003,-71.614246,32.0692,3.2,,CSN,CSN_21259
,-30.435742,-71.619521,35.6604,4.0,,CSN,CSN_21260
,-30.409425,-71.579888,34.136,3.7,,CSN,CSN_21261
,-30.447202,-71.61978,35.777,4.0,,CSN,CSN_21264
,-30.404967,-71.593487,39.7081,3.8,,CSN,CSN_21265
,-30.433141,-71.586111,42.0547,4.5,,CSN,CSN_21266
,-30.431887,-71.662505,26.0096,3.7,,CSN,CSN_21268
,-30.29829,-71.61661,19.5837,3.3,,CSN,CSN_21269
,-30.318945,-71.546527,27.0969,3.1,,CSN,CSN_21271
,-30.459693,-71.595844,35.0182,3.7,,CSN,CSN_21272
,-30.458351,-71.604636,35.2358,4.2,,CSN,CSN_21273
,-30.428785,-71.66175,20.8632,3.9,,CSN,CSN_21274
,-30.475258,-71.605111,37.7827,3.4,,CSN,CSN_21275
,-30.481799,-71.601569,34.6083,4.6,,CSN,CSN_21276
,-30.320474,-71.63022,10.3366,3.9,,CSN,CSN_21277
,-30.475218,-71.622318,28.7047,3.0,,CSN,CSN_21278
,-30.503561,-71.611843,27.2034,3.0,,CSN,CSN_21279
,-30.452879,-71.639554,36.991,3.3,,CSN,CSN_21280
,-30.48941,-71.62395,40.0974,3.3,,CSN,CSN_21281
,-30.490307,-71.623017,31.7889,4.1,,CSN,CSN_21282
,-30.498135,-71.650057,32.366,3.2,,CSN,CSN_21283
,-30.468506,-71.670298,44.2094,3.8,,CSN,CSN_21284
,-30.453336,-71.609057,36.8825,3.4,,CSN,CSN_21285
,-30.366225,-71.60842,20.5583,3.4,,CSN,CSN_21286
,-30.426297,-71.674683,15.5486,3.0,,CSN,CSN_21287
,-30.334827,-71.620363,20.0466,3.5,,CSN,CSN_21288
,-30.4559,-71.699968,18.1275,3.0,,CSN,CSN_21289
,-30.318418,-71.585059,31.0753,3.9,,CSN,CSN_21291
,-30.452381,-71.63943,24.0287,3.0,,CSN,CSN_21292
,-30.311727,-71.605438,28.8145,3.4,,CSN,CSN_21293
,-30.415062,-71.565925,35.0376,4.7,,CSN,CSN_21294
,-30.495295,-71.610898,34.339,5.3,,CSN,CSN_21295
,-30.332716,-71.562061,34.5005,3.2,,CSN,CSN_21297
,-30.454649,-71.671898,28.4736,3.1,,CSN,CSN_21299
,-30.36736,-71.519088,44.5734,5.5,,CSN,CSN_21301
,-30.427597,-71.602614,32.2753,3.2,,CSN,CSN_21302
,-30.423832,-71.633474,30.5526,4.2,,CSN,CSN_21303
,-30.412994,-71.586336,33.0284,3.2,,CSN,CSN_21304
,-30.385409,-71.604356,23.141,3.8,,CSN,CSN_21306
,-30.465464,-71.605019,38.5007,3.7,,CSN,CSN_21308
,-30.467256,-71.69197,63.0992,4.4,,CSN,CSN_21309
,-30.495538,-71.626596,35.3586,3.0,,CSN,CSN_21310
,-30.334606,-71.645327,11.8304,3.3,,CSN,CSN_21312
,-30.424285,-71.650256,36.6538,3.2,,CSN,CSN_21314
,-30.411436,-71.558826,25.8653,3.8,,CSN,CSN_21315
,-30.370161,-71.57913,10.9788,3.2,,CSN,CSN_21316
,-30.37264,-71.519805,20.0147,3.3,,CSN,CSN_21317
,-30.433961,-71.643365,27.4503,3.5,,CSN,CSN_21318
,-30.486212,-71.611466,36.1225,3.9,,CSN,CSN_21319
,-30.407685,-71.581551,-0.0868,3.6,,CSN,CSN_21320
,-30.353035,-71.523458,45.6211,3.2,,CSN,CSN_21321
,-30.367297,-71.524911,34.3873,4.0,,CSN,CSN_21323
,-30.474145,-71.576269,36.3823,3.2,,CSN,CSN_21324
,-30.413312,-71.553689,49.6847,4.1,,CSN,CSN_21325
,-30.447737,-71.684092,31.217,3.3,,CSN,CSN_21326
,-30.425647,-71.622749,26.6137,3.6,,CSN,CSN_21327
,-30.432931,-71.667649,28.4791,3.6,,CSN,CSN_21328
,-30.375444,-71.602446,35.3437,6.5,,CSN,CSN_21329
,-30.459534,-71.574089,30.3076,3.6,,CSN,CSN_21330
,-30.399707,-71.616914,50.2459,4.2,,CSN,CSN_21331
,-30.437232,-71.63518,33.2718,4.2,,CSN,CSN_21332
,-30.426526,-71.625131,31.9024,3.0,,CSN,CSN_21333
,-30.429021,-71.612964,12.2559,3.5,,CSN,CSN_21334
,-30.467004,-71.630271,34.2599,3.7,,CSN,CSN_21335
,-30.48587,-71.615501,28.1242,3.7,,CSN,CSN_21336
,-30.500309,-71.607704,24.6469,3.7,,CSN,CSN_21337
,-30.449486,-71.628907,24.9062,3.4,,CSN,CSN_21338
,-30.451195,-71.57092,26.2056,3.4,,CSN,CSN_21339
,-30.442024,-71.572987,32.6575,3.0,,CSN,CSN_21340
,-30.392731,-71.670815,23.9146,3.7,,CSN,CSN_21341
,-30.417197,-71.623373,22.4711,3.9,,CSN,CSN_21342
,-30.441154,-71.584195,35.0465,3.7,,CSN,CSN_21343
,-30.405069,-71.574314,33.6182,3.9,,CSN,CSN_21344
,-30.41051,-71.66208,36.2079,4.0,,CSN,CSN_21345
,-30.425456,-71.657062,32.0404,4.0,,CSN,CSN_21346
,-30.436939,-71.623723,33.0167,3.7,,CSN,CSN_21347
,-30.465797,-71.573561,54.1301,3.8,,CSN,CSN_21348
,-30.448614,-71.67984,5.1131,3.7,,CSN,CSN_21349
,-30.441895,-71.674001,15.9922,3.7,,CSN,CSN_21350
,-30.407458,-71.577844,8.1228,3.2,,CSN,CSN_21352
,-30.429807,-71.558963,0.9836,3.2,,CSN,CSN_21353
,-30.410229,-71.579766,10.762,3.2,,CSN,CSN_21354
,-30.421167,-71.559775,20.554,3.4,,CSN,CSN_21355
,-30.45377,-71.617177,34.406,3.7,,CSN,CSN_21356
,-30.391258,-71.665004,22.1658,3.1,,CSN,CSN_21357
,-30.349256,-71.589319,20.5808,3.2,,CSN,CSN_21358
,-30.312196,-71.578359,31.7316,4.5,,CSN,CSN_21359
,-30.420249,-71.600473,24.0211,3.1,,CSN,CSN_21361
,-30.307677,-71.60815,20.3112,4.8,,CSN,CSN_21362
,-30.308823,-71.617263,25.3755,4.2,,CSN,CSN_21363
,-30.331893,-71.561169,12.7579,3.5,,CSN,CSN_21365
,-30.473568,-71.669362,27.6885,3.8,,CSN,CSN_21366
,-30.445939,-71.648445,27.2846,3.7,,CSN,CSN_21367
,-30.421681,-71.606023,17.3745,4.6,,CSN,CSN_21368
,-30.481672,-71.647624,25.5231,3.6,,CSN,CSN_21369
,-30.461157,-71.628464,28.9948,4.0,,CSN,CSN_21370
,-30.309046,-71.551393,35.0125,4.3,,CSN,CSN_21371
,-30.488455,-71.621812,24.8451,4.0,,CSN,CSN_21372
,-30.468202,-71.628,18.7847,3.2,,CSN,CSN_21373
,-30.477274,-71.678673,28.0997,4.2,,CSN,CSN_21374
,-30.319323,-71.560633,37.5801,3.9,,CSN,CSN_21375
,-30.450423,-71.681551,26.1916,4.2,,CSN,CSN_21376
,-30.453272,-71.629952,27.9752,4.0,,CSN,CSN_21377
,-30.396377,-71.575193,1.493,4.5,,CSN,CSN_21378
,-30.434671,-71.637171,27.092,4.1,,CSN,CSN_21379
,-30.362423,-71.581167,20.4309,3.8,,CSN,CSN_21380
,-30.356014,-71.655339,27.1962,3.8,,CSN,CSN_21381
,-30.369284,-71.63147,30.4181,3.5,,CSN,CSN_21382
,-30.504194,-71.647196,29.6126,3.7,,CSN,CSN_21383
,-30.420902,-71.650747,22.6209,3.4,,CSN,CSN_21384
,-30.42456,-71.564076,17.2891,4.0,,CSN,CSN_21385
,-30.349074,-71.655181,33.3133,4.0,,CSN,CSN_21386
,-30.47601,-71.619688,30.6956,4.8,,CSN,CSN_21387
,-30.326431,-71.581244,-0.0431,4.2,,CSN,CSN_21388
,-30.415332,-71.689467,19.1359,3.6,,CSN,CSN_21389
,-30.487494,-71.654827,30.4996,4.1,,CSN,CSN_21390
,-30.293952,-71.604423,29.6136,3.8,,CSN,CSN_21391
,-30.449775,-71.635019,36.3151,3.7,,CSN,CSN_21392
,-30.384387,-71.652544,29.8671,3.7,,CSN,CSN_21393
,-30.38914,-71.533072,38.2518,4.1,,CSN,CSN_21394
,-30.446833,-71.598272,30.6226,3.8,,CSN,CSN_21398
,-30.29582,-71.587123,15.2871,3.3,,CSN,CSN_21399
,-30.480021,-71.660219,28.3749,4.5,,CSN,CSN_21400
,-30.463323,-71.677127,28.5896,4.5,,CSN,CSN_21401
,-30.295886,-71.59059,20.1172,3.1,,CSN,CSN_21402
,-30.484106,-71.621125,29.4353,3.8,,CSN,CSN_21403
,-30.382201,-71.55549,33.8866,5.2,,CSN,CSN_21404
,-30.431929,-71.63913,23.6889,3.9,,CSN,CSN_21406
,-30.423864,-71.645783,21.2283,3.2,,CSN,CSN_21407
,-30.345535,-71.578454,18.1972,3.1,,CSN,CSN_21408
,-30.438315,-71.624837,25.2611,3.2,,CSN,CSN_21409
,-30.473457,-71.658107,27.5539,3.6,,CSN,CSN_21410
,-30.398575,-71.597214,34.1074,3.4,,CSN,CSN_21411
,-30.353153,-71.608372,26.6848,3.5,,CSN,CSN_21412
,-30.437204,-71.669665,22.7702,4.0,,CSN,CSN_21413
,-30.39838,-71.542403,27.4607,3.4,,CSN,CSN_21414
,-30.4048,-71.553614,28.8843,3.7,,CSN,CSN_21416
,-30.408889,-71.5409,28.6233,3.5,,CSN,CSN_21417
,-30.303701,-71.602866,31.6702,4.1,,CSN,CSN_21418
,-30.415594,-71.64917,29.9364,3.8,,CSN,CSN_21419
,-30.30714,-71.544221,37.1524,5.2,,CSN,CSN_21420
,-30.403662,-71.632165,24.4237,4.5,,CSN,CSN_21423
,-30.422631,-71.615733,25.3113,3.7,,CSN,CSN_21424
,-30.43493,-71.661132,28.0756,4.2,,CSN,CSN_21425
,-30.432334,-71.682153,29.3537,3.0,,CSN,CSN_21426
,-30.424583,-71.656642,19.1704,4.5,,CSN,CSN_21427
,-30.297861,-71.614505,29.0079,3.4,,CSN,CSN_21428
,-30.375246,-71.640597,17.9947,3.7,,CSN,CSN_21429
,-30.313897,-71.550047,5.2897,4.2,,CSN,CSN_21430
,-30.308547,-71.589655,22.707,3.0,,CSN,CSN_21432
,-30.449104,-71.6919,23.2604,3.9,,CSN,CSN_21433
,-30.341192,-71.645402,23.2918,3.8,,CSN,CSN_21434
,-30.464064,-71.633687,28.8643,3.6,,CSN,CSN_21436
,-30.434157,-71.628264,22.2789,3.0,,CSN,CSN_21437
,-30.370668,-71.623272,19.7227,3.3,,CSN,CSN_21438
,-30.350511,-71.635789,27.9749,3.5,,CSN,CSN_21439
,-30.451455,-71.651744,22.7869,3.7,,CSN,CSN_21440
,-30.363598,-71.626587,28.0185,3.8,,CSN,CSN_21441
,-30.446632,-71.648166,25.9399,3.9,,CSN,CSN_21444
,-30.395135,-71.60009,27.313,3.5,,CSN,CSN_21445
,-30.362957,-71.626845,22.7788,3.3,,CSN,CSN_21446
,-30.367487,-71.62717,29.95,3.9,,CSN,CSN_21447
,-30.44033,-71.667724,16.0315,3.2,,CSN,CSN_21448
,-30.402949,-71.626654,24.7834,3.6,,CSN,CSN_21449
,-30.446511,-71.687025,23.3768,3.6,,CSN,CSN_21450
,-30.483741,-71.648202,24.7977,4.1,,CSN,CSN_21451
,-30.399777,-71.612918,23.089,4.8,,CSN,CSN_21452
,-30.388973,-71.625686,19.8663,3.1,,CSN,CSN_21454
,-30.44895,-71.618506,28.1205,4.1,,CSN,CSN_21455
,-30.459436,-71.618083,25.6005,3.0,,CSN,CSN_21458
,-30.436991,-71.619258,18.4419,5.0,,CSN,CSN_21459
,-30.451276,-71.637229,28.2114,3.4,,CSN,CSN_21460
,-30.405089,-71.559181,30.3947,3.7,,CSN,CSN_21461
,-30.43388,-71.624606,29.7191,4.4,,CSN,CSN_21462
,-30.299326,-71.619412,31.3651,3.8,,CSN,CSN_21463
,-30.289987,-71.605102,13.7358,3.6,,CSN,CSN_21464
,-30.447565,-71.647998,23.988,3.3,,CSN,CSN_21466
,-30.468506,-71.661428,27.3745,3.7,,CSN,CSN_21467
,-30.445975,-71.64723,27.6924,3.3,,CSN,CSN_21470
,-30.376155,-71.630341,31.0549,4.6,,CSN,CSN_21471
,-30.433008,-71.609378,25.3369,3.1,,CSN,CSN_21472
,-30.353966,-71.620511,28.5667,3.9,,CSN,CSN_21473
,-30.375956,-71.583947,18.2105,3.6,,CSN,CSN_21474
,-30.451298,-71.619263,33.5049,3.3,,CSN,CSN_21475
,-30.469048,-71.637968,22.4926,4.0,,CSN,CSN_21476
,-30.473052,-71.642007,25.3667,3.4,,CSN,CSN_21478
,-30.443174,-71.633479,26.4953,3.0,,CSN,CSN_21480
,-30.36403,-71.633519,25.2321,3.3,,CSN,CSN_21481
,-30.351465,-71.656013,27.5315,3.1,,CSN,CSN_21483
,-30.442539,-71.624085,25.4,4.1,,CSN,CSN_21484
,-30.438043,-71.650356,27.0808,3.4,,CSN,CSN_21485
,-30.418891,-71.674679,24.6925,5.2,,CSN,CSN_21486
,-30.421005,-71.651586,25.5825,5.2,,CSN,CSN_21487
,-30.433439,-71.689281,28.8386,4.0,,CSN,CSN_21488
,-30.428655,-71.628152,31.1108,4.0,,CSN,CSN_21489
,-30.443946,-71.666156,29.4106,3.2,,CSN,CSN_21491
,-30.456149,-71.616457,35.6505,3.2,,CSN,CSN_21492
,-30.444892,-71.666866,24.0038,3.5,,CSN,CSN_21493
,-30.430557,-71.653642,25.928,3.5,,CSN,CSN_21494
,-30.373276,-71.668643,15.6811,3.2,,CSN,CSN_21495
,-30.309773,-71.596546,31.6029,3.1,,CSN,CSN_21496
,-30.356227,-71.593151,27.0605,3.1,,CSN,CSN_21497
,-30.392995,-71.606438,8.6385,4.7,,CSN,CSN_21498
,-30.405644,-71.609584,11.4278,4.7,,CSN,CSN_21499
,-30.448358,-71.632375,22.714,3.0,,CSN,CSN_21500
,-30.413569,-71.649206,35.5518,3.1,,CSN,CSN_21501
,-30.394767,-71.669173,23.5216,3.6,,CSN,CSN_21503
,-30.339063,-71.625084,26.7288,3.1,,CSN,CSN_21504
,-30.373237,-71.618587,25.0356,3.1,,CSN,CSN_21505
,-30.375135,-71.677741,24.3174,4.2,,CSN,CSN_21506
,-30.358032,-71.600298,28.3806,3.5,,CSN,CSN_21511
,-30.378668,-71.606527,25.1442,3.1,,CSN,CSN_21512
,-30.371153,-71.639921,30.3809,3.3,,CSN,CSN_21513
,-30.34484,-71.641142,32.0464,4.3,,CSN,CSN_21514
,-30.352066,-71.57572,22.8642,3.2,,CSN,CSN_21516
,-30.394392,-71.620271,33.561,4.0,,CSN,CSN_21517
,-30.408389,-71.615984,33.4918,4.4,,CSN,CSN_21520
,-30.397444,-71.61331,33.013,4.4,,CSN,CSN_21521
,-30.447065,-71.625157,19.5822,3.5,,CSN,CSN_21522
,-30.464399,-71.610662,17.4961,3.5,,CSN,CSN_21523
,-30.38124,-71.626636,30.7342,3.1,,CSN,CSN_21528
,-30.360679,-71.623474,32.052,3.1,,CSN,CSN_21529
,-30.404423,-71.629863,5.25,3.5,,CSN,CSN_21531
,-30.430034,-71.646302,21.0739,3.4,,CSN,CSN_21534
,-30.381857,-71.625147,29.246,3.1,,CSN,CSN_21536
,-30.465027,-71.622074,28.2252,3.4,,CSN,CSN_21538
,-30.350174,-71.561474,37.543,3.0,,CSN,CSN_21542
,-30.458561,-71.625001,25.147,3.7,,CSN,CSN_21545
,-30.382235,-71.579889,25.2645,3.1,,CSN,CSN_21546
,-30.379382,-71.562846,26.7322,3.4,,CSN,CSN_21547
,-30.41214,-71.635731,28.4375,3.2,,CSN,CSN_21549
,-30.438892,-71.550246,8.5917,3.2,,CSN,CSN_21553
,-30.400182,-71.627415,29.7383,3.1,,CSN,CSN_21558
,-30.315149,-71.58246,28.8064,4.2,,CSN,CSN_21560
,-30.37954,-71.617628,30.3559,3.2,,CSN,CSN_21566
,-30.382794,-71.614857,28.2478,3.1,,CSN,CSN_21567
,-30.364203,-71.56814,28.3202,4.3,,CSN,CSN_21569
,-30.409034,-71.66691,31.3505,4.6,,CSN,CSN_21571
,-30.407724,-71.650021,27.3479,3.7,,CSN,CSN_21573
,-30.327076,-71.65052,25.4627,3.5,,CSN,CSN_21575
,-30.330145,-71.646391,27.1639,3.0,,CSN,CSN_21578
,-30.399056,-71.624019,25.3699,3.2,,CSN,CSN_21579
,-30.456148,-71.640498,25.987,3.5,,CSN,CSN_21580
,-30.46562,-71.689743,28.9802,3.8,,CSN,CSN_21582
,-30.30435,-71.602467,26.7792,3.4,,CSN,CSN_21583
,-30.297973,-71.605134,24.988,4.1,,CSN,CSN_21584
,-30.303392,-71.604285,26.7964,3.0,,CSN,CSN_21586
,-30.307941,-71.595665,23.8112,3.2,,CSN,CSN_21587
,-30.341987,-71.533678,41.6787,3.0,,CSN,CSN_21588
,-30.462823,-71.639392,29.1643,3.1,,CSN,CSN_21592
,-30.407569,-71.622053,26.901,3.5,,CSN,CSN_21593
,-30.397325,-71.541628,32.0531,3.7,,CSN,CSN_21595
,-30.356934,-71.598794,24.4789,3.6,,CSN,CSN_21597
,-30.380181,-71.569603,33.0172,3.7,,CSN,CSN_21599
,-30.381193,-71.534569,26.3603,3.7,,CSN,CSN_21600
,-30.366739,-71.563326,29.4739,3.0,,CSN,CSN_21604
,-30.305593,-71.582538,30.061,3.5,,CSN,CSN_21606
,-30.367631,-71.553979,26.057,3.7,,CSN,CSN_21607
,-30.39878,-71.576977,29.9895,3.0,,CSN,CSN_21614
,-30.477195,-71.640772,26.5055,3.3,,CSN,CSN_21615
,-30.294911,-71.553561,37.7574,3.2,,CSN,CSN_21616
,-30.290783,-71.568868,35.6844,4.3,,CSN,CSN_21617
,-30.456748,-71.669882,27.3009,3.0,,CSN,CSN_21618
,-30.304816,-71.553785,38.7261,4.7,,CSN,CSN_21619
,-30.387544,-71.584497,36.1804,3.8,,CSN,CSN_21620
,-30.408657,-71.563706,34.9393,4.0,,CSN,CSN_21623
,-30.472461,-71.608574,32.2091,5.0,,CSN,CSN_21624
,-30.464979,-71.635404,31.2697,4.4,,CSN,CSN_21626
,-30.37164,-71.534183,12.1514,3.6,,CSN,CSN_21627
,-30.380536,-71.548787,37.1587,3.6,,CSN,CSN_21629
,-30.405617,-71.560791,32.3901,3.6,,CSN,CSN_21630
,-30.396159,-71.652542,27.695,4.4,,CSN,CSN_21631
,-30.393159,-71.61551,31.2358,4.4,,CSN,CSN_21632
,-30.444859,-71.642839,33.209,3.2,,CSN,CSN_21633
,-30.439546,-71.617889,33.2518,3.2,,CSN,CSN_21634
,-30.429474,-71.696716,36.3657,3.9,,CSN,CSN_21635
,-30.447572,-71.696802,29.8977,3.9,,CSN,CSN_21636
,-30.407851,-71.583946,34.0061,3.0,,CSN,CSN_21638
,-30.469692,-71.653474,30.4062,4.5,,CSN,CSN_21639
,-30.447474,-71.626298,36.3459,3.4,,CSN,CSN_21641
,-31.544815,-71.79163,15.3788,3.9,,CSN,CSN_21645
,-31.551112,-71.745061,22.9882,3.0,,CSN,CSN_21646
,-31.606663,-71.669266,29.8089,3.2,,CSN,CSN_21647
,-31.641093,-71.724373,29.3168,3.1,,CSN,CSN_21649
,-31.538046,-71.759499,24.5431,3.1,,CSN,CSN_21651
,-31.619212,-71.71238,27.7039,3.0,,CSN,CSN_21652
,-31.645576,-71.75668,25.0836,3.8,,CSN,CSN_21653
,-31.702688,-71.705725,11.1322,3.0,,CSN,CSN_21654
,-31.649503,-71.797078,18.6073,4.3,,CSN,CSN_21655
,-31.643285,-71.752609,27.3988,3.2,,CSN,CSN_21657
,-31.634407,-71.833,15.6496,3.3,,CSN,CSN_21658
,-31.632782,-71.836801,20.4239,3.1,,CSN,CSN_21659
,-31.640918,-71.754762,7.5468,3.3,,CSN,CSN_21660
,-31.672158,-71.767665,24.6891,3.1,,CSN,CSN_21661
,-31.62865,-71.825789,22.2365,3.1,,CSN,CSN_21662
,-31.51043,-71.69661,28.7133,3.2,,CSN,CSN_21664
,-31.462332,-71.697742,26.7212,3.0,,CSN,CSN_21666
,-31.59368,-71.741871,9.8091,4.0,,CSN,CSN_21667
,-31.555788,-71.748179,9.795,4.2,,CSN,CSN_21668
,-31.694505,-71.734367,6.8147,3.5,,CSN,CSN_21669
,-31.549137,-71.787152,14.0527,4.4,,CSN,CSN_21671
,-31.603645,-71.714411,30.0225,4.6,,CSN,CSN_21674
,-31.37313,-71.767086,14.7841,4.0,,CSN,CSN_21675
,-31.53047,-71.643494,35.8537,3.6,,CSN,CSN_21678
,-31.589789,-71.764579,28.7094,3.7,,CSN,CSN_21679
,-31.626916,-71.706082,29.2872,3.1,,CSN,CSN_21686
,-31.592435,-71.795412,22.3736,3.5,,CSN,CSN_21687
,-31.585712,-71.683736,26.3437,3.1,,CSN,CSN_21694
,-31.535561,-71.745216,24.8923,3.1,,CSN,CSN_21695
,-31.595798,-71.725932,27.2364,3.1,,CSN,CSN_21696
,-31.634459,-71.750725,24.3774,3.1,,CSN,CSN_21697
,-31.628443,-71.818123,18.7667,3.5,,CSN,CSN_21702
,-31.44318,-71.668029,56.4407,3.3,,CSN,CSN_21713
,-31.419673,-71.787111,17.2922,3.1,,CSN,CSN_21716
,-31.545095,-71.748044,23.6271,3.6,,CSN,CSN_21722
,-31.55293,-71.749993,23.0216,3.4,,CSN,CSN_21724
,-31.699951,-71.657656,30.2273,3.6,,CSN,CSN_21725
,-31.686103,-71.755816,24.9117,3.1,,CSN,CSN_21726
,-31.48095,-71.768361,20.4317,5.3,,CSN,CSN_21730
,-31.64483,-71.698491,28.0953,3.0,,CSN,CSN_21734
,-31.626579,-71.708239,31.6242,3.3,,CSN,CSN_21736
,-31.53727,-71.675626,24.8618,3.0,,CSN,CSN_21745
,-31.698492,-71.725201,29.2442,3.3,,CSN,CSN_21751
,-31.354559,-71.691179,26.9369,3.4,,CSN,CSN_21752
,-31.562128,-71.787202,36.568,3.3,,CSN,CSN_21754
,-31.63374,-71.745988,25.337,3.2,,CSN,CSN_21757
,-31.627353,-71.720421,24.2047,3.0,,CSN,CSN_21758
,-31.476716,-71.686443,26.1768,3.1,,CSN,CSN_21760
,-31.575203,-71.798598,6.7996,3.2,,CSN,CSN_21761
,-31.374405,-71.724018,26.0347,3.8,,CSN,CSN_21763
,-31.503033,-71.760025,24.281,3.3,,CSN,CSN_21764
,-31.657274,-71.711821,28.8495,3.7,,CSN,CSN_21766
,-31.622286,-71.728287,27.497,3.6,,CSN,CSN_21768
,-31.537485,-71.632673,39.1142,3.4,,CSN,CSN_21773
,-31.363026,-71.70089,50.7013,3.1,,CSN,CSN_21774
,-31.487894,-71.643977,13.1654,3.4,,CSN,CSN_21780
,-31.469289,-71.709401,9.3451,3.3,,CSN,CSN_21781
,-31.397828,-71.684351,12.1434,3.0,,CSN,CSN_21782
,-31.377234,-71.737427,21.8828,3.3,,CSN,CSN_21784
,-31.37082,-71.734769,28.7585,3.4,,CSN,CSN_21785
,-31.379644,-71.700308,30.2463,4.1,,CSN,CSN_21786
,-31.392868,-71.6882,27.8773,3.3,,CSN,CSN_21787
,-31.483929,-71.767123,34.364,3.6,,CSN,CSN_21788
,-31.416887,-71.657095,28.2472,3.2,,CSN,CSN_21789
,-31.449005,-71.751071,22.5544,3.2,,CSN,CSN_21791
,-31.449165,-71.671622,17.1974,3.0,,CSN,CSN_21795
,-31.407437,-71.722266,24.0056,3.3,,CSN,CSN_21796
,-31.515527,-71.679601,29.1739,3.4,,CSN,CSN_21797
,-31.395279,-71.706061,15.9608,3.2,,CSN,CSN_21800
,-31.455559,-71.739551,25.5856,3.9,,CSN,CSN_21801
,-31.445226,-71.722248,20.152,3.0,,CSN,CSN_21802
,-31.43979,-71.668772,27.1552,3.9,,CSN,CSN_21805
,-31.368413,-71.680525,17.888,3.1,,CSN,CSN_21806
,-31.396216,-71.723155,19.2449,3.0,,CSN,CSN_21807
,-31.371977,-71.726099,14.93,3.1,,CSN,CSN_21809
,-31.443469,-71.762866,25.7094,4.3,,CSN,CSN_21810
,-31.449964,-71.742903,26.9271,4.2,,CSN,CSN_21811
,-31.423877,-71.714577,24.5177,3.7,,CSN,CSN_21812
,-31.461425,-71.714122,21.9625,3.7,,CSN,CSN_21814
,-31.419055,-71.752135,1.8809,3.1,,CSN,CSN_21815
,-31.488457,-71.697477,20.235,3.8,,CSN,CSN_21816
,-31.413858,-71.775117,4.5827,3.0,,CSN,CSN_21817
,-31.48041,-71.695864,10.3811,3.2,,CSN,CSN_21819
,-31.545425,-71.80364,8.8602,3.4,,CSN,CSN_21820
,-31.48432,-71.750205,25.6404,5.5,,CSN,CSN_21821
,-31.409477,-71.7759,17.8487,3.9,,CSN,CSN_21822
,-31.483896,-71.708355,20.0803,3.1,,CSN,CSN_21824
,-31.406229,-71.73767,28.1653,3.5,,CSN,CSN_21825
,-31.376731,-71.683421,24.9158,3.2,,CSN,CSN_21828
,-31.515635,-71.686416,28.1617,5.0,,CSN,CSN_21829
,-31.479162,-71.702241,22.9626,3.1,,CSN,CSN_21830
,-31.433272,-71.741302,6.0904,3.0,,CSN,CSN_21834
,-31.439686,-71.741105,9.3909,3.4,,CSN,CSN_21835
,-31.481966,-71.713135,24.4422,4.4,,CSN,CSN_21836
,-31.634373,-71.803088,13.8187,3.3,,CSN,CSN_21842
,-31.491824,-71.71177,24.6199,3.2,,CSN,CSN_21847
,-31.651825,-71.761142,21.5036,3.3,,CSN,CSN_21851
,-31.440638,-71.724594,18.8344,3.1,,CSN,CSN_21853
,-31.370557,-71.732049,20.9642,3.1,,CSN,CSN_21854
,-31.435451,-71.794411,19.2287,3.0,,CSN,CSN_21855
,-31.377745,-71.672255,20.3199,3.0,,CSN,CSN_21857
,-31.439113,-71.694703,22.1174,3.0,,CSN,CSN_21859
,-31.376278,-71.690704,24.3741,3.3,,CSN,CSN_21862
,-31.430795,-71.776684,16.3114,3.0,,CSN,CSN_21864
,-31.473284,-71.714455,18.7792,3.0,,CSN,CSN_21865
,-31.524405,-71.690055,23.3013,3.1,,CSN,CSN_21866
,-31.429983,-71.755825,23.9561,3.1,,CSN,CSN_21867
,-31.438133,-71.748286,14.5389,3.1,,CSN,CSN_21872
,-31.445922,-71.752695,22.9865,3.5,,CSN,CSN_21874
,-31.63416,-71.73207,24.7891,3.4,,CSN,CSN_21879
,-31.481084,-71.675373,31.6989,3.4,,CSN,CSN_21880
,-31.69098,-71.73342,27.7006,4.2,,CSN,CSN_21883
,-31.478119,-71.689754,8.1802,3.5,,CSN,CSN_21889
,-31.460355,-71.722968,24.8361,4.7,,CSN,CSN_21890
,-31.458289,-71.68389,29.4144,4.4,,CSN,CSN_21891
,-31.464751,-71.647497,25.014,3.3,,CSN,CSN_21893
,-31.466274,-71.731414,13.633,3.1,,CSN,CSN_21894
,-31.628277,-71.711699,32.578,3.3,,CSN,CSN_21899
,-31.583997,-71.855214,28.7234,4.1,,CSN,CSN_21907
,-31.566638,-71.834191,31.31,3.9,,CSN,CSN_21909
,-31.564218,-71.844703,43.4424,3.5,,CSN,CSN_21911
,-31.508941,-71.728206,21.0592,3.7,,CSN,CSN_21913
,-31.46611,-71.675638,19.2839,3.2,,CSN,CSN_21914
,-31.528384,-71.681323,29.3544,3.9,,CSN,CSN_21919
,-31.419893,-71.725563,25.4179,3.0,,CSN,CSN_21920
,-31.447391,-71.766359,46.2082,4.2,,CSN,CSN_21922
,-31.705478,-71.663613,30.1427,3.1,,CSN,CSN_21923
,-31.463448,-71.703723,10.0792,3.3,,CSN,CSN_21925
,-31.482965,-71.665643,25.2019,3.5,,CSN,CSN_21928
,-31.560484,-71.769079,18.9118,4.1,,CSN,CSN_21938
,-31.602855,-71.788674,28.8097,3.0,,CSN,CSN_21943
,-31.528357,-71.724998,32.3972,3.1,,CSN,CSN_21945
,-31.514915,-71.756369,24.9633,3.9,,CSN,CSN_21946
,-31.507048,-71.796924,21.8127,3.1,,CSN,CSN_21948
,-31.508213,-71.795799,21.5742,3.6,,CSN,CSN_21950
,-31.354565,-71.702132,16.372,3.0,,CSN,CSN_21951
,-31.530657,-71.749926,4.8523,3.2,,CSN,CSN_21952
,-31.431138,-71.73831,10.7134,3.1,,CSN,CSN_21953
,-31.662831,-71.693189,28.2214,3.3,,CSN,CSN_21954
,-31.627284,-71.796669,26.5614,4.0,,CSN,CSN_21955
,-31.696387,-71.739089,25.084,3.0,,CSN,CSN_21957
,-31.599854,-71.776622,23.7509,3.2,,CSN,CSN_21958
,-31.52808,-71.633427,30.8973,3.4,,CSN,CSN_21963
,-31.61514,-71.670177,23.722,3.0,,CSN,CSN_21965
,-31.610633,-71.685027,29.3758,3.6,,CSN,CSN_21967
,-31.57844,-71.840955,20.1348,3.1,,CSN,CSN_21969
,-31.684499,-71.702632,23.0745,3.2,,CSN,CSN_21975
,-31.630003,-71.715738,24.3362,3.5,,CSN,CSN_21976
,-31.444776,-71.671036,51.2882,3.0,,CSN,CSN_21977
,-31.525855,-71.700129,24.008,3.0,,CSN,CSN_21978
,-31.41499,-71.712859,23.817,3.2,,CSN,CSN_21979
,-31.415881,-71.756115,14.5234,3.3,,CSN,CSN_21980
,-31.55197,-71.687779,22.2251,3.4,,CSN,CSN_21981
,-31.419026,-71.653196,23.8493,3.6,,CSN,CSN_21982
,-31.533129,-71.71253,22.0428,3.8,,CSN,CSN_21983
,-31.399475,-71.779368,57.9087,4.1,,CSN,CSN_21984
,-31.617898,-71.695902,28.4604,3.3,,CSN,CSN_21985
,-31.522567,-71.730049,32.565,3.9,,CSN,CSN_21986
,-31.415925,-71.693555,34.8043,4.3,,CSN,CSN_21987
,-31.417838,-71.687793,56.3736,3.5,,CSN,CSN_21988
,-31.509007,-71.714464,25.9088,3.2,,CSN,CSN_21989
,-31.502631,-71.727097,17.1183,3.1,,CSN,CSN_21990
,-31.67987,-71.717266,18.4994,3.8,,CSN,CSN_21991
,-31.588706,-71.680444,25.0303,4.3,,CSN,CSN_21992
,-31.704362,-71.653066,10.3964,3.2,,CSN,CSN_21994
,-31.675803,-71.741816,4.8701,3.7,,CSN,CSN_21995
,-31.669999,-71.687644,28.0742,5.0,,CSN,CSN_21996
,-31.441505,-71.688048,41.1345,3.5,,CSN,CSN_21999
,-31.67522,-71.795355,18.077,3.2,,CSN,CSN_22000
,-31.684453,-71.702177,27.8198,3.0,,CSN,CSN_22001
,-31.555103,-71.726162,25.0479,3.8,,CSN,CSN_22002
,-31.420697,-71.73854,59.4156,3.1,,CSN,CSN_22003
,-31.560702,-71.736653,21.8564,3.9,,CSN,CSN_22005
,-31.526653,-71.752447,14.8671,3.0,,CSN,CSN_22006
,-31.639593,-71.655921,18.4484,3.5,,CSN,CSN_22007
,-31.696792,-71.703552,16.32,4.1,,CSN,CSN_22008
,-31.645016,-71.66413,32.6737,3.5,,CSN,CSN_22010
,-31.644799,-71.756133,26.9241,3.5,,CSN,CSN_22011
,-31.694508,-71.709573,26.2237,5.2,,CSN,CSN_22012
,-31.636391,-71.685615,23.6976,3.4,,CSN,CSN_22016
,-31.546294,-71.67216,27.6124,3.5,,CSN,CSN_22017
,-31.673774,-71.798561,24.0412,3.5,,CSN,CSN_22018
,-31.508998,-71.690735,32.1343,3.1,,CSN,CSN_22020
,-31.667032,-71.772555,25.6529,3.2,,CSN,CSN_22022
,-31.668185,-71.73414,28.4063,3.3,,CSN,CSN_22023
,-31.553075,-71.695651,28.3169,3.7,,CSN,CSN_22024
,-31.499122,-71.686958,27.6759,3.9,,CSN,CSN_22025
,-31.584653,-71.730556,28.3608,3.0,,CSN,CSN_22026
,-31.477776,-71.767878,19.0163,3.9,,CSN,CSN_22028
,-31.479369,-71.698724,21.0589,4.0,,CSN,CSN_22029
,-31.688749,-71.763036,22.893,3.1,,CSN,CSN_22031
,-31.557559,-71.721811,19.4222,3.3,,CSN,CSN_22034
,-31.601211,-71.73033,29.2107,3.0,,CSN,CSN_22035
,-31.590983,-71.70794,21.3231,3.1,,CSN,CSN_22037
,-31.667019,-71.683558,32.7108,3.3,,CSN,CSN_22038
,-31.574062,-71.751485,27.8074,3.2,,CSN,CSN_22039
,-31.482048,-71.632449,30.2449,3.9,,CSN,CSN_22041
,-31.640773,-71.681318,21.2309,3.1,,CSN,CSN_22042
,-31.619718,-71.731917,15.242,6.3,,CSN,CSN_22043
,-31.603661,-71.700903,5.1687,7.1,,CSN,CSN_22044
,-31.410141,-71.675134,21.9026,4.6,,CSN,CSN_22045
,-31.462811,-71.734314,33.0653,4.4,,CSN,CSN_22046
,-31.498897,-71.735101,4.2775,6.3,,CSN,CSN_22047
,-31.549128,-71.731773,1.8144,6.6,,CSN,CSN_22048
,-31.524237,-71.667433,6.6283,4.5,,CSN,CSN_22049
,-31.504716,-71.685529,8.1701,4.8,,CSN,CSN_22050
,-31.554043,-71.726047,0.5848,4.0,,CSN,CSN_22051
,-31.456084,-71.733912,4.6705,4.7,,CSN,CSN_22052
,-31.662225,-71.801068,1.492,4.9,,CSN,CSN_22053
,-31.486832,-71.755854,4.9633,4.2,,CSN,CSN_22054
,-31.441019,-71.684385,13.2302,4.1,,CSN,CSN_22055
,-31.590607,-71.795336,42.7667,3.9,,CSN,CSN_22056
,-31.4078,-71.787991,5.4447,5.0,,CSN,CSN_22057
,-31.492689,-71.650404,5.9922,3.8,,CSN,CSN_22058
,-31.571996,-71.812571,24.8484,4.4,,CSN,CSN_22059
,-31.52198,-71.724499,23.9391,5.0,,CSN,CSN_22060
,-31.631576,-71.730831,25.8204,4.1,,CSN,CSN_22061
,-31.438107,-71.786191,1.7601,3.9,,CSN,CSN_22062
,-31.460009,-71.660245,24.3498,3.9,,CSN,CSN_22063
,-31.615531,-71.804098,25.0516,4.4,,CSN,CSN_22064
,-31.487929,-71.731903,13.1684,4.2,,CSN,CSN_22065
,-31.584015,-71.851301,1.8546,3.8,,CSN,CSN_22066
,-31.521918,-71.744927,14.2295,4.4,,CSN,CSN_22067
,-31.419342,-71.699263,25.0845,4.2,,CSN,CSN_22068
,-31.482189,-71.706908,21.0062,3.6,,CSN,CSN_22069
,-31.442922,-71.716533,28.7555,4.7,,CSN,CSN_22070
,-31.561163,-71.821315,24.2343,3.2,,CSN,CSN_22071
,-31.677957,-71.680562,9.6284,3.2,,CSN,CSN_22072
,-31.486016,-71.757913,0.842,4.0,,CSN,CSN_22073
,-31.664234,-71.740509,14.4976,5.0,,CSN,CSN_22074
,-31.581846,-71.819496,24.2048,3.8,,CSN,CSN_22075
,-31.425492,-71.715664,23.336,3.7,,CSN,CSN_22076
,-31.408692,-71.685439,20.3066,3.2,,CSN,CSN_22077
,-31.55349,-71.677434,13.6129,3.6,,CSN,CSN_22078
,-31.587755,-71.764824,18.9817,4.1,,CSN,CSN_22079
,-31.578226,-71.853766,35.6498,4.0,,CSN,CSN_22080
,-31.533038,-71.687469,21.6048,3.5,,CSN,CSN_22081
,-31.42309,-71.77598,18.5615,3.7,,CSN,CSN_22082
,-31.634187,-71.66294,26.4924,3.7,,CSN,CSN_22083
,-31.484161,-71.660916,12.8833,3.4,,CSN,CSN_22084
,-31.390442,-71.685873,28.6854,3.5,,CSN,CSN_22085
,-31.560354,-71.709381,18.2029,3.2,,CSN,CSN_22086
,-31.587545,-71.761348,6.9374,3.6,,CSN,CSN_22087
,-31.640232,-71.650835,32.6176,4.3,,CSN,CSN_22088
,-31.486107,-71.775781,26.5276,3.9,,CSN,CSN_22089
,-31.541414,-71.719154,0.573,3.0,,CSN,CSN_22090
,-31.528057,-71.735567,25.2125,5.4,,CSN,CSN_22091
,-31.413262,-71.740104,24.9596,3.6,,CSN,CSN_22092
,-31.499029,-71.765931,29.4605,3.2,,CSN,CSN_22093
,-31.441415,-71.737819,15.9429,3.1,,CSN,CSN_22094
,-31.362216,-71.688177,31.3062,3.2,,CSN,CSN_22095
,-31.643611,-71.749824,25.1242,3.5,,CSN,CSN_22097
,-31.538777,-71.737731,25.8076,3.3,,CSN,CSN_22098
,-31.453734,-71.621225,9.0275,3.8,,CSN,CSN_22099
,-31.422784,-71.76578,2.9545,3.3,,CSN,CSN_22100
,-31.486576,-71.677576,30.413,3.5,,CSN,CSN_22101
,-31.656177,-71.699709,29.7273,3.3,,CSN,CSN_22102
,-31.402824,-71.745901,25.3373,3.6,,CSN,CSN_22103
,-31.636766,-71.732148,26.6803,6.2,,CSN,CSN_22104
,-31.621135,-71.848189,24.6902,3.6,,CSN,CSN_22105
,-31.490391,-71.709889,31.5344,4.0,,CSN,CSN_22106
,-31.645281,-71.750731,3.3888,4.3,,CSN,CSN_22107
,-31.570966,-71.738863,0.7327,3.1,,CSN,CSN_22108
,-31.637062,-71.729564,20.7072,3.4,,CSN,CSN_22109
,-31.698847,-71.668141,27.9043,4.1,,CSN,CSN_22110
,-31.54838,-71.789243,9.9622,3.8,,CSN,CSN_22112
,-31.471333,-71.626603,23.0265,3.1,,CSN,CSN_22113
,-31.505602,-71.660099,28.083,4.0,,CSN,CSN_22114
,-31.572999,-71.729484,25.7747,4.1,,CSN,CSN_22115
,-31.616223,-71.815529,12.1547,3.3,,CSN,CSN_22116
,-31.493711,-71.639559,30.1192,3.8,,CSN,CSN_22117
,-31.542222,-71.71417,3.8893,3.3,,CSN,CSN_22118
,-31.558941,-71.805866,39.0499,3.1,,CSN,CSN_22119
,-31.558928,-71.810562,23.2481,3.2,,CSN,CSN_22120
,-31.465196,-71.681269,29.1371,3.2,,CSN,CSN_22122
,-31.538138,-71.76147,25.4666,3.3,,CSN,CSN_22123
,-31.508623,-71.675423,25.8275,3.0,,CSN,CSN_22124
,-31.500587,-71.679209,14.2189,3.0,,CSN,CSN_22125
,-31.672563,-71.670735,29.2039,3.0,,CSN,CSN_22126
,-31.602115,-71.821677,28.2621,3.0,,CSN,CSN_22127
,-31.472393,-71.713201,25.4728,3.4,,CSN,CSN_22128
,-31.518856,-71.717442,27.831,3.6,,CSN,CSN_22129
,-31.475231,-71.694202,26.3218,3.7,,CSN,CSN_22130
,-31.481163,-71.687767,6.5821,3.5,,CSN,CSN_22131
,-31.438776,-71.791335,34.7201,3.2,,CSN,CSN_22132
,-31.398801,-71.731415,23.3556,3.3,,CSN,CSN_22133
,-31.520773,-71.716381,8.0817,4.2,,CSN,CSN_22134
,-31.369652,-71.697476,22.9701,3.6,,CSN,CSN_22135
,-31.501498,-71.688833,29.2911,3.2,,CSN,CSN_22136
,-31.454833,-71.696195,29.3469,4.3,,CSN,CSN_22137
,-31.410341,-71.731651,27.2006,4.2,,CSN,CSN_22138
,-31.546622,-71.820371,24.0461,3.1,,CSN,CSN_22140
,-31.519342,-71.785137,21.2892,3.2,,CSN,CSN_22141
,-31.484061,-71.66262,27.9647,3.7,,CSN,CSN_22143
,-31.470209,-71.71858,21.4842,3.0,,CSN,CSN_22145
,-31.515134,-71.683915,6.1227,3.2,,CSN,CSN_22146
,-31.469456,-71.643625,11.3427,3.2,,CSN,CSN_22148
,-31.497786,-71.685511,12.0123,3.4,,CSN,CSN_22149
,-31.4396,-71.729637,15.0817,3.3,,CSN,CSN_22151
,-31.486475,-71.698959,24.867,3.1,,CSN,CSN_22152
,-31.509518,-71.685239,30.3555,3.0,,CSN,CSN_22153
,-31.514303,-71.755566,28.3416,3.3,,CSN,CSN_22154
,-31.481548,-71.677377,25.7178,3.0,,CSN,CSN_22155
,-31.47428,-71.639837,11.7286,3.7,,CSN,CSN_22156
,-31.504897,-71.626199,13.7197,3.5,,CSN,CSN_22158
,-31.652618,-71.679421,27.2161,3.4,,CSN,CSN_22159
,-31.498882,-71.658115,17.6121,3.0,,CSN,CSN_22160
,-31.584759,-71.670484,35.4406,4.4,,CSN,CSN_22161
,-31.492277,-71.718757,30.2762,3.8,,CSN,CSN_22162
,-31.538282,-71.820954,24.4116,4.3,,CSN,CSN_22163
,-31.625435,-71.816281,30.1187,3.4,,CSN,CSN_22164
,-31.459653,-71.704192,27.5287,3.7,,CSN,CSN_22165
,-31.569916,-71.82529,1.6638,3.7,,CSN,CSN_22166
,-31.557801,-71.660726,26.9346,3.5,,CSN,CSN_22168
,-31.477584,-71.672042,7.687,3.1,,CSN,CSN_22169
,-31.477057,-71.70805,26.8118,3.9,,CSN,CSN_22170
,-31.496286,-71.722356,15.76,3.4,,CSN,CSN_22171
,-31.381528,-71.708348,23.8568,3.2,,CSN,CSN_22172
,-31.487997,-71.777411,25.4165,3.4,,CSN,CSN_22174
,-31.481527,-71.760138,27.7076,4.0,,CSN,CSN_22175
,-31.577076,-71.795268,31.7433,3.2,,CSN,CSN_22177
,-31.573576,-71.850905,26.5443,3.3,,CSN,CSN_22178
,-31.492468,-71.712162,23.8812,3.6,,CSN,CSN_22180
,-31.463282,-71.702713,30.6315,3.0,,CSN,CSN_22181
,-31.415789,-71.751257,17.136,3.3,,CSN,CSN_22183
,-31.525554,-71.747975,16.2448,3.3,,CSN,CSN_22185
,-31.675216,-71.757548,24.2388,3.1,,CSN,CSN_22186
,-31.453529,-71.654724,29.102,3.8,,CSN,CSN_22188
,-31.71585,-71.668297,0.3345,3.6,,CSN,CSN_22189
,-31.644516,-71.644777,27.416,3.2,,CSN,CSN_22190
,-31.370711,-71.766322,28.1695,3.3,,CSN,CSN_22193
,-31.454003,-71.68937,29.9187,3.2,,CSN,CSN_22194
,-31.465135,-71.671747,26.1908,3.0,,CSN,CSN_22196
,-31.453465,-71.669505,26.6515,3.0,,CSN,CSN_22197
,-31.497142,-71.693675,27.3836,3.6,,CSN,CSN_22198
,-31.561621,-71.704076,24.1538,3.0,,CSN,CSN_22199
,-31.705005,-71.642964,32.4986,3.2,,CSN,CSN_22200
,-31.501773,-71.663848,28.3623,3.8,,CSN,CSN_22201
,-31.685322,-71.669818,29.9028,3.6,,CSN,CSN_22202
,-31.465553,-71.707047,29.9291,3.6,,CSN,CSN_22203
,-31.577345,-71.846825,23.0581,3.5,,CSN,CSN_22204
,-31.48652,-71.734783,25.5003,4.3,,CSN,CSN_22205
,-31.557353,-71.838973,20.7239,3.0,,CSN,CSN_22206
,-31.459435,-71.719854,22.8388,4.7,,CSN,CSN_22207
,-31.485833,-71.672439,18.8462,3.6,,CSN,CSN_22208
,-31.426387,-71.764525,28.3511,3.0,,CSN,CSN_22209
,-31.428792,-71.748997,24.6512,3.6,,CSN,CSN_22210
,-31.47158,-71.722647,26.4199,3.1,,CSN,CSN_22211
,-31.504847,-71.681238,28.0871,5.2,,CSN,CSN_22215
,-31.494151,-71.743984,22.9792,3.6,,CSN,CSN_22217
,-31.520516,-71.6843,22.1828,3.0,,CSN,CSN_22218
,-31.508031,-71.66931,8.272,3.5,,CSN,CSN_22220
,-31.498666,-71.692021,27.2457,4.6,,CSN,CSN_22221
,-31.489113,-71.681832,27.0184,3.4,,CSN,CSN_22222
,-31.625777,-71.720559,29.2582,3.2,,CSN,CSN_22223
,-31.491552,-71.693803,27.3951,3.1,,CSN,CSN_22224
,-31.592104,-71.725487,31.8683,4.4,,CSN,CSN_22227
,-31.440872,-71.652201,22.7898,3.0,,CSN,CSN_22229
,-31.519414,-71.735096,26.9517,3.1,,CSN,CSN_22233
,-31.512933,-71.699675,29.7916,3.0,,CSN,CSN_22234
,-31.589728,-71.865082,27.6973,3.2,,CSN,CSN_22235
,-31.456225,-71.725139,24.5763,4.0,,CSN,CSN_22238
,-31.475237,-71.707382,17.2033,3.4,,CSN,CSN_22239
,-31.519607,-71.716006,28.581,3.3,,CSN,CSN_22240
,-31.484206,-71.766615,23.9976,3.2,,CSN,CSN_22241
,-31.510918,-71.756017,17.7514,4.1,,CSN,CSN_22243
,-31.49129,-71.71389,27.3329,3.0,,CSN,CSN_22244
,-31.575363,-71.803089,28.938,3.7,,CSN,CSN_22247
,-31.481043,-71.767489,27.8202,3.2,,CSN,CSN_22249
,-31.605791,-71.833902,26.748,3.0,,CSN,CSN_22250
,-31.606532,-71.810197,27.6296,3.4,,CSN,CSN_22251
,-31.608528,-71.81438,28.6408,3.3,,CSN,CSN_22253
,-31.469209,-71.645783,28.7287,3.7,,CSN,CSN_22254
,-31.493851,-71.734505,22.9535,3.1,,CSN,CSN_22256
,-31.692602,-71.71557,15.2307,3.1,,CSN,CSN_22259
,-31.592454,-71.665201,30.3476,3.2,,CSN,CSN_22260
,-31.443792,-71.702588,27.8609,3.1,,CSN,CSN_22261
,-31.547323,-71.751381,22.3669,3.9,,CSN,CSN_22262
,-31.639558,-71.656621,27.5075,5.0,,CSN,CSN_22264
,-31.487136,-71.685058,25.7305,3.1,,CSN,CSN_22266
,-31.54054,-71.826294,5.4037,3.2,,CSN,CSN_22270
,-31.452752,-71.797999,20.0481,3.2,,CSN,CSN_22272
,-31.585588,-71.820434,29.0727,3.8,,CSN,CSN_22273
,-31.531771,-71.722051,27.6288,3.4,,CSN,CSN_22274
,-31.526786,-71.741944,22.6528,3.2,,CSN,CSN_22277
,-31.55052,-71.730014,20.2783,3.1,,CSN,CSN_22278
,-31.601199,-71.814441,11.9524,3.0,,CSN,CSN_22279
,-31.594625,-71.830584,21.7179,3.5,,CSN,CSN_22280
,-31.499542,-71.668848,25.5279,3.2,,CSN,CSN_22282
,-31.501382,-71.646264,32.527,4.0,,CSN,CSN_22285
,-31.527215,-71.813009,25.5527,3.7,,CSN,CSN_22286
,-31.524271,-71.719741,27.1936,3.4,,CSN,CSN_22287
,-31.509671,-71.737616,24.7336,3.9,,CSN,CSN_22289
,-31.491865,-71.709039,21.8181,3.1,,CSN,CSN_22290
,-31.609609,-71.823071,10.6818,4.4,,CSN,CSN_22292
,-31.54078,-71.747318,31.0394,5.5,,CSN,CSN_22293
,-31.528442,-71.73452,22.3366,4.8,,CSN,CSN_22294
,-31.522531,-71.671111,35.3815,3.2,,CSN,CSN_22296
,-31.526044,-71.72145,28.8627,3.4,,CSN,CSN_22297
,-31.554337,-71.704442,26.445,4.4,,CSN,CSN_22300
,-31.473375,-71.791356,22.89,3.0,,CSN,CSN_22302
,-31.465781,-71.6469,33.8479,3.2,,CSN,CSN_22303
,-31.433876,-71.661377,27.2942,3.2,,CSN,CSN_22305
,-31.450558,-71.68684,22.946,3.0,,CSN,CSN_22306
,-31.465759,-71.64779,29.2327,3.0,,CSN,CSN_22307
,-31.54529,-71.694163,26.421,3.2,,CSN,CSN_22308
,-31.531807,-71.745392,25.7433,3.7,,CSN,CSN_22311
,-31.484174,-71.69309,24.6034,3.5,,CSN,CSN_22312
,-31.486682,-71.680112,13.5379,3.1,,CSN,CSN_22313
,-31.671766,-71.747165,25.4509,3.3,,CSN,CSN_22317
,-31.423977,-71.74934,20.3457,3.3,,CSN,CSN_22319
,-31.479059,-71.740262,29.1882,3.1,,CSN,CSN_22321
,-31.47648,-71.731584,26.6834,3.6,,CSN,CSN_22322
,-31.458057,-71.683534,24.0646,3.4,,CSN,CSN_22323
,-31.513729,-71.675786,22.9029,4.0,,CSN,CSN_22324
,-31.579682,-71.836643,9.5157,3.0,,CSN,CSN_22327
,-31.529788,-71.720723,24.5326,3.1,,CSN,CSN_22329
,-31.520796,-71.698224,25.5601,5.7,,CSN,CSN_22330
,-31.51859,-71.690075,28.1424,5.7,,CSN,CSN_22331
,-31.507581,-71.680639,26.2863,3.2,,CSN,CSN_22332
,-31.509137,-71.747195,18.9402,3.3,,CSN,CSN_22333
,-31.532612,-71.700945,26.3561,3.4,,CSN,CSN_22334
,-31.514046,-71.739159,25.9347,3.7,,CSN,CSN_22335
,-31.5335,-71.708875,22.834,3.2,,CSN,CSN_22337
,-31.539683,-71.700573,25.889,3.3,,CSN,CSN_22338
,-31.495727,-71.668048,30.2873,3.7,,CSN,CSN_22339
,-31.52452,-71.752786,26.4965,3.5,,CSN,CSN_22340
,-31.485476,-71.723328,25.4021,3.2,,CSN,CSN_22341
,-31.507757,-71.72213,35.2135,3.3,,CSN,CSN_22342
,-31.468691,-71.79861,24.9285,3.5,,CSN,CSN_22344
,-31.40707,-71.798085,22.2221,3.1,,CSN,CSN_22347
,-31.497358,-71.721023,24.1737,4.7,,CSN,CSN_22348
,-31.508488,-71.676604,23.754,3.3,,CSN,CSN_22349
,-31.429619,-71.770844,21.7063,3.2,,CSN,CSN_22350
,-31.522309,-71.765296,25.8661,3.2,,CSN,CSN_22351
,-31.607023,-71.797484,21.9098,3.1,,CSN,CSN_22352
,-31.654797,-71.753157,10.9543,3.1,,CSN,CSN_22357
,-31.517217,-71.722451,24.4143,3.2,,CSN,CSN_22358
,-31.465457,-71.660326,25.0979,3.2,,CSN,CSN_22361
,-31.579171,-71.811163,30.0149,3.7,,CSN,CSN_22363
,-31.589808,-71.741443,22.499,3.0,,CSN,CSN_22364
,-31.474301,-71.74163,21.6144,3.1,,CSN,CSN_22366
,-31.498337,-71.653367,29.8926,3.8,,CSN,CSN_22371
,-31.573898,-71.854275,23.7161,4.4,,CSN,CSN_22372
,-31.569227,-71.821993,24.5418,3.2,,CSN,CSN_22374
,-31.545827,-71.836103,25.1462,3.1,,CSN,CSN_22375
,-31.582434,-71.779704,29.1734,3.0,,CSN,CSN_22376
,-31.575254,-71.830222,23.3298,3.3,,CSN,CSN_22377
,-31.475574,-71.704437,27.2699,3.5,,CSN,CSN_22379
,-31.622943,-71.837815,25.7041,3.4,,CSN,CSN_22386
,-31.658938,-71.644875,35.6853,4.6,,CSN,CSN_22388
,-31.502915,-71.741401,30.2782,3.4,,CSN,CSN_22389
,-31.550942,-71.734902,26.5311,4.0,,CSN,CSN_22394
,-31.480779,-71.732353,9.5724,3.0,,CSN,CSN_22395
,-31.49193,-71.682472,28.1635,3.6,,CSN,CSN_22397
,-31.643256,-71.731225,19.1135,3.0,,CSN,CSN_22400
,-31.562505,-71.805062,27.6234,3.1,,CSN,CSN_22401
,-31.48347,-71.71516,18.2573,3.2,,CSN,CSN_22403
,-31.641012,-71.6501,29.9979,3.3,,CSN,CSN_22405
,-31.510088,-71.708488,24.6013,3.1,,CSN,CSN_22407
,-31.661428,-71.672725,29.9322,3.5,,CSN,CSN_22408
,-31.549351,-71.805409,31.1116,3.9,,CSN,CSN_22409
,-31.556117,-71.794651,25.8821,3.2,,CSN,CSN_22413
,-31.541666,-71.676296,28.1353,4.1,,CSN,CSN_22414
,-31.547067,-71.688837,27.121,3.4,,CSN,CSN_22415
,-31.396403,-71.732345,23.7845,4.9,,CSN,CSN_22424
,-31.640392,-71.738604,53.8957,3.0,,CSN,CSN_22430
,-31.598095,-71.837219,23.389,3.3,,CSN,CSN_22431
,-31.468453,-71.67387,29.0346,3.8,,CSN,CSN_22432
,-31.50684,-71.68127,23.6483,3.9,,CSN,CSN_22440
,-31.466049,-71.775676,21.074,3.3,,CSN,CSN_22441
,-31.468603,-71.76893,21.2912,3.8,,CSN,CSN_22443
,-31.481637,-71.714129,28.7116,3.7,,CSN,CSN_22445
,-31.478993,-71.758099,25.4053,3.1,,CSN,CSN_22451
,-31.473616,-71.686704,11.0641,4.5,,CSN,CSN_22453
,-31.680637,-71.749307,25.5248,3.1,,CSN,CSN_22456
,-31.494074,-71.71174,26.8421,3.2,,CSN,CSN_22457
,-31.520926,-71.692427,25.5472,4.0,,CSN,CSN_22459
,-31.579935,-71.761087,30.813,3.5,,CSN,CSN_22460
,-31.578883,-71.714096,16.3126,3.3,,CSN,CSN_22466
,-31.480229,-71.757211,23.5698,4.5,,CSN,CSN_22469
,-31.505131,-71.662105,32.1203,3.0,,CSN,CSN_22470
,-31.474887,-71.699086,27.3052,4.4,,CSN,CSN_22471
,-31.687283,-71.681466,34.0017,3.3,,CSN,CSN_22474
,-31.495304,-71.722333,22.6135,3.0,,CSN,CSN_22475
,-31.699013,-71.684069,27.0345,4.1,,CSN,CSN_22477
,-31.567263,-71.784341,30.1192,3.8,,CSN,CSN_22479
,-31.728758,-71.838639,17.3529,3.3,,CSN,CSN_22480
,-31.693024,-71.840925,2.0334,3.3,,CSN,CSN_22482
,-31.751271,-71.880338,16.061,3.7,,CSN,CSN_22484
,-31.80784,-71.886139,8.3015,3.1,,CSN,CSN_22485
,-31.755433,-71.911843,14.0987,4.1,,CSN,CSN_22486
,-31.753603,-71.883617,21.0524,3.6,,CSN,CSN_22488
,-31.755138,-71.832074,5.1955,3.2,,CSN,CSN_22489
,-31.742885,-71.974027,14.7352,4.3,,CSN,CSN_22490
,-31.705962,-71.844548,27.3322,5.2,,CSN,CSN_22491
,-31.747306,-71.863775,12.0524,4.3,,CSN,CSN_22492
,-31.723245,-71.832696,22.6407,3.4,,CSN,CSN_22493
,-31.704173,-71.865666,27.4964,3.9,,CSN,CSN_22494
,-31.711607,-71.856194,26.06,3.4,,CSN,CSN_22497
,-31.711862,-71.91508,11.534,3.2,,CSN,CSN_22501
,-31.795272,-71.870797,16.8362,3.0,,CSN,CSN_22502
,-31.738725,-71.949258,26.1214,3.1,,CSN,CSN_22503
,-31.704439,-71.832755,22.4481,3.4,,CSN,CSN_22505
,-31.655046,-71.945802,33.2949,3.6,,CSN,CSN_22506
,-31.839325,-72.121958,15.5509,4.0,,CSN,CSN_22508
,-31.829752,-72.058949,3.6882,3.2,,CSN,CSN_22511
,-31.818046,-72.110331,8.1112,3.0,,CSN,CSN_22512
,-31.845424,-72.051195,4.318,3.3,,CSN,CSN_22514
,-31.793547,-72.11528,12.7185,3.7,,CSN,CSN_22515
,-31.799553,-72.126082,12.7851,3.5,,CSN,CSN_22516
,-31.749971,-71.897467,23.9072,4.0,,CSN,CSN_22519
,-31.757012,-71.879644,26.91,3.0,,CSN,CSN_22520
,-31.752443,-71.873908,25.5331,3.8,,CSN,CSN_22522
,-31.660579,-72.037921,14.9583,3.3,,CSN,CSN_22526
,-31.675483,-72.030547,9.4144,3.5,,CSN,CSN_22527
,-31.67172,-72.059883,10.8077,3.1,,CSN,CSN_22528
,-31.694015,-71.998864,2.8119,3.3,,CSN,CSN_22529
,-31.678553,-72.005471,17.5428,3.0,,CSN,CSN_22531
,-31.687499,-71.977696,10.2759,3.2,,CSN,CSN_22534
,-31.794192,-72.009944,3.0023,3.5,,CSN,CSN_22535
,-31.801501,-72.112319,6.9587,3.5,,CSN,CSN_22536
,-31.695828,-71.911299,7.9859,3.5,,CSN,CSN_22538
,-31.677565,-71.918596,21.5289,4.8,,CSN,CSN_22539
,-31.678435,-71.895271,20.6813,3.6,,CSN,CSN_22540
,-31.781473,-72.112197,14.588,3.1,,CSN,CSN_22541
,-31.808138,-72.090545,9.5235,3.6,,CSN,CSN_22544
,-31.829948,-72.090767,14.3265,3.6,,CSN,CSN_22545
,-31.773336,-72.054398,17.2872,4.1,,CSN,CSN_22546
,-31.760534,-72.062376,22.1833,3.0,,CSN,CSN_22547
,-31.766761,-71.906602,24.4308,3.7,,CSN,CSN_22549
,-31.787141,-71.92711,14.3214,3.5,,CSN,CSN_22550
,-31.720085,-71.927073,22.3715,3.3,,CSN,CSN_22552
,-31.704382,-71.834564,22.3416,3.6,,CSN,CSN_22556
,-31.769481,-72.114814,9.0294,3.0,,CSN,CSN_22557
,-31.732589,-71.863897,28.5564,3.6,,CSN,CSN_22558
,-31.744029,-71.886024,28.65,3.9,,CSN,CSN_22560
,-31.824086,-71.918801,13.8614,3.5,,CSN,CSN_22561
,-31.73429,-72.012006,17.3174,3.0,,CSN,CSN_22562
,-31.769061,-72.0776,16.4876,3.0,,CSN,CSN_22563
,-31.800715,-72.094007,3.8921,3.1,,CSN,CSN_22565
,-31.760438,-72.1242,3.8254,3.8,,CSN,CSN_22566
,-31.741853,-71.923657,13.3025,3.6,,CSN,CSN_22569
,-31.702822,-72.094017,3.5057,3.5,,CSN,CSN_22570
,-31.72946,-72.058478,20.5572,4.0,,CSN,CSN_22571
,-31.805273,-71.943659,63.9681,3.3,,CSN,CSN_22572
,-31.700366,-72.074698,8.8336,3.7,,CSN,CSN_22573
,-31.666872,-72.028753,30.1862,3.0,,CSN,CSN_22574
,-31.651619,-71.962787,38.6631,4.1,,CSN,CSN_22576
,-31.677103,-72.126271,8.9196,3.7,,CSN,CSN_22577
,-31.762451,-72.024951,4.1921,3.3,,CSN,CSN_22578
,-31.677549,-71.883767,2.2284,4.3,,CSN,CSN_22581
,-31.710392,-72.03843,3.6083,3.4,,CSN,CSN_22583
,-31.687431,-71.981859,27.0491,3.5,,CSN,CSN_22586
,-31.690853,-72.01147,24.7479,3.9,,CSN,CSN_22587
,-31.76893,-71.952859,21.1108,4.4,,CSN,CSN_22588
,-31.696607,-71.994909,20.8502,4.4,,CSN,CSN_22589
,-31.693395,-71.966676,23.0175,3.2,,CSN,CSN_22590
,-31.768354,-72.072053,21.1596,3.6,,CSN,CSN_22591
,-31.714236,-71.982177,5.1403,3.1,,CSN,CSN_22592
,-31.66415,-72.076578,13.7543,3.3,,CSN,CSN_22594
,-31.694845,-71.920758,19.9976,3.0,,CSN,CSN_22598
,-31.78236,-72.05586,15.1188,3.6,,CSN,CSN_22599
,-31.776464,-72.096236,16.5372,3.5,,CSN,CSN_22604
,-31.815912,-72.076956,13.4834,3.0,,CSN,CSN_22608
,-31.772438,-72.124994,3.3617,3.4,,CSN,CSN_22609
,-31.762083,-72.157325,3.4511,4.0,,CSN,CSN_22610
,-31.792413,-72.063961,51.7022,3.5,,CSN,CSN_22612
,-31.800253,-72.113875,4.8752,3.1,,CSN,CSN_22613
,-31.816073,-72.026783,3.7307,3.2,,CSN,CSN_22614
,-31.811143,-72.06934,3.3167,3.9,,CSN,CSN_22615
,-31.783092,-72.033711,3.0863,3.5,,CSN,CSN_22616
,-31.753568,-71.90821,12.4442,3.8,,CSN,CSN_22619
,-31.741365,-71.933416,12.9348,3.5,,CSN,CSN_22620
,-31.766621,-71.905184,10.7915,3.6,,CSN,CSN_22621
,-31.777888,-71.891299,21.6921,3.0,,CSN,CSN_22624
,-31.720812,-71.856489,25.3704,3.2,,CSN,CSN_22628
,-31.751112,-71.837261,25.4726,3.7,,CSN,CSN_22629
,-31.77539,-71.890829,20.2976,4.9,,CSN,CSN_22630
,-31.757171,-71.911944,18.1796,3.7,,CSN,CSN_22631
,-31.730529,-71.898335,23.0874,3.3,,CSN,CSN_22635
,-31.825276,-71.929775,11.6418,3.0,,CSN,CSN_22639
,-31.729285,-71.827062,24.3722,3.3,,CSN,CSN_22643
,-31.722487,-71.910535,18.9092,4.1,,CSN,CSN_22644
,-31.708711,-71.95452,13.6748,3.2,,CSN,CSN_22645
,-31.692107,-71.876979,7.1941,3.9,,CSN,CSN_22646
,-31.705418,-71.966411,25.0975,3.8,,CSN,CSN_22647
,-31.747746,-71.904759,23.2349,4.8,,CSN,CSN_22648
,-31.823555,-72.000011,35.8224,3.2,,CSN,CSN_22649
,-31.794521,-71.991807,40.1532,3.5,,CSN,CSN_22650
,-31.807077,-71.893289,24.0924,3.3,,CSN,CSN_22651
,-31.66541,-72.066116,56.9845,3.5,,CSN,CSN_22652
,-31.699173,-72.126446,5.6954,3.1,,CSN,CSN_22654
,-31.683249,-71.950998,31.0235,6.1,,CSN,CSN_22655
,-31.713071,-71.869998,44.8736,4.9,,CSN,CSN_22656
,-31.660918,-72.053557,22.4559,3.7,,CSN,CSN_22657
,-31.760893,-72.134315,7.7351,4.5,,CSN,CSN_22658
,-31.679539,-71.919709,49.0798,3.3,,CSN,CSN_22660
,-31.728763,-72.108036,42.2287,3.6,,CSN,CSN_22661
,-31.815147,-72.102564,22.8591,3.1,,CSN,CSN_22662
,-31.817138,-72.164249,19.4849,5.2,,CSN,CSN_22664
,-31.827066,-72.024641,8.278,3.5,,CSN,CSN_22665
,-31.819285,-72.125144,12.1485,3.1,,CSN,CSN_22666
,-31.834408,-71.999714,29.0172,3.1,,CSN,CSN_22667
,-31.820366,-72.112709,16.3298,4.0,,CSN,CSN_22668
,-31.69132,-71.95791,25.8356,3.1,,CSN,CSN_22670
,-31.743479,-72.100697,23.4033,3.2,,CSN,CSN_22671
,-31.707128,-72.114636,25.7505,3.8,,CSN,CSN_22673
,-31.758415,-72.061473,3.1279,3.7,,CSN,CSN_22674
,-31.733785,-72.00147,2.8187,3.3,,CSN,CSN_22675
,-31.739306,-72.088351,8.1265,3.0,,CSN,CSN_22676
,-31.838447,-72.008773,3.4288,3.5,,CSN,CSN_22677
,-31.718681,-71.936598,31.5536,3.4,,CSN,CSN_22678
,-31.709011,-71.979465,20.1548,3.6,,CSN,CSN_22679
,-31.711118,-71.943385,30.7221,4.4,,CSN,CSN_22680
,-31.742046,-71.910506,25.1918,3.9,,CSN,CSN_22681
,-31.747671,-71.916666,25.7008,4.6,,CSN,CSN_22682
,-31.71971,-71.918027,26.7572,3.8,,CSN,CSN_22683
,-31.732374,-71.913905,27.5992,3.0,,CSN,CSN_22684
,-31.75532,-71.86803,21.7159,4.0,,CSN,CSN_22685
,-31.745164,-71.904096,26.7937,3.8,,CSN,CSN_22686
,-31.716,-71.880641,28.4544,3.8,,CSN,CSN_22688
,-31.719625,-71.903589,23.3232,3.5,,CSN,CSN_22690
,-31.734743,-71.910112,26.3016,3.2,,CSN,CSN_22691
,-31.674033,-71.876889,13.9218,3.6,,CSN,CSN_22695
,-31.729646,-72.091905,3.2456,3.3,,CSN,CSN_22697
,-31.744832,-71.922943,28.2052,3.5,,CSN,CSN_22698
,-31.70602,-71.836617,14.8107,4.0,,CSN,CSN_22699
,-31.705487,-71.862033,21.17,3.8,,CSN,CSN_22700
,-31.72804,-71.850799,8.245,3.0,,CSN,CSN_22701
,-31.774383,-71.894525,20.0647,3.0,,CSN,CSN_22703
,-31.703314,-71.914738,22.9517,3.1,,CSN,CSN_22704
,-31.71035,-71.877718,22.3396,4.1,,CSN,CSN_22705
,-31.716514,-71.836551,5.9486,3.5,,CSN,CSN_22706
,-31.700622,-71.894742,23.4957,3.1,,CSN,CSN_22707
,-31.706239,-71.883214,19.2615,3.2,,CSN,CSN_22708
,-31.684146,-71.959891,9.6186,4.1,,CSN,CSN_22709
,-31.683479,-71.993482,15.5349,3.5,,CSN,CSN_22710
,-31.808866,-72.067649,3.2482,3.5,,CSN,CSN_22711
,-31.776248,-72.165115,16.9721,3.7,,CSN,CSN_22712
,-31.738382,-71.856527,33.127,3.2,,CSN,CSN_22713
,-31.679747,-71.970059,2.7161,4.9,,CSN,CSN_22714
,-31.821917,-72.108553,4.2676,5.1,,CSN,CSN_22715
,-31.742559,-72.010154,2.8701,4.4,,CSN,CSN_22716
,-31.816652,-71.943307,18.6599,5.5,,CSN,CSN_22717
,-31.761068,-71.87238,24.2747,4.2,,CSN,CSN_22718
,-31.79888,-71.970325,28.0219,3.8,,CSN,CSN_22719
,-31.682187,-72.117571,9.3775,4.3,,CSN,CSN_22720
,-31.858764,-72.036046,19.0162,4.1,,CSN,CSN_22721
,-31.740967,-72.025924,21.3753,4.9,,CSN,CSN_22722
,-31.842351,-72.111501,10.1462,3.8,,CSN,CSN_22723
,-31.815686,-72.108212,6.1393,4.9,,CSN,CSN_22724
,-31.723868,-72.065528,9.6175,3.8,,CSN,CSN_22725
,-31.752646,-72.096008,27.6441,4.0,,CSN,CSN_22726
,-31.742839,-72.122464,31.3361,5.3,,CSN,CSN_22727
,-31.744103,-72.0272,13.9088,4.3,,CSN,CSN_22728
,-31.666478,-72.100773,29.8282,3.4,,CSN,CSN_22729
,-31.803062,-72.075353,3.2681,3.9,,CSN,CSN_22730
,-31.796977,-71.974475,4.8742,3.4,,CSN,CSN_22731
,-31.746919,-72.089501,15.4923,3.7,,CSN,CSN_22732
,-31.703264,-72.080347,38.0663,3.2,,CSN,CSN_22733
,-31.732316,-72.136364,8.0483,4.8,,CSN,CSN_22734
,-31.709983,-72.123414,19.5305,4.0,,CSN,CSN_22735
,-31.841702,-72.039922,3.0793,4.1,,CSN,CSN_22736
,-31.789936,-71.977641,2.8512,3.5,,CSN,CSN_22737
,-31.700628,-72.121368,34.4506,4.1,,CSN,CSN_22738
,-31.71697,-72.121431,20.695,4.1,,CSN,CSN_22739
,-31.805933,-71.893028,2.4791,3.6,,CSN,CSN_22740
,-31.713148,-72.010498,15.4315,3.5,,CSN,CSN_22741
,-31.764241,-72.093166,14.1295,4.7,,CSN,CSN_22742
,-31.773176,-72.097224,25.8405,3.8,,CSN,CSN_22743
,-31.783334,-72.127964,10.0603,3.9,,CSN,CSN_22744
,-31.854096,-72.020189,10.0255,3.7,,CSN,CSN_22745
,-31.767958,-72.044316,18.7288,4.0,,CSN,CSN_22746
,-31.707964,-72.022083,13.4537,4.0,,CSN,CSN_22747
,-31.768034,-71.923968,7.2786,3.5,,CSN,CSN_22748
,-31.696054,-72.065255,19.1534,5.2,,CSN,CSN_22749
,-31.734888,-71.977948,14.4743,4.0,,CSN,CSN_22750
,-31.744634,-72.009788,16.0813,3.5,,CSN,CSN_22751
,-31.691257,-72.101102,19.3142,3.2,,CSN,CSN_22752
,-31.77182,-72.00333,20.3417,3.2,,CSN,CSN_22753
,-31.790563,-72.052312,5.8556,3.2,,CSN,CSN_22754
,-31.713509,-72.013282,19.0515,3.4,,CSN,CSN_22755
,-31.824106,-71.997613,14.093,3.4,,CSN,CSN_22757
,-31.807182,-72.116589,20.1622,3.2,,CSN,CSN_22758
,-31.713525,-72.111355,13.0712,3.9,,CSN,CSN_22759
,-31.829247,-72.014178,15.3915,4.4,,CSN,CSN_22760
,-31.838899,-72.099347,15.8916,3.2,,CSN,CSN_22761
,-31.719199,-72.167303,14.588,3.9,,CSN,CSN_22762
,-31.746048,-72.021784,17.2537,3.5,,CSN,CSN_22763
,-31.856436,-71.997334,28.8375,3.0,,CSN,CSN_22764
,-31.769749,-72.077413,19.9017,3.6,,CSN,CSN_22765
,-31.784263,-72.113767,3.3286,3.5,,CSN,CSN_22766
,-31.72842,-71.928629,21.7595,3.9,,CSN,CSN_22767
,-31.833694,-72.091745,8.9648,3.5,,CSN,CSN_22769
,-31.687044,-72.056624,23.7631,4.2,,CSN,CSN_22770
,-31.706505,-72.155251,9.2306,3.5,,CSN,CSN_22771
,-31.834829,-72.018316,11.0657,3.0,,CSN,CSN_22772
,-31.822994,-72.004908,26.4807,3.0,,CSN,CSN_22773
,-31.851595,-72.008303,22.8801,3.1,,CSN,CSN_22774
,-31.764675,-72.086302,9.9811,3.7,,CSN,CSN_22775
,-31.765687,-72.015157,12.5364,3.4,,CSN,CSN_22776
,-31.762645,-71.938818,24.9849,3.1,,CSN,CSN_22777
,-31.822003,-72.005315,13.2357,3.1,,CSN,CSN_22778
,-31.835946,-72.016799,15.262,3.4,,CSN,CSN_22779
,-31.682045,-72.065472,13.7435,3.1,,CSN,CSN_22780
,-31.756249,-71.996358,17.4514,3.9,,CSN,CSN_22781
,-31.75029,-72.037719,12.186,3.0,,CSN,CSN_22782
,-31.705199,-71.949741,2.543,3.6,,CSN,CSN_22783
,-31.683722,-72.018447,13.1771,3.8,,CSN,CSN_22784
,-31.806794,-72.088917,13.8872,3.4,,CSN,CSN_22785
,-31.754502,-71.906069,21.0409,3.8,,CSN,CSN_22786
,-31.786579,-72.082108,6.8018,3.6,,CSN,CSN_22787
,-31.688423,-71.944577,19.9238,3.7,,CSN,CSN_22788
,-31.673139,-71.896325,20.1823,3.2,,CSN,CSN_22789
,-31.659444,-71.966083,33.8639,3.7,,CSN,CSN_22790
,-31.72473,-71.909775,22.0192,3.5,,CSN,CSN_22791
,-31.675137,-71.880355,5.725,3.2,,CSN,CSN_22792
,-31.786124,-71.962347,15.8062,3.5,,CSN,CSN_22793
,-31.773188,-71.932264,16.6973,3.6,,CSN,CSN_22794
,-31.719938,-72.08036,24.0553,3.9,,CSN,CSN_22795
,-31.683648,-71.944216,27.7151,3.2,,CSN,CSN_22796
,-31.81175,-71.996613,22.9176,3.8,,CSN,CSN_22797
,-31.679683,-71.977231,23.3481,3.3,,CSN,CSN_22798
,-31.723949,-71.995021,13.1782,3.1,,CSN,CSN_22800
,-31.716681,-72.139313,3.3766,3.1,,CSN,CSN_22801
,-31.797229,-72.112722,21.9342,3.5,,CSN,CSN_22802
,-31.737375,-72.102491,8.8538,3.0,,CSN,CSN_22803
,-31.752012,-72.140821,17.8212,3.7,,CSN,CSN_22804
,-31.696706,-71.8637,23.7292,3.3,,CSN,CSN_22805
,-31.826965,-71.937973,23.8054,3.5,,CSN,CSN_22806
,-31.832996,-72.007676,25.1393,3.8,,CSN,CSN_22807
,-31.680146,-71.994377,24.4794,4.6,,CSN,CSN_22809
,-31.695847,-72.009155,21.1197,3.4,,CSN,CSN_22810
,-31.718548,-71.922965,30.0554,3.0,,CSN,CSN_22811
,-31.708763,-71.89789,25.8075,3.3,,CSN,CSN_22812
,-31.740067,-71.940346,13.3144,4.3,,CSN,CSN_22813
,-31.77797,-72.151237,3.4081,3.1,,CSN,CSN_22814
,-31.784843,-72.151834,14.9059,3.2,,CSN,CSN_22815
,-31.701766,-72.025739,22.2093,3.2,,CSN,CSN_22816
,-31.690126,-72.078925,17.0113,3.0,,CSN,CSN_22818
,-31.668242,-72.041432,32.0506,3.1,,CSN,CSN_22819
,-31.692207,-72.017071,14.1454,3.0,,CSN,CSN_22820
,-31.731068,-72.051103,20.5853,4.1,,CSN,CSN_22821
,-31.739204,-72.042868,14.8996,3.5,,CSN,CSN_22822
,-31.818579,-72.167508,33.1832,3.2,,CSN,CSN_22823
,-31.679344,-71.958198,22.001,3.6,,CSN,CSN_22824
,-31.688584,-71.981224,22.5891,3.8,,CSN,CSN_22825
,-31.689434,-71.964053,22.7177,4.4,,CSN,CSN_22826
,-31.787467,-72.156915,6.6102,3.0,,CSN,CSN_22827
,-31.836075,-72.131935,3.2123,3.8,,CSN,CSN_22828
,-31.828154,-72.064585,27.3751,4.0,,CSN,CSN_22829
,-31.687808,-71.946998,24.8265,3.5,,CSN,CSN_22830
,-31.728244,-72.09365,24.228,3.5,,CSN,CSN_22831
,-31.758473,-72.067955,21.2643,4.0,,CSN,CSN_22832
,-31.68852,-71.944058,17.8945,3.1,,CSN,CSN_22833
,-31.735343,-72.120794,13.9341,3.3,,CSN,CSN_22834
,-31.682741,-72.046506,19.4682,3.0,,CSN,CSN_22835
,-31.833234,-72.044285,27.0272,3.8,,CSN,CSN_22836
,-31.801301,-71.916499,18.0406,3.5,,CSN,CSN_22838
,-31.665512,-71.988484,27.7414,3.5,,CSN,CSN_22839
,-31.722204,-72.034349,22.9095,3.1,,CSN,CSN_22840
,-31.725391,-72.115467,7.3272,4.0,,CSN,CSN_22841
,-31.677898,-72.0755,15.0223,3.9,,CSN,CSN_22842
,-31.806443,-71.943062,21.3999,3.4,,CSN,CSN_22843
,-31.700854,-72.075372,27.0695,3.1,,CSN,CSN_22845
,-31.834375,-71.977832,18.3043,4.4,,CSN,CSN_22847
,-31.739579,-71.842402,24.1121,3.1,,CSN,CSN_22848
,-31.818407,-72.093581,41.1547,3.9,,CSN,CSN_22849
,-31.780229,-72.065114,16.4145,3.4,,CSN,CSN_22850
,-31.812193,-72.145199,25.0603,5.0,,CSN,CSN_22851
,-31.78554,-72.15728,21.8302,3.1,,CSN,CSN_22852
,-31.797428,-72.098864,6.2163,3.3,,CSN,CSN_22853
,-31.771732,-72.165163,28.622,3.2,,CSN,CSN_22854
,-31.760603,-71.970808,3.2034,3.1,,CSN,CSN_22855
,-31.845916,-72.118216,6.2265,3.2,,CSN,CSN_22856
,-31.824218,-72.101384,14.5475,3.7,,CSN,CSN_22857
,-31.805277,-72.105308,25.9477,3.1,,CSN,CSN_22858
,-31.781513,-72.08266,14.7282,3.3,,CSN,CSN_22859
,-31.737138,-72.14082,15.345,3.7,,CSN,CSN_22860
,-31.809462,-72.063412,13.229,3.2,,CSN,CSN_22861
,-31.69394,-71.856538,27.0741,3.5,,CSN,CSN_22863
,-31.670812,-72.114785,20.7541,3.5,,CSN,CSN_22864
,-31.829657,-72.101332,3.2352,3.0,,CSN,CSN_22866
,-31.705867,-72.13944,26.9933,3.7,,CSN,CSN_22867
,-31.677318,-71.963404,31.5678,3.6,,CSN,CSN_22868
,-31.678459,-72.105498,21.3344,3.6,,CSN,CSN_22870
,-31.695888,-71.953617,5.8269,3.8,,CSN,CSN_22871
,-31.67225,-71.960808,3.4234,3.3,,CSN,CSN_22873
,-31.687967,-71.995591,15.761,3.7,,CSN,CSN_22874
,-31.772342,-71.921384,29.2056,3.6,,CSN,CSN_22875
,-31.674828,-72.043129,10.3637,3.9,,CSN,CSN_22876
,-31.686698,-72.078541,23.3382,4.0,,CSN,CSN_22878
,-31.721921,-71.942601,37.026,3.6,,CSN,CSN_22879
,-31.659435,-71.93866,27.6239,3.1,,CSN,CSN_22880
,-31.728246,-71.893143,32.4024,3.3,,CSN,CSN_22881
,-31.851832,-71.999847,15.6982,3.5,,CSN,CSN_22882
,-31.775254,-71.927661,24.5386,3.5,,CSN,CSN_22883
,-31.707152,-72.018814,24.3013,3.2,,CSN,CSN_22884
,-31.730035,-71.897635,24.8073,3.9,,CSN,CSN_22885
,-31.741205,-72.063365,16.0968,4.9,,CSN,CSN_22886
,-31.743944,-71.93182,28.2727,4.8,,CSN,CSN_22887
,-31.709863,-72.006131,23.6554,4.2,,CSN,CSN_22888
,-31.676074,-71.867522,27.3932,3.7,,CSN,CSN_22889
,-31.725222,-71.922972,22.9444,3.0,,CSN,CSN_22890
,-31.814404,-72.030554,18.8228,3.0,,CSN,CSN_22891
,-31.761106,-72.037929,23.7014,3.2,,CSN,CSN_22892
,-31.718235,-72.092396,15.1282,3.3,,CSN,CSN_22893
,-31.738136,-71.966687,20.675,3.8,,CSN,CSN_22894
,-31.692358,-71.962283,28.6357,3.6,,CSN,CSN_22895
,-31.699628,-71.919013,27.1859,3.1,,CSN,CSN_22897
,-31.680905,-71.963558,23.2561,3.0,,CSN,CSN_22898
,-31.684466,-72.021702,22.8802,4.1,,CSN,CSN_22900
,-31.779799,-71.968984,28.8255,3.2,,CSN,CSN_22902
,-31.778306,-71.864299,31.9662,3.0,,CSN,CSN_22903
,-31.719964,-72.142594,16.5198,3.5,,CSN,CSN_22904
,-31.834028,-72.085912,18.8257,3.0,,CSN,CSN_22906
,-31.743661,-71.834007,28.6498,3.1,,CSN,CSN_22907
,-31.766027,-72.134443,20.9868,3.6,,CSN,CSN_22908
,-31.670302,-72.081347,22.1327,3.3,,CSN,CSN_22909
,-31.699879,-72.088855,31.7824,3.2,,CSN,CSN_22910
,-31.690162,-72.025823,36.6532,4.0,,CSN,CSN_22914
,-31.692351,-72.006471,22.6279,3.0,,CSN,CSN_22915
,-31.821356,-72.005451,15.0549,3.4,,CSN,CSN_22916
,-31.766058,-71.91847,22.1427,3.9,,CSN,CSN_22918
,-31.7928,-72.165345,16.0393,3.4,,CSN,CSN_22919
,-31.660146,-72.037872,24.5619,4.4,,CSN,CSN_22920
,-31.66435,-72.029671,26.7325,3.0,,CSN,CSN_22921
,-31.699054,-72.006878,20.0006,3.1,,CSN,CSN_22923
,-31.801487,-72.174296,23.8412,3.2,,CSN,CSN_22924
,-31.698631,-72.045428,30.7807,3.0,,CSN,CSN_22925
,-31.82114,-72.135375,11.3983,4.0,,CSN,CSN_22926
,-31.789382,-72.154059,14.4639,3.2,,CSN,CSN_22927
,-31.782826,-72.07794,27.8887,3.3,,CSN,CSN_22928
,-31.777688,-72.169096,26.4846,3.9,,CSN,CSN_22929
,-31.793541,-72.057332,18.9404,3.7,,CSN,CSN_22931
,-31.7886,-72.066815,17.7332,3.5,,CSN,CSN_22932
,-31.739896,-72.128571,22.036,3.4,,CSN,CSN_22933
,-31.754312,-72.138792,20.5886,3.8,,CSN,CSN_22934
,-31.646831,-71.988445,20.0097,3.9,,CSN,CSN_22935
,-31.754807,-71.934806,19.0918,3.0,,CSN,CSN_22938
,-31.788629,-72.068964,10.557,3.5,,CSN,CSN_22939
,-31.820937,-72.123695,17.9521,3.5,,CSN,CSN_22940
,-31.776018,-72.114718,18.695,3.5,,CSN,CSN_22941
,-31.73399,-72.154646,20.6505,3.4,,CSN,CSN_22942
,-31.810455,-71.952218,20.2543,3.2,,CSN,CSN_22944
,-31.781002,-72.115822,22.1329,3.0,,CSN,CSN_22945
,-31.696817,-72.140351,26.7323,3.9,,CSN,CSN_22946
,-31.833133,-71.97918,29.9309,4.2,,CSN,CSN_22947
,-31.70914,-72.059295,23.4535,3.2,,CSN,CSN_22948
,-31.771016,-71.929985,23.0051,3.4,,CSN,CSN_22949
,-31.820136,-72.059203,8.1827,3.2,,CSN,CSN_22950
,-31.817715,-72.171253,21.3581,4.6,,CSN,CSN_22953
,-31.827804,-72.129021,18.1361,3.4,,CSN,CSN_22954
,-31.780391,-72.162106,25.884,3.4,,CSN,CSN_22955
,-31.789571,-72.114896,20.4805,3.0,,CSN,CSN_22956
,-31.66772,-71.964777,26.9761,3.0,,CSN,CSN_22957
,-31.671903,-71.931367,29.6198,3.1,,CSN,CSN_22958
,-31.707376,-71.935735,18.8007,3.4,,CSN,CSN_22959
,-31.672251,-71.957692,19.5357,3.0,,CSN,CSN_22960
,-31.652385,-72.013737,22.0867,3.0,,CSN,CSN_22961
,-31.697902,-71.989894,26.7906,3.1,,CSN,CSN_22962
,-31.719285,-72.123506,28.7712,4.0,,CSN,CSN_22963
,-31.751088,-72.079289,14.2105,3.4,,CSN,CSN_22964
,-31.717422,-72.158259,17.4343,3.6,,CSN,CSN_22965
,-31.769433,-71.929934,26.8349,3.4,,CSN,CSN_22966
,-31.742933,-71.955325,19.3212,3.9,,CSN,CSN_22967
,-31.69157,-71.936727,26.0995,3.3,,CSN,CSN_22968
,-31.835456,-72.000835,2.9713,3.6,,CSN,CSN_22971
,-31.706671,-72.008599,3.1002,3.1,,CSN,CSN_22972
,-31.779019,-72.150319,23.2444,3.1,,CSN,CSN_22973
,-31.791118,-72.165821,13.1234,3.1,,CSN,CSN_22974
,-31.820421,-72.137322,9.568,4.2,,CSN,CSN_22976
,-31.719088,-72.095165,25.8721,4.0,,CSN,CSN_22977
,-31.736791,-72.111163,14.1029,4.6,,CSN,CSN_22978
,-31.682799,-72.093313,20.6702,3.2,,CSN,CSN_22981
,-31.674483,-72.02827,22.9873,3.0,,CSN,CSN_22982
,-31.707512,-72.018843,14.1119,3.8,,CSN,CSN_22983
,-31.824071,-72.070032,4.1237,3.6,,CSN,CSN_22985
,-31.822802,-71.925185,41.3631,3.5,,CSN,CSN_22989
,-31.754482,-71.986909,24.602,3.0,,CSN,CSN_22990
,-31.694773,-72.047712,23.8278,3.3,,CSN,CSN_22992
,-31.792676,-72.101688,27.0159,3.4,,CSN,CSN_22993
,-31.720438,-71.964827,25.895,3.4,,CSN,CSN_22994
,-31.760397,-72.014408,26.5984,3.0,,CSN,CSN_22995
,-31.826904,-71.987168,17.3123,3.1,,CSN,CSN_22997
,-31.69213,-72.020274,28.8465,3.0,,CSN,CSN_22999
,-31.683034,-72.13589,26.235,3.1,,CSN,CSN_23000
,-31.75028,-71.9007,29.1711,3.0,,CSN,CSN_23002
,-31.701227,-72.096545,6.7581,3.1,,CSN,CSN_23004
,-31.687646,-71.930554,26.9597,3.0,,CSN,CSN_23006
,-31.771535,-72.125887,25.5377,3.5,,CSN,CSN_23007
,-31.714569,-72.039961,14.3268,3.8,,CSN,CSN_23011
,-31.769884,-71.924909,24.9888,3.4,,CSN,CSN_23012
,-31.669895,-72.096625,15.9132,3.7,,CSN,CSN_23016
,-31.707323,-72.007076,19.6131,3.7,,CSN,CSN_23017
,-31.675774,-72.044936,6.2885,3.2,,CSN,CSN_23023
,-31.764378,-71.929259,27.7286,3.4,,CSN,CSN_23027
,-31.801446,-72.114781,18.6674,3.8,,CSN,CSN_23033
,-31.686386,-71.951074,22.8908,3.8,,CSN,CSN_23034
,-31.685412,-71.92489,24.3291,3.2,,CSN,CSN_23035
,-31.689437,-71.93377,20.747,3.5,,CSN,CSN_23036
,-31.777682,-72.065607,19.432,3.8,,CSN,CSN_23037
,-31.678352,-72.025768,23.2656,3.8,,CSN,CSN_23040
,-31.711468,-71.932889,25.6134,3.2,,CSN,CSN_23042
,-31.729508,-71.955089,20.8282,3.3,,CSN,CSN_23043
,-31.767134,-72.089946,19.8278,3.7,,CSN,CSN_23045
,-31.818602,-72.145582,26.1954,3.6,,CSN,CSN_23046
,-31.823451,-71.969753,21.042,3.4,,CSN,CSN_23047
,-31.787855,-71.957721,27.7731,3.0,,CSN,CSN_23050
,-31.851157,-72.098976,12.1591,5.7,,CSN,CSN_23051
,-31.841966,-72.089598,23.7237,3.3,,CSN,CSN_23052
,-31.841975,-72.070807,21.4901,3.8,,CSN,CSN_23053
,-31.816153,-71.992101,23.1161,3.8,,CSN,CSN_23054
,-31.839462,-72.012585,11.5452,3.5,,CSN,CSN_23055
,-31.828649,-71.981933,14.6097,3.1,,CSN,CSN_23056
,-31.814039,-72.138843,24.3206,3.0,,CSN,CSN_23059
,-31.831516,-72.120634,17.1218,3.6,,CSN,CSN_23061
,-31.827107,-72.095124,5.7207,3.3,,CSN,CSN_23068
,-31.782887,-71.898126,28.0002,3.8,,CSN,CSN_23071
,-31.794146,-72.070828,7.5657,3.8,,CSN,CSN_23072
,-31.778349,-72.137384,19.5965,3.5,,CSN,CSN_23073
,-31.771011,-71.95891,14.593,3.1,,CSN,CSN_23077
,-31.759054,-71.982659,14.6578,3.8,,CSN,CSN_23078
,-31.762329,-71.897269,23.1419,4.1,,CSN,CSN_23080
,-31.838365,-72.076637,35.4911,4.1,,CSN,CSN_23081
,-31.733335,-71.946281,24.542,3.8,,CSN,CSN_23082
,-31.774629,-71.87402,17.8858,3.7,,CSN,CSN_23083
,-31.73527,-71.904429,26.2927,3.2,,CSN,CSN_23084
,-31.723773,-71.887442,28.9849,3.0,,CSN,CSN_23090
,-31.738596,-71.919759,25.1679,3.0,,CSN,CSN_23091
,-31.770293,-71.914852,34.1662,3.2,,CSN,CSN_23092
,-31.688751,-72.09538,10.6715,3.0,,CSN,CSN_23093
,-31.811488,-71.972662,2.8671,3.3,,CSN,CSN_23094
,-31.814801,-72.001267,2.9686,3.3,,CSN,CSN_23095
,-31.772456,-72.140117,28.1967,3.3,,CSN,CSN_23096
,-31.759189,-72.16894,28.5468,3.6,,CSN,CSN_23098
,-31.704424,-71.928777,24.4805,3.2,,CSN,CSN_23101
,-31.750315,-72.125527,3.3638,3.0,,CSN,CSN_23103
,-31.81531,-71.958655,22.6795,3.5,,CSN,CSN_23104
,-31.741491,-71.883359,23.581,3.6,,CSN,CSN_23105
,-31.723742,-71.935474,29.1878,3.0,,CSN,CSN_23106
,-31.688524,-71.941204,15.0086,3.2,,CSN,CSN_23108
,-31.671715,-71.996626,16.1396,4.0,,CSN,CSN_23111
,-31.652887,-72.005294,22.6984,3.3,,CSN,CSN_23112
,-31.745918,-72.029538,21.6126,3.5,,CSN,CSN_23113
,-31.750751,-71.938276,20.0458,3.0,,CSN,CSN_23115
,-31.804517,-72.088134,14.7446,3.3,,CSN,CSN_23119
,-31.671111,-72.05084,22.4759,3.0,,CSN,CSN_23121
,-31.807829,-72.075176,5.0683,3.2,,CSN,CSN_23122
,-31.796164,-72.020827,17.6947,3.3,,CSN,CSN_23124
,-31.764049,-72.098552,23.1826,3.2,,CSN,CSN_23125
,-31.786722,-72.107977,15.078,3.4,,CSN,CSN_23126
,-31.696811,-71.924864,22.2155,3.6,,CSN,CSN_23128
,-31.760594,-72.157681,19.4888,4.7,,CSN,CSN_23137
,-31.811651,-72.05776,15.3665,3.1,,CSN,CSN_23139
,-31.814049,-72.12232,22.564,3.1,,CSN,CSN_23140
,-31.747325,-71.893071,22.9246,3.9,,CSN,CSN_23143
,-31.756989,-72.153297,9.4443,3.4,,CSN,CSN_23144
,-31.733618,-72.1353,42.2094,3.3,,CSN,CSN_23148
,-31.820573,-71.977024,16.332,3.5,,CSN,CSN_23153
,-31.735922,-71.823892,29.0213,3.3,,CSN,CSN_23155
,-31.800975,-72.066867,16.1528,3.6,,CSN,CSN_23158
,-31.80288,-72.003918,8.8498,3.1,,CSN,CSN_23159
,-31.774269,-71.904767,24.7935,3.0,,CSN,CSN_23161
,-31.785819,-71.902842,23.688,3.8,,CSN,CSN_23162
,-31.837196,-71.967149,17.4616,3.5,,CSN,CSN_23165
,-31.72235,-72.093491,15.0283,3.0,,CSN,CSN_23170
,-31.704813,-72.016512,2.882,3.0,,CSN,CSN_23171
,-31.822614,-72.059004,7.4542,3.0,,CSN,CSN_23174
,-30.631618,-71.332995,29.8284,3.1,,CSN,CSN_23176
,-30.654116,-71.421753,45.7912,3.6,,CSN,CSN_23177
,-30.875424,-71.379548,63.6872,4.3,,CSN,CSN_23180
,-30.880192,-71.46337,60.0513,3.0,,CSN,CSN_23181
,-30.891006,-71.398448,57.8671,4.4,,CSN,CSN_23182
,-30.886385,-71.445572,27.3267,3.8,,CSN,CSN_23183
,-30.772319,-71.382905,38.0329,3.3,,CSN,CSN_23185
,-30.740507,-71.477657,26.7566,3.4,,CSN,CSN_23186
,-30.747612,-71.505737,22.2024,3.9,,CSN,CSN_23187
,-30.742902,-71.464665,23.8764,3.9,,CSN,CSN_23188
,-30.770853,-71.428558,2.218,4.6,,CSN,CSN_23189
,-30.769869,-71.397416,-0.1812,3.4,,CSN,CSN_23190
,-30.773919,-71.417333,20.7525,3.4,,CSN,CSN_23191
,-30.790898,-71.499187,23.1757,3.4,,CSN,CSN_23192
,-30.743946,-71.432822,29.9698,4.9,,CSN,CSN_23193
,-30.801564,-71.391717,28.2577,3.9,,CSN,CSN_23194
,-30.773289,-71.48086,9.5961,3.6,,CSN,CSN_23195
,-30.828702,-71.411349,2.0008,3.8,,CSN,CSN_23196
,-30.744637,-71.482949,27.1518,3.4,,CSN,CSN_23197
,-30.75124,-71.433672,44.0319,4.6,,CSN,CSN_23198
,-30.740494,-71.463267,31.9668,4.5,,CSN,CSN_23199
,-30.718034,-71.455434,26.7258,3.7,,CSN,CSN_23200
,-30.657193,-71.358002,44.4782,3.9,,CSN,CSN_23203
,-30.660257,-71.323376,47.3941,3.7,,CSN,CSN_23204
,-30.65477,-71.360395,48.2965,3.7,,CSN,CSN_23205
,-30.715859,-71.477327,35.8878,3.8,,CSN,CSN_23206
,-30.731916,-71.475034,37.606,4.5,,CSN,CSN_23207
,-30.684059,-71.414401,47.1487,3.2,,CSN,CSN_23209
,-30.859632,-71.438138,42.1789,3.9,,CSN,CSN_23212
,-30.730313,-71.336265,51.1397,4.5,,CSN,CSN_23214
,-30.857776,-71.447335,43.3141,4.8,,CSN,CSN_23215
,-30.866462,-71.459649,39.0565,4.0,,CSN,CSN_23216
,-30.852928,-71.464757,40.3894,3.7,,CSN,CSN_23219
,-30.775587,-71.421746,44.5754,4.5,,CSN,CSN_23220
,-30.731909,-71.402024,44.4644,5.3,,CSN,CSN_23221
,-30.724057,-71.386817,47.4451,3.0,,CSN,CSN_23224
,-30.71001,-71.40072,44.8944,3.1,,CSN,CSN_23225
,-30.73523,-71.402605,45.7078,3.5,,CSN,CSN_23226
,-30.781046,-71.44054,19.5645,3.0,,CSN,CSN_23227
,-30.771784,-71.421866,57.6443,3.1,,CSN,CSN_23228
,-30.798091,-71.394663,46.3195,4.2,,CSN,CSN_23233
,-30.833687,-71.372242,47.4097,4.6,,CSN,CSN_23235
,-30.841065,-71.385761,47.1749,3.6,,CSN,CSN_23236
,-30.817224,-71.410994,41.7788,3.2,,CSN,CSN_23239
,-30.705221,-71.432857,40.8425,3.1,,CSN,CSN_23242
,-30.718311,-71.389404,45.5082,3.8,,CSN,CSN_23245
,-30.789673,-71.379504,45.6519,5.0,,CSN,CSN_23247
,-30.681776,-71.367225,47.4088,3.0,,CSN,CSN_23249
,-30.738739,-71.400202,46.8276,4.1,,CSN,CSN_23252
,-30.846401,-71.369,64.1176,3.1,,CSN,CSN_23256
,-30.734471,-71.39186,44.6039,4.0,,CSN,CSN_23257
,-30.788432,-71.482192,40.4181,3.3,,CSN,CSN_23266
,-30.769897,-71.413406,57.386,3.7,,CSN,CSN_23267
,-30.90057,-71.446237,58.5385,3.8,,CSN,CSN_23269
,-30.80725,-71.439977,43.9307,3.9,,CSN,CSN_23272
,-30.753993,-71.404421,40.4234,3.8,,CSN,CSN_23276
,-30.925166,-71.414751,58.5492,3.2,,CSN,CSN_23277
,-30.823675,-71.479353,44.6577,4.6,,CSN,CSN_23278
,-30.600289,-71.380815,41.3706,3.3,,CSN,CSN_23281
,-30.575595,-71.402149,62.3288,3.4,,CSN,CSN_23282
,-30.810482,-71.470365,41.5705,4.6,,CSN,CSN_23283
,-30.79083,-71.496307,48.134,5.5,,CSN,CSN_23284
,-30.848832,-71.372006,51.5029,4.0,,CSN,CSN_23285
,-30.816814,-71.466192,40.8172,3.9,,CSN,CSN_23287
,-30.876399,-71.411778,63.8711,4.1,,CSN,CSN_23288
,-30.879698,-71.385856,60.6476,3.9,,CSN,CSN_23290
,-30.710243,-71.395602,42.8115,3.6,,CSN,CSN_23291
,-30.581014,-71.404625,18.1691,4.6,,CSN,CSN_23293
,-30.739141,-71.362249,44.9635,3.2,,CSN,CSN_23294
,-30.725109,-71.388183,57.5745,3.2,,CSN,CSN_23295
,-30.75856,-71.435335,35.2357,3.2,,CSN,CSN_23298
,-30.737494,-71.433022,43.1488,3.0,,CSN,CSN_23300
,-30.809193,-71.448887,45.4654,3.8,,CSN,CSN_23303
,-30.710535,-71.39858,50.0229,3.9,,CSN,CSN_23304
,-30.681439,-71.356814,58.9157,4.0,,CSN,CSN_23305
,-30.85348,-71.433646,41.0816,4.2,,CSN,CSN_23306
,-30.743864,-71.366858,47.6014,3.9,,CSN,CSN_23307
,-30.917909,-71.430677,56.8353,3.4,,CSN,CSN_23310
,-30.747577,-71.377825,46.9231,3.8,,CSN,CSN_23312
,-30.730785,-71.408637,45.4748,3.5,,CSN,CSN_23313
,-30.772358,-71.393868,49.1356,3.6,,CSN,CSN_23314
,-30.876694,-71.379405,56.9611,4.4,,CSN,CSN_23317
,-30.750111,-71.392168,44.2953,3.6,,CSN,CSN_23318
,-30.733393,-71.396448,55.5553,3.8,,CSN,CSN_23319
,-30.8717,-71.414638,61.914,4.9,,CSN,CSN_23323
,-30.640927,-71.374095,48.3764,4.1,,CSN,CSN_23324
,-30.90564,-71.389461,58.9395,3.3,,CSN,CSN_23325
,-30.870908,-71.461808,56.6938,3.0,,CSN,CSN_23326
,-30.741846,-71.33207,46.1632,3.9,,CSN,CSN_23327
,-30.791164,-71.49477,39.8053,3.3,,CSN,CSN_23328
,-30.799516,-71.441168,53.4314,3.0,,CSN,CSN_23330
,-30.772511,-71.43936,42.9261,3.2,,CSN,CSN_23331
,-30.767539,-71.370295,54.8268,4.0,,CSN,CSN_23334
,-30.79706,-71.467735,39.6642,3.3,,CSN,CSN_23335
,-30.627535,-71.381065,42.887,5.1,,CSN,CSN_23336
,-30.726927,-71.354428,49.4642,3.9,,CSN,CSN_23337
,-30.74247,-71.410292,58.9134,3.7,,CSN,CSN_23338
,-30.792181,-71.4476,45.2891,3.2,,CSN,CSN_23339
,-30.780829,-71.407746,60.2863,4.7,,CSN,CSN_23340
,-30.750466,-71.407794,41.1642,4.8,,CSN,CSN_23341
,-30.748267,-71.417859,41.6653,4.7,,CSN,CSN_23342
,-30.928002,-71.400804,62.4533,3.4,,CSN,CSN_23343
,-30.882305,-71.403768,41.8716,4.3,,CSN,CSN_23344
,-30.762171,-71.46368,47.5942,4.0,,CSN,CSN_23345
,-30.778699,-71.387298,26.4968,3.3,,CSN,CSN_23346
,-30.731425,-71.455127,39.4754,3.2,,CSN,CSN_23347
,-30.6302,-71.356164,35.7751,3.0,,CSN,CSN_23348
,-30.816634,-71.466734,42.3102,3.8,,CSN,CSN_23349
,-30.723759,-71.39677,34.0742,3.3,,CSN,CSN_23350
,-30.617114,-71.3721,46.2004,3.3,,CSN,CSN_23352
,-30.692665,-71.366143,48.74,3.3,,CSN,CSN_23354
,-30.89045,-71.430868,55.0796,3.5,,CSN,CSN_23355
,-30.846052,-71.402158,49.0533,4.4,,CSN,CSN_23356
,-30.586185,-71.369505,42.0477,3.4,,CSN,CSN_23357
,-30.715376,-71.392698,46.4321,5.0,,CSN,CSN_23358
,-30.595607,-71.409593,41.6504,3.1,,CSN,CSN_23359
,-30.746077,-71.414258,44.7739,3.7,,CSN,CSN_23360
,-30.784358,-71.370722,59.4874,3.2,,CSN,CSN_23361
,-30.667316,-71.430604,61.1415,4.7,,CSN,CSN_23362
,-30.794803,-71.418312,55.0388,3.2,,CSN,CSN_23363
,-30.880854,-71.374867,58.6124,3.0,,CSN,CSN_23366
,-30.640034,-71.333747,50.5132,3.9,,CSN,CSN_23368
,-30.771573,-71.500691,40.0243,3.7,,CSN,CSN_23370
,-30.683194,-71.400722,48.4394,3.5,,CSN,CSN_23371
,-30.723828,-71.412667,44.2181,3.8,,CSN,CSN_23372
,-30.83403,-71.390041,53.6661,3.2,,CSN,CSN_23373
,-30.705382,-71.448384,42.1901,4.6,,CSN,CSN_23374
,-30.700129,-71.455348,42.1335,4.3,,CSN,CSN_23375
,-30.81701,-71.451703,37.7331,3.5,,CSN,CSN_23376
,-30.912165,-71.416324,21.6179,4.4,,CSN,CSN_23377
,-30.710132,-71.466326,44.3052,4.0,,CSN,CSN_23378
,-30.737202,-71.434035,42.177,4.2,,CSN,CSN_23379
,-30.855315,-71.448798,47.6688,3.9,,CSN,CSN_23380
,-30.816352,-71.469043,40.4128,4.0,,CSN,CSN_23381
,-30.840702,-71.41668,47.1438,4.1,,CSN,CSN_23382
,-30.856869,-71.442315,33.9139,3.6,,CSN,CSN_23383
,-30.811272,-71.466459,40.8994,4.0,,CSN,CSN_23384
,-30.83646,-71.423309,44.5705,4.6,,CSN,CSN_23385
,-30.787539,-71.428311,37.9331,3.3,,CSN,CSN_23386
,-30.829799,-71.437813,9.2226,4.0,,CSN,CSN_23387
,-30.800211,-71.372858,40.4956,4.8,,CSN,CSN_23388
,-30.856228,-71.390829,49.1555,5.1,,CSN,CSN_23389
,-30.778987,-71.445605,41.0403,3.8,,CSN,CSN_23390
,-30.744428,-71.437108,41.522,3.6,,CSN,CSN_23391
,-30.827379,-71.460548,45.1068,3.0,,CSN,CSN_23392
,-30.808546,-71.437408,41.5674,3.7,,CSN,CSN_23393
,-30.845251,-71.438268,43.7143,3.7,,CSN,CSN_23394
,-30.790076,-71.483267,39.0215,4.4,,CSN,CSN_23395
,-30.689088,-71.478539,40.3552,4.6,,CSN,CSN_23397
,-30.790471,-71.432159,42.532,4.5,,CSN,CSN_23398
,-30.852619,-71.470974,42.4409,4.3,,CSN,CSN_23399
,-30.848309,-71.461564,41.7053,3.7,,CSN,CSN_23400
,-30.725236,-71.446239,42.2877,3.4,,CSN,CSN_23401
,-30.809537,-71.409787,43.7371,3.5,,CSN,CSN_23402
,-30.787864,-71.430832,38.6737,4.1,,CSN,CSN_23403
,-30.776409,-71.398704,47.4133,3.2,,CSN,CSN_23404
,-30.731466,-71.44959,42.3719,4.8,,CSN,CSN_23405
,-30.791537,-71.449546,42.6471,4.0,,CSN,CSN_23406
,-30.802356,-71.466614,41.3772,4.1,,CSN,CSN_23407
,-30.780097,-71.430397,43.0502,3.5,,CSN,CSN_23408
,-30.757391,-71.375332,47.3165,4.0,,CSN,CSN_23409
,-30.802317,-71.445027,41.3884,3.6,,CSN,CSN_23410
,-30.798481,-71.446462,42.8732,4.3,,CSN,CSN_23411
,-30.77738,-71.420405,43.4368,3.5,,CSN,CSN_23412
,-30.776998,-71.405106,42.7146,3.0,,CSN,CSN_23413
,-30.760769,-71.424931,41.4363,3.5,,CSN,CSN_23414
,-30.767117,-71.390442,48.2856,3.2,,CSN,CSN_23415
,-30.882801,-71.441364,44.258,3.5,,CSN,CSN_23416
,-30.850399,-71.429982,41.955,3.7,,CSN,CSN_23417
,-30.760413,-71.382433,42.4823,3.1,,CSN,CSN_23418
,-30.86143,-71.465505,43.2106,3.7,,CSN,CSN_23419
,-30.779788,-71.440194,44.7041,4.4,,CSN,CSN_23420
,-30.817505,-71.440069,38.4421,3.3,,CSN,CSN_23421
,-30.855597,-71.438688,43.7631,4.2,,CSN,CSN_23422
,-30.736554,-71.454393,41.9898,4.1,,CSN,CSN_23423
,-30.845025,-71.465777,44.02,4.7,,CSN,CSN_23424
,-30.626075,-71.422092,48.5915,4.3,,CSN,CSN_23425
,-30.720215,-71.471513,40.2263,3.3,,CSN,CSN_23426
,-30.766706,-71.443432,44.4693,3.6,,CSN,CSN_23427
,-30.728497,-71.463593,41.8383,4.8,,CSN,CSN_23428
,-30.704546,-71.442703,42.5921,4.3,,CSN,CSN_23429
,-30.721458,-71.440787,39.3649,4.3,,CSN,CSN_23430
,-30.782945,-71.408516,46.3823,4.5,,CSN,CSN_23431
,-30.621248,-71.412673,43.6915,3.7,,CSN,CSN_23432
,-30.666886,-71.456719,41.1654,3.6,,CSN,CSN_23433
,-30.738157,-71.416189,40.7708,3.5,,CSN,CSN_23435
,-30.836558,-71.403666,43.1762,3.6,,CSN,CSN_23436
,-30.700415,-71.464755,44.5179,3.2,,CSN,CSN_23437
,-30.832784,-71.406088,44.4413,3.2,,CSN,CSN_23438
,-30.724801,-71.449641,43.2433,4.5,,CSN,CSN_23439
,-30.729289,-71.442148,42.0493,3.4,,CSN,CSN_23440
,-30.790914,-71.453117,41.1218,5.0,,CSN,CSN_23441
,-30.752047,-71.448402,41.3119,3.6,,CSN,CSN_23442
,-30.738798,-71.447967,42.2023,3.7,,CSN,CSN_23443
,-30.743347,-71.45291,41.1872,5.3,,CSN,CSN_23444
,-30.850917,-71.416454,42.5698,4.3,,CSN,CSN_23445
,-30.688607,-71.476984,41.5756,4.0,,CSN,CSN_23446
,-30.854057,-71.40651,43.7619,5.0,,CSN,CSN_23447
,-30.808095,-71.445197,40.4459,4.2,,CSN,CSN_23451
,-30.6904,-71.348157,49.518,3.6,,CSN,CSN_23453
,-30.871824,-71.405897,45.1029,4.3,,CSN,CSN_23454
,-30.874685,-71.444635,47.956,3.4,,CSN,CSN_23455
,-30.808714,-71.424598,39.0057,3.5,,CSN,CSN_23456
,-30.806578,-71.409595,39.4648,3.5,,CSN,CSN_23457
,-30.827825,-71.436368,44.7604,3.9,,CSN,CSN_23458
,-30.789329,-71.458644,40.7576,4.0,,CSN,CSN_23459
,-30.685652,-71.346785,50.7312,3.9,,CSN,CSN_23460
,-30.807971,-71.462136,40.5402,3.8,,CSN,CSN_23461
,-30.782757,-71.43926,41.5336,3.5,,CSN,CSN_23462
,-30.729474,-71.445646,40.3817,3.1,,CSN,CSN_23463
,-30.756507,-71.418019,41.8594,3.7,,CSN,CSN_23464
,-30.822647,-71.425814,43.8374,4.0,,CSN,CSN_23465
,-30.713682,-71.333439,50.177,3.3,,CSN,CSN_23466
,-30.722111,-71.441842,43.5037,3.7,,CSN,CSN_23467
,-30.75593,-71.422275,41.4656,3.6,,CSN,CSN_23468
,-30.768583,-71.426359,39.5035,3.9,,CSN,CSN_23469
,-30.821555,-71.45081,41.1911,4.1,,CSN,CSN_23470
,-30.859143,-71.402236,42.7532,4.4,,CSN,CSN_23471
,-30.889642,-71.416978,44.3501,3.5,,CSN,CSN_23472
,-30.791138,-71.431528,43.6199,4.9,,CSN,CSN_23474
,-30.748215,-71.446292,46.8164,5.8,,CSN,CSN_23475
,-30.837129,-71.442636,41.0426,3.6,,CSN,CSN_23476
,-30.781951,-71.455748,45.3265,4.0,,CSN,CSN_23477
,-30.883942,-71.401739,47.9114,4.0,,CSN,CSN_23478
,-30.833826,-71.455941,41.1574,3.4,,CSN,CSN_23479
,-30.737484,-71.403948,42.38,4.5,,CSN,CSN_23480
,-30.746288,-71.388345,47.8403,3.0,,CSN,CSN_23481
,-30.865659,-71.396569,45.499,3.7,,CSN,CSN_23482
,-30.779249,-71.42639,42.9986,3.0,,CSN,CSN_23483
,-30.796509,-71.392242,37.4282,3.1,,CSN,CSN_23484
,-30.586468,-71.375839,49.6736,3.5,,CSN,CSN_23485
,-30.791082,-71.450356,46.9866,3.0,,CSN,CSN_23486
,-30.751654,-71.463559,43.1813,3.5,,CSN,CSN_23487
,-30.85912,-71.410892,45.2517,3.0,,CSN,CSN_23488
,-30.821708,-71.41826,41.7927,3.9,,CSN,CSN_23489
,-30.804441,-71.43822,44.7781,3.7,,CSN,CSN_23491
,-30.895986,-71.41494,48.5501,3.1,,CSN,CSN_23493
,-30.772389,-71.382624,45.2939,3.3,,CSN,CSN_23494
,-30.835722,-71.435282,46.3026,5.0,,CSN,CSN_23495
,-30.835618,-71.398539,43.8123,3.3,,CSN,CSN_23496
,-30.741293,-71.404084,49.1305,3.2,,CSN,CSN_23497
,-30.843544,-71.437035,44.3393,4.3,,CSN,CSN_23498
,-30.792553,-71.485526,41.6438,3.7,,CSN,CSN_23499
,-30.757689,-71.505942,40.6791,3.7,,CSN,CSN_23500
,-30.850864,-71.402132,42.7334,3.6,,CSN,CSN_23501
,-30.773772,-71.424822,42.3335,4.3,,CSN,CSN_23502
,-30.743787,-71.375848,42.9819,4.0,,CSN,CSN_23503
,-30.85163,-71.450329,41.6186,3.4,,CSN,CSN_23504
,-30.743374,-71.476339,45.8673,3.6,,CSN,CSN_23505
,-30.720587,-71.367176,47.3889,4.6,,CSN,CSN_23506
,-30.786046,-71.406603,44.0657,3.6,,CSN,CSN_23507
,-30.783755,-71.412631,43.3387,3.3,,CSN,CSN_23508
,-30.874287,-71.403265,43.1504,3.5,,CSN,CSN_23509
,-30.77506,-71.390487,42.2218,3.2,,CSN,CSN_23510
,-30.742471,-71.359516,42.9837,3.3,,CSN,CSN_23511
,-30.734631,-71.391134,47.1782,3.6,,CSN,CSN_23512
,-30.691945,-71.394592,46.4158,3.1,,CSN,CSN_23513
,-30.748635,-71.377573,47.7494,3.6,,CSN,CSN_23514
,-30.858693,-71.414993,46.3806,3.1,,CSN,CSN_23515
,-30.601501,-71.41575,45.6286,3.5,,CSN,CSN_23516
,-30.845263,-71.392612,41.2454,3.5,,CSN,CSN_23517
,-30.776689,-71.449052,45.749,3.3,,CSN,CSN_23518
,-30.906486,-71.435331,59.3784,3.2,,CSN,CSN_23519
,-30.720975,-71.365112,46.1103,3.6,,CSN,CSN_23520
,-30.71283,-71.469969,38.4808,3.3,,CSN,CSN_23521
,-30.787725,-71.441955,43.7061,3.8,,CSN,CSN_23522
,-30.821156,-71.477862,45.3553,4.5,,CSN,CSN_23523
,-30.751535,-71.349203,44.0749,3.1,,CSN,CSN_23524
,-30.757937,-71.372398,45.4799,3.0,,CSN,CSN_23525
,-30.626158,-71.37268,11.7356,3.3,,CSN,CSN_23526
,-30.798269,-71.454605,35.7851,4.3,,CSN,CSN_23527
,-30.779659,-71.413252,46.9726,4.4,,CSN,CSN_23528
,-30.791785,-71.372365,39.6172,3.5,,CSN,CSN_23529
,-30.744159,-71.429524,42.2196,3.3,,CSN,CSN_23530
,-30.852611,-71.452086,64.5194,3.7,,CSN,CSN_23531
,-30.873754,-71.420869,44.1754,3.6,,CSN,CSN_23532
,-30.710663,-71.418812,44.3268,3.8,,CSN,CSN_23533
,-30.691908,-71.398639,47.1207,3.8,,CSN,CSN_23534
,-30.829237,-71.44856,41.6504,3.8,,CSN,CSN_23535
,-30.807535,-71.448624,43.4444,3.2,,CSN,CSN_23536
,-30.772152,-71.484695,40.5205,4.1,,CSN,CSN_23538
,-30.758418,-71.469619,40.0487,4.4,,CSN,CSN_23539
,-30.893722,-71.39322,44.4967,3.2,,CSN,CSN_23540
,-30.794027,-71.425159,42.6699,3.7,,CSN,CSN_23541
,-30.723349,-71.366166,48.2745,3.1,,CSN,CSN_23542
,-30.636515,-71.414425,45.7094,3.3,,CSN,CSN_23543
,-30.678411,-71.382867,46.9031,3.3,,CSN,CSN_23544
,-30.781669,-71.421013,45.5048,3.2,,CSN,CSN_23545
,-30.776366,-71.378502,48.512,3.4,,CSN,CSN_23546
,-30.687855,-71.449407,39.6322,3.2,,CSN,CSN_23547
,-30.683512,-71.460723,41.068,3.5,,CSN,CSN_23548
,-30.681501,-71.456792,40.6129,3.1,,CSN,CSN_23549
,-30.845988,-71.42895,44.0204,3.7,,CSN,CSN_23550
,-30.768736,-71.453762,44.3724,4.0,,CSN,CSN_23552
,-30.683981,-71.453072,41.2272,4.0,,CSN,CSN_23553
,-30.681639,-71.460332,41.4193,3.4,,CSN,CSN_23554
,-30.778067,-71.44001,42.2171,4.7,,CSN,CSN_23555
,-30.811755,-71.439958,41.1895,4.4,,CSN,CSN_23556
,-30.814428,-71.446445,41.6348,3.2,,CSN,CSN_23557
,-30.769637,-71.392094,46.4557,3.1,,CSN,CSN_23558
,-30.7554,-71.369107,49.1008,3.8,,CSN,CSN_23559
,-30.795298,-71.424803,45.4381,3.8,,CSN,CSN_23560
,-30.729537,-71.412755,44.7,3.2,,CSN,CSN_23561
,-30.676173,-71.344765,51.2882,3.7,,CSN,CSN_23562
,-30.704815,-71.443917,41.7791,4.4,,CSN,CSN_23563
,-30.64286,-71.398291,46.6202,4.4,,CSN,CSN_23566
,-30.692081,-71.404347,42.9571,3.0,,CSN,CSN_23567
,-30.733482,-71.446364,41.7822,3.1,,CSN,CSN_23568
,-30.724919,-71.447577,43.8669,4.0,,CSN,CSN_23569
,-30.764246,-71.46958,43.8199,4.5,,CSN,CSN_23570
,-30.757339,-71.431595,43.1169,3.8,,CSN,CSN_23573
,-30.763558,-71.435726,44.0427,3.5,,CSN,CSN_23574
,-30.789297,-71.381934,38.849,4.6,,CSN,CSN_23575
,-30.715901,-71.325653,49.4708,3.4,,CSN,CSN_23576
,-30.767461,-71.418284,43.0634,3.0,,CSN,CSN_23577
,-30.723574,-71.421302,43.0726,4.0,,CSN,CSN_23579
,-30.721197,-71.454739,43.5071,3.7,,CSN,CSN_23581
,-30.667471,-71.371236,44.0613,3.1,,CSN,CSN_23582
,-30.778658,-71.451532,42.4702,3.1,,CSN,CSN_23583
,-30.776017,-71.397567,41.4792,4.0,,CSN,CSN_23584
,-30.824707,-71.389924,56.3692,3.4,,CSN,CSN_23585
,-30.751404,-71.352428,46.0776,3.0,,CSN,CSN_23586
,-30.689253,-71.34296,47.1089,3.3,,CSN,CSN_23587
,-30.888898,-71.440124,58.186,3.6,,CSN,CSN_23588
,-30.71755,-71.415385,46.6392,3.8,,CSN,CSN_23591
,-30.691256,-71.341358,25.9202,4.4,,CSN,CSN_23592
,-30.714161,-71.436974,40.8744,3.8,,CSN,CSN_23593
,-30.619013,-71.40782,45.6153,3.7,,CSN,CSN_23594
,-30.724482,-71.433216,42.4512,3.3,,CSN,CSN_23595
,-30.692182,-71.388716,45.1603,3.6,,CSN,CSN_23598
,-30.722368,-71.473965,41.3353,3.4,,CSN,CSN_23599
,-30.647859,-71.359967,48.8995,3.2,,CSN,CSN_23601
,-30.730429,-71.458748,36.1944,3.1,,CSN,CSN_23602
,-30.621667,-71.41602,46.6474,3.6,,CSN,CSN_23603
,-30.717273,-71.382999,45.865,3.8,,CSN,CSN_23604
,-30.705646,-71.440688,43.7828,3.5,,CSN,CSN_23605
,-30.829501,-71.42266,45.9577,4.8,,CSN,CSN_23606
,-30.722828,-71.445974,42.6209,4.1,,CSN,CSN_23607
,-30.815823,-71.434948,42.5295,3.3,,CSN,CSN_23608
,-30.790257,-71.433767,43.7277,3.8,,CSN,CSN_23609
,-30.701825,-71.356513,43.4106,4.9,,CSN,CSN_23610
,-30.708747,-71.375917,46.5406,3.0,,CSN,CSN_23611
,-30.774951,-71.438274,42.9563,3.7,,CSN,CSN_23612
,-30.710448,-71.353062,39.8414,3.2,,CSN,CSN_23614
,-30.707191,-71.417214,43.2998,3.0,,CSN,CSN_23615
,-30.735697,-71.385792,47.472,3.7,,CSN,CSN_23616
,-30.812576,-71.47954,38.7601,4.7,,CSN,CSN_23617
,-30.827314,-71.478711,37.6372,3.1,,CSN,CSN_23618
,-30.634975,-71.38826,43.7221,3.0,,CSN,CSN_23619
,-30.72744,-71.410445,44.9291,3.9,,CSN,CSN_23621
,-30.71182,-71.378653,47.3708,3.3,,CSN,CSN_23622
,-30.765331,-71.449023,42.8549,4.6,,CSN,CSN_23623
,-30.716447,-71.371403,46.5937,3.4,,CSN,CSN_23627
,-30.67891,-71.341876,47.6604,3.4,,CSN,CSN_23628
,-30.676909,-71.343767,50.4464,3.9,,CSN,CSN_23633
,-30.662272,-71.383639,47.1543,4.1,,CSN,CSN_23634
,-30.69801,-71.384907,43.195,3.9,,CSN,CSN_23635
,-30.752029,-71.370528,48.5603,3.3,,CSN,CSN_23636
,-30.749138,-71.438762,43.302,3.8,,CSN,CSN_23638
,-30.749738,-71.378564,45.6058,3.0,,CSN,CSN_23639
,-30.727849,-71.38669,48.1639,4.4,,CSN,CSN_23640
,-30.718139,-71.439858,43.3669,3.8,,CSN,CSN_23641
,-30.706557,-71.424035,38.3881,4.9,,CSN,CSN_23642
,-30.618411,-71.411155,47.0776,3.1,,CSN,CSN_23644
,-30.720702,-71.417388,42.3181,3.9,,CSN,CSN_23646
,-30.721548,-71.331079,50.4442,3.4,,CSN,CSN_23647
,-30.734837,-71.432474,43.2878,3.1,,CSN,CSN_23649
,-30.698293,-71.390809,46.4063,3.3,,CSN,CSN_23650
,-30.728855,-71.42298,44.6034,4.3,,CSN,CSN_23651
,-30.865311,-71.412022,46.0608,4.4,,CSN,CSN_23652
,-30.694922,-71.397527,45.5421,3.7,,CSN,CSN_23656
,-30.780181,-71.457998,43.5963,3.1,,CSN,CSN_23657
,-30.681734,-71.397886,46.166,3.0,,CSN,CSN_23664
,-30.71194,-71.376837,48.3833,3.9,,CSN,CSN_23665
,-30.801029,-71.443039,43.9687,4.9,,CSN,CSN_23667
,-30.743534,-71.455349,38.129,3.3,,CSN,CSN_23668
,-30.743333,-71.417351,45.3343,3.1,,CSN,CSN_23670
,-30.716848,-71.377808,45.2012,4.0,,CSN,CSN_23672
,-30.858193,-71.446624,42.45,5.0,,CSN,CSN_23674
,-30.729292,-71.476447,34.1777,3.2,,CSN,CSN_23675
,-30.708259,-71.371211,45.8334,4.2,,CSN,CSN_23676
,-30.722113,-71.396644,46.1485,3.8,,CSN,CSN_23678
,-30.723174,-71.41786,42.8467,3.0,,CSN,CSN_23679
,-30.731773,-71.440667,42.3348,3.0,,CSN,CSN_23680
,-30.724442,-71.411966,46.2961,3.5,,CSN,CSN_23683
,-30.867701,-71.427035,57.2379,3.6,,CSN,CSN_23684
,-30.685177,-71.344029,49.9557,3.4,,CSN,CSN_23686
,-30.750616,-71.478984,40.5519,4.0,,CSN,CSN_23688
,-30.724309,-71.416475,27.7477,3.8,,CSN,CSN_23689
,-30.733317,-71.438798,43.7604,5.1,,CSN,CSN_23690
,-30.806974,-71.447058,42.3814,3.9,,CSN,CSN_23691
,-30.791488,-71.435817,43.9036,4.2,,CSN,CSN_23692
,-30.796741,-71.433221,44.5823,3.7,,CSN,CSN_23693
,-30.716616,-71.44815,44.3236,4.0,,CSN,CSN_23694
,-30.71719,-71.393901,46.2167,3.0,,CSN,CSN_23696
,-30.692015,-71.460553,41.6907,3.1,,CSN,CSN_23697
,-30.715366,-71.423053,44.0159,3.4,,CSN,CSN_23698
,-30.681978,-71.464571,41.1382,3.0,,CSN,CSN_23699
,-30.761384,-71.435842,43.2185,3.5,,CSN,CSN_23700
,-30.708033,-71.444626,48.0376,3.4,,CSN,CSN_23703
,-30.745064,-71.438696,41.3971,3.4,,CSN,CSN_23704
,-30.612262,-71.412871,46.3023,3.9,,CSN,CSN_23705
,-30.722253,-71.433968,38.5376,3.6,,CSN,CSN_23707
,-30.692853,-71.419572,42.3376,3.0,,CSN,CSN_23708
,-30.662736,-71.32427,53.1236,5.1,,CSN,CSN_23709
,-30.698649,-71.418952,39.2463,3.2,,CSN,CSN_23712
,-30.696867,-71.386412,47.0009,3.7,,CSN,CSN_23714
,-30.679948,-71.44102,34.994,3.1,,CSN,CSN_23717
,-30.890121,-71.409008,46.169,3.0,,CSN,CSN_23719
,-30.673169,-71.357982,46.7504,3.8,,CSN,CSN_23720
,-30.773024,-71.49911,33.108,3.0,,CSN,CSN_23721
,-30.685376,-71.346094,46.7828,3.3,,CSN,CSN_23727
,-30.794053,-71.480817,38.6887,4.2,,CSN,CSN_23729
,-30.767878,-71.462934,39.9614,3.2,,CSN,CSN_23731
,-30.643584,-71.376466,43.6726,3.0,,CSN,CSN_23735
,-30.710264,-71.434823,39.9362,3.5,,CSN,CSN_23736
,-30.79317,-71.386771,37.1749,3.5,,CSN,CSN_23738
,-30.7866,-71.442265,43.5539,4.1,,CSN,CSN_23739
,-30.717324,-71.374654,32.759,4.9,,CSN,CSN_23741
,-30.708344,-71.425859,40.2508,3.0,,CSN,CSN_23742
,-30.72124,-71.402231,39.2445,3.0,,CSN,CSN_23743
,-30.675058,-71.374255,45.9097,3.0,,CSN,CSN_23745
,-30.800712,-71.466799,33.07,3.6,,CSN,CSN_23746
,-30.745584,-71.450173,41.9886,3.8,,CSN,CSN_23747
,-30.734547,-71.434092,43.4577,3.8,,CSN,CSN_23749
,-30.715674,-71.426373,44.2757,3.0,,CSN,CSN_23751
,-30.79899,-71.474467,35.7627,3.3,,CSN,CSN_23752
,-30.714627,-71.409381,40.9311,3.0,,CSN,CSN_23753
,-30.745687,-71.432336,43.8565,3.0,,CSN,CSN_23761
,-30.711364,-71.430525,39.6972,3.3,,CSN,CSN_23763
,-30.723522,-71.412339,35.9572,3.1,,CSN,CSN_23764
,-30.61408,-71.369523,49.0765,3.5,,CSN,CSN_23766
,-30.719406,-71.399994,45.8502,3.5,,CSN,CSN_23768
,-30.726165,-71.377175,48.2122,4.4,,CSN,CSN_23771
,-30.705128,-71.456831,42.5759,3.5,,CSN,CSN_23772
,-30.8502,-71.410488,51.569,3.4,,CSN,CSN_23776
,-30.695685,-71.394962,46.6095,3.6,,CSN,CSN_23777
,-30.758327,-71.440339,43.6061,3.6,,CSN,CSN_23779
,-30.770422,-71.451895,44.2897,3.4,,CSN,CSN_23780
,-30.887591,-71.374263,44.9834,3.5,,CSN,CSN_23781
,-30.81922,-71.409995,50.288,3.1,,CSN,CSN_23785
,-30.73569,-71.437285,40.0827,3.9,,CSN,CSN_23786
,-30.731463,-71.372987,48.0293,3.2,,CSN,CSN_23788
,-30.763945,-71.39021,22.4342,3.0,,CSN,CSN_23790
,-30.745078,-71.432454,41.7002,3.1,,CSN,CSN_23791
,-30.735096,-71.4173,44.0216,4.1,,CSN,CSN_23792
,-30.581074,-71.40432,30.4023,3.6,,CSN,CSN_23793
,-30.818468,-71.415318,41.8083,3.0,,CSN,CSN_23796
,-30.844527,-71.451415,54.6832,4.1,,CSN,CSN_23798
,-30.707121,-71.372638,45.3573,3.2,,CSN,CSN_23800
,-30.703559,-71.395397,36.1499,3.3,,CSN,CSN_23801
,-30.790894,-71.446279,41.2256,3.1,,CSN,CSN_23802
,-30.737111,-71.415599,43.7925,4.0,,CSN,CSN_23803
,-30.88172,-71.387086,45.0611,3.9,,CSN,CSN_23806
,-30.683391,-71.342227,46.3113,3.5,,CSN,CSN_23809
,-30.685258,-71.347001,49.3161,3.8,,CSN,CSN_23810
,-30.721913,-71.421096,43.0024,3.3,,CSN,CSN_23811
,-30.737731,-71.418856,42.6061,3.1,,CSN,CSN_23815
,-30.780031,-71.389172,64.1144,3.2,,CSN,CSN_23816
,-30.748132,-71.485877,40.762,4.0,,CSN,CSN_23818
,-30.719931,-71.438357,43.5531,3.8,,CSN,CSN_23819
,-30.745484,-71.432587,43.6842,4.4,,CSN,CSN_23820
,-30.699657,-71.401429,34.9077,3.4,,CSN,CSN_23821
,-30.665997,-71.391672,45.2544,3.0,,CSN,CSN_23824
,-30.833125,-71.44733,40.9008,4.1,,CSN,CSN_23825
,-30.729438,-71.437452,41.4304,3.0,,CSN,CSN_23826
,-30.742084,-71.444529,43.2091,3.2,,CSN,CSN_23831
,-30.706296,-71.341064,62.8859,3.4,,CSN,CSN_23833
,-30.736324,-71.383801,46.4037,4.3,,CSN,CSN_23836
,-30.734008,-71.455524,42.6057,4.1,,CSN,CSN_23837
,-30.705302,-71.346283,49.7557,3.1,,CSN,CSN_23838
,-30.608203,-71.371398,49.6531,3.3,,CSN,CSN_23840
,-30.707637,-71.424377,37.3088,3.3,,CSN,CSN_23841
,-30.684603,-71.389816,46.1498,3.4,,CSN,CSN_23842
,-30.722689,-71.419144,45.0305,3.6,,CSN,CSN_23843
,-30.90417,-71.387209,48.1022,3.2,,CSN,CSN_23844
,-30.768025,-71.438288,41.1335,3.6,,CSN,CSN_23845
,-30.71347,-71.422668,37.863,3.7,,CSN,CSN_23847
,-30.791064,-71.393624,46.4008,3.8,,CSN,CSN_23851
,-30.600163,-71.413413,45.272,4.2,,CSN,CSN_23853
,-30.7639,-71.423419,57.2577,4.3,,CSN,CSN_23854
,-30.881616,-71.379682,46.8524,4.0,,CSN,CSN_23855
,-30.737077,-71.405755,58.8028,3.4,,CSN,CSN_23857
,-30.647255,-71.351546,47.9581,3.0,,CSN,CSN_23860
,-30.727899,-71.418142,43.4081,4.1,,CSN,CSN_23862
,-30.694845,-71.378043,33.3811,3.0,,CSN,CSN_23864
,-30.731288,-71.383552,47.8164,4.3,,CSN,CSN_23865
,-30.678437,-71.345522,49.2808,3.5,,CSN,CSN_23866
,-30.839628,-71.408558,46.1663,4.5,,CSN,CSN_23869
,-30.739081,-71.431773,45.8396,3.6,,CSN,CSN_23872
,-30.861759,-71.411696,61.0418,3.0,,CSN,CSN_23881
,-30.734819,-71.401299,47.174,3.7,,CSN,CSN_23882
,-30.807818,-71.420622,39.5006,3.5,,CSN,CSN_23886
,-30.671709,-71.570039,36.2013,3.0,,CSN,CSN_23888
,-30.728985,-71.738816,12.6145,3.0,,CSN,CSN_23889
,-30.668737,-71.62304,34.7825,3.1,,CSN,CSN_23891
,-30.684404,-71.72409,19.2101,3.6,,CSN,CSN_23892
,-30.6879,-71.736554,13.3054,3.8,,CSN,CSN_23893
,-30.671269,-71.742279,10.692,3.3,,CSN,CSN_23894
,-30.690761,-71.750224,9.0431,3.4,,CSN,CSN_23895
,-30.704658,-71.611281,31.4497,5.1,,CSN,CSN_23897
,-30.680198,-71.646376,30.6504,3.0,,CSN,CSN_23898
,-30.695147,-71.717848,0.1043,3.3,,CSN,CSN_23899
,-30.721417,-71.626523,28.9101,3.3,,CSN,CSN_23900
,-30.678785,-71.6816,27.0688,3.1,,CSN,CSN_23901
,-30.668277,-71.689515,24.8215,3.3,,CSN,CSN_23904
,-30.612392,-71.690938,14.0111,3.1,,CSN,CSN_23905
,-30.598926,-71.643013,23.5203,3.3,,CSN,CSN_23907
,-30.611133,-71.650885,28.2926,3.1,,CSN,CSN_23908
,-30.734372,-71.76052,15.7605,4.7,,CSN,CSN_23909
,-30.634532,-71.595386,-0.2792,3.8,,CSN,CSN_23910
,-30.618151,-71.573358,42.4278,4.4,,CSN,CSN_23912
,-30.715579,-71.613722,31.7175,5.2,,CSN,CSN_23914
,-30.641446,-71.751712,11.8415,3.9,,CSN,CSN_23917
,-30.696101,-71.67202,30.1506,3.9,,CSN,CSN_23920
,-30.640145,-71.758645,12.4642,4.5,,CSN,CSN_23925
,-30.639044,-71.665019,30.9969,5.1,,CSN,CSN_23926
,-30.630263,-71.739583,1.1716,3.8,,CSN,CSN_23928
,-30.684084,-71.711194,27.3592,3.8,,CSN,CSN_23929
,-30.598516,-71.634649,36.8442,4.4,,CSN,CSN_23932
,-30.732743,-71.66002,30.1271,3.4,,CSN,CSN_23935
,-30.632627,-71.717838,14.5827,3.0,,CSN,CSN_23939
,-30.635422,-71.742846,11.2711,3.5,,CSN,CSN_23941
,-30.759182,-71.716144,21.9955,3.1,,CSN,CSN_23942
,-30.679581,-71.774533,25.5584,5.7,,CSN,CSN_23943
,-30.69679,-71.728222,12.0916,3.0,,CSN,CSN_23946
,-30.698313,-71.703811,15.6735,3.1,,CSN,CSN_23949
,-30.74808,-71.668332,17.6683,3.4,,CSN,CSN_23954
,-30.751351,-71.633193,-0.1291,3.6,,CSN,CSN_23955
,-30.771276,-71.749058,10.94,3.6,,CSN,CSN_23960
,-30.723631,-71.679845,31.9183,3.5,,CSN,CSN_23961
,-30.739645,-71.690945,9.0571,3.0,,CSN,CSN_23963
,-30.663093,-71.764644,27.0113,6.8,,CSN,CSN_23964
,-30.72082,-71.772869,11.0242,5.1,,CSN,CSN_23965
,-30.677691,-71.660735,38.6744,4.0,,CSN,CSN_23966
,-30.638292,-71.593786,43.628,3.6,,CSN,CSN_23968
,-30.74041,-71.703862,9.1312,4.1,,CSN,CSN_23969
,-30.704191,-71.625483,31.3223,3.6,,CSN,CSN_23970
,-30.73261,-71.595268,34.2657,4.0,,CSN,CSN_23971
,-30.74181,-71.780633,20.1925,4.7,,CSN,CSN_23972
,-30.70323,-71.640788,27.2326,3.6,,CSN,CSN_23973
,-30.729974,-71.630965,16.6021,3.6,,CSN,CSN_23974
,-30.643017,-71.616841,32.7449,3.1,,CSN,CSN_23976
,-30.661395,-71.74815,17.2929,3.1,,CSN,CSN_23977
,-30.619455,-71.618087,34.2082,3.6,,CSN,CSN_23978
,-30.748543,-71.616165,35.2565,5.6,,CSN,CSN_23979
,-30.733823,-71.653682,31.6981,4.7,,CSN,CSN_23980
,-30.676012,-71.713312,28.8748,3.6,,CSN,CSN_23981
,-30.715297,-71.705752,19.4642,3.9,,CSN,CSN_23982
,-30.736217,-71.660953,25.2598,3.1,,CSN,CSN_23983
,-30.73112,-71.641262,32.0017,3.7,,CSN,CSN_23984
,-30.735183,-71.75161,19.0482,3.2,,CSN,CSN_23985
,-30.688552,-71.60128,35.7154,3.3,,CSN,CSN_23986
,-30.774408,-71.722702,28.5066,4.0,,CSN,CSN_23987
,-30.679567,-71.615407,34.1053,3.6,,CSN,CSN_23988
,-30.723167,-71.652631,21.4382,3.6,,CSN,CSN_23989
,-30.66488,-71.582284,38.5861,3.5,,CSN,CSN_23990
,-30.67966,-71.646913,31.5411,3.7,,CSN,CSN_23991
,-30.672388,-71.71393,26.4273,3.8,,CSN,CSN_23994
,-30.713453,-71.650569,31.5125,3.4,,CSN,CSN_23995
,-30.625617,-71.599275,37.5122,3.6,,CSN,CSN_23996
,-30.670147,-71.646933,30.4674,3.8,,CSN,CSN_23997
,-30.730947,-71.65121,15.5773,4.2,,CSN,CSN_23998
,-30.678468,-71.665688,29.0981,4.0,,CSN,CSN_23999
,-30.635973,-71.692974,32.7878,3.0,,CSN,CSN_24000
,-30.718883,-71.708013,31.7365,4.0,,CSN,CSN_24001
,-30.691415,-71.702815,27.5328,3.5,,CSN,CSN_24002
,-30.68646,-71.724851,16.2144,3.7,,CSN,CSN_24003
,-30.698139,-71.772886,28.6614,3.1,,CSN,CSN_24004
,-30.73815,-71.644514,32.5772,3.1,,CSN,CSN_24005
,-30.628551,-71.741618,23.4446,3.3,,CSN,CSN_24006
,-30.679679,-71.739901,21.773,3.8,,CSN,CSN_24007
,-30.702555,-71.808478,23.0872,3.2,,CSN,CSN_24008
,-30.625546,-71.705432,25.4667,3.0,,CSN,CSN_24011
,-30.672319,-71.730255,17.3084,3.0,,CSN,CSN_24012
,-30.746337,-71.693906,9.6804,3.4,,CSN,CSN_24013
,-30.66062,-71.688354,32.1712,3.2,,CSN,CSN_24014
,-30.727139,-71.654364,32.7058,3.7,,CSN,CSN_24015
,-30.693158,-71.719522,30.6949,3.2,,CSN,CSN_24016
,-30.650566,-71.639354,30.981,3.3,,CSN,CSN_24017
,-30.683874,-71.709725,26.3562,3.1,,CSN,CSN_24018
,-30.625013,-71.73708,11.4241,3.2,,CSN,CSN_24019
,-30.678573,-71.627858,31.8297,3.3,,CSN,CSN_24020
,-30.683178,-71.677463,23.9795,3.2,,CSN,CSN_24021
,-30.694228,-71.680876,30.0563,3.8,,CSN,CSN_24023
,-30.651439,-71.770711,19.9106,3.5,,CSN,CSN_24024
,-30.657327,-71.599503,35.3471,3.1,,CSN,CSN_24026
,-30.673059,-71.619669,35.3141,3.3,,CSN,CSN_24027
,-30.699607,-71.676272,22.3831,3.1,,CSN,CSN_24032
,-30.647589,-71.640207,32.7488,3.6,,CSN,CSN_24034
,-30.685466,-71.704541,26.9366,3.2,,CSN,CSN_24037
,-30.651793,-71.660493,30.4499,3.8,,CSN,CSN_24038
,-30.757544,-71.725831,26.6263,3.2,,CSN,CSN_24040
,-30.629876,-71.650368,32.5278,3.1,,CSN,CSN_24042
,-30.702214,-71.670699,26.7186,3.0,,CSN,CSN_24043
,-30.765074,-71.78035,7.5636,3.2,,CSN,CSN_24045
,-30.701177,-71.757401,23.0566,3.4,,CSN,CSN_24047
,-30.640321,-71.735439,24.7573,4.0,,CSN,CSN_24053
,-30.669161,-71.751795,15.9468,4.7,,CSN,CSN_24061
,-30.718817,-71.671577,27.9273,4.2,,CSN,CSN_24071
,-30.688512,-71.621626,31.9865,3.5,,CSN,CSN_24072
,-30.737861,-71.812893,29.1725,4.4,,CSN,CSN_24073
,-30.736278,-71.788609,2.888,3.4,,CSN,CSN_24074
,-30.705427,-71.778249,16.1353,3.9,,CSN,CSN_24077
,-30.734027,-71.763819,28.9351,5.0,,CSN,CSN_24078
,-30.742153,-71.781874,12.4385,3.1,,CSN,CSN_24081
,-30.666519,-71.644784,25.5629,3.2,,CSN,CSN_24087
,-30.647281,-71.647776,32.0368,3.3,,CSN,CSN_24096
,-30.754154,-71.744371,20.8878,3.9,,CSN,CSN_24099
,-30.697054,-71.750867,9.9345,3.9,,CSN,CSN_24100
,-30.704916,-71.650025,28.8429,3.2,,CSN,CSN_24103
,-30.644099,-71.699621,18.2233,3.6,,CSN,CSN_24111
,-30.676261,-71.683156,27.9827,3.8,,CSN,CSN_24113
,-30.746678,-71.739287,20.077,3.0,,CSN,CSN_24115
,-30.631124,-71.755719,20.7978,3.9,,CSN,CSN_24117
,-30.738006,-71.712357,19.3033,4.0,,CSN,CSN_24118
,-30.730043,-71.748328,24.5458,3.0,,CSN,CSN_24119
,-30.699167,-71.752876,22.2281,3.8,,CSN,CSN_24120
,-30.609348,-71.684571,19.44,3.5,,CSN,CSN_24123
,-30.701299,-71.748723,4.6888,4.1,,CSN,CSN_24124
,-30.684806,-71.707687,30.205,4.1,,CSN,CSN_24125
,-30.650039,-71.615663,31.8265,3.0,,CSN,CSN_24129
,-30.667515,-71.627557,31.8553,3.2,,CSN,CSN_24130
,-30.773505,-71.722999,6.8712,3.0,,CSN,CSN_24132
,-30.658554,-71.739955,14.7403,3.3,,CSN,CSN_24133
,-30.741342,-71.731509,22.8168,3.6,,CSN,CSN_24138
,-30.679142,-71.733393,24.6562,3.0,,CSN,CSN_24139
,-30.632386,-71.669056,29.6479,3.4,,CSN,CSN_24143
,-30.746557,-71.787079,5.3563,3.6,,CSN,CSN_24145
,-30.605881,-71.694835,25.6328,3.0,,CSN,CSN_24147
,-30.671718,-71.716408,16.4976,3.2,,CSN,CSN_24149
,-30.616218,-71.643122,32.1309,3.8,,CSN,CSN_24152
,-30.720285,-71.720954,11.6696,5.1,,CSN,CSN_24153
,-30.656704,-71.567644,34.344,3.7,,CSN,CSN_24157
,-30.669269,-71.605465,36.7583,3.6,,CSN,CSN_24159
,-30.766139,-71.689762,17.4804,3.0,,CSN,CSN_24160
,-30.624908,-71.630348,32.8027,3.8,,CSN,CSN_24162
,-30.762442,-71.702012,15.5918,3.2,,CSN,CSN_24163
,-30.654803,-71.717047,28.122,3.2,,CSN,CSN_24164
,-30.698796,-71.745463,21.4277,4.2,,CSN,CSN_24165
,-30.69768,-71.724086,29.5026,3.1,,CSN,CSN_24166
,-30.758699,-71.760504,15.2229,3.5,,CSN,CSN_24167
,-30.739977,-71.7982,26.5948,3.4,,CSN,CSN_24169
,-30.766711,-71.704014,28.2276,4.9,,CSN,CSN_24170
,-30.675297,-71.717498,11.377,3.0,,CSN,CSN_24173
,-30.730769,-71.823067,20.3729,4.4,,CSN,CSN_24176
,-30.716561,-71.646503,31.6111,3.6,,CSN,CSN_24181
,-30.725619,-71.81798,11.4895,4.1,,CSN,CSN_24182
,-30.694747,-71.752506,23.2937,3.3,,CSN,CSN_24186
,-30.711392,-71.66822,32.7727,3.7,,CSN,CSN_24187
,-30.764175,-71.696051,31.1265,3.5,,CSN,CSN_24188
,-30.689788,-71.718435,16.2911,3.5,,CSN,CSN_24189
,-30.687452,-71.71655,31.3851,3.5,,CSN,CSN_24195
,-30.681966,-71.655694,29.738,3.1,,CSN,CSN_24198
,-30.706792,-71.648864,31.0369,4.6,,CSN,CSN_24200
,-30.740089,-71.658842,25.6079,3.0,,CSN,CSN_24201
,-30.616899,-71.729296,26.0503,3.0,,CSN,CSN_24202
,-30.674884,-71.749545,25.1402,3.1,,CSN,CSN_24204
,-30.674122,-71.747762,13.4874,3.2,,CSN,CSN_24212
,-30.631493,-71.74675,19.4626,3.1,,CSN,CSN_24213
,-30.657711,-71.645307,34.3821,4.4,,CSN,CSN_24214
,-30.646055,-71.657366,29.961,3.2,,CSN,CSN_24218
,-30.64024,-71.666408,26.8702,3.1,,CSN,CSN_24220
,-30.669603,-71.609787,31.7803,3.2,,CSN,CSN_24221
,-30.627738,-71.754212,14.761,3.1,,CSN,CSN_24222
,-30.721341,-71.750198,8.5684,3.5,,CSN,CSN_24223
,-30.692822,-71.604959,35.5503,4.3,,CSN,CSN_24229
,-30.665715,-71.738409,14.328,3.0,,CSN,CSN_24232
,-30.676075,-71.652824,31.9181,3.5,,CSN,CSN_24233
,-30.685278,-71.72622,26.4819,4.5,,CSN,CSN_24238
,-30.739261,-71.757185,11.4725,3.1,,CSN,CSN_24244
,-30.722557,-71.750047,12.1423,3.2,,CSN,CSN_24247
,-30.615095,-71.618146,31.5341,3.2,,CSN,CSN_24252
,-30.730913,-71.734949,21.4074,4.2,,CSN,CSN_24255
,-30.740124,-71.705504,29.7567,4.0,,CSN,CSN_24257
,-30.741324,-71.712065,9.7917,3.0,,CSN,CSN_24259
,-30.675825,-71.717128,27.478,3.4,,CSN,CSN_24262
,-30.623416,-71.615093,39.6322,3.0,,CSN,CSN_24263
,-30.661093,-71.566002,38.3492,3.2,,CSN,CSN_24267
,-30.650178,-71.607893,37.6658,3.5,,CSN,CSN_24268
,-30.687063,-71.645148,32.807,4.8,,CSN,CSN_24272
,-30.739586,-71.753179,23.2255,3.7,,CSN,CSN_24277
,-30.728066,-71.641573,31.3895,4.3,,CSN,CSN_24280
,-30.741574,-71.675993,28.6273,3.1,,CSN,CSN_24281
,-30.65916,-71.591103,37.2658,4.0,,CSN,CSN_24285
,-30.722297,-71.642654,36.7195,3.7,,CSN,CSN_24286
,-30.687703,-71.640692,29.4828,3.1,,CSN,CSN_24295
,-30.696538,-71.71469,5.9224,3.0,,CSN,CSN_24296
,-30.684185,-71.62718,32.6472,4.0,,CSN,CSN_24298
,-30.778931,-71.759118,1.7377,3.9,,CSN,CSN_24299
,-30.768836,-71.748458,3.1358,3.0,,CSN,CSN_24300
,-30.699077,-71.627222,27.3588,3.0,,CSN,CSN_24301
,-30.679781,-71.743213,19.8563,3.5,,CSN,CSN_24304
,-30.668586,-71.727839,24.867,3.7,,CSN,CSN_24306
,-30.765946,-71.777886,2.3263,3.1,,CSN,CSN_24308
,-30.708683,-71.628245,31.4383,3.0,,CSN,CSN_24309
,-30.630448,-71.701149,22.774,3.1,,CSN,CSN_24313
,-30.735011,-71.709046,12.5193,3.6,,CSN,CSN_24315
,-30.694523,-71.788171,14.5951,3.3,,CSN,CSN_24316
,-30.754911,-71.749795,31.1256,3.0,,CSN,CSN_24318
,-30.743557,-71.622655,31.7227,3.5,,CSN,CSN_24319
,-30.683154,-71.72878,27.0488,3.1,,CSN,CSN_24327
,-30.755166,-71.706881,17.2906,3.4,,CSN,CSN_24330
,-30.739147,-71.684768,29.6171,3.0,,CSN,CSN_24332
,-30.723218,-71.717561,12.0355,5.3,,CSN,CSN_24335
,-30.693608,-71.652556,27.5101,3.7,,CSN,CSN_24337
,-30.719522,-71.756849,11.4945,3.4,,CSN,CSN_24344
,-30.688029,-71.63705,23.8079,3.7,,CSN,CSN_24347
,-30.672256,-71.701965,15.8361,3.8,,CSN,CSN_24349
,-30.71671,-71.6788,30.8575,3.0,,CSN,CSN_24352
,-30.725971,-71.592978,36.3497,3.5,,CSN,CSN_24356
,-30.749996,-71.7816,29.1781,4.3,,CSN,CSN_24358
,-30.741119,-71.65703,22.5641,3.5,,CSN,CSN_24362
,-30.731548,-71.768959,4.161,3.4,,CSN,CSN_24363
,-30.70757,-71.780221,17.4279,3.2,,CSN,CSN_24364
,-30.75253,-71.679156,30.1793,3.7,,CSN,CSN_24367
,-30.735934,-71.645348,19.0677,3.3,,CSN,CSN_24371
,-30.739033,-71.6827,20.7122,3.5,,CSN,CSN_24373
,-30.773235,-71.749118,26.8824,3.0,,CSN,CSN_24381
,-30.668705,-71.552209,37.5815,3.2,,CSN,CSN_24382
,-30.76324,-71.665543,31.0187,3.3,,CSN,CSN_24386
,-30.763231,-71.644816,30.5859,3.1,,CSN,CSN_24387
,-30.704104,-71.779329,28.7644,3.8,,CSN,CSN_24392
,-30.652081,-71.621503,35.7237,3.2,,CSN,CSN_24394
,-30.620764,-71.621399,33.9009,4.2,,CSN,CSN_24396
,-30.648608,-71.569153,38.6229,4.2,,CSN,CSN_24397
,-30.703727,-71.721586,21.2279,3.0,,CSN,CSN_24398
,-30.769314,-71.649031,30.7191,3.6,,CSN,CSN_24399
,-30.76903,-71.726811,30.5614,3.7,,CSN,CSN_24400
,-30.701178,-71.719335,16.0857,3.1,,CSN,CSN_24401
,-30.701316,-71.680419,20.7313,3.7,,CSN,CSN_24402
,-30.721088,-71.66394,3.0151,3.2,,CSN,CSN_24403
,-30.632898,-71.589245,29.0948,3.4,,CSN,CSN_24404
,-30.708231,-71.77507,29.5724,3.2,,CSN,CSN_24406
,-30.697407,-71.733096,14.5166,3.9,,CSN,CSN_24407
,-30.754547,-71.69723,25.0715,3.9,,CSN,CSN_24408
,-30.665113,-71.590047,32.7417,3.0,,CSN,CSN_24410
,-30.677423,-71.687797,59.8808,3.1,,CSN,CSN_24411
,-30.775727,-71.685722,37.0061,3.5,,CSN,CSN_24412
,-30.672717,-71.637691,43.4485,3.2,,CSN,CSN_24413
,-30.744548,-71.690305,30.5914,3.2,,CSN,CSN_24414
,-30.759085,-71.696129,30.607,4.6,,CSN,CSN_24415
,-30.71547,-71.710263,29.0258,3.6,,CSN,CSN_24417
,-30.762902,-71.794884,14.3497,3.7,,CSN,CSN_24418
,-30.747651,-71.779262,24.7061,4.5,,CSN,CSN_24419
,-30.760377,-71.779073,33.0449,3.4,,CSN,CSN_24420
,-30.701689,-71.580502,43.5223,3.1,,CSN,CSN_24421
,-30.710116,-71.728493,25.4431,3.0,,CSN,CSN_24424
,-30.773783,-71.771164,22.9825,3.5,,CSN,CSN_24425
,-30.721771,-71.706392,10.9531,3.2,,CSN,CSN_24426
,-30.699786,-71.695677,26.9235,3.1,,CSN,CSN_24427
,-30.662685,-71.739793,48.0833,3.4,,CSN,CSN_24428
,-30.750578,-71.665796,31.4572,3.8,,CSN,CSN_24431
,-30.689796,-71.79367,36.6871,3.9,,CSN,CSN_24434
,-30.730249,-71.791601,10.7371,3.2,,CSN,CSN_24436
,-30.761531,-71.752523,14.8473,3.0,,CSN,CSN_24438
,-30.748393,-71.752929,28.7354,3.7,,CSN,CSN_24439
,-30.771963,-71.769463,2.9334,3.0,,CSN,CSN_24441
,-30.761022,-71.680707,22.2694,3.3,,CSN,CSN_24442
,-30.699829,-71.738844,22.3712,3.2,,CSN,CSN_24448
,-30.765573,-71.740296,31.8448,3.1,,CSN,CSN_24449
,-30.732828,-71.660701,19.3556,3.8,,CSN,CSN_24450
,-30.759196,-71.639866,19.6464,3.1,,CSN,CSN_24452
,-30.759273,-71.778439,26.9725,4.4,,CSN,CSN_24453
,-30.753133,-71.716682,23.6216,3.5,,CSN,CSN_24454
,-30.724374,-71.768894,31.751,3.4,,CSN,CSN_24455
,-30.709394,-71.658716,22.6975,3.4,,CSN,CSN_24456
,-30.714834,-71.627237,19.3314,3.4,,CSN,CSN_24460
,-30.73879,-71.645358,17.7758,3.2,,CSN,CSN_24461
,-30.682007,-71.564457,41.4136,3.9,,CSN,CSN_24462
,-30.720082,-71.672711,33.9862,3.7,,CSN,CSN_24464
,-30.69157,-71.785593,27.9732,5.3,,CSN,CSN_24465
,-30.734538,-71.690847,8.8357,3.1,,CSN,CSN_24467
,-30.70957,-71.728504,24.1958,3.0,,CSN,CSN_24468
,-30.724131,-71.693322,22.8697,3.0,,CSN,CSN_24469
,-30.71068,-71.621796,35.3702,3.6,,CSN,CSN_24470
,-30.697927,-71.79531,8.0846,3.5,,CSN,CSN_24471
,-30.716008,-71.647862,35.8021,3.5,,CSN,CSN_24472
,-30.734388,-71.644668,15.6018,3.3,,CSN,CSN_24473
,-30.762625,-71.673367,61.6807,4.2,,CSN,CSN_24474
,-30.732708,-71.705964,32.9639,3.4,,CSN,CSN_24475
,-30.779722,-71.746674,13.8793,3.1,,CSN,CSN_24478
,-30.709487,-71.621449,29.0919,3.5,,CSN,CSN_24479
,-30.739588,-71.817039,29.0404,3.3,,CSN,CSN_24480
,-30.676096,-71.699279,35.9862,3.3,,CSN,CSN_24481
,-30.729666,-71.793917,24.7714,3.4,,CSN,CSN_24482
,-30.737164,-71.684711,27.5739,3.5,,CSN,CSN_24483
,-30.758841,-71.702978,28.7708,4.3,,CSN,CSN_24484
,-30.594866,-71.641869,24.6534,3.4,,CSN,CSN_24485
,-30.752942,-71.779737,39.0649,3.7,,CSN,CSN_24486
,-30.732416,-71.805505,28.2445,3.5,,CSN,CSN_24487
,-30.707,-71.684358,3.1786,4.2,,CSN,CSN_24488
,-30.615355,-71.610856,35.5259,3.4,,CSN,CSN_24489
,-30.76413,-71.737107,0.8477,3.4,,CSN,CSN_24490
,-30.698778,-71.70427,28.0089,3.7,,CSN,CSN_24491
,-30.676919,-71.677521,23.5954,3.9,,CSN,CSN_24492
,-30.609095,-71.667113,26.3868,4.4,,CSN,CSN_24493
,-30.733688,-71.630546,32.3012,4.8,,CSN,CSN_24494
,-30.640338,-71.686609,29.8781,4.8,,CSN,CSN_24495
,-30.671946,-71.705469,26.9051,4.1,,CSN,CSN_24496
,-30.679456,-71.694444,29.3519,4.0,,CSN,CSN_24497
,-30.65739,-71.731714,26.4631,4.6,,CSN,CSN_24498
,-30.593656,-71.649821,25.0994,4.4,,CSN,CSN_24499
,-30.649802,-71.703842,27.4727,3.5,,CSN,CSN_24500
,-30.620342,-71.654013,26.9332,3.8,,CSN,CSN_24501
,-30.607233,-71.629068,24.6396,3.8,,CSN,CSN_24502
,-30.656016,-71.695852,27.4076,3.6,,CSN,CSN_24503
,-30.595763,-71.661357,29.4818,4.8,,CSN,CSN_24504
,-30.679412,-71.607828,32.3268,3.4,,CSN,CSN_24505
,-30.670797,-71.689933,27.1408,3.4,,CSN,CSN_24506
,-30.663952,-71.70702,28.168,5.0,,CSN,CSN_24507
,-30.613528,-71.725849,29.1861,4.9,,CSN,CSN_24508
,-30.597285,-71.642548,25.4141,3.9,,CSN,CSN_24509
,-30.661252,-71.681903,27.9399,3.9,,CSN,CSN_24510
,-30.654206,-71.747645,28.8311,3.4,,CSN,CSN_24511
,-30.662314,-71.722187,27.099,4.4,,CSN,CSN_24512
,-30.650612,-71.700219,26.0195,4.9,,CSN,CSN_24513
,-30.646968,-71.715697,26.9957,4.0,,CSN,CSN_24514
,-30.657856,-71.705705,28.5916,5.0,,CSN,CSN_24515
,-30.666634,-71.724071,25.552,3.4,,CSN,CSN_24516
,-30.683853,-71.688796,29.0467,4.1,,CSN,CSN_24517
,-30.650945,-71.713487,23.1094,3.3,,CSN,CSN_24518
,-30.593696,-71.639174,29.1202,4.9,,CSN,CSN_24519
,-30.604749,-71.651246,28.4688,3.8,,CSN,CSN_24520
,-30.642214,-71.708906,27.3855,4.4,,CSN,CSN_24521
,-30.734151,-71.70237,26.6257,3.8,,CSN,CSN_24522
,-30.653116,-71.682649,27.9214,5.2,,CSN,CSN_24523
,-30.644652,-71.677019,27.208,3.8,,CSN,CSN_24524
,-30.734954,-71.602723,31.0534,4.1,,CSN,CSN_24525
,-30.641177,-71.569187,34.9572,3.5,,CSN,CSN_24526
,-30.68921,-71.606144,29.9365,3.3,,CSN,CSN_24527
,-30.62414,-71.670075,25.8077,3.4,,CSN,CSN_24528
,-30.597321,-71.633574,33.2879,4.0,,CSN,CSN_24529
,-30.699889,-71.673664,32.563,3.7,,CSN,CSN_24530
,-30.682126,-71.662611,42.8293,3.7,,CSN,CSN_24531
,-30.647564,-71.682924,27.5772,3.5,,CSN,CSN_24532
,-30.675923,-71.695862,32.8025,4.7,,CSN,CSN_24533
,-30.669735,-71.624858,30.1573,4.0,,CSN,CSN_24534
,-30.64166,-71.680613,28.2309,3.5,,CSN,CSN_24535
,-30.665626,-71.569346,37.3838,3.4,,CSN,CSN_24536
,-30.710778,-71.687238,30.5055,4.8,,CSN,CSN_24537
,-30.696635,-71.68082,29.2123,3.4,,CSN,CSN_24538
,-30.645641,-71.755485,28.6644,5.0,,CSN,CSN_24539
,-30.692209,-71.617796,32.7844,4.1,,CSN,CSN_24540
,-30.591583,-71.640225,31.5171,5.1,,CSN,CSN_24541
,-30.681479,-71.710617,27.8823,4.5,,CSN,CSN_24542
,-30.616608,-71.623056,28.662,4.4,,CSN,CSN_24543
,-30.667189,-71.599085,28.1966,3.1,,CSN,CSN_24544
,-30.657203,-71.673945,24.7926,3.4,,CSN,CSN_24545
,-30.728927,-71.636903,31.0154,4.1,,CSN,CSN_24546
,-30.649269,-71.685016,26.9671,3.3,,CSN,CSN_24547
,-30.693151,-71.638563,22.6811,3.2,,CSN,CSN_24549
,-30.689999,-71.669286,24.9972,4.1,,CSN,CSN_24550
,-30.677484,-71.685783,29.6749,3.4,,CSN,CSN_24551
,-30.737035,-71.617129,26.0373,3.2,,CSN,CSN_24552
,-30.695335,-71.596017,32.3138,3.2,,CSN,CSN_24553
,-30.677464,-71.630645,31.4748,3.7,,CSN,CSN_24554
,-30.646261,-71.617051,35.1918,4.3,,CSN,CSN_24555
,-30.621658,-71.622269,33.1558,3.6,,CSN,CSN_24556
,-30.712933,-71.640739,30.5609,3.6,,CSN,CSN_24557
,-30.632283,-71.714372,28.2897,4.9,,CSN,CSN_24558
,-30.600908,-71.631211,31.2771,3.4,,CSN,CSN_24559
,-30.62752,-71.655585,31.3739,3.7,,CSN,CSN_24560
,-30.753042,-71.646445,53.4683,3.3,,CSN,CSN_24561
,-30.702534,-71.755785,26.4936,4.8,,CSN,CSN_24562
,-30.727434,-71.719121,25.3416,4.3,,CSN,CSN_24563
,-30.705565,-71.717779,26.2636,3.5,,CSN,CSN_24564
,-30.611255,-71.588285,36.9686,3.5,,CSN,CSN_24565
,-30.738791,-71.678149,26.5649,3.5,,CSN,CSN_24566
,-30.687125,-71.722523,27.3548,3.9,,CSN,CSN_24567
,-30.657365,-71.578295,36.8591,3.4,,CSN,CSN_24568
,-30.662336,-71.667125,30.5209,4.1,,CSN,CSN_24569
,-30.671568,-71.670155,29.3318,3.3,,CSN,CSN_24570
,-30.633916,-71.670768,28.3906,3.9,,CSN,CSN_24571
,-30.636175,-71.647593,28.9489,4.5,,CSN,CSN_24572
,-30.633847,-71.716673,26.1315,6.0,,CSN,CSN_24573
,-30.687585,-71.573693,27.925,3.3,,CSN,CSN_24574
,-30.650178,-71.663932,28.3107,3.2,,CSN,CSN_24575
,-30.668942,-71.712107,30.5842,4.1,,CSN,CSN_24576
,-30.681942,-71.716046,28.1222,4.5,,CSN,CSN_24577
,-30.651195,-71.73342,25.6807,3.9,,CSN,CSN_24578
,-30.705547,-71.668262,33.9335,4.0,,CSN,CSN_24579
,-30.730817,-71.817353,24.1668,3.9,,CSN,CSN_24580
,-30.681466,-71.698038,26.3783,3.7,,CSN,CSN_24581
,-30.719593,-71.816587,24.7636,4.6,,CSN,CSN_24582
,-30.710247,-71.809679,22.4774,3.5,,CSN,CSN_24583
,-30.66083,-71.582438,35.0176,3.8,,CSN,CSN_24584
,-30.643343,-71.674005,29.1083,3.4,,CSN,CSN_24585
,-30.73959,-71.607395,30.4231,4.0,,CSN,CSN_24586
,-30.77253,-71.71524,27.3234,3.3,,CSN,CSN_24587
,-30.662624,-71.621635,31.7078,4.1,,CSN,CSN_24588
,-30.698569,-71.704857,27.4266,4.1,,CSN,CSN_24589
,-30.623965,-71.592592,27.8171,3.1,,CSN,CSN_24590
,-30.644059,-71.6331,32.1143,4.3,,CSN,CSN_24591
,-30.617807,-71.658576,32.627,4.3,,CSN,CSN_24592
,-30.650636,-71.661516,26.164,3.7,,CSN,CSN_24593
,-30.725931,-71.633306,24.9272,3.3,,CSN,CSN_24594
,-30.656038,-71.654376,33.072,3.8,,CSN,CSN_24595
,-30.671441,-71.704708,26.2042,3.7,,CSN,CSN_24596
,-30.703144,-71.744997,23.8094,3.2,,CSN,CSN_24597
,-30.645651,-71.631258,30.9167,4.9,,CSN,CSN_24598
,-30.673641,-71.721919,30.8831,5.9,,CSN,CSN_24599
,-30.735977,-71.644026,29.3381,3.5,,CSN,CSN_24600
,-30.657483,-71.677814,25.2308,4.2,,CSN,CSN_24601
,-30.739955,-71.654534,27.4619,3.5,,CSN,CSN_24602
,-30.661232,-71.698581,26.8456,3.9,,CSN,CSN_24603
,-30.640195,-71.666699,24.7926,3.3,,CSN,CSN_24604
,-30.654671,-71.668512,27.5262,4.0,,CSN,CSN_24605
,-30.633295,-71.633224,1.7917,3.3,,CSN,CSN_24606
,-30.643499,-71.554242,36.2392,4.2,,CSN,CSN_24607
,-30.694384,-71.650357,40.9576,3.9,,CSN,CSN_24608
,-30.650289,-71.717737,27.206,3.7,,CSN,CSN_24609
,-30.699644,-71.595457,34.7118,4.8,,CSN,CSN_24610
,-30.686589,-71.649993,31.0375,3.6,,CSN,CSN_24611
,-30.741591,-71.717497,26.5801,3.6,,CSN,CSN_24612
,-30.611387,-71.626943,32.4051,4.0,,CSN,CSN_24613
,-30.70906,-71.666868,28.0443,3.9,,CSN,CSN_24614
,-30.760934,-71.632025,26.2345,3.7,,CSN,CSN_24615
,-30.75112,-71.658131,27.1456,3.4,,CSN,CSN_24616
,-30.642929,-71.610312,31.5217,3.6,,CSN,CSN_24617
,-30.674592,-71.671353,29.5218,3.8,,CSN,CSN_24618
,-30.738408,-71.691394,25.0401,4.7,,CSN,CSN_24619
,-30.700183,-71.681055,29.4174,3.1,,CSN,CSN_24620
,-30.758256,-71.630581,32.0416,3.0,,CSN,CSN_24621
,-30.681083,-71.649682,29.045,4.0,,CSN,CSN_24622
,-30.655578,-71.697947,27.1509,4.8,,CSN,CSN_24623
,-30.7332,-71.705381,27.2938,3.1,,CSN,CSN_24624
,-30.65056,-71.665249,27.7085,3.7,,CSN,CSN_24626
,-30.624173,-71.67883,25.5617,4.0,,CSN,CSN_24627
,-30.608262,-71.660467,33.0155,6.3,,CSN,CSN_24628
,-30.680454,-71.617338,30.6161,4.8,,CSN,CSN_24629
,-30.659654,-71.664691,27.9097,4.6,,CSN,CSN_24630
,-30.671345,-71.610473,33.6319,4.3,,CSN,CSN_24631
,-30.675404,-71.584425,29.1427,5.1,,CSN,CSN_24632
,-30.677027,-71.644562,31.7618,3.7,,CSN,CSN_24633
,-30.610044,-71.648222,30.6529,3.3,,CSN,CSN_24634
,-30.657199,-71.589669,27.985,3.0,,CSN,CSN_24635
,-30.688262,-71.671875,31.1931,3.9,,CSN,CSN_24636
,-30.624917,-71.696717,26.7521,3.3,,CSN,CSN_24637
,-30.636113,-71.632919,32.4923,4.3,,CSN,CSN_24638
,-30.67245,-71.633099,31.3376,3.9,,CSN,CSN_24639
,-30.668972,-71.665654,31.8792,4.0,,CSN,CSN_24640
,-30.723575,-71.604992,30.9772,3.6,,CSN,CSN_24641
,-30.669584,-71.638138,30.0594,3.5,,CSN,CSN_24642
,-30.702446,-71.623063,32.1421,4.1,,CSN,CSN_24643
,-30.672248,-71.627007,27.2133,3.0,,CSN,CSN_24644
,-30.669639,-71.579625,39.473,3.6,,CSN,CSN_24645
,-30.675448,-71.6165,32.7419,3.0,,CSN,CSN_24646
,-30.660186,-71.758147,34.4655,4.0,,CSN,CSN_24647
,-30.682647,-71.657998,27.7352,3.2,,CSN,CSN_24648
,-30.677936,-71.60131,31.749,3.4,,CSN,CSN_24650
,-30.686364,-71.597624,32.4416,3.6,,CSN,CSN_24651
,-30.717905,-71.809871,26.6388,3.0,,CSN,CSN_24652
,-30.599983,-71.671876,28.4481,5.5,,CSN,CSN_24653
,-30.678172,-71.641502,33.2582,3.4,,CSN,CSN_24655
,-30.700716,-71.621639,31.6376,3.0,,CSN,CSN_24657
,-30.62792,-71.641834,27.4168,4.0,,CSN,CSN_24658
,-30.676687,-71.699258,27.2628,3.0,,CSN,CSN_24659
,-30.625551,-71.667855,24.9609,3.7,,CSN,CSN_24661
,-30.651684,-71.610256,26.4425,3.3,,CSN,CSN_24662
,-30.717005,-71.701324,27.6611,3.2,,CSN,CSN_24664
,-30.669247,-71.674605,30.0964,4.0,,CSN,CSN_24665
,-30.71763,-71.746708,24.7785,3.1,,CSN,CSN_24666
,-30.650392,-71.670869,30.1444,3.6,,CSN,CSN_24667
,-30.679531,-71.598328,30.7557,3.6,,CSN,CSN_24668
,-30.683385,-71.59697,32.0296,3.9,,CSN,CSN_24669
,-30.716769,-71.609363,30.9612,3.5,,CSN,CSN_24670
,-30.684823,-71.668566,29.341,4.5,,CSN,CSN_24671
,-30.668731,-71.664014,27.7128,3.5,,CSN,CSN_24672
,-30.68085,-71.593283,26.8578,3.1,,CSN,CSN_24674
,-30.719959,-71.665562,28.4318,3.1,,CSN,CSN_24675
,-30.658293,-71.655774,29.6817,4.5,,CSN,CSN_24676
,-30.619085,-71.619934,29.8336,3.1,,CSN,CSN_24678
,-30.647145,-71.619591,30.161,3.1,,CSN,CSN_24679
,-30.654495,-71.680513,29.3565,3.1,,CSN,CSN_24680
,-30.650087,-71.660235,29.2869,4.0,,CSN,CSN_24681
,-30.689436,-71.619733,31.3978,3.0,,CSN,CSN_24682
,-30.723116,-71.780521,24.9407,3.4,,CSN,CSN_24683
,-30.66686,-71.606611,30.4824,3.6,,CSN,CSN_24684
,-30.670281,-71.62619,32.6846,4.6,,CSN,CSN_24685
,-30.623544,-71.629987,27.831,3.2,,CSN,CSN_24686
,-30.681936,-71.716922,27.9069,3.4,,CSN,CSN_24687
,-30.702919,-71.686396,25.384,3.3,,CSN,CSN_24688
,-30.651635,-71.614819,23.2875,3.4,,CSN,CSN_24689
,-30.656913,-71.697026,25.7364,4.3,,CSN,CSN_24690
,-30.681393,-71.650246,27.3066,3.4,,CSN,CSN_24692
,-30.674855,-71.597729,23.3096,3.4,,CSN,CSN_24693
,-30.719093,-71.617776,22.731,3.0,,CSN,CSN_24694
,-30.707324,-71.712041,25.0641,3.5,,CSN,CSN_24695
,-30.667515,-71.591129,31.5854,3.2,,CSN,CSN_24696
,-30.597015,-71.674885,28.6759,3.1,,CSN,CSN_24697
,-30.670294,-71.649413,30.4433,4.6,,CSN,CSN_24701
,-30.693141,-71.745817,25.0512,3.2,,CSN,CSN_24702
,-30.64412,-71.701433,24.4199,3.3,,CSN,CSN_24703
,-30.719196,-71.656153,28.5789,3.0,,CSN,CSN_24704
,-30.698176,-71.721614,24.9447,3.3,,CSN,CSN_24705
,-30.681879,-71.704451,26.3089,3.4,,CSN,CSN_24709
,-30.758887,-71.647084,27.5989,3.1,,CSN,CSN_24710
,-30.697245,-71.699145,29.6917,3.7,,CSN,CSN_24711
,-30.717546,-71.682815,41.5245,3.4,,CSN,CSN_24712
,-30.702092,-71.793051,28.287,5.3,,CSN,CSN_24713
,-30.622951,-71.715557,28.979,4.0,,CSN,CSN_24714
,-30.653402,-71.651095,28.2028,3.6,,CSN,CSN_24715
,-30.736855,-71.625145,33.1628,3.3,,CSN,CSN_24716
,-30.647975,-71.711019,27.4994,4.3,,CSN,CSN_24717
,-30.637557,-71.636612,24.4622,5.0,,CSN,CSN_24719
,-30.711745,-71.699835,30.4218,3.1,,CSN,CSN_24721
,-30.622576,-71.704809,21.7662,4.8,,CSN,CSN_24722
,-30.668812,-71.570967,36.5754,3.4,,CSN,CSN_24723
,-30.619656,-71.721702,26.3617,5.1,,CSN,CSN_24724
,-30.650973,-71.68761,26.0197,3.3,,CSN,CSN_24725
,-30.637993,-71.732431,26.1663,4.2,,CSN,CSN_24726
,-30.693005,-71.585896,29.3698,3.1,,CSN,CSN_24727
,-30.674361,-71.714106,27.2861,3.5,,CSN,CSN_24728
,-30.730244,-71.693973,26.1177,3.9,,CSN,CSN_24730
,-30.659637,-71.699111,26.3359,3.5,,CSN,CSN_24731
,-30.731669,-71.70293,21.7673,5.2,,CSN,CSN_24732
,-30.713773,-71.730713,22.0208,3.2,,CSN,CSN_24733
,-30.71778,-71.736485,23.9821,3.0,,CSN,CSN_24734
,-30.724284,-71.734655,24.9133,4.7,,CSN,CSN_24735
,-30.660482,-71.602372,21.8863,4.4,,CSN,CSN_24736
,-30.671294,-71.583043,28.7648,3.5,,CSN,CSN_24737
,-30.687343,-71.639091,31.5956,4.2,,CSN,CSN_24739
,-30.691954,-71.670925,28.287,3.1,,CSN,CSN_24740
,-30.670259,-71.560343,37.2135,3.1,,CSN,CSN_24741
,-30.699676,-71.679478,28.0011,3.4,,CSN,CSN_24743
,-30.645242,-71.640156,26.6343,3.1,,CSN,CSN_24745
,-30.664591,-71.678286,29.6624,3.7,,CSN,CSN_24746
,-30.728761,-71.819727,23.7148,3.9,,CSN,CSN_24747
,-30.696868,-71.801993,23.1399,3.2,,CSN,CSN_24748
,-30.747294,-71.797021,1.7711,3.5,,CSN,CSN_24751
,-30.646559,-71.660894,30.0133,4.2,,CSN,CSN_24752
,-30.656549,-71.57037,33.3749,3.2,,CSN,CSN_24753
,-30.672798,-71.58574,30.2025,3.0,,CSN,CSN_24754
,-30.657819,-71.663321,27.8403,3.1,,CSN,CSN_24756
,-30.691774,-71.626811,33.0896,4.3,,CSN,CSN_24758
,-30.691582,-71.638953,32.7764,4.3,,CSN,CSN_24759
,-30.633373,-71.587142,29.8135,3.0,,CSN,CSN_24760
,-30.625362,-71.651347,32.8739,3.5,,CSN,CSN_24761
,-30.684147,-71.659624,30.0444,3.4,,CSN,CSN_24762
,-30.626411,-71.560564,26.1228,3.1,,CSN,CSN_24763
,-30.618692,-71.632383,16.5363,3.8,,CSN,CSN_24765
,-30.654747,-71.645122,29.7538,4.0,,CSN,CSN_24766
,-30.673991,-71.672433,27.2658,3.4,,CSN,CSN_24767
,-30.696517,-71.60592,33.7595,3.7,,CSN,CSN_24769
,-30.654847,-71.71488,27.1573,4.0,,CSN,CSN_24775
,-30.724075,-71.78921,24.0748,3.2,,CSN,CSN_24777
,-30.657216,-71.679727,27.2585,3.4,,CSN,CSN_24780
,-30.612701,-71.670197,5.4433,3.0,,CSN,CSN_24781
,-30.668349,-71.697811,28.1214,3.5,,CSN,CSN_24782
,-30.605808,-71.665138,5.8299,3.0,,CSN,CSN_24783
,-30.693929,-71.607983,14.4449,3.5,,CSN,CSN_24787
,-30.723376,-71.679921,26.8702,3.4,,CSN,CSN_24790
,-30.672379,-71.699544,26.8553,3.5,,CSN,CSN_24792
,-30.623961,-71.69836,24.3495,3.0,,CSN,CSN_24793
,-30.63806,-71.66578,32.3765,3.9,,CSN,CSN_24794
,-30.67638,-71.610387,25.6271,3.6,,CSN,CSN_24795
,-30.713884,-71.669994,28.1007,3.0,,CSN,CSN_24797
,-30.715947,-71.77146,26.1301,3.1,,CSN,CSN_24798
,-30.667996,-71.666142,29.3161,3.2,,CSN,CSN_24799
,-30.769511,-71.693302,24.8772,3.2,,CSN,CSN_24800
,-30.635627,-71.615268,31.2775,3.2,,CSN,CSN_24802
,-30.638991,-71.552211,25.4687,3.2,,CSN,CSN_24803
,-30.632606,-71.710119,27.5662,4.4,,CSN,CSN_24805
,-30.67624,-71.678524,28.8066,4.2,,CSN,CSN_24806
,-30.721655,-71.75621,26.8505,3.0,,CSN,CSN_24808
,-30.63855,-71.693531,25.8339,3.5,,CSN,CSN_24810
,-30.626613,-71.68701,25.2273,3.3,,CSN,CSN_24811
,-30.720659,-71.728306,24.8498,3.3,,CSN,CSN_24813
,-30.655575,-71.624815,26.7376,3.7,,CSN,CSN_24816
,-30.710941,-71.787823,24.0897,3.0,,CSN,CSN_24817
,-30.70293,-71.811925,24.9915,3.5,,CSN,CSN_24818
,-30.736218,-71.764162,34.8281,3.2,,CSN,CSN_24822
,-30.689793,-71.72671,24.6373,3.5,,CSN,CSN_24823
,-30.665796,-71.763953,21.4257,3.1,,CSN,CSN_24824
,-30.671434,-71.759908,11.9173,3.2,,CSN,CSN_24826
,-30.674246,-71.716152,27.6449,3.3,,CSN,CSN_24828
,-30.717236,-71.696312,24.9987,3.5,,CSN,CSN_24829
,-30.696235,-71.67615,28.5803,3.9,,CSN,CSN_24830
,-30.649807,-71.678557,25.9364,3.5,,CSN,CSN_24831
,-30.670394,-71.647526,29.9864,3.3,,CSN,CSN_24833
,-30.621768,-71.640507,25.8738,4.2,,CSN,CSN_24834
,-30.710862,-71.57484,29.0973,3.4,,CSN,CSN_24835
,-30.688933,-71.620702,32.0213,3.3,,CSN,CSN_24838
,-30.76399,-71.721488,26.5223,3.4,,CSN,CSN_24840
,-30.628648,-71.602209,34.6581,3.7,,CSN,CSN_24844
,-30.683159,-71.677286,26.6876,3.0,,CSN,CSN_24845
,-30.76946,-71.72338,38.7263,3.2,,CSN,CSN_24847
,-30.671096,-71.598447,34.1917,4.4,,CSN,CSN_24848
,-30.635758,-71.652405,24.9719,3.0,,CSN,CSN_24849
,-30.672359,-71.667581,30.7566,4.1,,CSN,CSN_24851
,-30.677671,-71.707037,27.0625,3.0,,CSN,CSN_24852
,-30.693371,-71.697487,28.2099,3.7,,CSN,CSN_24853
,-30.671105,-71.721631,26.622,3.4,,CSN,CSN_24860
,-30.673739,-71.662188,28.9112,3.2,,CSN,CSN_24862
,-30.692722,-71.667226,27.6106,3.1,,CSN,CSN_24865
,-30.6587,-71.721515,27.2423,3.1,,CSN,CSN_24866
,-30.667075,-71.718715,25.6361,3.3,,CSN,CSN_24867
,-30.667304,-71.64507,28.8364,3.3,,CSN,CSN_24869
,-30.694004,-71.725286,24.4588,3.1,,CSN,CSN_24870
,-30.684908,-71.671006,29.7055,4.5,,CSN,CSN_24872
,-30.672497,-71.664855,28.549,3.5,,CSN,CSN_24874
,-30.671334,-71.675483,29.3878,3.8,,CSN,CSN_24875
,-30.666695,-71.676744,29.7455,3.7,,CSN,CSN_24879
,-30.677555,-71.667113,29.318,3.1,,CSN,CSN_24880
,-30.686995,-71.691855,27.946,3.2,,CSN,CSN_24883
,-30.654051,-71.615926,26.8793,3.2,,CSN,CSN_24884
,-30.692328,-71.657906,27.5414,3.0,,CSN,CSN_24885
,-30.71157,-71.694719,28.2432,3.0,,CSN,CSN_24886
,-30.635971,-71.556345,35.0051,3.0,,CSN,CSN_24887
,-30.741321,-71.758184,23.5317,3.2,,CSN,CSN_24888
,-30.625629,-71.613165,36.1266,3.0,,CSN,CSN_24889
,-30.674177,-71.637787,27.0633,3.0,,CSN,CSN_24890
,-30.684759,-71.684467,36.015,3.3,,CSN,CSN_24892
,-30.661028,-71.648966,31.4705,3.9,,CSN,CSN_24893
,-30.659225,-71.721399,26.256,3.0,,CSN,CSN_24898
,-30.704998,-71.664024,26.8613,3.1,,CSN,CSN_24900
,-30.68706,-71.65385,27.2698,3.1,,CSN,CSN_24903
,-30.647204,-71.628549,31.4995,4.0,,CSN,CSN_24904
,-30.756763,-71.639061,26.926,3.2,,CSN,CSN_24905
,-30.686865,-71.67072,28.9364,3.6,,CSN,CSN_24907
,-30.652025,-71.663174,26.6536,3.1,,CSN,CSN_24912
,-30.668925,-71.697782,29.148,3.4,,CSN,CSN_24913
,-30.620661,-71.622908,27.1209,3.5,,CSN,CSN_24916
,-30.679114,-71.668867,28.8831,3.4,,CSN,CSN_24917
,-30.676549,-71.638035,32.5735,4.3,,CSN,CSN_24919
,-30.658085,-71.684087,26.8962,3.0,,CSN,CSN_24921
,-30.712274,-71.684642,27.4565,3.7,,CSN,CSN_24922
,-30.649266,-71.725661,29.145,4.9,,CSN,CSN_24923
,-30.624654,-71.652984,24.5585,3.4,,CSN,CSN_24924
,-30.651333,-71.725753,27.9582,3.8,,CSN,CSN_24925
,-30.644429,-71.70013,25.9341,4.0,,CSN,CSN_24927
,-30.676679,-71.721216,29.1226,5.2,,CSN,CSN_24928
,-30.656694,-71.691199,28.9115,3.6,,CSN,CSN_24929
,-30.682627,-71.67531,27.717,3.3,,CSN,CSN_24930
,-30.668293,-71.692153,28.146,3.0,,CSN,CSN_24931
,-30.664236,-71.706278,26.0899,3.6,,CSN,CSN_24936
,-30.721774,-71.72584,26.5644,3.2,,CSN,CSN_24939
,-30.675286,-71.694431,29.8338,4.2,,CSN,CSN_24940
,-30.670529,-71.663921,26.6339,3.1,,CSN,CSN_24945
,-30.701161,-71.70776,27.9498,3.9,,CSN,CSN_24946
,-30.704926,-71.679859,27.9403,3.3,,CSN,CSN_24947
,-30.672523,-71.714712,26.1408,3.7,,CSN,CSN_24948
,-30.697883,-71.770128,27.1366,4.4,,CSN,CSN_24950
,-30.671717,-71.692655,28.9164,4.6,,CSN,CSN_24954
,-30.66971,-71.676391,30.2193,3.7,,CSN,CSN_24959
,-30.644494,-71.677375,36.8685,3.3,,CSN,CSN_24963
,-30.604103,-71.633653,20.9848,3.7,,CSN,CSN_24967
,-30.670006,-71.595607,28.9101,3.8,,CSN,CSN_24970
,-30.605977,-71.707807,30.3721,5.0,,CSN,CSN_24971
,-30.646005,-71.646013,29.6151,3.4,,CSN,CSN_24975
,-30.660352,-71.594637,32.0388,3.3,,CSN,CSN_24976
,-30.651164,-71.600294,32.036,3.3,,CSN,CSN_24977
,-30.729841,-71.725779,28.9378,3.2,,CSN,CSN_24979
,-30.619164,-71.67189,27.1901,3.2,,CSN,CSN_24980
,-30.680047,-71.736607,28.4063,4.2,,CSN,CSN_24986
,-30.604008,-71.65481,28.7557,3.0,,CSN,CSN_24992
,-30.669595,-71.597078,28.4825,3.0,,CSN,CSN_24993
,-30.591611,-71.635535,31.0118,3.1,,CSN,CSN_24994
,-30.693517,-71.667895,28.2696,3.2,,CSN,CSN_24998
,-30.606356,-71.643606,27.9128,3.1,,CSN,CSN_25003
,-30.667353,-71.652508,31.0084,3.0,,CSN,CSN_25004
,-30.679052,-71.741857,27.296,3.2,,CSN,CSN_25006
,-30.751795,-71.701678,28.2564,3.7,,CSN,CSN_25007
,-30.722661,-71.686232,28.87,4.3,,CSN,CSN_25008
,-30.71101,-71.754691,21.0225,3.0,,CSN,CSN_25010
,-30.706052,-71.733546,24.4382,3.4,,CSN,CSN_25011
,-30.704172,-71.714633,24.3725,3.4,,CSN,CSN_25014
,-30.625256,-71.562973,34.7276,3.5,,CSN,CSN_25016
,-30.686198,-71.669462,28.7102,3.4,,CSN,CSN_25018
,-30.722916,-71.761972,26.9478,4.0,,CSN,CSN_25019
,-30.703879,-71.742976,25.8353,3.1,,CSN,CSN_25021
,-30.66803,-71.674682,27.7745,3.3,,CSN,CSN_25024
,-30.690512,-71.750495,25.9402,3.3,,CSN,CSN_25025
,-30.700064,-71.736404,27.4534,3.5,,CSN,CSN_25026
,-30.592552,-71.634433,29.1838,3.5,,CSN,CSN_25031
,-30.653672,-71.679215,24.5187,3.1,,CSN,CSN_25032
,-30.707031,-71.724124,23.5411,3.4,,CSN,CSN_25034
,-30.628619,-71.711522,29.4218,4.8,,CSN,CSN_25036
,-30.640919,-71.700116,15.6742,3.6,,CSN,CSN_25037
,-30.648959,-71.695217,4.4672,3.3,,CSN,CSN_25038
,-30.623606,-71.680938,31.244,3.3,,CSN,CSN_25039
,-30.622943,-71.663313,27.8872,3.9,,CSN,CSN_25040
,-30.686069,-71.78383,21.8245,3.0,,CSN,CSN_25043
,-30.647657,-71.696648,29.9116,4.7,,CSN,CSN_25046
,-30.712959,-71.799839,31.9415,3.6,,CSN,CSN_25047
,-30.659666,-71.71561,23.4652,3.3,,CSN,CSN_25049
,-30.65695,-71.665688,32.0048,4.7,,CSN,CSN_25050
,-30.668552,-71.620024,25.2391,3.2,,CSN,CSN_25053
,-30.641645,-71.672937,11.3872,3.6,,CSN,CSN_25054
,-30.655143,-71.583371,19.5108,3.1,,CSN,CSN_25055
,-30.646206,-71.626048,28.3704,3.4,,CSN,CSN_25058
,-30.671114,-71.687313,26.6107,3.6,,CSN,CSN_25059
,-30.660226,-71.713392,28.5901,3.4,,CSN,CSN_25060
,-30.934683,-71.658826,12.4003,3.2,,CSN,CSN_25061
,-30.914251,-71.669784,2.7079,3.0,,CSN,CSN_25063
,-30.908194,-71.672605,31.0499,3.1,,CSN,CSN_25064
,-30.861358,-71.69631,12.8701,3.2,,CSN,CSN_25084
,-30.854057,-71.67598,35.0241,3.7,,CSN,CSN_25085
,-30.853909,-71.681788,20.5148,3.1,,CSN,CSN_25089
,-30.866728,-71.639861,32.1092,4.0,,CSN,CSN_25090
,-30.868061,-71.715155,27.9884,3.4,,CSN,CSN_25091
,-30.856712,-71.718093,31.0745,3.8,,CSN,CSN_25094
,-30.956996,-71.694384,23.0507,3.5,,CSN,CSN_25097
,-30.939762,-71.639594,62.9416,3.2,,CSN,CSN_25098
,-30.956002,-71.695705,26.718,3.1,,CSN,CSN_25099
,-30.925179,-71.687295,26.7736,3.5,,CSN,CSN_25102
,-30.928888,-71.716352,18.1652,3.1,,CSN,CSN_25104
,-30.948,-71.684334,26.2197,3.0,,CSN,CSN_25105
,-30.921409,-71.733814,18.9926,4.5,,CSN,CSN_25106
,-30.897805,-71.672617,6.5859,3.1,,CSN,CSN_25107
,-30.910837,-71.640381,28.0588,3.6,,CSN,CSN_25108
,-30.899712,-71.660036,10.2975,3.4,,CSN,CSN_25109
,-30.946591,-71.70141,25.5759,4.0,,CSN,CSN_25113
,-30.849569,-71.677862,30.2285,4.1,,CSN,CSN_25114
,-30.862835,-71.730548,18.2188,4.6,,CSN,CSN_25115
,-30.865602,-71.731914,31.9613,3.0,,CSN,CSN_25117
,-30.90614,-71.690486,4.1862,3.3,,CSN,CSN_25118
,-30.867065,-71.708545,13.427,3.2,,CSN,CSN_25120
,-30.860071,-71.712119,26.8135,3.2,,CSN,CSN_25121
,-30.930197,-71.613193,17.7759,3.0,,CSN,CSN_25122
,-30.93965,-71.696144,23.2927,3.4,,CSN,CSN_25123
,-30.862055,-71.670628,20.4648,3.6,,CSN,CSN_25124
,-30.940833,-71.673846,24.1433,3.0,,CSN,CSN_25127
,-30.866503,-71.700804,27.6263,3.7,,CSN,CSN_25128
,-30.868432,-71.679701,11.6107,3.2,,CSN,CSN_25129
,-30.858975,-71.661412,8.8142,3.2,,CSN,CSN_25130
,-30.944255,-71.682643,23.1735,3.2,,CSN,CSN_25132
,-30.89942,-71.721583,18.9928,3.4,,CSN,CSN_25133
,-30.88072,-71.643762,18.0335,3.0,,CSN,CSN_25134
,-30.946177,-71.701918,15.7792,3.1,,CSN,CSN_25135
,-30.922017,-71.676697,56.745,3.3,,CSN,CSN_25136
,-30.89964,-71.699774,3.8439,3.3,,CSN,CSN_25137
,-30.872705,-71.728127,12.0344,3.7,,CSN,CSN_25138
,-30.889498,-71.663258,64.4456,4.7,,CSN,CSN_25139
,-30.881048,-71.71251,28.184,3.9,,CSN,CSN_25144
,-30.932828,-71.67293,13.6596,3.1,,CSN,CSN_25146
,-30.881417,-71.697591,15.6298,3.1,,CSN,CSN_25147
,-30.937516,-71.667393,31.8469,3.7,,CSN,CSN_25150
,-30.951789,-71.707516,33.1423,4.2,,CSN,CSN_25154
,-30.937217,-71.703238,30.2669,3.8,,CSN,CSN_25155
,-30.847382,-71.71297,19.678,3.7,,CSN,CSN_25158
,-30.854578,-71.634274,32.6733,4.3,,CSN,CSN_25160
,-30.862943,-71.678374,31.5013,4.3,,CSN,CSN_25161
,-30.846285,-71.709541,27.5247,3.5,,CSN,CSN_25162
,-30.877523,-71.671735,26.1043,4.8,,CSN,CSN_25167
,-30.894493,-71.701777,25.7435,3.4,,CSN,CSN_25168
,-30.861765,-71.63193,30.1714,4.1,,CSN,CSN_25171
,-30.898579,-71.627058,14.8468,3.1,,CSN,CSN_25172
,-30.853558,-71.705045,28.9957,3.4,,CSN,CSN_25173
,-30.936067,-71.686693,23.1228,3.2,,CSN,CSN_25174
,-30.93869,-71.712149,26.5923,4.1,,CSN,CSN_25175
,-30.927148,-71.734764,2.7075,3.7,,CSN,CSN_25176
,-30.900739,-71.688452,8.1126,3.5,,CSN,CSN_25177
,-30.922489,-71.683905,27.7539,3.3,,CSN,CSN_25178
,-30.849428,-71.696272,34.4678,3.1,,CSN,CSN_25179
,-30.851522,-71.661734,30.2828,3.9,,CSN,CSN_25180
,-30.946016,-71.728759,21.937,3.4,,CSN,CSN_25181
,-30.914878,-71.682067,29.8062,4.1,,CSN,CSN_25182
,-30.906038,-71.65042,36.2045,3.3,,CSN,CSN_25183
,-30.950017,-71.695091,43.7863,3.9,,CSN,CSN_25184
,-30.866308,-71.710552,20.1662,4.3,,CSN,CSN_25185
,-30.864652,-71.700602,24.6133,3.3,,CSN,CSN_25186
,-30.927756,-71.719922,34.2443,3.3,,CSN,CSN_25187
,-30.92009,-71.655013,25.4584,3.1,,CSN,CSN_25188
,-30.939722,-71.720204,18.6119,3.5,,CSN,CSN_25190
,-30.920311,-71.678637,56.79,3.3,,CSN,CSN_25191
,-30.928721,-71.707435,18.4093,5.3,,CSN,CSN_25192
,-30.945826,-71.727126,0.338,4.5,,CSN,CSN_25193
,-30.838402,-71.72126,26.0825,3.7,,CSN,CSN_25194
,-30.885608,-71.667968,26.2444,3.8,,CSN,CSN_25195
,-30.896975,-71.73237,28.8899,4.1,,CSN,CSN_25196
,-30.891954,-71.644341,29.7059,3.5,,CSN,CSN_25197
,-30.850923,-71.672559,30.1456,3.2,,CSN,CSN_25198
,-30.871594,-71.65022,35.6543,4.4,,CSN,CSN_25199
,-30.893473,-71.73022,32.147,3.6,,CSN,CSN_25200
,-30.866636,-71.64831,29.6619,3.5,,CSN,CSN_25201
,-30.896677,-71.646475,33.8275,3.6,,CSN,CSN_25202
,-30.948778,-71.673646,27.4435,3.8,,CSN,CSN_25203
,-30.890059,-71.633414,30.8053,3.9,,CSN,CSN_25204
,-30.853934,-71.685926,30.8025,5.6,,CSN,CSN_25205
,-30.844596,-71.702792,29.7816,4.7,,CSN,CSN_25206
,-30.843069,-71.69833,29.828,4.0,,CSN,CSN_25207
,-30.950359,-71.724879,25.9045,4.3,,CSN,CSN_25208
,-30.859892,-71.665185,5.743,4.1,,CSN,CSN_25209
,-30.890513,-71.635676,30.4763,3.5,,CSN,CSN_25211
,-30.838545,-71.685431,29.7335,3.4,,CSN,CSN_25212
,-30.841773,-71.708558,27.6618,3.9,,CSN,CSN_25215
,-30.891583,-71.66971,12.3836,3.1,,CSN,CSN_25216
,-30.855543,-71.710371,24.442,3.6,,CSN,CSN_25218
,-30.86903,-71.664062,29.3438,3.2,,CSN,CSN_25219
,-30.857557,-71.700205,25.61,4.3,,CSN,CSN_25221
,-30.874954,-71.700049,26.1488,3.3,,CSN,CSN_25222
,-30.876822,-71.694857,20.3734,3.2,,CSN,CSN_25224
,-30.915547,-71.712269,28.0528,3.0,,CSN,CSN_25225
,-30.86563,-71.674375,30.2612,3.1,,CSN,CSN_25226
,-30.926069,-71.615864,36.0885,3.1,,CSN,CSN_25227
,-30.947955,-71.697585,29.8548,3.0,,CSN,CSN_25228
,-30.880693,-71.737078,27.4058,3.5,,CSN,CSN_25230
,-30.894075,-71.625881,28.6413,3.2,,CSN,CSN_25232
,-30.857588,-71.650686,9.6384,3.3,,CSN,CSN_25233
,-30.842923,-71.701456,35.7781,3.5,,CSN,CSN_25234
,-30.887527,-71.709694,24.8726,3.1,,CSN,CSN_25238
,-30.860789,-71.678333,32.0845,3.0,,CSN,CSN_25239
,-30.849278,-71.706377,25.5452,3.1,,CSN,CSN_25240
,-30.867742,-71.646232,31.7671,3.6,,CSN,CSN_25241
,-30.890509,-71.618179,32.27,3.2,,CSN,CSN_25244
,-30.850676,-71.711128,29.0049,3.8,,CSN,CSN_25245
,-30.884633,-71.688591,29.2136,3.1,,CSN,CSN_25246
,-30.869203,-71.72214,22.2028,3.9,,CSN,CSN_25253
,-30.88846,-71.676646,35.0167,3.0,,CSN,CSN_25254
,-30.851491,-71.687992,30.4216,3.5,,CSN,CSN_25255
,-30.84628,-71.718115,5.0972,3.5,,CSN,CSN_25256
,-24.145107,-66.954334,142.783,4.5,,CSN,CSN_25257
,-24.100557,-67.012565,206.0706,5.3,,CSN,CSN_25258
,-24.367736,-67.289134,15.1053,4.1,,CSN,CSN_25259
,-23.863941,-67.406008,254.2909,4.8,,CSN,CSN_25260
,-23.922784,-66.821505,197.797,4.2,,CSN,CSN_25261
,-23.938154,-67.213695,193.8438,5.2,,CSN,CSN_25262
,-24.109896,-66.966249,218.9463,4.3,,CSN,CSN_25263
,-24.191061,-67.251093,199.214,4.5,,CSN,CSN_25264
,-24.285299,-67.293768,195.9017,5.3,,CSN,CSN_25265
,-24.104597,-67.224685,203.0582,4.6,,CSN,CSN_25266
,-24.141498,-67.192833,206.7923,5.1,,CSN,CSN_25267
,-24.247021,-67.288517,195.8852,3.4,,CSN,CSN_25268
,-23.859232,-67.257968,200.0995,4.1,,CSN,CSN_25269
,-24.031164,-67.229012,185.9754,3.8,,CSN,CSN_25270
,-23.844693,-67.27711,181.944,3.5,,CSN,CSN_25271
,-24.158919,-67.154604,188.5369,4.3,,CSN,CSN_25272
,-24.322846,-67.3861,182.0409,3.8,,CSN,CSN_25273
,-24.252052,-67.201467,191.6717,4.4,,CSN,CSN_25274
,-23.951145,-66.823763,204.0278,3.8,,CSN,CSN_25275
,-24.14435,-67.035082,185.925,4.6,,CSN,CSN_25276
,-24.176932,-67.357431,198.2179,4.8,,CSN,CSN_25277
,-23.893208,-67.044281,230.3901,5.1,,CSN,CSN_25278
,-24.272438,-67.46117,190.0063,4.5,,CSN,CSN_25279
,-23.976534,-66.991705,225.8958,3.7,,CSN,CSN_25280
,-24.253891,-67.182479,201.7921,4.7,,CSN,CSN_25281
,-24.269937,-67.34529,174.935,3.5,,CSN,CSN_25282
,-24.016441,-66.907875,198.0011,3.1,,CSN,CSN_25283
,-24.016759,-67.126775,219.1636,4.7,,CSN,CSN_25284
,-24.28855,-67.301169,186.468,4.3,,CSN,CSN_25285
,-23.932132,-66.83326,200.3167,4.2,,CSN,CSN_25286
,-24.128075,-67.024418,204.3988,3.9,,CSN,CSN_25287
,-24.155937,-67.192642,214.7803,4.2,,CSN,CSN_25288
,-24.038977,-67.191106,226.069,4.7,,CSN,CSN_25289
,-24.066135,-67.208501,223.3176,3.9,,CSN,CSN_25290
,-24.16615,-67.191715,215.2841,4.0,,CSN,CSN_25291
,-24.182464,-67.447872,190.6192,3.8,,CSN,CSN_25292
,-23.977576,-67.320723,221.4347,4.5,,CSN,CSN_25293
,-24.167487,-67.512361,229.1194,4.7,,CSN,CSN_25294
,-24.052167,-67.418141,224.5773,4.1,,CSN,CSN_25295
,-24.074352,-67.472269,207.2717,3.9,,CSN,CSN_25296
,-24.191378,-67.27458,182.5566,4.9,,CSN,CSN_25297
,-24.056474,-67.314731,201.8828,4.9,,CSN,CSN_25298
,-24.244532,-67.240084,194.838,4.0,,CSN,CSN_25299
,-24.218392,-67.117846,180.3107,5.5,,CSN,CSN_25300
,-24.370285,-67.354035,189.2971,5.4,,CSN,CSN_25301
,-24.283421,-67.315386,189.8934,5.0,,CSN,CSN_25302
,-23.944128,-66.80419,206.6582,5.3,,CSN,CSN_25303
,-23.943282,-66.938387,226.6645,5.0,,CSN,CSN_25304
,-24.101985,-67.333074,200.2764,4.9,,CSN,CSN_25305
,-24.246478,-67.556022,211.6364,4.9,,CSN,CSN_25306
,-24.157344,-67.623514,205.7307,4.4,,CSN,CSN_25307
,-23.962364,-67.328122,250.875,4.4,,CSN,CSN_25308
,-23.911765,-67.117264,233.4091,5.0,,CSN,CSN_25309
,-23.983961,-66.981778,212.809,3.9,,CSN,CSN_25310
,-24.223348,-67.440226,226.4004,5.1,,CSN,CSN_25311
,-24.183356,-67.034412,162.5412,4.0,,CSN,CSN_25312
,-23.734345,-67.119027,214.3058,4.3,,CSN,CSN_25313
,-24.126263,-67.176796,217.0713,5.1,,CSN,CSN_25314
,-24.057727,-67.432255,258.9011,5.8,,CSN,CSN_25315
,-24.239908,-67.45809,202.1774,5.9,,CSN,CSN_25316
,-24.103458,-67.101369,238.7043,4.8,,CSN,CSN_25317
,-23.968888,-67.228215,226.4615,4.7,,CSN,CSN_25318
,-24.103924,-67.196218,208.9308,3.6,,CSN,CSN_25319
,-24.098247,-67.449038,221.2524,4.3,,CSN,CSN_25320
,-23.955586,-67.091233,213.0653,4.7,,CSN,CSN_25321
,-24.222173,-67.197334,197.8657,4.1,,CSN,CSN_25322
,-23.962762,-67.262257,187.8462,4.7,,CSN,CSN_25323
,-23.953701,-67.219659,189.215,3.2,,CSN,CSN_25324
,-24.117244,-67.179116,195.6662,4.3,,CSN,CSN_25325
,-23.968894,-67.440951,209.6261,4.6,,CSN,CSN_25326
,-24.115805,-67.413162,191.8029,4.8,,CSN,CSN_25327
,-24.047152,-66.858595,164.3999,4.6,,CSN,CSN_25328
,-24.148302,-67.145635,163.9158,4.3,,CSN,CSN_25329
,-24.189205,-67.100176,179.749,3.4,,CSN,CSN_25330
,-23.876552,-67.114502,224.6886,4.3,,CSN,CSN_25331
,-24.024991,-67.500647,225.4175,4.4,,CSN,CSN_25332
,-23.896296,-67.506745,202.4421,5.0,,CSN,CSN_25333
,-23.906904,-67.230422,225.5271,3.7,,CSN,CSN_25334
,-23.828429,-67.152345,229.0395,4.0,,CSN,CSN_25335
,-23.791612,-67.127744,234.0466,4.3,,CSN,CSN_25336
,-23.990159,-67.233826,226.6425,4.3,,CSN,CSN_25337
,-24.383918,-67.369184,184.4598,4.7,,CSN,CSN_25338
,-23.982221,-67.018471,193.6523,4.9,,CSN,CSN_25339
,-23.867663,-67.077991,234.8569,3.9,,CSN,CSN_25340
,-24.076955,-67.338874,222.7604,3.9,,CSN,CSN_25341
,-24.166999,-67.498212,203.1151,3.8,,CSN,CSN_25342
,-24.024709,-67.076575,193.0901,4.1,,CSN,CSN_25343
,-24.032007,-67.564399,220.2061,4.0,,CSN,CSN_25344
,-24.107036,-67.501408,216.4828,3.9,,CSN,CSN_25345
,-24.261227,-67.550975,212.4881,4.1,,CSN,CSN_25346
,-24.162663,-67.299067,204.0391,4.7,,CSN,CSN_25347
,-23.773276,-67.342006,202.2123,4.2,,CSN,CSN_25348
,-24.317151,-67.40189,167.2542,4.5,,CSN,CSN_25349
,-24.131196,-67.534631,215.4914,3.8,,CSN,CSN_25350
,-24.178183,-67.335525,204.6182,3.7,,CSN,CSN_25351
,-24.014279,-67.339716,202.0007,3.7,,CSN,CSN_25352
,-24.161925,-67.515053,195.536,4.3,,CSN,CSN_25353
,-24.145625,-67.452768,201.0382,3.6,,CSN,CSN_25354
,-24.094013,-67.085835,200.471,4.0,,CSN,CSN_25355
,-24.041847,-66.874015,180.8342,4.1,,CSN,CSN_25356
,-24.020638,-67.393192,227.403,4.0,,CSN,CSN_25357
,-24.000001,-67.127023,224.818,4.3,,CSN,CSN_25358
,-24.145666,-67.370714,200.2522,5.0,,CSN,CSN_25359
,-23.986613,-67.11873,172.3159,3.1,,CSN,CSN_25360
,-24.138177,-67.398388,198.206,4.7,,CSN,CSN_25361
,-24.075643,-67.338132,200.8095,4.8,,CSN,CSN_25362
,-24.051136,-67.230313,225.5571,4.0,,CSN,CSN_25363
,-23.943255,-67.065431,233.8984,4.1,,CSN,CSN_25364
,-23.980767,-67.200171,218.2641,3.4,,CSN,CSN_25365
,-24.189831,-67.315339,189.7234,4.4,,CSN,CSN_25366
,-24.167796,-67.41448,202.3073,3.5,,CSN,CSN_25367
,-24.153081,-67.427844,208.8,3.4,,CSN,CSN_25368
,-24.040136,-67.218337,224.3021,3.9,,CSN,CSN_25369
,-24.101275,-67.446481,207.8431,3.5,,CSN,CSN_25370
,-24.13773,-67.18252,168.5088,3.9,,CSN,CSN_25371
,-23.774932,-66.926477,238.8104,3.6,,CSN,CSN_25372
,-23.878115,-67.112477,222.3458,3.4,,CSN,CSN_25373
,-24.077226,-67.359682,200.9422,4.7,,CSN,CSN_25374
,-23.779942,-67.069679,225.3708,4.1,,CSN,CSN_25375
,-23.986639,-67.041749,227.3953,3.4,,CSN,CSN_25376
,-24.182999,-67.26298,203.8238,4.2,,CSN,CSN_25377
,-23.812109,-67.078819,226.3113,4.3,,CSN,CSN_25378
,-23.728561,-67.080025,234.9547,4.0,,CSN,CSN_25379
,-23.886954,-67.248981,235.2408,4.0,,CSN,CSN_25380
,-23.921076,-67.155295,214.1699,3.2,,CSN,CSN_25381
,-23.946593,-67.169237,218.747,4.0,,CSN,CSN_25382
,-23.926653,-67.215116,217.9405,4.3,,CSN,CSN_25383
,-23.926762,-67.310626,220.0734,3.7,,CSN,CSN_25384
,-23.800822,-67.238107,236.9157,3.1,,CSN,CSN_25385
,-23.996977,-67.351108,227.4261,4.1,,CSN,CSN_25386
,-23.908707,-67.24915,213.6883,3.2,,CSN,CSN_25387
,-24.101246,-67.187705,211.5817,3.4,,CSN,CSN_25388
,-24.085361,-67.404002,209.6727,3.8,,CSN,CSN_25389
,-24.043107,-67.428857,206.8354,3.9,,CSN,CSN_25390
,-24.187277,-67.477757,212.8573,4.4,,CSN,CSN_25391
,-23.98768,-67.2819,195.0333,3.4,,CSN,CSN_25392
,-24.077696,-67.240273,220.0963,4.2,,CSN,CSN_25393
,-23.965668,-67.029208,199.1649,5.1,,CSN,CSN_25394
,-23.764658,-67.007722,253.0447,4.1,,CSN,CSN_25395
,-24.267227,-67.656079,181.9559,3.9,,CSN,CSN_25396
,-23.952643,-67.257559,174.3207,4.2,,CSN,CSN_25397
,-24.151163,-67.297363,163.5503,3.8,,CSN,CSN_25398
,-24.195947,-67.446099,200.8244,4.5,,CSN,CSN_25399
,-24.003274,-67.394154,193.5863,4.5,,CSN,CSN_25400
,-24.064358,-67.133106,176.2779,4.1,,CSN,CSN_25401
,-24.15037,-67.178395,191.6024,4.6,,CSN,CSN_25402
,-24.190643,-67.387591,194.3937,3.5,,CSN,CSN_25403
,-23.867617,-67.289433,238.6406,3.4,,CSN,CSN_25404
,-24.12537,-67.235221,158.886,3.6,,CSN,CSN_25405
,-23.792462,-67.256582,247.6155,3.9,,CSN,CSN_25406
,-24.023131,-67.250108,233.067,4.3,,CSN,CSN_25407
,-24.278846,-67.566466,186.0824,4.2,,CSN,CSN_25408
,-23.789979,-67.39066,246.0192,4.7,,CSN,CSN_25409
,-23.928556,-67.444598,233.6899,3.8,,CSN,CSN_25410
,-23.84961,-67.364814,241.1777,3.9,,CSN,CSN_25411
,-23.948637,-67.519852,245.4956,3.0,,CSN,CSN_25412
,-24.088032,-67.417876,174.2994,3.5,,CSN,CSN_25413
,-24.041928,-67.142934,139.022,4.8,,CSN,CSN_25414
,-23.914998,-67.097195,204.8537,4.9,,CSN,CSN_25415
,-24.14503,-67.142377,161.2913,3.3,,CSN,CSN_25416
,-24.324268,-67.296864,184.6583,3.8,,CSN,CSN_25417
,-24.245844,-67.177489,166.7337,4.0,,CSN,CSN_25418
,-24.403253,-67.422724,173.0505,3.4,,CSN,CSN_25419
,-24.302325,-67.344549,180.9412,4.0,,CSN,CSN_25420
,-23.935937,-67.492255,225.5832,4.6,,CSN,CSN_25421
,-24.076516,-67.214383,197.4609,4.8,,CSN,CSN_25422
,-24.207563,-67.443779,197.8207,4.8,,CSN,CSN_25423
,-24.139868,-67.373859,216.0581,5.5,,CSN,CSN_25424
,-24.298835,-67.474964,202.1885,4.3,,CSN,CSN_25425
,-24.140249,-67.27858,196.6325,4.4,,CSN,CSN_25426
,-23.861675,-67.367809,224.0797,3.9,,CSN,CSN_25427
,-24.134308,-67.501732,210.3966,3.8,,CSN,CSN_25428
,-24.010771,-67.414343,208.8699,5.1,,CSN,CSN_25429
,-23.921859,-66.904433,183.2655,4.9,,CSN,CSN_25430
,-23.874865,-67.388578,190.1378,4.7,,CSN,CSN_25431
,-24.337999,-67.353135,189.671,4.4,,CSN,CSN_25432
,-24.215251,-67.384302,200.8364,5.0,,CSN,CSN_25433
,-24.234689,-67.480624,205.0299,4.0,,CSN,CSN_25434
,-23.99656,-67.060376,209.4304,5.4,,CSN,CSN_25435
,-23.914612,-67.155438,227.5323,5.3,,CSN,CSN_25436
,-23.828301,-67.164459,234.1981,4.9,,CSN,CSN_25437
,-24.098732,-67.567844,211.5656,4.1,,CSN,CSN_25438
,-24.137052,-67.057447,183.4094,3.4,,CSN,CSN_25439
,-24.15079,-67.234649,137.3811,4.7,,CSN,CSN_25440
,-23.967123,-67.22708,230.7731,4.0,,CSN,CSN_25441
,-24.15976,-67.553839,209.963,4.7,,CSN,CSN_25442
,-24.076373,-67.628275,210.5458,4.4,,CSN,CSN_25443
,-23.829939,-66.933087,233.9862,5.1,,CSN,CSN_25444
,-23.998959,-67.362782,227.7951,4.4,,CSN,CSN_25445
,-24.124162,-67.495261,207.1124,4.6,,CSN,CSN_25446
,-23.927452,-67.089919,232.3655,4.7,,CSN,CSN_25447
,-23.997813,-67.2512,192.1568,4.1,,CSN,CSN_25448
,-23.886925,-67.048424,216.3651,4.7,,CSN,CSN_25449
,-24.289206,-67.497576,194.1332,3.7,,CSN,CSN_25450
,-24.073937,-66.874114,165.4597,4.0,,CSN,CSN_25451
,-23.85176,-67.107628,235.2548,3.6,,CSN,CSN_25452
,-23.78885,-67.309735,235.8674,3.7,,CSN,CSN_25453
,-24.083384,-67.147138,198.2994,4.3,,CSN,CSN_25454
,-24.103035,-67.5457,211.1027,3.3,,CSN,CSN_25455
,-23.821426,-66.971886,214.3874,4.3,,CSN,CSN_25456
,-24.222416,-67.333171,176.2309,3.3,,CSN,CSN_25457
,-23.87722,-67.138256,228.5563,4.3,,CSN,CSN_25458
,-23.889192,-67.217131,235.3277,3.4,,CSN,CSN_25459
,-23.967651,-67.460823,213.7603,3.4,,CSN,CSN_25460
,-23.862307,-67.042591,232.9784,4.0,,CSN,CSN_25461
,-24.064582,-67.230753,223.6757,3.1,,CSN,CSN_25462
,-23.8545,-67.329904,176.7362,3.5,,CSN,CSN_25463
,-23.81758,-67.038965,205.182,3.4,,CSN,CSN_25464
,-23.965531,-67.194914,202.1617,5.2,,CSN,CSN_25465
,-23.938904,-67.18867,215.165,3.5,,CSN,CSN_25466
,-24.214241,-67.170178,214.4957,4.5,,CSN,CSN_25467
,-23.955764,-67.231575,224.2471,3.3,,CSN,CSN_25468
,-24.093978,-67.239172,190.9714,4.4,,CSN,CSN_25469
,-24.179428,-67.358549,199.4319,3.2,,CSN,CSN_25470
,-23.914998,-66.99149,204.6285,4.0,,CSN,CSN_25471
,-24.224551,-67.447493,164.7278,3.0,,CSN,CSN_25472
,-24.117521,-67.071429,199.6585,3.6,,CSN,CSN_25473
,-23.979867,-67.430011,215.5346,3.5,,CSN,CSN_25474
,-23.875924,-66.823634,213.7358,5.0,,CSN,CSN_25475
,-24.056196,-67.217448,205.9297,3.5,,CSN,CSN_25476
,-23.861424,-67.469081,219.3475,4.4,,CSN,CSN_25477
,-24.019431,-67.277128,174.0013,3.0,,CSN,CSN_25478
,-24.077987,-67.505496,217.5882,3.6,,CSN,CSN_25479
,-24.063379,-67.38238,219.653,4.1,,CSN,CSN_25480
,-24.082,-67.353184,228.4897,3.6,,CSN,CSN_25481
,-24.005396,-66.884348,208.5794,4.2,,CSN,CSN_25482
,-24.165324,-67.356278,196.3815,4.1,,CSN,CSN_25483
,-23.796668,-67.062192,218.8949,4.6,,CSN,CSN_25484
,-23.950163,-67.249913,234.7976,3.6,,CSN,CSN_25485
,-24.069569,-67.326817,196.6963,3.8,,CSN,CSN_25486
,-23.858704,-67.108657,232.7783,3.9,,CSN,CSN_25487
,-23.941814,-66.88414,201.3442,3.7,,CSN,CSN_25488
,-24.004193,-67.357176,206.7428,3.8,,CSN,CSN_25489
,-23.874051,-67.291222,235.4748,4.2,,CSN,CSN_25490
,-24.035767,-67.414741,221.1378,4.7,,CSN,CSN_25491
,-24.036964,-67.346996,227.0841,5.1,,CSN,CSN_25492
,-24.007433,-67.457394,214.7816,3.9,,CSN,CSN_25493
,-24.083813,-67.303249,230.0955,4.3,,CSN,CSN_25494
,-24.054573,-67.343454,203.0429,3.7,,CSN,CSN_25495
,-23.831624,-66.976395,203.3845,3.9,,CSN,CSN_25496
,-24.126892,-67.542255,208.2442,4.3,,CSN,CSN_25497
,-23.94588,-67.422335,194.8526,4.3,,CSN,CSN_25498
,-24.146679,-67.524739,213.0221,4.9,,CSN,CSN_25499
,-24.14218,-67.292458,215.301,4.5,,CSN,CSN_25500
,-24.089835,-67.428082,223.5591,4.7,,CSN,CSN_25501
,-24.097974,-67.370459,220.688,5.4,,CSN,CSN_25502
,-24.029781,-67.349665,211.3492,4.1,,CSN,CSN_25503
,-24.100199,-67.42347,206.0731,3.8,,CSN,CSN_25504
,-24.150356,-67.497526,195.6736,4.1,,CSN,CSN_25505
,-24.041932,-67.177741,213.0943,3.9,,CSN,CSN_25506
,-24.149814,-67.465318,201.527,3.8,,CSN,CSN_25507
,-24.078246,-67.535534,214.7877,3.9,,CSN,CSN_25508
,-24.112065,-67.491858,206.2877,4.8,,CSN,CSN_25509
,-23.914502,-67.244889,233.4772,6.2,,CSN,CSN_25510
,-23.836254,-67.175154,238.6328,4.4,,CSN,CSN_25511
,-23.960182,-67.507356,211.0263,4.9,,CSN,CSN_25512
,-24.053649,-67.274751,225.2164,3.8,,CSN,CSN_25513
,-23.834692,-67.463548,199.7891,3.8,,CSN,CSN_25514
,-23.863861,-67.15627,240.6618,6.2,,CSN,CSN_25515
,-24.051665,-67.317972,160.9932,3.6,,CSN,CSN_25516
,-24.227068,-67.489403,211.255,4.1,,CSN,CSN_25517
,-23.980083,-67.198327,199.404,4.4,,CSN,CSN_25518
,-23.938905,-67.111414,234.2479,3.6,,CSN,CSN_25519
,-23.897826,-66.962597,217.9973,4.5,,CSN,CSN_25520
,-24.168909,-67.421302,195.9816,4.5,,CSN,CSN_25521
,-24.074349,-67.400958,211.9666,5.3,,CSN,CSN_25522
,-24.033893,-67.173609,234.5638,4.9,,CSN,CSN_25523
,-23.8968,-67.110641,184.0662,4.2,,CSN,CSN_25524
,-24.13991,-67.473484,235.7551,4.5,,CSN,CSN_25525
,-23.854592,-67.216558,236.4499,3.9,,CSN,CSN_25526
,-24.154416,-67.522242,210.4706,4.2,,CSN,CSN_25527
,-23.955289,-67.256184,231.8721,4.0,,CSN,CSN_25528
,-23.950937,-67.247078,232.1103,4.9,,CSN,CSN_25529
,-24.083352,-67.417328,206.0577,3.7,,CSN,CSN_25530
,-23.936101,-67.168571,222.695,3.5,,CSN,CSN_25531
,-24.267145,-67.550806,210.9683,4.3,,CSN,CSN_25532
,-24.107796,-67.373725,218.1257,3.4,,CSN,CSN_25533
,-24.044846,-67.213968,210.9688,4.6,,CSN,CSN_25534
,-23.985399,-67.465226,233.6573,3.9,,CSN,CSN_25535
,-23.749333,-67.323638,197.7221,4.3,,CSN,CSN_25536
,-23.983903,-67.228011,242.9118,4.6,,CSN,CSN_25537
,-24.132784,-67.557302,208.2388,4.9,,CSN,CSN_25538
,-24.026406,-67.29011,195.123,3.9,,CSN,CSN_25539
,-24.018999,-67.499859,220.1467,4.7,,CSN,CSN_25540
,-23.995588,-67.373041,222.7324,5.5,,CSN,CSN_25541
,-24.103988,-67.414527,204.196,3.5,,CSN,CSN_25542
,-23.956504,-67.36892,228.3135,3.6,,CSN,CSN_25543
,-23.786302,-67.139891,237.0222,4.7,,CSN,CSN_25544
,-23.890436,-66.796905,188.4201,4.6,,CSN,CSN_25545
,-23.875056,-67.263505,235.786,3.8,,CSN,CSN_25546
,-23.840155,-67.365923,226.507,3.5,,CSN,CSN_25547
,-24.021622,-67.307654,224.033,4.1,,CSN,CSN_25548
,-24.084875,-67.197824,213.2288,3.9,,CSN,CSN_25549
,-23.98809,-67.493492,221.676,4.0,,CSN,CSN_25550
,-23.959847,-67.454712,240.8171,3.2,,CSN,CSN_25551
,-24.079962,-67.38735,217.5336,3.9,,CSN,CSN_25552
,-24.183678,-67.385561,194.359,3.5,,CSN,CSN_25553
,-24.064144,-67.262706,224.4136,4.2,,CSN,CSN_25554
,-24.108821,-67.462746,214.8068,4.1,,CSN,CSN_25555
,-23.873338,-67.389886,234.5511,3.8,,CSN,CSN_25556
,-23.984523,-67.34075,200.3083,3.6,,CSN,CSN_25557
,-23.853481,-67.213087,229.6763,4.2,,CSN,CSN_25558
,-24.159206,-67.369549,186.094,4.4,,CSN,CSN_25559
,-23.878097,-67.14803,235.6334,4.1,,CSN,CSN_25560
,-24.149681,-67.457456,197.4783,4.9,,CSN,CSN_25561
,-23.761729,-67.200766,235.81,3.8,,CSN,CSN_25562
,-23.923425,-67.090118,245.9236,3.9,,CSN,CSN_25563
,-24.165164,-67.397105,213.3319,5.8,,CSN,CSN_25564
,-23.936624,-67.42917,218.6867,4.0,,CSN,CSN_25565
,-23.910229,-67.352351,221.7104,4.3,,CSN,CSN_25566
,-24.161656,-67.655026,198.2002,4.6,,CSN,CSN_25567
,-24.014636,-67.506604,221.959,4.3,,CSN,CSN_25568
,-24.08105,-67.220602,204.0299,5.2,,CSN,CSN_25569
,-23.907281,-66.940379,174.641,5.6,,CSN,CSN_25570
,-24.221365,-67.287711,169.3024,4.8,,CSN,CSN_25571
,-24.199768,-67.228102,188.8451,4.2,,CSN,CSN_25572
,-23.954679,-67.112182,211.4122,4.6,,CSN,CSN_25573
,-23.775958,-66.999152,242.6495,4.1,,CSN,CSN_25574
,-24.153071,-67.434022,231.5593,5.5,,CSN,CSN_25575
,-24.121063,-67.310219,157.2491,4.8,,CSN,CSN_25576
,-24.260118,-67.419902,195.293,4.9,,CSN,CSN_25577
,-24.125272,-67.391645,198.2633,5.0,,CSN,CSN_25578
,-23.833297,-67.178686,211.1461,4.6,,CSN,CSN_25579
,-23.911686,-67.231852,234.7981,4.9,,CSN,CSN_25580
,-23.791918,-67.206217,236.9239,4.4,,CSN,CSN_25581
,-24.25994,-67.445336,184.1207,4.6,,CSN,CSN_25582
,-23.949353,-67.102382,177.8192,4.3,,CSN,CSN_25583
,-24.316432,-67.495244,194.7091,5.2,,CSN,CSN_25584
,-23.840417,-67.303182,231.0526,5.0,,CSN,CSN_25585
,-24.161958,-67.231756,182.7357,6.2,,CSN,CSN_25586
,-23.990366,-67.084676,220.7562,4.8,,CSN,CSN_25587
,-23.952032,-67.188242,210.0192,5.6,,CSN,CSN_25588
,-24.05018,-67.150771,175.8532,3.5,,CSN,CSN_25589
,-24.081324,-67.356053,231.4934,4.9,,CSN,CSN_25590
,-24.3341,-67.482773,198.9286,3.7,,CSN,CSN_25591
,-24.161437,-67.268449,210.02,4.3,,CSN,CSN_25592
,-24.180599,-67.678002,236.5938,3.8,,CSN,CSN_25593
,-24.121086,-67.398041,214.686,3.7,,CSN,CSN_25594
,-24.110051,-67.28709,218.4295,3.6,,CSN,CSN_25595
,-23.898222,-67.228228,232.2035,4.5,,CSN,CSN_25596
,-24.032122,-67.235328,182.2973,4.5,,CSN,CSN_25597
,-24.007736,-67.257984,231.3295,4.0,,CSN,CSN_25598
,-24.060608,-67.528349,223.0029,4.2,,CSN,CSN_25599
,-23.952223,-67.514349,214.0518,3.9,,CSN,CSN_25600
,-24.216677,-67.433082,198.936,3.9,,CSN,CSN_25601
,-24.196014,-67.390836,199.577,4.5,,CSN,CSN_25602
,-23.864332,-67.127307,222.0119,3.9,,CSN,CSN_25603
,-23.982973,-67.348787,228.8368,4.8,,CSN,CSN_25604
,-23.720702,-67.277112,242.0215,4.0,,CSN,CSN_25605
,-24.065433,-67.332147,200.177,5.6,,CSN,CSN_25606
,-24.159567,-67.244133,206.1867,4.7,,CSN,CSN_25607
,-24.029866,-67.327044,208.8556,4.7,,CSN,CSN_25608
,-23.889996,-67.213021,231.3413,3.4,,CSN,CSN_25609
,-23.953107,-67.074917,210.1231,4.5,,CSN,CSN_25610
,-23.985863,-67.239144,208.6967,4.4,,CSN,CSN_25611
,-24.140974,-67.45038,194.2173,4.6,,CSN,CSN_25612
,-24.019739,-67.082723,226.2349,4.6,,CSN,CSN_25613
,-24.107208,-67.304362,219.7478,4.5,,CSN,CSN_25614
,-23.878878,-67.396685,221.3926,4.2,,CSN,CSN_25615
,-24.056323,-67.184951,212.6896,4.3,,CSN,CSN_25616
,-24.033057,-67.229807,187.4774,3.9,,CSN,CSN_25617
,-24.067173,-67.448337,216.5321,5.0,,CSN,CSN_25618
,-23.78665,-67.139586,239.705,4.3,,CSN,CSN_25619
,-24.092286,-67.473117,200.0677,4.8,,CSN,CSN_25620
,-23.759327,-67.153013,237.2579,4.2,,CSN,CSN_25621
,-24.092645,-67.31866,211.4758,4.2,,CSN,CSN_25622
,-24.062297,-67.244943,221.7524,4.0,,CSN,CSN_25623
,-24.00654,-67.152432,221.5924,4.1,,CSN,CSN_25624
,-23.915164,-67.305959,214.1786,3.9,,CSN,CSN_25625
,-23.828751,-67.186601,241.7034,4.5,,CSN,CSN_25626
,-23.814596,-66.96414,213.093,5.1,,CSN,CSN_25627
,-23.918815,-67.24714,226.2868,4.0,,CSN,CSN_25628
,-24.004317,-67.473593,213.1763,4.0,,CSN,CSN_25629
,-23.791832,-67.2091,239.7272,5.1,,CSN,CSN_25630
,-23.948181,-67.179683,229.2766,4.5,,CSN,CSN_25631
,-23.997195,-67.243855,231.6904,3.2,,CSN,CSN_25632
,-23.984981,-67.17865,215.9775,4.3,,CSN,CSN_25633
,-24.060141,-67.507917,216.3305,4.2,,CSN,CSN_25634
,-23.778301,-67.017688,234.1769,4.3,,CSN,CSN_25635
,-23.822205,-67.189004,214.3325,4.3,,CSN,CSN_25636
,-24.09463,-67.315757,191.1872,3.8,,CSN,CSN_25637
,-24.06678,-67.459492,213.9143,3.9,,CSN,CSN_25638
,-24.077754,-67.48501,201.2822,3.8,,CSN,CSN_25639
,-24.065123,-67.423926,211.779,4.2,,CSN,CSN_25640
,-24.10131,-67.273629,206.6807,4.5,,CSN,CSN_25641
,-24.200394,-67.336686,207.2104,5.0,,CSN,CSN_25642
,-23.822014,-67.067968,187.9976,4.5,,CSN,CSN_25643
,-23.883162,-66.926968,199.4436,3.7,,CSN,CSN_25644
,-23.999865,-67.301796,180.637,4.8,,CSN,CSN_25645
,-24.118178,-66.993768,170.5137,3.9,,CSN,CSN_25646
,-23.916823,-67.132543,235.408,4.5,,CSN,CSN_25647
,-24.144739,-67.330752,200.1565,4.4,,CSN,CSN_25648
,-24.15211,-67.559429,219.1179,4.7,,CSN,CSN_25649
,-23.889833,-67.090244,246.7681,4.3,,CSN,CSN_25650
,-24.04257,-66.870438,180.5939,4.0,,CSN,CSN_25651
,-24.038072,-67.363846,225.2336,4.1,,CSN,CSN_25652
,-24.126531,-67.260997,209.5672,5.2,,CSN,CSN_25653
,-23.867669,-67.524068,238.1457,4.2,,CSN,CSN_25654
,-23.933403,-67.089032,213.974,4.5,,CSN,CSN_25655
,-24.098065,-67.360743,209.0334,4.0,,CSN,CSN_25656
,-24.173885,-67.264686,202.8799,4.2,,CSN,CSN_25657
,-24.122476,-67.68844,209.8912,4.6,,CSN,CSN_25658
,-23.850058,-67.167061,236.3638,4.5,,CSN,CSN_25659
,-24.187388,-67.275856,184.0315,4.7,,CSN,CSN_25660
,-23.961816,-67.141808,214.9812,4.2,,CSN,CSN_25661
,-24.086388,-67.376127,211.6825,3.4,,CSN,CSN_25662
,-23.93845,-67.248955,237.6064,4.0,,CSN,CSN_25663
,-23.881283,-67.48043,219.0412,5.1,,CSN,CSN_25664
,-24.148175,-67.270892,195.4767,3.8,,CSN,CSN_25665
,-23.911993,-67.274694,217.8014,4.0,,CSN,CSN_25666
,-24.086108,-67.319823,211.325,3.9,,CSN,CSN_25667
,-24.131408,-67.488931,197.1864,3.4,,CSN,CSN_25668
,-24.070081,-67.110679,202.6739,4.4,,CSN,CSN_25669
,-23.957634,-67.178765,216.8339,5.5,,CSN,CSN_25670
,-24.056274,-67.377355,231.6852,4.3,,CSN,CSN_25671
,-23.896941,-67.350382,232.2489,3.6,,CSN,CSN_25672
,-23.93499,-67.475455,212.4183,4.0,,CSN,CSN_25673
,-24.162581,-67.405626,168.6897,4.5,,CSN,CSN_25674
,-23.903628,-67.315078,241.2311,5.5,,CSN,CSN_25675
,-24.213894,-67.285171,169.5314,4.0,,CSN,CSN_25676
,-24.147001,-67.266281,207.5447,4.1,,CSN,CSN_25677
,-23.860409,-67.272756,233.9425,5.6,,CSN,CSN_25678
,-24.194008,-67.362435,194.5715,4.4,,CSN,CSN_25679
,-23.931173,-67.215501,144.915,4.3,,CSN,CSN_25680
,-23.841747,-66.979535,216.9468,4.2,,CSN,CSN_25681
,-23.911362,-67.178117,239.0795,4.3,,CSN,CSN_25682
,-24.169726,-67.596161,210.4851,3.9,,CSN,CSN_25683
,-23.850333,-67.117896,234.4139,3.6,,CSN,CSN_25684
,-24.070564,-67.428816,227.2766,4.4,,CSN,CSN_25685
,-24.116963,-67.378448,179.7298,4.9,,CSN,CSN_25686
,-23.849919,-67.503065,216.0675,3.7,,CSN,CSN_25687
,-23.961779,-67.380373,236.2415,3.9,,CSN,CSN_25688
,-23.905205,-67.29606,217.1124,4.7,,CSN,CSN_25689
,-24.205692,-67.418442,177.9824,3.8,,CSN,CSN_25690
,-23.866311,-67.074149,226.8621,4.0,,CSN,CSN_25691
,-24.034247,-67.526321,223.8155,4.0,,CSN,CSN_25692
,-24.032719,-67.321096,168.7435,3.2,,CSN,CSN_25693
,-24.125383,-67.289157,192.3687,4.9,,CSN,CSN_25694
,-24.230718,-67.468111,188.9008,5.3,,CSN,CSN_25695
,-24.137908,-67.375752,206.7386,4.0,,CSN,CSN_25696
,-24.162486,-67.431968,207.4283,5.1,,CSN,CSN_25697
,-24.038885,-67.297218,182.8046,4.3,,CSN,CSN_25698
,-24.049644,-67.376316,215.403,3.7,,CSN,CSN_25699
,-24.091809,-67.353747,220.74,4.8,,CSN,CSN_25700
,-23.786333,-67.16745,240.0308,3.9,,CSN,CSN_25701
,-23.696147,-67.229035,230.0316,5.1,,CSN,CSN_25702
,-24.061119,-67.337813,225.5357,5.3,,CSN,CSN_25703
,-23.883099,-67.262864,237.1285,4.5,,CSN,CSN_25704
,-24.172379,-67.368906,209.9494,5.0,,CSN,CSN_25705
,-24.149146,-67.380094,200.7118,3.8,,CSN,CSN_25706
,-24.133091,-67.009068,172.3116,3.8,,CSN,CSN_25707
,-23.906098,-67.359719,226.169,4.1,,CSN,CSN_25708
,-24.025403,-67.225397,233.9542,4.9,,CSN,CSN_25709
,-24.047758,-67.110839,228.8335,5.5,,CSN,CSN_25710
,-23.828501,-67.44649,256.9701,4.7,,CSN,CSN_25711
,-23.906937,-67.378522,217.9772,4.1,,CSN,CSN_25712
,-24.208077,-67.266816,208.7378,4.4,,CSN,CSN_25713
,-24.068123,-66.974355,179.1971,4.3,,CSN,CSN_25714
,-24.271976,-67.327887,191.6707,4.0,,CSN,CSN_25715
,-24.142779,-67.285139,168.8538,4.5,,CSN,CSN_25716
,-24.087538,-67.446916,208.0184,4.1,,CSN,CSN_25717
,-23.842994,-67.068832,227.4812,3.6,,CSN,CSN_25718
,-24.149038,-67.496911,201.7228,4.4,,CSN,CSN_25719
,-24.128775,-67.342307,167.1187,3.5,,CSN,CSN_25720
,-23.90286,-67.287483,232.1787,4.0,,CSN,CSN_25721
,-24.07761,-67.304531,224.4088,5.0,,CSN,CSN_25722
,-24.098487,-67.361633,202.7093,4.1,,CSN,CSN_25723
,-24.16266,-67.290346,202.3926,4.7,,CSN,CSN_25724
,-24.300118,-67.210074,192.2372,4.5,,CSN,CSN_25725
,-23.92315,-66.887367,158.8526,3.7,,CSN,CSN_25726
,-24.022341,-67.290742,230.116,4.1,,CSN,CSN_25727
,-24.256038,-67.372429,196.6789,3.9,,CSN,CSN_25728
,-24.063931,-67.335824,204.5588,4.1,,CSN,CSN_25729
,-23.995395,-67.387927,188.205,4.0,,CSN,CSN_25730
,-23.75098,-67.154944,247.283,4.2,,CSN,CSN_25731
,-24.042385,-67.445366,198.5797,3.4,,CSN,CSN_25732
,-23.905099,-67.23522,230.5939,4.0,,CSN,CSN_25733
,-23.923725,-67.392827,234.4816,5.3,,CSN,CSN_25734
,-24.167237,-67.429371,202.7949,4.9,,CSN,CSN_25735
,-24.034707,-67.319077,234.8116,3.9,,CSN,CSN_25736
,-23.97434,-67.462135,201.8352,4.0,,CSN,CSN_25737
,-23.901226,-67.247876,236.4082,4.0,,CSN,CSN_25738
,-23.727689,-67.133448,184.8885,3.8,,CSN,CSN_25739
,-24.076011,-67.506583,185.5733,4.2,,CSN,CSN_25740
,-24.06329,-67.181396,210.3913,3.7,,CSN,CSN_25741
,-23.884113,-67.184988,243.4246,4.0,,CSN,CSN_25742
,-23.983577,-67.295681,223.6571,4.6,,CSN,CSN_25743
,-24.018617,-67.341446,219.5607,4.1,,CSN,CSN_25744
,-23.981732,-67.156643,225.2812,4.6,,CSN,CSN_25745
,-23.952254,-67.46138,220.6567,4.3,,CSN,CSN_25746
,-24.207458,-67.414668,199.6992,4.8,,CSN,CSN_25747
,-24.221565,-67.508796,194.7656,3.9,,CSN,CSN_25748
,-24.030381,-67.528356,212.2046,3.6,,CSN,CSN_25749
,-23.896329,-67.113575,216.6942,4.0,,CSN,CSN_25750
,-24.074511,-67.034938,170.5102,4.5,,CSN,CSN_25751
,-24.114632,-67.316412,170.287,4.4,,CSN,CSN_25752
,-24.180751,-67.268614,181.8179,4.1,,CSN,CSN_25753
,-24.109641,-67.46416,200.3305,3.6,,CSN,CSN_25754
,-24.222377,-67.209636,197.9379,4.0,,CSN,CSN_25755
,-23.80952,-67.037372,221.3549,4.5,,CSN,CSN_25756
,-23.886505,-66.968337,218.8694,3.9,,CSN,CSN_25757
,-23.725809,-67.185082,216.6298,4.4,,CSN,CSN_25758
,-24.13092,-67.505844,190.5191,4.0,,CSN,CSN_25759
,-24.03542,-66.925007,126.4827,4.5,,CSN,CSN_25760
,-24.136534,-67.284752,207.0366,3.9,,CSN,CSN_25761
,-24.033344,-67.109388,182.6558,4.1,,CSN,CSN_25762
,-24.035644,-67.161209,217.8768,4.0,,CSN,CSN_25763
,-24.137713,-67.506672,222.8191,5.3,,CSN,CSN_25764
,-23.96189,-66.941011,202.7034,5.0,,CSN,CSN_25765
,-24.284771,-67.361531,191.0696,4.6,,CSN,CSN_25766
,-24.322413,-67.490709,196.4292,5.0,,CSN,CSN_25767
,-24.084443,-67.321417,207.6971,4.0,,CSN,CSN_25768
,-23.883841,-67.016791,229.7387,4.4,,CSN,CSN_25769
,-24.120911,-67.267791,190.4577,4.0,,CSN,CSN_25770
,-24.139718,-67.174667,179.7291,3.9,,CSN,CSN_25771
,-23.879762,-67.14097,226.1964,4.4,,CSN,CSN_25772
,-24.110724,-67.281028,200.0427,3.8,,CSN,CSN_25773
,-24.158294,-67.346449,203.4562,3.8,,CSN,CSN_25774
,-23.931574,-67.477949,203.5183,4.2,,CSN,CSN_25775
,-24.301492,-67.372239,187.4052,4.0,,CSN,CSN_25776
,-24.217957,-67.365919,192.423,4.1,,CSN,CSN_25777
,-24.053416,-67.326741,205.2756,4.4,,CSN,CSN_25778
,-23.873597,-67.228469,229.6304,3.9,,CSN,CSN_25779
,-23.954075,-67.410578,217.4685,4.1,,CSN,CSN_25780
,-24.368622,-67.419172,206.3885,4.4,,CSN,CSN_25781
,-23.849079,-67.137877,228.7288,3.4,,CSN,CSN_25782
,-23.965515,-67.159451,221.4534,4.2,,CSN,CSN_25783
,-24.154021,-67.348539,206.8721,4.1,,CSN,CSN_25784
,-23.784277,-67.235655,232.8652,5.1,,CSN,CSN_25785
,-23.650637,-67.0565,188.4035,4.9,,CSN,CSN_25786
,-23.973169,-67.248631,203.2521,4.0,,CSN,CSN_25787
,-24.10318,-67.306349,191.4124,4.6,,CSN,CSN_25788
,-23.852659,-66.919249,196.3311,3.9,,CSN,CSN_25789
,-24.134581,-67.586806,183.6913,3.4,,CSN,CSN_25790
,-24.223071,-67.285161,178.5426,4.2,,CSN,CSN_25791
,-24.187363,-67.519076,189.416,3.8,,CSN,CSN_25792
,-24.115637,-67.495687,208.3145,4.1,,CSN,CSN_25793
,-24.130667,-67.48978,205.7299,4.1,,CSN,CSN_25794
,-24.128201,-67.449715,205.4781,4.1,,CSN,CSN_25795
,-23.984473,-67.259411,237.4532,4.4,,CSN,CSN_25796
,-23.952096,-67.125732,242.1794,4.2,,CSN,CSN_25797
,-24.054946,-67.222517,169.4368,4.7,,CSN,CSN_25798
,-24.083138,-67.311053,196.994,4.0,,CSN,CSN_25799
,-23.866801,-67.194768,224.0299,4.3,,CSN,CSN_25800
,-23.979314,-67.293013,244.9643,4.4,,CSN,CSN_25801
,-24.012569,-67.121867,174.4721,4.0,,CSN,CSN_25802
,-24.061979,-67.337801,207.3484,4.6,,CSN,CSN_25803
,-24.219158,-67.432642,167.9455,4.2,,CSN,CSN_25804
,-24.248841,-67.365012,164.7258,4.5,,CSN,CSN_25805
,-24.295291,-67.598304,163.3773,3.8,,CSN,CSN_25806
,-24.063328,-67.396079,200.7145,4.9,,CSN,CSN_25807
,-24.024296,-67.100924,215.2808,4.1,,CSN,CSN_25808
,-24.146291,-67.227539,168.4442,4.9,,CSN,CSN_25809
,-24.195995,-67.27585,204.1623,4.3,,CSN,CSN_25810
,-24.14328,-67.408478,196.7162,4.0,,CSN,CSN_25811
,-24.125292,-67.272745,212.8375,4.3,,CSN,CSN_25812
,-24.105228,-67.010448,187.6336,4.8,,CSN,CSN_25813
,-24.002541,-67.517215,209.8105,3.9,,CSN,CSN_25814
,-23.924978,-67.027907,197.35,3.7,,CSN,CSN_25815
,-24.168773,-67.423416,201.0804,4.0,,CSN,CSN_25816
,-23.987348,-67.02987,225.3965,4.5,,CSN,CSN_25817
,-24.122082,-67.426158,210.1612,3.9,,CSN,CSN_25818
,-23.897803,-67.055743,211.1279,3.9,,CSN,CSN_25819
,-23.980043,-67.057662,179.6921,4.2,,CSN,CSN_25820
,-24.078121,-67.211186,227.2708,4.8,,CSN,CSN_25821
,-24.140292,-67.337584,201.2996,4.0,,CSN,CSN_25822
,-23.994145,-67.532587,210.7135,3.9,,CSN,CSN_25823
,-23.901288,-67.332674,231.442,3.7,,CSN,CSN_25824
,-23.95021,-67.126179,165.6672,4.7,,CSN,CSN_25825
,-24.229748,-67.380321,144.6706,4.6,,CSN,CSN_25826
,-24.218955,-67.48274,186.8658,3.6,,CSN,CSN_25827
,-24.176474,-67.453535,205.4823,3.6,,CSN,CSN_25828
,-24.096108,-67.105474,209.2015,3.7,,CSN,CSN_25829
,-24.074569,-67.266902,196.4163,4.0,,CSN,CSN_25830
,-23.83846,-67.051633,224.3191,3.3,,CSN,CSN_25831
,-23.67505,-67.129342,241.5996,4.3,,CSN,CSN_25832
,-24.064049,-67.540234,218.0895,3.6,,CSN,CSN_25833
,-24.187935,-67.460366,179.7161,3.9,,CSN,CSN_25834
,-23.986167,-67.352765,198.3818,3.9,,CSN,CSN_25835
,-24.199443,-67.566377,192.8015,5.0,,CSN,CSN_25836
,-24.092281,-67.243459,211.7105,5.1,,CSN,CSN_25837
,-24.131886,-67.389705,199.0267,3.8,,CSN,CSN_25838
,-23.847752,-67.09045,232.4326,3.5,,CSN,CSN_25839
,-24.055767,-67.62039,226.0571,3.9,,CSN,CSN_25840
,-24.018714,-67.288583,237.465,4.2,,CSN,CSN_25841
,-23.821621,-67.088492,238.0063,4.1,,CSN,CSN_25842
,-24.12583,-67.210065,164.2648,4.0,,CSN,CSN_25843
,-23.891629,-67.144425,236.1287,4.2,,CSN,CSN_25844
,-24.093001,-67.220059,198.4789,4.6,,CSN,CSN_25845
,-24.208192,-67.439099,192.603,4.1,,CSN,CSN_25846
,-24.248524,-67.471288,197.7547,4.7,,CSN,CSN_25847
,-24.004848,-67.2404,232.1027,3.7,,CSN,CSN_25848
,-23.908881,-67.349789,241.3576,4.1,,CSN,CSN_25849
,-23.882171,-67.033616,226.7216,3.8,,CSN,CSN_25850
,-24.027402,-66.899437,200.0448,3.5,,CSN,CSN_25851
,-24.283228,-67.332945,181.2339,4.0,,CSN,CSN_25852
,-24.1249,-67.138731,151.0743,3.9,,CSN,CSN_25853
,-23.91042,-67.092878,226.4348,3.9,,CSN,CSN_25854
,-23.864567,-66.902868,208.974,4.7,,CSN,CSN_25855
,-24.135916,-67.456574,206.9544,3.9,,CSN,CSN_25856
,-24.163329,-67.275884,208.0729,3.6,,CSN,CSN_25857
,-23.902101,-66.977761,218.1961,4.0,,CSN,CSN_25858
,-23.961902,-67.211874,219.6639,3.4,,CSN,CSN_25859
,-24.117074,-67.291393,213.5467,3.9,,CSN,CSN_25860
,-23.926335,-66.976061,211.3734,3.8,,CSN,CSN_25861
,-24.077479,-67.16709,188.0161,3.7,,CSN,CSN_25862
,-23.75772,-67.215549,184.2891,4.0,,CSN,CSN_25863
,-24.152517,-67.487282,199.3237,5.2,,CSN,CSN_25864
,-24.048005,-67.4708,206.5313,3.5,,CSN,CSN_25865
,-23.910743,-66.902463,163.8452,4.1,,CSN,CSN_25866
,-24.201363,-67.410709,205.5802,3.7,,CSN,CSN_25867
,-24.079726,-67.333538,204.4778,4.2,,CSN,CSN_25868
,-24.121914,-67.024819,166.9952,4.2,,CSN,CSN_25869
,-24.106514,-67.630473,222.9666,4.1,,CSN,CSN_25870
,-24.195189,-67.443088,215.3523,4.0,,CSN,CSN_25871
,-23.897532,-67.134251,233.7014,3.9,,CSN,CSN_25872
,-23.85716,-66.905743,215.779,3.7,,CSN,CSN_25873
,-24.191217,-67.303189,183.8072,3.8,,CSN,CSN_25874
,-24.171247,-67.186547,194.2788,3.7,,CSN,CSN_25875
,-24.1076,-67.206686,208.2188,4.0,,CSN,CSN_25876
,-23.823761,-67.169267,231.925,4.1,,CSN,CSN_25877
,-24.116192,-67.486282,211.5722,3.7,,CSN,CSN_25878
,-23.745346,-66.958728,240.1129,4.8,,CSN,CSN_25879
,-24.220964,-67.491173,192.4694,4.2,,CSN,CSN_25880
,-24.09664,-67.362848,183.5112,3.6,,CSN,CSN_25881
,-23.981456,-67.295848,211.1811,4.1,,CSN,CSN_25882
,-23.917136,-66.942874,214.4785,4.9,,CSN,CSN_25883
,-23.935734,-67.328726,232.9256,4.0,,CSN,CSN_25884
,-24.215847,-67.386125,210.1571,4.2,,CSN,CSN_25885
,-24.213807,-67.446139,195.9134,3.7,,CSN,CSN_25886
,-24.123632,-67.156122,191.8359,3.8,,CSN,CSN_25887
,-24.117947,-67.43304,204.2422,4.7,,CSN,CSN_25889
,-24.055399,-67.55124,194.0264,3.6,,CSN,CSN_25890
,-23.888737,-67.126382,226.076,4.1,,CSN,CSN_25891
,-24.093526,-67.281175,207.3736,4.4,,CSN,CSN_25892
,-23.809509,-67.128484,223.2621,4.2,,CSN,CSN_25893
,-24.19326,-67.45326,191.3482,3.7,,CSN,CSN_25894
,-23.929753,-67.23794,229.4961,3.5,,CSN,CSN_25895
,-24.217035,-67.493801,191.8578,3.2,,CSN,CSN_25896
,-23.963902,-67.303659,194.1978,4.0,,CSN,CSN_25897
,-24.168418,-67.404026,199.8181,3.6,,CSN,CSN_25898
,-23.724165,-67.094411,220.4046,3.7,,CSN,CSN_25899
,-24.227586,-67.18557,188.2011,3.8,,CSN,CSN_25900
,-24.330169,-67.284288,129.8714,3.8,,CSN,CSN_25901
,-24.054251,-67.154724,156.0412,4.5,,CSN,CSN_25902
,-24.00665,-67.137784,146.304,4.5,,CSN,CSN_25903
,-24.222154,-67.444103,197.8512,4.0,,CSN,CSN_25904
,-24.044714,-67.271362,216.2805,4.2,,CSN,CSN_25905
,-23.805983,-67.232183,232.4567,4.2,,CSN,CSN_25906
,-24.110193,-67.534422,211.1846,3.9,,CSN,CSN_25907
,-24.050773,-67.384362,200.4557,5.2,,CSN,CSN_25908
,-23.844138,-67.18393,203.5506,3.7,,CSN,CSN_25909
,-23.861591,-67.105595,228.2584,4.1,,CSN,CSN_25910
,-23.962953,-66.894176,199.4473,4.0,,CSN,CSN_25911
,-24.153936,-67.445117,196.4793,3.8,,CSN,CSN_25912
,-24.128973,-67.299598,209.2892,4.0,,CSN,CSN_25913
,-23.928702,-67.209966,212.0053,4.5,,CSN,CSN_25914
,-24.191798,-67.477218,201.4013,3.9,,CSN,CSN_25915
,-24.058572,-67.424689,209.0796,4.7,,CSN,CSN_25916
,-24.115194,-67.309104,204.1364,3.9,,CSN,CSN_25917
,-23.907556,-67.187941,229.4732,3.7,,CSN,CSN_25918
,-23.800691,-67.405917,210.8125,3.6,,CSN,CSN_25919
,-24.012613,-67.187316,224.7954,3.9,,CSN,CSN_25920
,-24.220373,-67.481838,209.0244,3.8,,CSN,CSN_25921
,-23.990769,-67.245766,163.3856,3.8,,CSN,CSN_25922
,-23.902507,-67.37417,231.7481,4.0,,CSN,CSN_25923
,-24.197025,-67.266432,207.5661,3.9,,CSN,CSN_25924
,-24.085866,-67.209571,220.1826,3.9,,CSN,CSN_25925
,-24.096316,-67.445254,196.4714,4.0,,CSN,CSN_25926
,-24.007495,-67.180565,227.9488,3.9,,CSN,CSN_25927
,-24.264579,-67.253236,167.6202,3.6,,CSN,CSN_25928
,-23.955573,-67.275833,223.7879,3.3,,CSN,CSN_25929
,-24.075232,-67.13847,197.7037,4.0,,CSN,CSN_25930
,-24.048403,-67.308059,212.1283,4.0,,CSN,CSN_25931
,-24.08421,-67.39163,202.5669,3.5,,CSN,CSN_25932
,-24.293196,-67.440549,194.1063,3.9,,CSN,CSN_25933
,-24.041758,-67.352413,220.5025,4.3,,CSN,CSN_25934
,-23.847496,-67.126895,204.5219,4.4,,CSN,CSN_25935
,-23.916443,-67.311238,188.4072,3.2,,CSN,CSN_25936
,-24.073488,-67.057821,158.391,3.9,,CSN,CSN_25937
,-24.08807,-67.27051,208.1098,3.4,,CSN,CSN_25938
,-24.024782,-67.390064,201.3959,4.3,,CSN,CSN_25939
,-23.971162,-67.288957,213.8399,3.5,,CSN,CSN_25940
,-24.063118,-67.406111,206.9363,4.0,,CSN,CSN_25941
,-24.195306,-67.506848,212.8285,3.7,,CSN,CSN_25942
,-23.845284,-67.005262,233.6908,3.9,,CSN,CSN_25943
,-23.965928,-67.3578,204.7333,3.5,,CSN,CSN_25944
,-23.836455,-67.405355,227.9083,3.7,,CSN,CSN_25945
,-23.703628,-67.198032,232.1641,3.5,,CSN,CSN_25946
,-23.944805,-67.124066,208.897,3.7,,CSN,CSN_25947
,-24.028603,-67.138219,216.8959,3.5,,CSN,CSN_25948
,-24.051354,-67.172009,228.401,3.4,,CSN,CSN_25949
,-23.970327,-67.200122,241.513,4.2,,CSN,CSN_25950
,-23.862706,-67.248976,236.9359,3.1,,CSN,CSN_25951
,-24.213684,-67.179422,172.4935,3.7,,CSN,CSN_25952
,-23.716997,-67.136392,224.3032,3.8,,CSN,CSN_25953
,-24.145497,-67.433014,192.6824,3.6,,CSN,CSN_25954
,-24.128182,-67.389527,200.9044,4.1,,CSN,CSN_25955
,-24.30081,-67.383114,192.236,3.3,,CSN,CSN_25956
,-24.148127,-67.398979,200.6023,3.5,,CSN,CSN_25957
,-24.131639,-67.507659,205.5731,3.4,,CSN,CSN_25958
,-24.222725,-67.49537,191.6583,3.3,,CSN,CSN_25959
,-24.144487,-67.107241,175.2112,3.5,,CSN,CSN_25960
,-23.858955,-66.813551,197.3784,4.3,,CSN,CSN_25961
,-23.975049,-67.2942,195.6299,4.1,,CSN,CSN_25962
,-23.829226,-67.070801,225.3445,4.5,,CSN,CSN_25963
,-24.072075,-67.309936,219.0052,3.9,,CSN,CSN_25964
,-24.248405,-67.452833,194.3036,3.1,,CSN,CSN_25965
,-24.203004,-67.251665,176.5446,3.2,,CSN,CSN_25966
,-24.005936,-67.163167,179.1063,3.6,,CSN,CSN_25967
,-23.966497,-67.176109,178.5606,3.4,,CSN,CSN_25968
,-24.262964,-67.364515,211.9587,4.2,,CSN,CSN_25969
,-23.916479,-67.0975,230.1928,3.5,,CSN,CSN_25970
,-24.118461,-67.254629,204.0039,4.5,,CSN,CSN_25971
,-24.159213,-67.408557,209.6237,3.6,,CSN,CSN_25972
,-23.839539,-67.183449,220.2458,3.5,,CSN,CSN_25973
,-24.109112,-67.495578,201.9932,3.3,,CSN,CSN_25974
,-23.90538,-67.060918,194.5485,3.5,,CSN,CSN_25975
,-24.143526,-67.568128,212.7407,3.6,,CSN,CSN_25976
,-23.916088,-67.254637,245.0233,4.7,,CSN,CSN_25977
,-24.149501,-67.136877,194.0371,4.0,,CSN,CSN_25978
,-24.040248,-67.217769,196.5567,4.2,,CSN,CSN_25979
,-24.126647,-67.474696,160.6796,3.5,,CSN,CSN_25980
,-23.998598,-67.212074,199.923,3.5,,CSN,CSN_25981
,-23.791633,-67.158018,201.0409,4.5,,CSN,CSN_25982
,-23.850193,-67.002635,237.2032,4.1,,CSN,CSN_25983
,-23.794364,-67.157175,221.6527,3.1,,CSN,CSN_25984
,-24.152171,-67.429153,211.5867,3.8,,CSN,CSN_25985
,-24.216555,-67.206374,186.6753,3.7,,CSN,CSN_25986
,-24.202097,-67.24016,182.5351,3.6,,CSN,CSN_25987
,-24.201166,-67.389331,201.7451,4.0,,CSN,CSN_25988
,-24.263506,-67.407964,204.1232,3.6,,CSN,CSN_25989
,-24.038089,-67.068306,215.5977,3.6,,CSN,CSN_25990
,-23.961875,-67.260012,220.1786,3.4,,CSN,CSN_25991
,-24.173195,-67.402486,217.6192,4.3,,CSN,CSN_25992
,-23.845405,-67.121291,232.4326,3.4,,CSN,CSN_25993
,-24.169849,-67.436706,199.7395,4.1,,CSN,CSN_25994
,-24.127995,-67.475464,191.0745,3.5,,CSN,CSN_25995
,-24.138661,-67.523747,210.6055,3.5,,CSN,CSN_25996
,-24.242485,-67.092571,192.553,3.1,,CSN,CSN_25997
,-24.26602,-67.454786,190.8722,4.0,,CSN,CSN_25999
,-23.978833,-67.118329,172.279,3.8,,CSN,CSN_26000
,-24.240785,-67.60163,212.1154,3.4,,CSN,CSN_26001
,-23.926559,-67.086434,241.2915,4.3,,CSN,CSN_26002
,-23.959687,-67.035615,225.2639,3.8,,CSN,CSN_26003
,-24.032143,-67.267223,216.5395,3.2,,CSN,CSN_26004
,-24.155325,-67.479956,191.2712,3.8,,CSN,CSN_26005
,-24.097029,-67.273281,211.5469,3.8,,CSN,CSN_26006
,-23.721918,-67.083336,234.6768,3.7,,CSN,CSN_26007
,-23.9869,-67.30493,212.9402,4.9,,CSN,CSN_26008
,-24.079802,-67.217853,211.5842,4.5,,CSN,CSN_26009
,-24.196161,-67.456486,199.7283,3.6,,CSN,CSN_26010
,-23.835874,-67.143742,234.2183,3.1,,CSN,CSN_26011
,-23.981105,-67.353611,239.5969,3.7,,CSN,CSN_26012
,-24.196476,-67.469415,183.2878,3.3,,CSN,CSN_26013
,-23.962285,-67.543572,206.7016,4.3,,CSN,CSN_26014
,-24.059413,-67.230698,238.8555,4.0,,CSN,CSN_26015
,-23.669378,-67.167867,214.4488,4.1,,CSN,CSN_26016
,-24.03645,-67.147518,216.6549,4.2,,CSN,CSN_26017
,-24.122729,-67.343862,194.3151,3.6,,CSN,CSN_26018
,-23.974262,-67.173193,222.8371,3.3,,CSN,CSN_26019
,-24.039722,-67.305568,221.7366,3.3,,CSN,CSN_26020
,-23.955832,-67.149798,187.2357,3.9,,CSN,CSN_26021
,-24.15915,-67.370122,215.1567,4.1,,CSN,CSN_26022
,-24.188805,-67.104377,161.407,5.2,,CSN,CSN_26023
,-23.913313,-67.461884,204.9604,4.1,,CSN,CSN_26024
,-23.937606,-67.441211,223.8086,3.2,,CSN,CSN_26025
,-23.829469,-67.263072,224.4522,3.8,,CSN,CSN_26026
,-24.144668,-67.426184,190.429,4.8,,CSN,CSN_26027
,-23.913466,-67.063856,209.2578,3.6,,CSN,CSN_26028
,-23.826768,-66.87902,204.9694,3.8,,CSN,CSN_26029
,-23.991958,-67.114267,236.2727,3.7,,CSN,CSN_26030
,-23.923418,-67.24866,226.6435,4.5,,CSN,CSN_26031
,-23.851032,-67.197574,220.885,3.5,,CSN,CSN_26032
,-23.94263,-67.124051,216.3974,3.9,,CSN,CSN_26033
,-23.97615,-67.318628,218.3491,4.0,,CSN,CSN_26034
,-24.006633,-67.22492,231.0711,3.5,,CSN,CSN_26035
,-23.842143,-67.129241,223.0294,3.5,,CSN,CSN_26036
,-23.897569,-67.440788,225.9671,4.2,,CSN,CSN_26037
,-24.109794,-67.478338,203.9181,3.5,,CSN,CSN_26038
,-23.789062,-67.086298,238.3245,4.1,,CSN,CSN_26039
,-24.201091,-67.340385,194.3497,4.1,,CSN,CSN_26040
,-24.137902,-67.276106,191.7015,4.4,,CSN,CSN_26041
,-24.251378,-67.619133,209.4778,3.6,,CSN,CSN_26042
,-24.068365,-67.228548,216.2353,4.4,,CSN,CSN_26043
,-24.079094,-67.305736,221.2329,4.8,,CSN,CSN_26044
,-24.188493,-67.473697,195.2414,4.2,,CSN,CSN_26045
,-24.011715,-67.195158,215.1179,3.6,,CSN,CSN_26046
,-23.881282,-67.114703,223.7131,3.6,,CSN,CSN_26047
,-24.191479,-67.578465,203.554,4.3,,CSN,CSN_26048
,-23.903208,-67.071767,226.7239,4.1,,CSN,CSN_26049
,-24.088526,-67.220798,209.2426,3.9,,CSN,CSN_26050
,-23.783145,-66.904347,230.8036,3.9,,CSN,CSN_26051
,-24.097013,-67.421496,201.3085,3.5,,CSN,CSN_26052
,-23.97669,-67.244764,221.611,3.5,,CSN,CSN_26053
,-24.118062,-67.172136,207.3106,3.6,,CSN,CSN_26054
,-24.181702,-67.332854,182.5001,3.6,,CSN,CSN_26055
,-24.218641,-67.445103,182.7497,4.4,,CSN,CSN_26056
,-23.973327,-67.232347,197.8523,4.7,,CSN,CSN_26057
,-24.017113,-67.225152,228.7488,4.1,,CSN,CSN_26058
,-24.053157,-67.57399,207.2405,3.6,,CSN,CSN_26059
,-23.86682,-67.115136,221.0208,5.4,,CSN,CSN_26060
,-23.982837,-67.244168,192.6861,3.4,,CSN,CSN_26061
,-23.846288,-67.409294,185.6181,3.5,,CSN,CSN_26062
,-24.200662,-67.364859,213.4898,3.2,,CSN,CSN_26063
,-24.020186,-67.330699,189.3609,4.1,,CSN,CSN_26064
,-24.043202,-67.39089,192.8774,4.6,,CSN,CSN_26065
,-23.968231,-67.310679,180.6155,3.9,,CSN,CSN_26066
,-24.047164,-67.348993,200.6706,4.7,,CSN,CSN_26067
,-24.205818,-67.444894,197.5558,3.6,,CSN,CSN_26068
,-24.218827,-67.37512,185.8323,4.6,,CSN,CSN_26069
,-23.990627,-67.339796,207.6281,4.4,,CSN,CSN_26070
,-24.133439,-67.500245,197.5126,3.7,,CSN,CSN_26071
,-24.35153,-67.389115,185.7144,4.1,,CSN,CSN_26072
,-24.006909,-67.405266,216.0493,3.8,,CSN,CSN_26073
,-24.109875,-67.290234,211.674,5.5,,CSN,CSN_26074
,-24.220926,-67.422447,183.6609,3.8,,CSN,CSN_26075
,-24.047065,-67.205246,226.4023,3.7,,CSN,CSN_26076
,-24.014744,-67.377103,195.6131,4.7,,CSN,CSN_26077
,-24.199171,-67.425818,205.3319,4.1,,CSN,CSN_26078
,-23.885974,-67.135367,233.0575,3.9,,CSN,CSN_26079
,-23.998308,-67.140327,227.1003,3.3,,CSN,CSN_26080
,-24.016373,-67.314306,228.1137,3.6,,CSN,CSN_26081
,-24.091846,-67.470635,212.1861,3.3,,CSN,CSN_26082
,-24.059798,-67.401129,214.9207,4.3,,CSN,CSN_26083
,-24.098247,-67.455508,203.4922,3.6,,CSN,CSN_26084
,-24.020833,-67.437771,215.8176,3.7,,CSN,CSN_26085
,-24.139676,-67.214331,194.2974,3.7,,CSN,CSN_26086
,-24.321236,-67.495564,203.2264,3.6,,CSN,CSN_26087
,-23.911572,-67.13691,222.6473,4.4,,CSN,CSN_26088
,-24.122054,-67.599655,213.0511,3.8,,CSN,CSN_26089
,-24.19692,-67.495122,188.4726,3.8,,CSN,CSN_26090
,-24.157886,-67.200534,210.2537,3.4,,CSN,CSN_26091
,-24.053081,-67.204101,221.7081,3.6,,CSN,CSN_26092
,-23.940359,-67.151672,220.351,3.5,,CSN,CSN_26093
,-23.976987,-67.232596,220.111,3.4,,CSN,CSN_26094
,-23.835439,-67.187242,235.0373,3.6,,CSN,CSN_26095
,-23.951174,-67.490558,220.0805,3.4,,CSN,CSN_26096
,-23.991812,-67.550414,220.3919,3.6,,CSN,CSN_26097
,-23.901871,-67.216972,218.6506,3.7,,CSN,CSN_26098
,-24.141064,-67.477567,224.2142,3.7,,CSN,CSN_26099
,-24.201418,-67.472765,194.0916,3.6,,CSN,CSN_26100
,-24.230137,-67.416456,209.2554,5.0,,CSN,CSN_26101
,-24.162433,-67.509648,221.3785,3.5,,CSN,CSN_26102
,-24.177901,-67.437253,211.3153,3.7,,CSN,CSN_26103
,-24.138672,-67.687382,214.9146,4.5,,CSN,CSN_26104
,-24.131134,-67.492015,188.4696,3.4,,CSN,CSN_26105
,-24.224807,-67.286456,184.2867,4.1,,CSN,CSN_26106
,-24.249221,-67.662515,191.9813,3.4,,CSN,CSN_26107
,-24.015905,-67.096058,203.2401,3.4,,CSN,CSN_26108
,-24.245509,-67.616607,209.4703,4.2,,CSN,CSN_26109
,-23.876365,-67.061097,227.767,4.6,,CSN,CSN_26110
,-24.085144,-67.191713,199.3354,3.7,,CSN,CSN_26111
,-24.132323,-67.384229,209.3564,3.5,,CSN,CSN_26112
,-23.946483,-67.196296,223.8843,3.7,,CSN,CSN_26113
,-23.794056,-67.090134,238.0535,3.8,,CSN,CSN_26114
,-24.188208,-67.330065,206.4974,4.2,,CSN,CSN_26115
,-24.05528,-67.243567,211.6831,4.0,,CSN,CSN_26116
,-24.201743,-67.514762,210.6175,4.4,,CSN,CSN_26117
,-24.089498,-67.291947,211.4409,3.6,,CSN,CSN_26118
,-24.084863,-67.352401,220.8771,4.6,,CSN,CSN_26119
,-24.329737,-67.287315,174.3913,3.5,,CSN,CSN_26120
,-23.935504,-67.104842,193.1057,3.2,,CSN,CSN_26121
,-24.335069,-67.541748,203.4708,3.8,,CSN,CSN_26122
,-24.074496,-67.383782,204.0196,4.2,,CSN,CSN_26123
,-24.075243,-67.456817,211.3548,3.7,,CSN,CSN_26124
,-23.852233,-67.362,205.5991,3.9,,CSN,CSN_26125
,-23.799541,-67.188574,231.512,4.7,,CSN,CSN_26126
,-24.155411,-67.114854,179.1603,3.1,,CSN,CSN_26127
,-24.115104,-67.413894,211.2389,3.1,,CSN,CSN_26128
,-23.815875,-67.225781,230.6126,3.6,,CSN,CSN_26129
,-23.872147,-67.101123,208.7231,4.3,,CSN,CSN_26130
,-24.101669,-67.475257,209.252,4.0,,CSN,CSN_26131
,-24.03329,-67.431191,213.6598,4.2,,CSN,CSN_26132
,-24.102508,-67.416628,196.3688,3.8,,CSN,CSN_26133
,-24.132225,-67.121638,196.2193,3.7,,CSN,CSN_26134
,-24.079832,-67.581126,208.7849,4.2,,CSN,CSN_26135
,-24.083231,-67.388635,218.9182,4.1,,CSN,CSN_26136
,-24.099881,-67.303768,207.4425,3.7,,CSN,CSN_26137
,-24.111125,-67.379578,200.1574,3.8,,CSN,CSN_26138
,-23.842598,-67.192477,229.1234,3.7,,CSN,CSN_26139
,-23.943647,-67.119364,155.461,3.2,,CSN,CSN_26140
,-23.874467,-67.141597,193.1037,4.3,,CSN,CSN_26141
,-24.181088,-67.275332,183.5364,4.1,,CSN,CSN_26142
,-24.030395,-67.636618,220.6602,4.3,,CSN,CSN_26143
,-24.146886,-67.037587,171.1983,3.8,,CSN,CSN_26144
,-23.93334,-67.024773,203.1709,4.8,,CSN,CSN_26145
,-24.271715,-67.393488,202.7101,3.6,,CSN,CSN_26146
,-23.855987,-66.810186,184.6183,3.4,,CSN,CSN_26147
,-24.094022,-67.469392,208.4224,3.4,,CSN,CSN_26148
,-24.116108,-67.247557,209.0106,3.5,,CSN,CSN_26149
,-24.040774,-67.31713,220.8956,3.8,,CSN,CSN_26150
,-24.186592,-67.361422,217.2346,4.2,,CSN,CSN_26151
,-24.207654,-67.270619,187.6334,3.8,,CSN,CSN_26152
,-23.887334,-67.079057,232.8813,3.7,,CSN,CSN_26153
,-24.173868,-67.269839,187.2856,3.4,,CSN,CSN_26154
,-24.103318,-67.221567,217.9026,5.5,,CSN,CSN_26155
,-24.046274,-67.228657,217.269,3.8,,CSN,CSN_26156
,-24.131042,-67.376315,202.9607,3.6,,CSN,CSN_26157
,-24.234665,-67.481364,204.6496,3.8,,CSN,CSN_26158
,-24.114824,-67.345906,219.3431,4.2,,CSN,CSN_26159
,-23.925485,-67.062748,220.43,4.2,,CSN,CSN_26160
,-24.025064,-67.21438,182.7573,3.5,,CSN,CSN_26161
,-24.138472,-67.503168,189.8699,4.0,,CSN,CSN_26162
,-24.113186,-67.282032,215.2886,4.1,,CSN,CSN_26163
,-24.077194,-67.096658,193.4346,3.6,,CSN,CSN_26164
,-23.925171,-67.082248,218.2314,3.9,,CSN,CSN_26165
,-24.161194,-67.571283,207.0097,3.7,,CSN,CSN_26166
,-24.094518,-67.324667,192.9364,4.3,,CSN,CSN_26167
,-23.86529,-67.296959,231.898,3.9,,CSN,CSN_26168
,-23.946824,-67.208972,219.4783,3.6,,CSN,CSN_26169
,-24.044796,-67.358256,199.9378,3.9,,CSN,CSN_26170
,-23.920717,-67.238361,184.5931,3.5,,CSN,CSN_26171
,-23.85021,-67.109513,217.9191,3.3,,CSN,CSN_26172
,-23.963861,-66.99882,214.0159,3.5,,CSN,CSN_26173
,-24.174857,-67.366344,187.1746,3.9,,CSN,CSN_26174
,-23.799162,-67.160893,226.874,3.5,,CSN,CSN_26175
,-23.907534,-67.168796,232.4189,3.8,,CSN,CSN_26176
,-23.977719,-67.217698,219.5019,4.3,,CSN,CSN_26177
,-24.01449,-67.032049,213.7581,3.8,,CSN,CSN_26178
,-24.213728,-67.455377,203.2799,3.1,,CSN,CSN_26179
,-23.856767,-67.106815,224.9095,4.1,,CSN,CSN_26180
,-24.099471,-67.219063,172.9258,3.6,,CSN,CSN_26181
,-24.188409,-67.556475,200.9964,3.7,,CSN,CSN_26182
,-24.014058,-67.185615,159.4709,3.5,,CSN,CSN_26183
,-24.0149,-67.338136,186.5398,3.8,,CSN,CSN_26184
,-24.096692,-67.362295,221.4753,4.3,,CSN,CSN_26185
,-24.083242,-67.53985,169.239,4.4,,CSN,CSN_26186
,-23.885745,-66.995738,243.2287,3.9,,CSN,CSN_26187
,-23.940076,-67.415804,197.9124,3.9,,CSN,CSN_26188
,-24.119552,-67.418122,219.6916,3.9,,CSN,CSN_26189
,-24.32964,-67.340247,179.5068,3.8,,CSN,CSN_26190
,-24.223585,-67.444904,202.6035,4.2,,CSN,CSN_26191
,-24.018777,-67.263119,242.4409,4.8,,CSN,CSN_26192
,-24.134077,-67.552848,205.7208,3.7,,CSN,CSN_26193
,-24.060951,-67.315421,191.8633,3.5,,CSN,CSN_26194
,-24.354114,-67.377752,183.9019,3.7,,CSN,CSN_26195
,-24.127554,-67.641014,218.972,4.4,,CSN,CSN_26196
,-24.185923,-67.188612,197.7455,3.7,,CSN,CSN_26197
,-24.055252,-67.397972,210.1788,4.0,,CSN,CSN_26198
,-23.800701,-67.002599,233.3626,4.1,,CSN,CSN_26199
,-23.852332,-67.12435,229.9062,4.1,,CSN,CSN_26200
,-24.107526,-67.202571,197.769,4.0,,CSN,CSN_26201
,-24.144434,-67.364632,208.7702,3.5,,CSN,CSN_26202
,-24.167335,-67.333436,179.0901,3.9,,CSN,CSN_26203
,-24.07296,-67.47933,214.5388,3.8,,CSN,CSN_26204
,-24.007605,-67.141016,193.5242,3.8,,CSN,CSN_26205
,-24.20252,-67.259638,184.0988,3.0,,CSN,CSN_26206
,-24.171089,-67.65729,209.3509,3.8,,CSN,CSN_26207
,-23.922185,-67.224553,229.6416,3.3,,CSN,CSN_26208
,-24.13535,-67.330039,172.2234,3.2,,CSN,CSN_26209
,-23.899487,-67.193333,229.8706,4.1,,CSN,CSN_26210
,-24.076131,-67.151387,183.0038,4.3,,CSN,CSN_26211
,-23.993778,-66.975801,203.9001,3.6,,CSN,CSN_26212
,-24.083044,-67.194197,161.9032,3.3,,CSN,CSN_26213
,-23.963816,-67.177446,230.6051,5.0,,CSN,CSN_26214
,-24.077578,-67.191736,197.4618,4.2,,CSN,CSN_26215
,-24.088741,-67.229626,202.9973,3.8,,CSN,CSN_26216
,-23.998739,-67.242301,218.9241,4.5,,CSN,CSN_26217
,-23.812275,-67.003556,214.7816,3.6,,CSN,CSN_26218
,-24.167465,-67.350479,186.5867,4.3,,CSN,CSN_26219
,-24.176534,-67.163214,156.8694,3.8,,CSN,CSN_26220
,-24.315936,-67.451937,195.4768,3.7,,CSN,CSN_26221
,-23.893339,-67.136187,226.0642,3.6,,CSN,CSN_26222
,-24.16336,-67.158113,192.697,3.8,,CSN,CSN_26223
,-24.168452,-67.488571,225.5099,3.4,,CSN,CSN_26224
,-23.908222,-66.87792,204.3874,3.2,,CSN,CSN_26225
,-24.088058,-67.329972,194.6511,3.8,,CSN,CSN_26226
,-24.015006,-67.177883,235.9434,4.4,,CSN,CSN_26227
,-23.868478,-67.214109,236.574,4.2,,CSN,CSN_26228
,-23.925672,-67.11545,232.1575,4.1,,CSN,CSN_26229
,-24.21577,-67.524036,202.0115,4.5,,CSN,CSN_26230
,-23.845051,-67.237516,200.7575,3.6,,CSN,CSN_26231
,-23.852648,-67.15262,222.537,3.9,,CSN,CSN_26232
,-23.832697,-67.256199,231.4578,3.9,,CSN,CSN_26233
,-24.057956,-66.905293,154.8696,4.9,,CSN,CSN_26234
,-24.131437,-67.504505,202.6842,3.6,,CSN,CSN_26235
,-23.984716,-67.186211,230.026,3.4,,CSN,CSN_26236
,-24.204189,-67.482774,207.6929,4.4,,CSN,CSN_26237
,-23.799471,-67.130443,226.0693,4.1,,CSN,CSN_26238
,-24.008915,-67.113096,230.0756,4.8,,CSN,CSN_26239
,-24.077687,-67.470183,200.7811,3.2,,CSN,CSN_26240
,-23.976363,-67.424358,202.2645,3.8,,CSN,CSN_26241
,-24.33031,-67.398293,183.1393,3.7,,CSN,CSN_26242
,-24.059832,-67.313112,205.915,4.3,,CSN,CSN_26243
,-23.879336,-67.17674,230.6017,3.7,,CSN,CSN_26244
,-24.151004,-67.443194,207.5726,3.4,,CSN,CSN_26245
,-24.159236,-67.257094,201.0935,3.2,,CSN,CSN_26246
,-24.272994,-67.48989,205.7201,3.7,,CSN,CSN_26247
,-24.103864,-67.179354,209.3699,4.3,,CSN,CSN_26248
,-23.948769,-67.186677,238.9421,4.3,,CSN,CSN_26249
,-24.190748,-67.545816,206.3325,3.8,,CSN,CSN_26250
,-24.020416,-67.417437,201.0756,3.9,,CSN,CSN_26251
,-24.011244,-67.213823,227.4297,3.7,,CSN,CSN_26252
,-24.113406,-67.359669,202.5395,3.3,,CSN,CSN_26253
,-24.020757,-67.296866,210.0529,3.3,,CSN,CSN_26254
,-24.119916,-67.419361,204.2581,4.1,,CSN,CSN_26255
,-24.078647,-67.246345,214.3915,3.4,,CSN,CSN_26256
,-24.202511,-67.372613,189.9146,3.6,,CSN,CSN_26257
,-24.16775,-67.46125,207.6668,3.8,,CSN,CSN_26258
,-24.061717,-67.305331,215.8036,3.7,,CSN,CSN_26259
,-24.178451,-67.629386,217.6363,4.6,,CSN,CSN_26260
,-23.948431,-67.181547,223.7338,3.4,,CSN,CSN_26261
,-24.200823,-67.503357,203.4496,4.0,,CSN,CSN_26262
,-24.080395,-67.163223,219.9296,3.4,,CSN,CSN_26263
,-24.220252,-67.45845,193.4033,3.2,,CSN,CSN_26264
,-24.02103,-67.002109,214.6015,4.7,,CSN,CSN_26265
,-24.152884,-67.480202,199.4704,3.6,,CSN,CSN_26266
,-23.937308,-67.302663,222.4044,3.6,,CSN,CSN_26267
,-23.6527,-67.055019,237.5596,3.7,,CSN,CSN_26268
,-24.035798,-66.905116,185.1433,5.1,,CSN,CSN_26269
,-23.968323,-67.347876,204.7012,4.1,,CSN,CSN_26270
,-24.171411,-67.285362,192.6917,3.6,,CSN,CSN_26271
,-24.009113,-67.130908,204.4374,3.3,,CSN,CSN_26272
,-24.143808,-67.433452,201.7119,4.1,,CSN,CSN_26273
,-24.159049,-67.525767,205.6874,3.2,,CSN,CSN_26274
,-24.041146,-67.416267,194.8862,3.3,,CSN,CSN_26275
,-23.926465,-67.064337,230.6256,4.0,,CSN,CSN_26276
,-24.152805,-67.519805,195.6636,3.4,,CSN,CSN_26277
,-24.031991,-67.284745,175.8207,3.2,,CSN,CSN_26278
,-24.146478,-67.434489,208.6811,3.6,,CSN,CSN_26279
,-24.164475,-67.223381,196.9062,3.9,,CSN,CSN_26280
,-23.978218,-67.15118,178.7676,3.9,,CSN,CSN_26281
,-24.203003,-67.335674,173.2715,4.4,,CSN,CSN_26282
,-24.0249,-67.173393,169.803,3.8,,CSN,CSN_26283
,-23.979373,-67.129874,222.9312,3.6,,CSN,CSN_26284
,-24.156364,-67.407219,200.8144,4.1,,CSN,CSN_26285
,-24.017858,-67.215493,215.0308,4.0,,CSN,CSN_26286
,-23.996701,-67.262749,225.8967,3.3,,CSN,CSN_26287
,-24.109447,-67.297068,219.3615,4.2,,CSN,CSN_26288
,-24.332847,-67.364095,189.4875,3.4,,CSN,CSN_26289
,-23.848122,-67.17991,233.5198,3.8,,CSN,CSN_26290
,-23.722303,-67.10255,226.7766,3.4,,CSN,CSN_26291
,-24.078728,-67.211669,221.2686,3.9,,CSN,CSN_26292
,-23.921864,-67.237281,226.248,3.6,,CSN,CSN_26293
,-24.183251,-67.527854,210.2674,3.8,,CSN,CSN_26294
,-24.138715,-67.34563,189.4347,4.1,,CSN,CSN_26295
,-24.18988,-67.502082,198.0508,3.2,,CSN,CSN_26296
,-24.141662,-67.314449,189.363,4.6,,CSN,CSN_26297
,-23.952634,-67.169395,218.3136,3.4,,CSN,CSN_26298
,-23.910791,-67.143518,222.1954,3.4,,CSN,CSN_26299
,-23.916891,-67.250295,223.3974,4.1,,CSN,CSN_26300
,-24.025072,-67.142677,196.0908,3.5,,CSN,CSN_26301
,-24.366589,-67.406421,186.7808,5.4,,CSN,CSN_26302
,-23.813775,-66.873587,252.1852,4.7,,CSN,CSN_26303
,-23.887578,-67.02205,223.2619,3.9,,CSN,CSN_26304
,-24.120665,-67.381194,221.0704,4.1,,CSN,CSN_26305
,-24.172738,-67.443758,194.2132,3.7,,CSN,CSN_26306
,-24.018677,-67.163107,226.8849,4.1,,CSN,CSN_26307
,-24.094761,-67.285663,209.3781,3.8,,CSN,CSN_26308
,-24.175054,-67.386051,202.7622,3.4,,CSN,CSN_26309
,-24.296923,-67.386342,188.2148,3.6,,CSN,CSN_26310
,-24.214794,-67.477572,188.244,4.0,,CSN,CSN_26311
,-24.247338,-67.456585,197.8131,3.7,,CSN,CSN_26312
,-24.032586,-67.461732,206.5149,3.5,,CSN,CSN_26313
,-24.107198,-67.429797,201.1238,3.5,,CSN,CSN_26314
,-24.16777,-67.548094,219.7267,3.1,,CSN,CSN_26315
,-24.174752,-67.526649,195.8406,3.6,,CSN,CSN_26316
,-24.203645,-67.292139,190.4689,3.0,,CSN,CSN_26317
,-24.35052,-67.312274,180.8855,3.8,,CSN,CSN_26318
,-24.101682,-67.182852,215.5966,3.7,,CSN,CSN_26319
,-23.933627,-67.370939,192.4485,4.0,,CSN,CSN_26320
,-23.893617,-67.126766,234.3986,4.5,,CSN,CSN_26321
,-23.886726,-67.181624,187.7471,4.4,,CSN,CSN_26322
,-23.880392,-67.141999,231.1855,4.0,,CSN,CSN_26323
,-24.089328,-67.373307,207.1755,3.7,,CSN,CSN_26324
,-24.05701,-67.525069,191.8384,4.7,,CSN,CSN_26325
,-24.190775,-67.295485,161.7576,3.5,,CSN,CSN_26326
,-24.062718,-67.390462,210.9085,3.3,,CSN,CSN_26327
,-23.899291,-67.101527,232.9889,4.4,,CSN,CSN_26328
,-24.139037,-67.081743,181.7085,4.2,,CSN,CSN_26329
,-24.124036,-67.32255,203.2749,3.9,,CSN,CSN_26330
,-24.239293,-67.40202,173.5499,4.1,,CSN,CSN_26331
,-23.928282,-66.915149,209.54,5.3,,CSN,CSN_26332
,-24.235145,-67.28075,186.6892,3.6,,CSN,CSN_26333
,-24.159424,-67.308334,190.8308,4.1,,CSN,CSN_26334
,-24.011808,-67.358137,221.0919,3.9,,CSN,CSN_26335
,-24.149304,-67.327228,215.0585,5.3,,CSN,CSN_26336
,-24.149198,-67.291837,201.8781,3.5,,CSN,CSN_26337
,-23.892421,-67.127693,230.3499,4.5,,CSN,CSN_26338
,-23.909847,-67.13121,230.2257,3.4,,CSN,CSN_26339
,-24.15804,-67.358427,200.1891,3.7,,CSN,CSN_26340
,-24.113512,-67.47451,201.801,4.3,,CSN,CSN_26341
,-23.989176,-67.525595,212.0879,4.6,,CSN,CSN_26342
,-23.930959,-67.08548,211.1218,3.7,,CSN,CSN_26343
,-24.139604,-67.476966,182.838,3.7,,CSN,CSN_26344
,-24.184352,-67.2654,205.046,5.1,,CSN,CSN_26345
,-24.1691,-67.335506,206.9689,3.8,,CSN,CSN_26346
,-24.141396,-67.21675,205.8976,3.4,,CSN,CSN_26347
,-24.031983,-67.19872,219.9036,3.9,,CSN,CSN_26348
,-24.072737,-67.313422,222.4792,3.7,,CSN,CSN_26349
,-24.019452,-67.001099,210.5424,3.9,,CSN,CSN_26350
,-23.901055,-67.217358,225.6742,4.3,,CSN,CSN_26351
,-24.154772,-67.304429,207.708,4.1,,CSN,CSN_26352
,-24.281369,-67.290276,176.1475,3.6,,CSN,CSN_26353
,-23.943241,-67.384353,212.1367,3.9,,CSN,CSN_26354
,-24.104524,-67.352921,185.4309,3.9,,CSN,CSN_26355
,-24.171609,-67.556209,188.7977,4.2,,CSN,CSN_26356
,-24.149869,-67.403706,209.9906,3.7,,CSN,CSN_26357
,-24.036972,-66.988028,195.7602,4.4,,CSN,CSN_26358
,-24.212921,-67.206724,193.1532,4.3,,CSN,CSN_26359
,-23.96359,-67.296942,217.4512,4.9,,CSN,CSN_26360
,-24.023232,-67.242079,160.3756,4.1,,CSN,CSN_26361
,-24.121418,-67.432138,199.0404,3.8,,CSN,CSN_26362
,-23.890192,-66.945273,226.602,4.6,,CSN,CSN_26363
,-24.116112,-67.204949,191.2397,3.6,,CSN,CSN_26364
,-24.156189,-67.057407,195.3325,4.1,,CSN,CSN_26365
,-23.85385,-67.166204,235.0178,4.2,,CSN,CSN_26366
,-24.054581,-67.10062,196.8065,4.7,,CSN,CSN_26367
,-24.12315,-67.565331,207.9218,3.7,,CSN,CSN_26368
,-24.159906,-67.596466,218.5746,3.5,,CSN,CSN_26369
,-23.809631,-67.010928,220.5865,4.0,,CSN,CSN_26370
,-23.838338,-66.845806,211.0446,4.7,,CSN,CSN_26371
,-24.078039,-67.598458,216.3549,3.6,,CSN,CSN_26372
,-23.995501,-67.19467,221.5993,3.4,,CSN,CSN_26373
,-23.92239,-66.965677,208.0462,4.8,,CSN,CSN_26374
,-24.028234,-67.346317,206.7951,3.6,,CSN,CSN_26375
,-23.977318,-67.231973,217.3278,3.3,,CSN,CSN_26376
,-24.113425,-67.215258,204.0909,3.8,,CSN,CSN_26377
,-24.158027,-67.301935,187.2494,3.7,,CSN,CSN_26378
,-24.040051,-67.544199,195.0511,3.4,,CSN,CSN_26379
,-24.347996,-67.385515,191.259,4.2,,CSN,CSN_26380
,-24.059352,-67.425699,199.4868,4.1,,CSN,CSN_26381
,-23.879443,-67.384242,203.2973,3.6,,CSN,CSN_26382
,-23.896311,-67.222087,214.9479,3.0,,CSN,CSN_26383
,-23.773307,-66.991977,238.1834,4.4,,CSN,CSN_26384
,-24.133594,-67.221352,215.711,4.2,,CSN,CSN_26385
,-24.266896,-67.207558,169.5208,3.5,,CSN,CSN_26386
,-24.091174,-67.245877,182.9108,3.7,,CSN,CSN_26387
,-23.984762,-67.139597,212.6593,3.9,,CSN,CSN_26388
,-24.050007,-67.264785,213.4118,3.6,,CSN,CSN_26389
,-24.121261,-67.045559,168.0146,3.5,,CSN,CSN_26390
,-24.065113,-67.431212,204.5014,3.7,,CSN,CSN_26391
,-23.961694,-66.931335,192.5756,3.5,,CSN,CSN_26392
,-24.182147,-67.460948,200.5666,3.6,,CSN,CSN_26393
,-24.1604,-67.579593,204.4744,4.0,,CSN,CSN_26394
,-24.142479,-67.192326,197.0079,4.1,,CSN,CSN_26395
,-23.928449,-67.28826,233.0316,5.0,,CSN,CSN_26396
,-23.850034,-67.046842,234.8945,5.0,,CSN,CSN_26397
,-24.112347,-67.205108,212.9133,5.0,,CSN,CSN_26398
,-24.191668,-67.140355,198.3212,3.5,,CSN,CSN_26399
,-23.994479,-67.172042,220.4993,3.6,,CSN,CSN_26400
,-24.317119,-67.452386,196.4253,4.3,,CSN,CSN_26401
,-24.136033,-67.115685,196.2173,3.6,,CSN,CSN_26402
,-24.200283,-67.443717,206.4316,4.0,,CSN,CSN_26403
,-24.093514,-67.545139,209.7476,3.4,,CSN,CSN_26404
,-23.984149,-66.985408,185.8071,5.0,,CSN,CSN_26405
,-23.964306,-67.316418,216.4307,4.6,,CSN,CSN_26406
,-23.759123,-66.972611,243.9383,6.2,,CSN,CSN_26407
,-24.022575,-67.164303,193.1939,4.0,,CSN,CSN_26408
,-23.947188,-67.157841,223.929,3.7,,CSN,CSN_26409
,-24.030438,-67.373948,207.4526,4.3,,CSN,CSN_26410
,-23.992599,-67.444941,186.569,3.6,,CSN,CSN_26411
,-23.928773,-67.301831,234.7548,4.0,,CSN,CSN_26412
,-23.905891,-66.937216,227.6327,4.2,,CSN,CSN_26413
,-24.189694,-67.432806,206.2412,4.2,,CSN,CSN_26414
,-23.997293,-67.397839,204.4406,4.0,,CSN,CSN_26415
,-24.006337,-67.200854,223.7208,4.0,,CSN,CSN_26416
,-24.128201,-67.27902,188.8996,3.8,,CSN,CSN_26417
,-24.135079,-67.430897,206.4234,4.2,,CSN,CSN_26418
,-24.22305,-67.600544,208.4463,4.0,,CSN,CSN_26419
,-24.048383,-67.282562,234.5817,3.9,,CSN,CSN_26420
,-24.076602,-67.38244,195.2712,4.1,,CSN,CSN_26421
,-24.162599,-67.623143,176.4118,3.8,,CSN,CSN_26422
,-24.174563,-67.406304,204.2884,3.5,,CSN,CSN_26423
,-24.228736,-67.218662,191.15,3.7,,CSN,CSN_26424
,-23.662965,-67.067814,228.269,3.7,,CSN,CSN_26425
,-24.19579,-67.150088,193.0434,4.0,,CSN,CSN_26426
,-24.070956,-67.544429,191.0994,3.9,,CSN,CSN_26427
,-24.012417,-67.146927,178.7804,3.8,,CSN,CSN_26428
,-24.066472,-67.264445,216.6171,3.9,,CSN,CSN_26429
,-24.009511,-67.203316,224.5574,3.6,,CSN,CSN_26430
,-24.055287,-67.113612,188.9405,3.4,,CSN,CSN_26431
,-24.234987,-67.412295,200.1743,4.4,,CSN,CSN_26432
,-24.088876,-67.411578,212.9894,4.0,,CSN,CSN_26433
,-24.126686,-67.578726,208.0369,4.4,,CSN,CSN_26434
,-23.819053,-67.134686,235.6712,4.1,,CSN,CSN_26435
,-24.114815,-67.363809,191.5435,4.4,,CSN,CSN_26436
,-23.950849,-66.829392,193.5225,4.4,,CSN,CSN_26437
,-24.065374,-67.47222,204.8397,3.8,,CSN,CSN_26438
,-24.118501,-67.435001,186.1071,3.9,,CSN,CSN_26439
,-24.105746,-67.348605,218.6809,3.8,,CSN,CSN_26440
,-23.701442,-67.165285,231.0908,4.3,,CSN,CSN_26441
,-23.969921,-67.159939,242.0771,4.0,,CSN,CSN_26442
,-24.194145,-67.510455,203.1108,3.9,,CSN,CSN_26443
,-23.933737,-67.256251,219.5232,4.1,,CSN,CSN_26444
,-24.115744,-67.185112,197.4292,3.4,,CSN,CSN_26445
,-24.134297,-67.126746,197.3239,3.9,,CSN,CSN_26446
,-24.157832,-67.416356,206.8896,4.1,,CSN,CSN_26447
,-23.83769,-66.939538,219.2589,3.7,,CSN,CSN_26448
,-24.201971,-67.345956,180.1749,3.9,,CSN,CSN_26449
,-24.219531,-67.35567,178.2301,3.5,,CSN,CSN_26450
,-23.993934,-67.358172,236.154,4.6,,CSN,CSN_26451
,-24.050002,-67.371542,207.4834,3.7,,CSN,CSN_26452
,-24.106939,-67.512853,220.4039,4.5,,CSN,CSN_26453
,-24.136574,-67.178532,201.3471,3.0,,CSN,CSN_26454
,-24.222457,-67.2677,181.179,3.6,,CSN,CSN_26455
,-23.981269,-67.216476,213.2931,3.2,,CSN,CSN_26456
,-23.847962,-67.049819,229.8033,3.9,,CSN,CSN_26457
,-24.225421,-67.432956,191.4541,4.1,,CSN,CSN_26458
,-23.997236,-67.295294,227.119,3.5,,CSN,CSN_26459
,-24.09677,-67.274207,226.6261,3.4,,CSN,CSN_26460
,-24.157687,-67.487607,212.3937,3.6,,CSN,CSN_26461
,-24.259569,-67.306602,179.9738,3.9,,CSN,CSN_26462
,-23.927075,-66.999735,214.7553,4.1,,CSN,CSN_26463
,-24.27608,-67.381479,209.2017,3.8,,CSN,CSN_26464
,-24.032448,-67.247113,236.9375,3.4,,CSN,CSN_26465
,-23.999596,-66.936453,197.7179,3.5,,CSN,CSN_26466
,-24.189203,-67.221561,110.7325,5.0,,CSN,CSN_26467
,-24.194768,-67.457385,209.205,3.6,,CSN,CSN_26468
,-23.927349,-67.21003,233.175,4.3,,CSN,CSN_26469
,-24.201485,-67.62966,216.2685,3.7,,CSN,CSN_26470
,-24.344756,-67.448003,202.0412,3.5,,CSN,CSN_26471
,-24.166547,-67.426398,213.0276,3.7,,CSN,CSN_26472
,-24.185201,-67.386108,199.0115,3.9,,CSN,CSN_26473
,-23.931169,-67.156624,213.7499,3.9,,CSN,CSN_26474
,-24.219605,-67.495517,204.8092,3.6,,CSN,CSN_26475
,-24.231826,-67.238321,184.3832,3.5,,CSN,CSN_26476
,-23.876587,-67.105542,210.8135,4.6,,CSN,CSN_26477
,-23.957423,-67.212989,226.1808,3.4,,CSN,CSN_26478
,-24.111474,-67.250692,219.1042,4.6,,CSN,CSN_26479
,-24.11287,-67.369434,194.2729,3.8,,CSN,CSN_26480
,-24.117392,-67.418502,201.2974,4.0,,CSN,CSN_26481
,-24.344064,-67.536605,158.1202,4.3,,CSN,CSN_26482
,-23.880577,-67.404806,198.5061,3.5,,CSN,CSN_26483
,-24.024769,-67.011028,197.5128,4.3,,CSN,CSN_26484
,-24.173732,-67.434168,207.424,4.1,,CSN,CSN_26485
,-23.936138,-66.952986,193.6687,3.9,,CSN,CSN_26486
,-24.011757,-67.308224,213.3441,3.8,,CSN,CSN_26487
,-24.285601,-67.521917,203.0823,4.0,,CSN,CSN_26488
,-24.213709,-67.507093,216.3905,3.7,,CSN,CSN_26489
,-24.314344,-67.46611,201.1609,3.6,,CSN,CSN_26490
,-24.095614,-67.035758,183.1763,3.4,,CSN,CSN_26491
,-24.21309,-67.380066,203.6709,4.7,,CSN,CSN_26492
,-24.206097,-67.462781,186.3109,4.2,,CSN,CSN_26493
,-23.955358,-67.028455,223.4508,3.7,,CSN,CSN_26494
,-23.95196,-67.146819,204.8784,3.9,,CSN,CSN_26495
,-23.906541,-67.158124,235.925,3.6,,CSN,CSN_26496
,-24.223544,-67.405359,197.9473,4.5,,CSN,CSN_26497
,-24.219592,-67.597605,219.1595,4.1,,CSN,CSN_26498
,-23.943454,-67.088196,208.6156,4.3,,CSN,CSN_26499
,-23.841527,-66.855816,231.025,4.3,,CSN,CSN_26500
,-24.062689,-67.504952,218.0448,3.5,,CSN,CSN_26501
,-23.949166,-67.137541,216.4627,4.1,,CSN,CSN_26502
,-24.092252,-67.237554,176.0795,3.8,,CSN,CSN_26503
,-24.082057,-67.264823,179.9435,3.5,,CSN,CSN_26504
,-24.174732,-67.450039,202.9244,4.3,,CSN,CSN_26505
,-23.77934,-67.220097,229.3899,4.6,,CSN,CSN_26506
,-24.02592,-67.215615,221.4706,4.4,,CSN,CSN_26507
,-24.237423,-67.465201,199.7115,3.4,,CSN,CSN_26508
,-23.977646,-67.437733,218.1682,4.7,,CSN,CSN_26509
,-24.011003,-67.112356,186.9752,3.8,,CSN,CSN_26510
,-23.886461,-67.233061,228.1616,3.9,,CSN,CSN_26511
,-24.148962,-67.452449,192.7357,3.4,,CSN,CSN_26512
,-23.96326,-67.177774,217.8603,3.5,,CSN,CSN_26513
,-24.288221,-67.315925,169.5708,3.6,,CSN,CSN_26514
,-24.137366,-67.52731,209.2825,3.4,,CSN,CSN_26515
,-23.884001,-67.095393,234.339,4.4,,CSN,CSN_26516
,-24.034478,-67.384169,206.1258,3.7,,CSN,CSN_26517
,-23.970694,-67.162185,208.2114,3.7,,CSN,CSN_26518
,-23.798129,-66.926331,171.4987,3.5,,CSN,CSN_26519
,-23.878945,-67.08139,207.2227,4.9,,CSN,CSN_26520
,-24.12928,-67.536151,213.7683,3.1,,CSN,CSN_26521
,-24.121548,-67.1516,202.5826,4.3,,CSN,CSN_26522
,-23.97686,-67.157849,242.9655,4.6,,CSN,CSN_26523
,-24.216569,-67.317235,178.9289,4.9,,CSN,CSN_26524
,-24.097687,-67.000909,195.1325,4.8,,CSN,CSN_26525
,-23.85978,-67.224611,227.7047,4.0,,CSN,CSN_26526
,-24.0741,-67.230956,198.6633,3.5,,CSN,CSN_26527
,-24.086006,-67.128257,200.1829,4.2,,CSN,CSN_26528
,-24.2732,-67.259742,176.0063,4.7,,CSN,CSN_26529
,-24.236231,-67.380334,190.2957,3.6,,CSN,CSN_26530
,-24.2572,-67.425355,191.3045,4.5,,CSN,CSN_26531
,-24.106115,-67.363021,196.3257,4.2,,CSN,CSN_26532
,-24.21023,-67.275377,180.6521,3.9,,CSN,CSN_26533
,-24.024604,-67.093462,227.0874,4.2,,CSN,CSN_26534
,-24.102164,-67.298946,209.84,3.4,,CSN,CSN_26535
,-23.975062,-67.229298,215.0376,3.9,,CSN,CSN_26536
,-23.957368,-67.159202,225.0028,3.8,,CSN,CSN_26537
,-24.002665,-67.394142,206.4339,3.1,,CSN,CSN_26538
,-24.14413,-67.322025,190.4935,3.7,,CSN,CSN_26539
,-24.093805,-67.298253,217.9782,4.5,,CSN,CSN_26540
,-24.06723,-67.162157,233.615,4.2,,CSN,CSN_26541
,-24.206158,-67.430746,183.7708,3.7,,CSN,CSN_26542
,-24.205941,-67.44015,199.0084,4.7,,CSN,CSN_26543
,-24.010809,-66.925083,192.6398,3.6,,CSN,CSN_26544
,-24.001927,-67.367104,186.4052,3.7,,CSN,CSN_26545
,-24.016579,-66.908049,194.0511,3.9,,CSN,CSN_26546
,-24.197383,-67.343222,204.287,3.7,,CSN,CSN_26547
,-24.287352,-67.619983,206.513,3.8,,CSN,CSN_26548
,-23.926956,-67.098549,241.1251,3.9,,CSN,CSN_26549
,-24.146542,-67.199537,199.3692,3.5,,CSN,CSN_26550
,-24.101716,-67.386897,192.0411,3.4,,CSN,CSN_26551
,-23.961655,-67.182095,223.523,3.8,,CSN,CSN_26552
,-24.123148,-67.368774,223.4542,4.1,,CSN,CSN_26553
,-24.139461,-67.403671,225.5849,3.4,,CSN,CSN_26554
,-24.199493,-67.512376,200.4874,4.2,,CSN,CSN_26555
,-23.968156,-67.186635,216.8378,4.2,,CSN,CSN_26556
,-24.107822,-67.169597,211.7964,3.8,,CSN,CSN_26557
,-24.170227,-67.620164,210.3944,4.1,,CSN,CSN_26558
,-24.196033,-67.411495,212.6528,4.1,,CSN,CSN_26559
,-24.105588,-67.428678,225.5684,4.4,,CSN,CSN_26560
,-24.09082,-67.219217,227.3804,3.3,,CSN,CSN_26561
,-24.165853,-67.459884,201.875,4.0,,CSN,CSN_26562
,-24.193098,-67.302127,168.6722,4.3,,CSN,CSN_26563
,-24.241003,-67.466403,209.781,4.0,,CSN,CSN_26564
,-23.99006,-67.062912,211.0123,3.9,,CSN,CSN_26565
,-24.130848,-67.456881,209.7307,3.7,,CSN,CSN_26566
,-24.062285,-67.276114,214.7423,4.5,,CSN,CSN_26567
,-24.201532,-67.537279,213.9562,4.0,,CSN,CSN_26568
,-24.165154,-66.966757,199.3987,3.9,,CSN,CSN_26569
,-23.869257,-67.168374,221.305,4.1,,CSN,CSN_26570
,-24.032235,-66.948161,196.6527,3.7,,CSN,CSN_26571
,-24.064351,-67.331564,192.5543,3.9,,CSN,CSN_26572
,-24.027826,-67.231105,217.8272,4.2,,CSN,CSN_26573
,-23.967477,-67.209698,225.6732,4.4,,CSN,CSN_26574
,-24.049426,-67.221738,218.7627,3.7,,CSN,CSN_26575
,-24.316976,-67.229483,180.2823,4.0,,CSN,CSN_26576
,-24.073746,-67.390728,198.9957,3.5,,CSN,CSN_26577
,-24.271224,-67.464447,181.3012,3.9,,CSN,CSN_26578
,-23.887339,-67.00749,205.5582,3.3,,CSN,CSN_26579
,-24.136718,-67.525112,217.5917,4.2,,CSN,CSN_26580
,-23.975759,-67.333211,231.5135,3.9,,CSN,CSN_26581
,-24.180179,-67.385673,219.65,3.3,,CSN,CSN_26582
,-24.187557,-67.4281,197.7926,4.2,,CSN,CSN_26583
,-24.18966,-67.417166,189.8563,3.6,,CSN,CSN_26584
,-24.241825,-67.528039,190.0082,3.8,,CSN,CSN_26585
,-24.171392,-67.598648,203.9455,3.3,,CSN,CSN_26586
,-24.038262,-67.048599,211.3689,4.5,,CSN,CSN_26587
,-24.047854,-67.251685,223.174,4.0,,CSN,CSN_26588
,-24.231823,-67.18664,177.6509,3.6,,CSN,CSN_26589
,-24.052451,-67.191608,221.5557,4.6,,CSN,CSN_26590
,-24.17832,-67.443232,197.0942,3.7,,CSN,CSN_26591
,-23.988155,-67.159015,222.9888,4.0,,CSN,CSN_26592
,-24.181719,-67.465104,204.5513,4.9,,CSN,CSN_26593
,-24.037123,-67.123112,179.7659,3.6,,CSN,CSN_26594
,-23.991067,-67.261484,215.2873,3.4,,CSN,CSN_26595
,-24.246451,-67.231991,178.9094,4.8,,CSN,CSN_26596
,-23.958712,-67.251348,227.2881,3.6,,CSN,CSN_26597
,-24.115903,-67.456648,207.1411,3.7,,CSN,CSN_26598
,-24.076017,-67.237894,221.319,3.4,,CSN,CSN_26599
,-24.233774,-67.270314,204.0024,3.6,,CSN,CSN_26600
,-24.166165,-67.473677,195.4142,3.5,,CSN,CSN_26601
,-24.262192,-67.334084,195.1673,4.6,,CSN,CSN_26602
,-23.938164,-66.813307,202.6868,5.3,,CSN,CSN_26603
,-24.375932,-67.415809,204.7598,4.7,,CSN,CSN_26604
,-24.079404,-67.428961,195.9264,3.9,,CSN,CSN_26605
,-24.059084,-67.433616,207.087,3.8,,CSN,CSN_26606
,-24.213233,-67.387525,207.8638,3.8,,CSN,CSN_26607
,-24.159223,-67.305911,200.2885,3.4,,CSN,CSN_26608
,-24.168014,-67.308208,207.2913,3.7,,CSN,CSN_26609
,-24.142293,-67.551323,207.792,4.1,,CSN,CSN_26610
,-24.123023,-67.454669,215.3523,3.9,,CSN,CSN_26611
,-23.882351,-67.004011,229.458,3.2,,CSN,CSN_26612
,-24.21828,-67.537858,217.4505,3.7,,CSN,CSN_26613
,-24.186296,-67.24944,176.6958,4.1,,CSN,CSN_26614
,-24.124062,-67.458645,211.749,3.9,,CSN,CSN_26615
,-24.224076,-67.218405,173.3204,4.3,,CSN,CSN_26616
,-23.920493,-66.869077,212.7173,4.2,,CSN,CSN_26617
,-23.855992,-67.122027,225.0515,4.1,,CSN,CSN_26618
,-24.136942,-67.528199,202.4196,3.9,,CSN,CSN_26619
,-24.09744,-67.416695,207.1221,3.5,,CSN,CSN_26620
,-23.957666,-67.036652,202.8091,3.9,,CSN,CSN_26621
,-24.113905,-67.330288,185.7254,3.7,,CSN,CSN_26622
,-24.238308,-67.420547,198.7258,3.4,,CSN,CSN_26623
,-24.192617,-67.444553,189.8088,3.8,,CSN,CSN_26624
,-24.066096,-67.328011,222.6874,4.0,,CSN,CSN_26625
,-23.995517,-67.159535,217.7605,3.5,,CSN,CSN_26626
,-23.907089,-66.931647,222.4973,4.1,,CSN,CSN_26627
,-24.151219,-67.428138,201.5536,4.1,,CSN,CSN_26628
,-24.060443,-67.668846,145.7684,4.6,,CSN,CSN_26629
,-24.236895,-67.623789,204.062,3.9,,CSN,CSN_26630
,-23.929519,-67.134486,224.5626,3.5,,CSN,CSN_26631
,-24.17217,-66.983083,190.1717,4.9,,CSN,CSN_26632
,-23.923471,-67.034391,224.4539,4.0,,CSN,CSN_26633
,-24.192295,-67.367794,202.0371,4.0,,CSN,CSN_26634
,-23.921328,-66.833678,172.8932,3.8,,CSN,CSN_26635
,-23.899125,-66.894919,192.8052,4.3,,CSN,CSN_26636
,-24.116525,-67.257291,212.9511,3.3,,CSN,CSN_26637
,-24.165775,-67.475274,193.5145,3.8,,CSN,CSN_26638
,-24.266642,-67.314558,180.5739,3.5,,CSN,CSN_26639
,-24.177855,-67.294278,194.936,3.5,,CSN,CSN_26640
,-23.982968,-67.140207,219.1035,3.6,,CSN,CSN_26641
,-24.086769,-67.177081,200.0371,3.7,,CSN,CSN_26642
,-24.223902,-67.490498,198.8873,4.3,,CSN,CSN_26643
,-23.72375,-66.97158,219.4331,4.2,,CSN,CSN_26644
,-23.932291,-67.029092,214.7024,3.5,,CSN,CSN_26645
,-24.26352,-67.509466,198.4168,3.9,,CSN,CSN_26646
,-24.078244,-67.399531,197.2578,4.3,,CSN,CSN_26647
,-24.121658,-67.308608,210.7235,4.0,,CSN,CSN_26648
,-23.973441,-67.282245,192.955,3.9,,CSN,CSN_26649
,-23.840778,-66.875146,215.8969,3.6,,CSN,CSN_26650
,-23.910527,-66.888576,212.8029,3.7,,CSN,CSN_26651
,-24.220606,-67.328098,212.6648,4.6,,CSN,CSN_26652
,-23.97169,-67.090667,193.9746,3.3,,CSN,CSN_26653
,-23.997286,-67.37005,194.3218,4.5,,CSN,CSN_26654
,-24.102289,-67.022491,211.5453,3.6,,CSN,CSN_26655
,-23.898029,-67.233338,213.9431,4.1,,CSN,CSN_26656
,-23.971677,-67.392378,201.5991,4.3,,CSN,CSN_26657
,-23.833181,-67.288937,219.4031,3.4,,CSN,CSN_26658
,-24.218219,-67.32512,195.0346,4.2,,CSN,CSN_26659
,-24.034347,-67.376098,179.7499,3.2,,CSN,CSN_26660
,-24.230595,-67.457154,192.4643,4.1,,CSN,CSN_26661
,-24.09109,-67.204976,208.6165,4.2,,CSN,CSN_26662
,-23.928076,-67.030477,223.908,4.3,,CSN,CSN_26663
,-23.925421,-66.892846,201.1558,4.4,,CSN,CSN_26664
,-24.147374,-67.280368,160.4428,3.7,,CSN,CSN_26665
,-24.312857,-67.465311,198.0715,4.0,,CSN,CSN_26666
,-24.179514,-67.141326,204.7607,3.4,,CSN,CSN_26667
,-23.850093,-66.960648,223.8366,3.0,,CSN,CSN_26668
,-23.98282,-67.250559,194.2727,3.8,,CSN,CSN_26669
,-23.987669,-67.369821,202.1647,3.8,,CSN,CSN_26670
,-23.960603,-67.121549,225.0318,4.0,,CSN,CSN_26671
,-24.098209,-67.295443,191.8542,4.0,,CSN,CSN_26672
,-24.098547,-67.185478,224.6557,3.9,,CSN,CSN_26673
,-23.797122,-67.079576,225.8673,4.5,,CSN,CSN_26674
,-24.105754,-67.577214,219.2312,4.0,,CSN,CSN_26675
,-24.307505,-67.470302,192.8782,3.7,,CSN,CSN_26676
,-23.90999,-67.156888,196.7858,4.2,,CSN,CSN_26677
,-24.230613,-67.297038,169.1967,3.7,,CSN,CSN_26678
,-24.006961,-66.876547,211.1933,3.8,,CSN,CSN_26679
,-24.24325,-67.406286,199.5825,3.5,,CSN,CSN_26680
,-24.084797,-67.414564,202.7259,3.9,,CSN,CSN_26681
,-24.181502,-67.422305,195.7592,4.3,,CSN,CSN_26682
,-23.912367,-67.3082,179.8484,4.0,,CSN,CSN_26683
,-24.0826,-67.152093,169.3684,3.8,,CSN,CSN_26684
,-24.219783,-67.226868,170.3607,4.4,,CSN,CSN_26685
,-24.084532,-67.303666,205.0832,3.9,,CSN,CSN_26686
,-24.111839,-67.251122,199.4617,4.3,,CSN,CSN_26687
,-24.00596,-67.14733,192.5054,4.8,,CSN,CSN_26688
,-24.262075,-67.499211,194.3318,3.6,,CSN,CSN_26689
,-23.932592,-67.180737,220.912,3.7,,CSN,CSN_26690
,-24.031989,-67.255728,214.9113,3.6,,CSN,CSN_26691
,-23.995774,-67.274685,214.1663,3.5,,CSN,CSN_26692
,-24.209005,-67.321877,197.1907,4.4,,CSN,CSN_26693
,-24.125373,-67.066728,215.4269,4.5,,CSN,CSN_26694
,-24.005801,-67.4223,202.9191,4.5,,CSN,CSN_26695
,-23.774496,-67.046392,234.1808,4.9,,CSN,CSN_26696
,-24.036828,-67.327989,196.6605,4.8,,CSN,CSN_26697
,-23.813723,-67.138982,232.0724,3.6,,CSN,CSN_26698
,-24.074898,-67.259753,212.1766,3.8,,CSN,CSN_26699
,-23.828806,-66.975065,219.0309,4.2,,CSN,CSN_26700
,-24.110147,-67.24104,218.0313,4.6,,CSN,CSN_26701
,-24.126569,-67.424114,219.6874,4.9,,CSN,CSN_26702
,-24.120647,-67.388602,208.5655,4.4,,CSN,CSN_26703
,-23.68938,-67.056367,230.6164,3.8,,CSN,CSN_26704
,-24.044012,-67.31888,184.2882,3.4,,CSN,CSN_26705
,-24.028946,-67.398738,205.4593,3.6,,CSN,CSN_26706
,-24.156505,-67.467652,215.5609,3.5,,CSN,CSN_26707
,-24.192863,-67.323676,197.7103,3.7,,CSN,CSN_26708
,-24.284242,-67.358271,191.5514,5.3,,CSN,CSN_26709
,-24.178246,-67.402293,199.2428,4.9,,CSN,CSN_26710
,-24.018093,-67.132372,226.2707,3.7,,CSN,CSN_26711
,-24.160265,-67.48831,200.9488,3.7,,CSN,CSN_26712
,-24.152299,-67.43975,199.8588,3.4,,CSN,CSN_26713
,-23.773513,-67.194377,221.452,4.3,,CSN,CSN_26714
,-24.037539,-67.344704,206.1342,4.3,,CSN,CSN_26715
,-24.136504,-67.291259,216.5837,4.8,,CSN,CSN_26716
,-24.129471,-67.377541,185.2797,4.4,,CSN,CSN_26717
,-24.179471,-67.453504,204.8796,3.5,,CSN,CSN_26718
,-24.153342,-67.360633,202.8997,4.1,,CSN,CSN_26719
,-23.955999,-67.242369,227.9685,4.0,,CSN,CSN_26720
,-24.000243,-67.41298,202.0814,3.9,,CSN,CSN_26721
,-24.286729,-67.62195,210.8586,4.9,,CSN,CSN_26722
,-24.124422,-67.093494,194.4989,3.9,,CSN,CSN_26723
,-24.00048,-67.100339,202.4718,4.1,,CSN,CSN_26724
,-24.213728,-67.493642,208.5067,3.6,,CSN,CSN_26725
,-23.842498,-67.009585,218.8426,3.6,,CSN,CSN_26726
,-24.20186,-67.14764,182.8643,4.3,,CSN,CSN_26727
,-24.07542,-67.198295,221.9034,4.0,,CSN,CSN_26728
,-24.172167,-67.399735,199.5114,3.8,,CSN,CSN_26729
,-24.180343,-67.478764,198.7686,3.7,,CSN,CSN_26730
,-24.17381,-67.425073,201.5112,3.9,,CSN,CSN_26731
,-23.999328,-66.993757,195.6628,4.5,,CSN,CSN_26732
,-24.155086,-67.427514,196.2607,3.3,,CSN,CSN_26733
,-24.018923,-67.406024,191.9459,4.0,,CSN,CSN_26734
,-24.102877,-67.202526,221.3139,4.1,,CSN,CSN_26735
,-24.016105,-67.39608,207.0771,3.7,,CSN,CSN_26736
,-23.916368,-66.938411,189.7025,3.7,,CSN,CSN_26737
,-24.091705,-67.421042,195.0987,4.9,,CSN,CSN_26738
,-23.952287,-66.897558,196.4973,3.5,,CSN,CSN_26739
,-24.068494,-66.948035,187.524,4.0,,CSN,CSN_26740
,-23.970631,-67.171864,220.3891,4.0,,CSN,CSN_26741
,-24.135629,-67.254718,173.5935,3.5,,CSN,CSN_26742
,-23.865761,-67.204737,220.8871,3.3,,CSN,CSN_26743
,-24.145491,-67.44631,198.2405,4.2,,CSN,CSN_26744
,-23.988035,-67.221366,228.3365,4.0,,CSN,CSN_26745
,-23.864365,-67.118323,228.8511,4.2,,CSN,CSN_26746
,-23.942483,-67.104582,215.2601,4.1,,CSN,CSN_26747
,-24.0687,-67.383337,204.3315,3.9,,CSN,CSN_26748
,-24.177326,-67.382778,190.3164,3.7,,CSN,CSN_26749
,-24.091151,-67.427233,201.9655,4.1,,CSN,CSN_26750
,-24.268247,-67.39326,198.5792,3.4,,CSN,CSN_26751
,-23.850741,-67.145403,235.5812,3.4,,CSN,CSN_26752
,-24.08637,-67.056442,208.8714,4.2,,CSN,CSN_26753
,-23.917922,-67.361612,234.1398,3.3,,CSN,CSN_26754
,-24.052936,-67.096597,190.8905,3.5,,CSN,CSN_26755
,-24.244736,-67.33941,168.0248,4.0,,CSN,CSN_26756
,-24.23203,-67.385197,190.1396,3.4,,CSN,CSN_26757
,-23.926556,-67.183945,234.1272,3.8,,CSN,CSN_26758
,-23.846932,-66.837107,198.1193,3.8,,CSN,CSN_26759
,-24.180243,-67.393192,198.0337,3.6,,CSN,CSN_26760
,-23.976703,-67.033801,201.1215,3.3,,CSN,CSN_26761
,-23.89913,-67.304803,223.9827,4.4,,CSN,CSN_26762
,-24.058735,-67.159196,208.0988,4.4,,CSN,CSN_26763
,-24.042481,-67.422624,201.6533,4.9,,CSN,CSN_26764
,-23.931532,-67.131596,234.8002,4.8,,CSN,CSN_26765
,-24.138527,-67.311567,206.3254,3.5,,CSN,CSN_26766
,-23.897928,-67.116363,228.4482,3.8,,CSN,CSN_26767
,-23.963907,-67.232592,226.8135,4.0,,CSN,CSN_26768
,-24.153455,-67.539613,214.4776,3.9,,CSN,CSN_26769
,-24.004855,-67.353893,203.2137,4.2,,CSN,CSN_26770
,-24.209725,-67.30944,169.4129,4.2,,CSN,CSN_26771
,-24.116109,-67.373817,207.5272,3.8,,CSN,CSN_26772
,-24.098052,-67.516651,208.8595,4.2,,CSN,CSN_26773
,-23.91444,-67.187375,235.0539,3.4,,CSN,CSN_26774
,-24.007519,-67.506091,217.0022,3.3,,CSN,CSN_26775
,-24.169796,-67.124896,172.7617,3.7,,CSN,CSN_26776
,-24.039441,-67.346929,190.3919,3.4,,CSN,CSN_26777
,-24.092436,-67.594524,213.9301,3.6,,CSN,CSN_26778
,-23.988667,-67.146844,204.9724,3.7,,CSN,CSN_26779
,-24.129187,-67.381611,197.0273,3.9,,CSN,CSN_26780
,-23.664454,-67.150444,229.942,3.9,,CSN,CSN_26781
,-23.94137,-67.385649,211.477,4.2,,CSN,CSN_26782
,-23.95711,-67.212351,213.5352,4.8,,CSN,CSN_26783
,-23.890255,-67.183773,232.2987,4.0,,CSN,CSN_26784
,-24.161654,-67.172144,173.0822,4.0,,CSN,CSN_26785
,-23.900131,-67.01644,205.5621,3.4,,CSN,CSN_26786
,-24.217543,-67.46674,191.5323,4.0,,CSN,CSN_26787
,-24.143064,-67.072032,171.2537,4.2,,CSN,CSN_26788
,-23.788915,-67.292829,202.1005,4.5,,CSN,CSN_26789
,-24.054882,-67.212658,215.1202,5.4,,CSN,CSN_26790
,-24.11344,-67.439266,204.3245,3.6,,CSN,CSN_26791
,-24.159051,-67.321526,185.707,3.9,,CSN,CSN_26792
,-24.035993,-67.283798,221.0544,3.6,,CSN,CSN_26793
,-24.255558,-67.240273,171.6705,3.5,,CSN,CSN_26794
,-24.210621,-67.373853,203.2885,3.2,,CSN,CSN_26795
,-23.892268,-66.934308,211.8733,3.7,,CSN,CSN_26796
,-24.208697,-67.36293,168.5408,4.0,,CSN,CSN_26797
,-24.047216,-67.240186,218.2405,3.7,,CSN,CSN_26798
,-24.257634,-67.157792,187.2317,4.4,,CSN,CSN_26799
,-24.349603,-67.410731,172.5377,5.0,,CSN,CSN_26800
,-24.348214,-67.456293,193.3557,3.4,,CSN,CSN_26801
,-23.956699,-67.235024,234.5943,3.5,,CSN,CSN_26802
,-23.836595,-67.163942,203.4069,3.8,,CSN,CSN_26803
,-24.054389,-67.175634,189.6643,4.8,,CSN,CSN_26804
,-24.169145,-67.23665,167.1856,3.3,,CSN,CSN_26805
,-24.010115,-67.253125,230.4644,3.6,,CSN,CSN_26806
,-24.082344,-66.896295,195.9072,4.0,,CSN,CSN_26807
,-24.068801,-67.161806,180.6118,4.2,,CSN,CSN_26808
,-24.083078,-67.105909,216.2414,4.0,,CSN,CSN_26809
,-24.269579,-67.18245,178.8101,4.6,,CSN,CSN_26810
,-23.979687,-67.127641,213.3009,4.0,,CSN,CSN_26811
,-24.204922,-67.48953,188.8231,4.1,,CSN,CSN_26812
,-24.028202,-67.357247,227.8609,3.5,,CSN,CSN_26813
,-24.087301,-67.278787,227.2071,4.3,,CSN,CSN_26814
,-23.934844,-66.848666,201.9017,3.9,,CSN,CSN_26815
,-24.143564,-67.279333,162.5229,3.6,,CSN,CSN_26816
,-23.947772,-67.14467,224.7759,4.0,,CSN,CSN_26817
,-24.232046,-67.383825,183.6653,3.6,,CSN,CSN_26818
,-24.082082,-67.208265,219.1799,3.9,,CSN,CSN_26819
,-23.977972,-67.124738,233.7511,4.3,,CSN,CSN_26820
,-24.286115,-67.500849,181.9789,4.6,,CSN,CSN_26821
,-23.912218,-67.138294,223.3065,4.4,,CSN,CSN_26822
,-24.190024,-67.387204,184.7451,5.7,,CSN,CSN_26823
,-24.186389,-67.444407,197.1564,3.6,,CSN,CSN_26824
,-23.95896,-66.819995,205.9596,4.8,,CSN,CSN_26825
,-24.18553,-67.207553,192.4978,4.0,,CSN,CSN_26826
,-23.937307,-66.867421,198.8486,3.9,,CSN,CSN_26827
,-23.740985,-67.023399,228.8446,4.0,,CSN,CSN_26828
,-23.732918,-67.131143,214.1273,4.2,,CSN,CSN_26829
,-24.233179,-67.254148,182.3259,4.2,,CSN,CSN_26830
,-23.945172,-66.992655,189.1421,3.3,,CSN,CSN_26831
,-23.967361,-66.966411,195.3014,3.6,,CSN,CSN_26832
,-23.942533,-67.019746,202.8823,3.9,,CSN,CSN_26833
,-23.989343,-67.139007,215.8004,4.3,,CSN,CSN_26834
,-24.107895,-67.062256,186.7482,4.2,,CSN,CSN_26835
,-24.093654,-67.121422,188.6172,4.2,,CSN,CSN_26836
,-24.053611,-67.353018,201.7241,4.3,,CSN,CSN_26837
,-23.938821,-67.185008,221.5803,4.4,,CSN,CSN_26838
,-24.177869,-67.271228,205.8921,4.8,,CSN,CSN_26839
,-23.838488,-67.196186,189.7277,3.9,,CSN,CSN_26840
,-24.328623,-67.315801,171.9599,4.1,,CSN,CSN_26841
,-24.240603,-67.27234,198.3064,5.0,,CSN,CSN_26842
,-24.281524,-67.187308,177.2683,4.2,,CSN,CSN_26843
,-24.22905,-67.097564,182.4868,3.4,,CSN,CSN_26844
,-24.266887,-67.473333,200.1596,4.4,,CSN,CSN_26845
,-24.128605,-66.995419,189.7321,4.0,,CSN,CSN_26846
,-24.079469,-67.357707,194.4806,3.7,,CSN,CSN_26847
,-23.873997,-67.165496,229.0646,4.1,,CSN,CSN_26848
,-23.872607,-66.908108,199.914,4.1,,CSN,CSN_26849
,-23.766196,-67.107434,226.5835,3.4,,CSN,CSN_26850
,-24.107226,-67.289285,210.7977,4.8,,CSN,CSN_26851
,-24.215891,-67.509103,211.4348,3.4,,CSN,CSN_26852
,-24.216494,-67.191589,173.8419,4.3,,CSN,CSN_26853
,-24.176895,-67.329184,199.6554,4.6,,CSN,CSN_26854
,-24.083164,-67.366084,206.5231,4.2,,CSN,CSN_26855
,-24.124457,-67.175976,183.2407,3.5,,CSN,CSN_26856
,-23.967985,-67.254311,215.1075,3.8,,CSN,CSN_26857
,-24.138973,-67.278773,196.8303,4.6,,CSN,CSN_26858
,-24.201051,-67.244259,169.1037,4.8,,CSN,CSN_26859
,-24.190155,-67.245172,171.3771,4.0,,CSN,CSN_26860
,-23.691475,-67.080471,229.259,3.9,,CSN,CSN_26861
,-23.966465,-67.186808,230.2274,4.2,,CSN,CSN_26862
,-24.023759,-66.927856,194.0606,3.5,,CSN,CSN_26863
,-24.01052,-67.146544,220.6201,3.5,,CSN,CSN_26864
,-24.006372,-66.922384,193.906,3.6,,CSN,CSN_26865
,-24.090657,-67.147023,180.9245,3.9,,CSN,CSN_26866
,-23.928886,-67.023502,211.0387,3.5,,CSN,CSN_26867
,-24.206133,-67.344442,176.8263,3.9,,CSN,CSN_26868
,-24.077045,-67.372549,224.5239,3.3,,CSN,CSN_26869
,-24.181635,-67.428647,196.0687,4.3,,CSN,CSN_26870
,-23.890815,-67.111085,224.7959,4.4,,CSN,CSN_26871
,-24.068604,-67.397604,195.9626,4.0,,CSN,CSN_26872
,-23.90528,-67.213655,234.9021,4.7,,CSN,CSN_26873
,-23.963668,-67.255596,193.2987,3.8,,CSN,CSN_26874
,-24.086572,-67.06427,174.353,4.2,,CSN,CSN_26875
,-23.896026,-67.194928,220.8904,3.3,,CSN,CSN_26876
,-24.094858,-67.343516,220.7899,3.2,,CSN,CSN_26877
,-24.08539,-67.035453,187.9205,3.4,,CSN,CSN_26878
,-23.971345,-67.207281,220.4445,4.1,,CSN,CSN_26879
,-23.926182,-67.144677,224.2258,3.7,,CSN,CSN_26880
,-24.061574,-67.39637,217.3358,3.6,,CSN,CSN_26881
,-24.010799,-67.178776,197.1353,4.4,,CSN,CSN_26882
,-23.845484,-66.875234,209.0643,4.1,,CSN,CSN_26883
,-24.070691,-67.480067,211.5644,4.3,,CSN,CSN_26884
,-24.108339,-67.069794,200.1467,4.1,,CSN,CSN_26885
,-23.855977,-67.179622,221.8941,4.9,,CSN,CSN_26886
,-24.096081,-67.295261,218.577,3.7,,CSN,CSN_26887
,-23.856386,-66.998023,217.6915,4.0,,CSN,CSN_26888
,-23.684999,-67.190597,224.5733,4.1,,CSN,CSN_26889
,-23.93471,-67.186484,226.1901,4.4,,CSN,CSN_26890
,-24.029017,-67.024529,194.8328,3.5,,CSN,CSN_26891
,-24.176761,-67.316213,206.4953,3.5,,CSN,CSN_26892
,-24.031783,-67.39694,208.5359,3.6,,CSN,CSN_26893
,-23.979445,-67.179393,251.5858,3.4,,CSN,CSN_26894
,-23.949363,-67.079862,238.3229,3.4,,CSN,CSN_26895
,-24.120979,-67.320051,185.0182,3.7,,CSN,CSN_26896
,-24.094018,-67.289897,203.3788,3.0,,CSN,CSN_26897
,-23.91424,-67.104196,226.9052,3.7,,CSN,CSN_26898
,-24.142546,-67.337511,194.1637,4.6,,CSN,CSN_26899
,-24.081619,-67.322369,204.63,3.5,,CSN,CSN_26900
,-24.011965,-67.06134,208.3364,3.5,,CSN,CSN_26901
,-24.26916,-67.40909,204.9848,3.4,,CSN,CSN_26902
,-23.76775,-66.897238,179.4477,4.1,,CSN,CSN_26903
,-24.207501,-67.5682,197.7644,3.6,,CSN,CSN_26904
,-24.337085,-67.363822,182.1555,3.4,,CSN,CSN_26905
,-23.814712,-66.911266,197.1693,4.3,,CSN,CSN_26906
,-24.150815,-67.312998,209.2011,4.7,,CSN,CSN_26907
,-23.885337,-67.144576,223.2453,3.5,,CSN,CSN_26908
,-24.27006,-67.297249,211.57,4.3,,CSN,CSN_26909
,-23.936689,-67.007879,215.0684,3.8,,CSN,CSN_26910
,-24.249122,-67.391856,189.584,3.0,,CSN,CSN_26911
,-24.184076,-67.263728,189.2736,3.5,,CSN,CSN_26912
,-24.195684,-67.391076,183.4445,3.7,,CSN,CSN_26913
,-24.152056,-67.339452,201.9666,3.6,,CSN,CSN_26914
,-23.910355,-67.060636,210.3906,4.6,,CSN,CSN_26915
,-23.960735,-67.1113,226.7785,3.8,,CSN,CSN_26916
,-24.221865,-67.411624,190.0032,4.4,,CSN,CSN_26917
,-24.196838,-67.37461,188.3066,3.9,,CSN,CSN_26918
,-24.046608,-67.151496,210.0618,4.6,,CSN,CSN_26919
,-23.963543,-67.341282,229.4107,4.3,,CSN,CSN_26920
,-24.104774,-67.593891,214.4884,4.3,,CSN,CSN_26921
,-24.173912,-67.481109,194.8312,4.2,,CSN,CSN_26922
,-24.020285,-66.961013,215.2123,4.0,,CSN,CSN_26923
,-24.114797,-67.397856,196.6661,4.3,,CSN,CSN_26924
,-24.142709,-67.399895,197.1801,4.1,,CSN,CSN_26925
,-24.085204,-67.140816,150.3366,3.4,,CSN,CSN_26926
,-24.149796,-67.654816,212.7869,3.4,,CSN,CSN_26927
,-23.96167,-67.296656,229.8503,3.4,,CSN,CSN_26928
,-24.011514,-67.283609,222.2807,3.3,,CSN,CSN_26929
,-24.009828,-67.303379,198.3521,3.4,,CSN,CSN_26930
,-24.055692,-67.442325,202.9705,3.8,,CSN,CSN_26931
,-24.196639,-67.35866,211.3595,3.5,,CSN,CSN_26932
,-24.046273,-67.222225,220.0051,3.7,,CSN,CSN_26933
,-24.089266,-67.427546,209.5449,3.1,,CSN,CSN_26934
,-23.840788,-67.152224,232.7712,3.8,,CSN,CSN_26935
,-24.123832,-67.175058,221.6806,4.0,,CSN,CSN_26936
,-23.994353,-67.081655,201.208,3.0,,CSN,CSN_26937
,-24.177259,-67.460057,201.5485,4.4,,CSN,CSN_26938
,-24.202933,-67.491243,193.6067,4.3,,CSN,CSN_26939
,-24.168608,-67.465289,212.162,3.7,,CSN,CSN_26940
,-24.100343,-67.081918,215.6152,4.3,,CSN,CSN_26941
,-24.049111,-67.284329,234.941,3.9,,CSN,CSN_26942
,-23.708229,-67.183608,201.5033,4.6,,CSN,CSN_26943
,-24.152847,-67.51141,197.8359,3.5,,CSN,CSN_26944
,-24.046537,-67.30944,214.2389,3.5,,CSN,CSN_26945
,-24.003194,-67.101381,220.048,3.3,,CSN,CSN_26946
,-23.978945,-67.186915,196.7965,3.7,,CSN,CSN_26947
,-24.229451,-67.416743,199.0798,3.3,,CSN,CSN_26948
,-24.124324,-67.19963,209.4024,3.2,,CSN,CSN_26949
,-24.108755,-67.131662,201.4864,3.6,,CSN,CSN_26950
,-24.213677,-67.413143,195.6803,3.1,,CSN,CSN_26951
,-23.988181,-67.210944,229.2447,3.9,,CSN,CSN_26952
,-24.01607,-67.201535,206.5811,4.3,,CSN,CSN_26953
,-23.954362,-67.145413,228.1098,4.6,,CSN,CSN_26954
,-24.128341,-67.444483,188.9855,4.5,,CSN,CSN_26955
,-24.009321,-67.271683,248.3315,4.0,,CSN,CSN_26956
,-24.0104,-67.25028,233.1251,3.1,,CSN,CSN_26958
,-24.219955,-67.5048,204.5593,3.8,,CSN,CSN_26959
,-23.985521,-67.069232,200.5598,3.5,,CSN,CSN_26960
,-24.076014,-67.332402,211.6676,3.8,,CSN,CSN_26961
,-24.118311,-67.453337,204.2426,4.9,,CSN,CSN_26962
,-24.152625,-67.487934,196.5174,3.0,,CSN,CSN_26963
,-24.069713,-67.292416,220.7284,3.9,,CSN,CSN_26964
,-24.203445,-67.455712,203.4258,3.7,,CSN,CSN_26965
,-24.196426,-67.433517,200.2111,3.8,,CSN,CSN_26966
,-24.103134,-67.380584,197.6772,3.8,,CSN,CSN_26967
,-24.075181,-67.332504,192.4026,3.4,,CSN,CSN_26968
,-24.189381,-67.402782,172.5128,3.7,,CSN,CSN_26969
,-24.080718,-67.092646,198.6003,3.8,,CSN,CSN_26971
,-24.303309,-67.323868,188.5597,3.2,,CSN,CSN_26972
,-24.17722,-67.356668,209.2115,3.8,,CSN,CSN_26973
,-23.998015,-67.459923,213.644,3.5,,CSN,CSN_26974
,-24.168158,-67.499334,206.793,4.0,,CSN,CSN_26975
,-23.898035,-67.305722,205.5635,3.8,,CSN,CSN_26976
,-24.048705,-67.040657,205.1473,3.8,,CSN,CSN_26977
,-23.870764,-66.894027,214.0406,4.0,,CSN,CSN_26978
,-23.964278,-67.321571,211.0416,3.5,,CSN,CSN_26980
,-24.145415,-67.448516,201.5951,4.1,,CSN,CSN_26981
,-24.153064,-67.394543,201.0149,3.9,,CSN,CSN_26982
,-24.143138,-67.303342,211.0357,4.0,,CSN,CSN_26983
,-23.963316,-67.269443,184.5434,3.0,,CSN,CSN_26984
,-23.984697,-67.1548,224.2736,3.5,,CSN,CSN_26985
,-24.193265,-67.461849,199.5315,4.1,,CSN,CSN_26986
,-24.01057,-67.15934,218.0643,3.7,,CSN,CSN_26987
,-24.118089,-67.373177,205.2198,3.0,,CSN,CSN_26988
,-24.157069,-67.425318,202.4962,3.9,,CSN,CSN_26989
,-23.897301,-67.167855,221.0803,3.0,,CSN,CSN_26990
,-24.191008,-67.337632,192.0549,3.2,,CSN,CSN_26991
,-23.935853,-67.197113,228.507,4.9,,CSN,CSN_26992
,-23.898118,-66.933412,208.636,3.8,,CSN,CSN_26993
,-24.177149,-67.433484,203.0382,3.6,,CSN,CSN_26994
,-24.003072,-67.393344,198.0641,3.4,,CSN,CSN_26995
,-24.197744,-67.418315,186.3517,3.9,,CSN,CSN_26996
,-24.24367,-67.393613,190.912,3.5,,CSN,CSN_26997
,-24.102758,-67.381278,216.0059,3.8,,CSN,CSN_26998
,-24.136858,-67.217383,188.7728,3.8,,CSN,CSN_26999
,-23.894979,-67.046527,212.7224,4.4,,CSN,CSN_27000
,-24.155525,-67.259865,186.2028,4.2,,CSN,CSN_27001
,-24.156403,-67.5571,150.6804,3.7,,CSN,CSN_27002
,-24.182269,-67.137683,143.2879,3.3,,CSN,CSN_27003
,-24.043048,-67.303009,174.34,4.2,,CSN,CSN_27004
,-23.815999,-66.964356,222.123,3.7,,CSN,CSN_27005
,-24.059266,-67.414745,207.9403,3.7,,CSN,CSN_27006
,-24.112185,-67.66796,154.3705,3.1,,CSN,CSN_27007
,-23.919976,-67.206287,214.2038,3.4,,CSN,CSN_27008
,-24.071385,-67.38811,207.3539,3.6,,CSN,CSN_27009
,-24.148557,-67.452461,202.2786,3.3,,CSN,CSN_27010
,-24.234269,-67.352551,191.0829,4.3,,CSN,CSN_27011
,-24.080913,-67.255765,183.2419,3.6,,CSN,CSN_27012
,-23.808322,-67.143959,226.3748,4.4,,CSN,CSN_27013
,-24.018274,-67.30849,191.2937,3.6,,CSN,CSN_27014
,-24.147301,-67.442485,191.7189,3.4,,CSN,CSN_27015
,-23.982599,-67.169469,208.661,5.1,,CSN,CSN_27016
,-23.999273,-67.160889,219.9538,3.5,,CSN,CSN_27017
,-23.74011,-66.961286,243.2246,3.7,,CSN,CSN_27018
,-24.272214,-67.425747,207.629,4.0,,CSN,CSN_27019
,-24.229413,-67.436656,193.3669,3.5,,CSN,CSN_27020
,-24.067485,-67.173859,226.4069,4.1,,CSN,CSN_27021
,-23.937653,-67.225742,217.9663,3.2,,CSN,CSN_27022
,-24.14456,-67.487478,201.3812,3.8,,CSN,CSN_27023
,-23.814635,-67.167041,181.0219,4.1,,CSN,CSN_27024
,-24.194573,-67.436051,195.2669,3.4,,CSN,CSN_27025
,-24.339593,-67.450284,202.844,4.5,,CSN,CSN_27026
,-24.154049,-67.445437,198.212,3.7,,CSN,CSN_27027
,-24.207354,-67.512045,191.8267,3.2,,CSN,CSN_27028
,-23.976631,-67.01101,210.594,3.9,,CSN,CSN_27030
,-23.958509,-67.239935,211.8739,4.4,,CSN,CSN_27031
,-23.828917,-67.34796,174.6843,3.4,,CSN,CSN_27032
,-24.131103,-67.504819,213.2518,3.5,,CSN,CSN_27033
,-24.213376,-67.263265,189.7424,3.3,,CSN,CSN_27034
,-24.232115,-67.191134,187.9996,3.9,,CSN,CSN_27035
,-24.211946,-67.461694,192.7714,4.2,,CSN,CSN_27036
,-24.024318,-67.382963,195.3155,3.4,,CSN,CSN_27038
,-24.128358,-67.297083,211.4208,3.2,,CSN,CSN_27039
,-24.214612,-67.331374,181.9234,4.0,,CSN,CSN_27040
,-23.917727,-67.046398,231.742,3.4,,CSN,CSN_27041
,-24.102716,-67.528449,198.6817,3.5,,CSN,CSN_27042
,-23.725356,-67.06465,230.1139,3.4,,CSN,CSN_27043
,-24.064453,-67.360049,202.2534,3.9,,CSN,CSN_27044
,-24.236317,-67.380105,185.5958,3.3,,CSN,CSN_27045
,-23.965789,-67.18742,209.6542,4.1,,CSN,CSN_27046
,-24.102996,-67.070048,205.968,4.0,,CSN,CSN_27047
,-24.212807,-67.225124,173.5048,3.5,,CSN,CSN_27048
,-24.182025,-67.361988,199.46,3.4,,CSN,CSN_27049
,-23.940824,-66.835349,173.0984,3.3,,CSN,CSN_27050
,-24.044078,-67.170037,193.3284,3.2,,CSN,CSN_27051
,-24.153149,-67.374784,201.6625,3.3,,CSN,CSN_27052
,-24.13255,-67.507353,204.7122,4.1,,CSN,CSN_27053
,-23.81197,-67.114592,231.1243,5.4,,CSN,CSN_27054
,-23.837858,-67.16388,233.5363,3.5,,CSN,CSN_27055
,-24.13362,-66.949358,186.1149,3.5,,CSN,CSN_27057
,-24.121104,-67.374188,195.4941,3.7,,CSN,CSN_27058
,-23.837895,-66.93353,223.6556,3.9,,CSN,CSN_27059
,-23.871601,-67.097682,229.7135,6.4,,CSN,CSN_27060
,-23.873885,-67.02521,214.1916,4.9,,CSN,CSN_27061
,-24.21341,-67.282028,192.8533,4.4,,CSN,CSN_27062
,-24.134382,-67.303161,220.5807,3.4,,CSN,CSN_27063
,-24.213323,-67.280932,159.2835,4.0,,CSN,CSN_27065
,-23.953809,-67.35089,222.7642,3.5,,CSN,CSN_27066
,-24.078191,-67.297699,225.3719,3.7,,CSN,CSN_27067
,-23.836243,-66.841806,179.6812,3.1,,CSN,CSN_27068
,-24.080526,-67.14093,224.715,3.7,,CSN,CSN_27069
,-23.901079,-66.95117,208.5208,3.6,,CSN,CSN_27070
,-23.725675,-67.054671,231.3648,4.0,,CSN,CSN_27071
,-24.075923,-67.226566,216.1782,3.2,,CSN,CSN_27072
,-24.087238,-67.44156,199.6812,3.9,,CSN,CSN_27073
,-23.936848,-67.185155,221.7112,3.0,,CSN,CSN_27074
,-24.055885,-67.550278,230.3717,3.4,,CSN,CSN_27075
,-23.865746,-67.27299,215.9231,3.0,,CSN,CSN_27076
,-24.281425,-67.444166,193.7049,3.7,,CSN,CSN_27078
,-23.904534,-67.040637,210.1449,4.8,,CSN,CSN_27079
,-23.99762,-67.242137,228.841,4.0,,CSN,CSN_27080
,-24.21947,-67.202374,182.1278,3.7,,CSN,CSN_27081
,-24.184906,-67.462567,198.3938,4.1,,CSN,CSN_27082
,-23.89873,-67.039667,218.1484,3.4,,CSN,CSN_27083
,-24.105089,-67.220354,213.2535,3.8,,CSN,CSN_27084
,-24.273916,-67.472928,191.4646,3.9,,CSN,CSN_27085
,-23.968897,-67.27878,227.1852,3.6,,CSN,CSN_27086
,-24.134718,-67.404765,188.0575,4.4,,CSN,CSN_27087
,-23.89066,-67.317636,238.6457,3.4,,CSN,CSN_27088
,-24.067819,-67.335764,195.8881,4.0,,CSN,CSN_27089
,-23.996203,-67.25162,207.6331,4.6,,CSN,CSN_27090
,-23.950654,-67.087232,228.1329,4.4,,CSN,CSN_27091
,-24.058356,-67.261157,214.9998,5.1,,CSN,CSN_27092
,-24.344927,-67.439919,199.4344,3.5,,CSN,CSN_27093
,-24.163601,-67.332656,199.6358,3.4,,CSN,CSN_27094
,-24.059155,-67.130598,213.3314,3.8,,CSN,CSN_27095
,-24.032379,-67.404705,224.1709,3.5,,CSN,CSN_27096
,-23.985739,-67.500201,213.8731,3.8,,CSN,CSN_27097
,-23.964244,-67.371143,216.5677,3.9,,CSN,CSN_27098
,-23.886216,-67.238182,226.8868,4.3,,CSN,CSN_27099
,-23.89052,-67.153794,225.1531,3.8,,CSN,CSN_27100
,-24.2185,-67.597581,207.8621,4.2,,CSN,CSN_27101
,-24.034112,-67.257008,184.1794,3.3,,CSN,CSN_27102
,-23.949374,-67.109967,194.6549,4.0,,CSN,CSN_27103
,-23.814137,-67.072865,245.7156,3.8,,CSN,CSN_27104
,-24.238756,-67.354969,186.4695,3.6,,CSN,CSN_27105
,-24.002421,-67.132362,222.2521,3.1,,CSN,CSN_27106
,-24.032953,-67.330428,231.6123,3.2,,CSN,CSN_27107
,-24.016897,-67.229591,196.1422,4.1,,CSN,CSN_27108
,-23.910992,-67.203179,236.7973,3.9,,CSN,CSN_27109
,-24.066981,-67.198431,217.0052,3.8,,CSN,CSN_27110
,-23.955684,-67.037719,200.2894,3.3,,CSN,CSN_27111
,-24.034555,-67.397655,231.8255,3.6,,CSN,CSN_27112
,-24.177791,-67.153336,198.1699,3.2,,CSN,CSN_27113
,-24.100166,-67.097888,204.2147,3.9,,CSN,CSN_27114
,-24.219854,-67.279398,181.2991,3.9,,CSN,CSN_27115
,-24.171249,-67.314183,187.4023,4.3,,CSN,CSN_27116
,-23.886564,-67.116575,213.9509,4.2,,CSN,CSN_27117
,-23.933236,-67.029346,216.2217,3.7,,CSN,CSN_27118
,-24.082736,-67.325398,200.25,4.7,,CSN,CSN_27119
,-24.175251,-67.330432,210.9519,4.1,,CSN,CSN_27120
,-24.190379,-67.415747,196.0864,4.0,,CSN,CSN_27121
,-24.122457,-67.432265,211.5691,3.5,,CSN,CSN_27122
,-23.905513,-67.167533,232.0197,4.0,,CSN,CSN_27123
,-23.98622,-66.999359,205.734,4.0,,CSN,CSN_27124
,-24.231984,-67.324494,172.667,3.3,,CSN,CSN_27125
,-24.066813,-67.22066,217.2928,4.8,,CSN,CSN_27126
,-24.128986,-67.502865,191.6558,3.3,,CSN,CSN_27127
,-24.130054,-67.286097,189.0171,3.4,,CSN,CSN_27129
,-24.106172,-67.326272,207.5416,4.1,,CSN,CSN_27130
,-23.895195,-67.166652,226.523,4.2,,CSN,CSN_27131
,-23.981399,-67.206132,204.0768,3.8,,CSN,CSN_27132
,-24.227701,-67.333527,181.3484,4.1,,CSN,CSN_27133
,-23.920346,-67.185417,177.2448,3.4,,CSN,CSN_27134
,-24.214448,-67.385647,177.7258,3.3,,CSN,CSN_27135
,-24.183818,-67.108973,173.1312,3.5,,CSN,CSN_27136
,-24.218027,-67.379233,176.0689,3.5,,CSN,CSN_27137
,-24.174083,-67.15588,160.8139,3.4,,CSN,CSN_27138
,-24.270672,-67.353097,189.9148,3.3,,CSN,CSN_27139
,-24.164339,-67.42334,199.1645,3.2,,CSN,CSN_27140
,-23.916795,-67.153201,228.1608,5.0,,CSN,CSN_27141
,-23.833446,-67.147354,232.1665,3.5,,CSN,CSN_27142
,-23.858682,-67.07838,232.5496,3.5,,CSN,CSN_27143
,-23.752167,-67.152245,236.3988,4.2,,CSN,CSN_27144
,-23.905367,-67.2333,233.8281,3.6,,CSN,CSN_27145
,-24.080772,-67.236674,215.2096,3.6,,CSN,CSN_27146
,-24.218317,-67.386586,198.4941,3.6,,CSN,CSN_27147
,-23.845189,-67.19838,224.7086,3.5,,CSN,CSN_27148
,-24.166386,-67.479255,195.1313,3.8,,CSN,CSN_27149
,-24.161161,-67.521522,203.4333,4.5,,CSN,CSN_27150
,-24.331821,-67.418331,195.4321,4.5,,CSN,CSN_27151
,-23.87209,-67.16388,206.2409,3.8,,CSN,CSN_27152
,-24.136754,-67.542341,213.4397,3.7,,CSN,CSN_27153
,-23.92197,-67.250392,221.3989,4.2,,CSN,CSN_27154
,-24.201481,-67.516681,210.5705,3.8,,CSN,CSN_27155
,-23.859584,-67.067074,229.7476,4.0,,CSN,CSN_27156
,-24.123496,-67.349667,207.3293,4.4,,CSN,CSN_27157
,-24.164953,-67.356164,226.9531,4.1,,CSN,CSN_27158
,-23.993793,-67.298985,211.4076,3.8,,CSN,CSN_27159
,-24.08954,-67.173495,232.9442,3.4,,CSN,CSN_27160
,-23.736725,-67.214625,214.9393,3.9,,CSN,CSN_27161
,-24.049151,-67.257945,210.9345,3.3,,CSN,CSN_27162
,-24.112602,-67.436851,216.5248,3.2,,CSN,CSN_27163
,-24.075197,-67.220283,215.2067,3.2,,CSN,CSN_27164
,-24.207631,-67.350515,186.655,4.5,,CSN,CSN_27165
,-24.225921,-67.473007,201.9531,4.2,,CSN,CSN_27166
,-24.055654,-67.194259,233.4568,3.7,,CSN,CSN_27167
,-24.099057,-67.388356,204.546,3.5,,CSN,CSN_27168
,-24.067482,-67.38734,205.3501,3.9,,CSN,CSN_27169
,-24.061054,-67.582344,223.9613,3.1,,CSN,CSN_27170
,-23.849678,-67.121722,229.0918,4.3,,CSN,CSN_27171
,-24.252654,-67.400182,198.2425,3.7,,CSN,CSN_27172
,-23.99145,-67.190005,204.7098,3.5,,CSN,CSN_27173
,-23.998342,-67.351052,231.5817,3.7,,CSN,CSN_27174
,-23.701215,-67.003031,192.4897,3.1,,CSN,CSN_27175
,-23.691001,-67.013925,231.2561,3.9,,CSN,CSN_27176
,-24.114242,-67.359832,213.3926,4.2,,CSN,CSN_27177
,-23.914724,-67.167181,234.8626,3.3,,CSN,CSN_27178
,-23.892037,-67.211088,219.4356,3.5,,CSN,CSN_27179
,-23.937976,-67.094451,203.8493,4.2,,CSN,CSN_27180
,-23.941052,-67.163759,238.9739,4.1,,CSN,CSN_27181
,-23.928452,-67.158777,231.1829,3.9,,CSN,CSN_27182
,-24.347336,-67.301951,174.3716,4.6,,CSN,CSN_27183
,-24.173099,-67.417513,211.096,3.7,,CSN,CSN_27184
,-24.083416,-67.408534,202.6265,3.5,,CSN,CSN_27185
,-24.304727,-67.387788,184.7605,4.6,,CSN,CSN_27186
,-24.184925,-67.449867,187.729,3.6,,CSN,CSN_27187
,-23.867627,-67.124904,224.9583,3.7,,CSN,CSN_27188
,-24.203945,-67.323188,192.966,3.8,,CSN,CSN_27189
,-24.009651,-67.251493,214.7202,4.4,,CSN,CSN_27190
,-24.086539,-67.35926,198.6069,3.4,,CSN,CSN_27191
,-23.956737,-67.399302,201.7492,4.9,,CSN,CSN_27192
,-23.854326,-67.189591,239.0401,3.5,,CSN,CSN_27193
,-23.911052,-67.159902,228.3437,4.1,,CSN,CSN_27194
,-24.121012,-67.084602,208.2167,4.0,,CSN,CSN_27195
,-23.856647,-67.176179,213.5244,4.0,,CSN,CSN_27196
,-24.132999,-67.455676,214.1113,3.5,,CSN,CSN_27197
,-24.150734,-67.366401,200.8547,3.5,,CSN,CSN_27198
,-23.910859,-67.285835,216.5968,3.8,,CSN,CSN_27199
,-23.985492,-67.115293,212.9679,3.6,,CSN,CSN_27200
,-24.110692,-67.243916,210.9111,3.6,,CSN,CSN_27201
,-24.190915,-67.430396,192.5375,3.7,,CSN,CSN_27202
,-24.115738,-66.98073,171.4077,3.4,,CSN,CSN_27203
,-24.158439,-67.448181,191.3253,3.9,,CSN,CSN_27204
,-24.125046,-67.296614,210.5136,4.4,,CSN,CSN_27205
,-23.971318,-67.359521,187.1359,3.6,,CSN,CSN_27206
,-23.877109,-67.236982,215.007,3.2,,CSN,CSN_27207
,-24.078875,-67.012207,204.8296,4.0,,CSN,CSN_27208
,-24.039267,-67.282812,209.1728,3.7,,CSN,CSN_27209
,-24.237403,-67.324159,166.1441,3.2,,CSN,CSN_27210
,-23.883895,-67.359104,184.453,3.4,,CSN,CSN_27211
,-24.170457,-67.384303,206.9092,3.5,,CSN,CSN_27212
,-24.03982,-67.159083,222.5283,3.6,,CSN,CSN_27213
,-24.183111,-67.326475,196.3888,4.6,,CSN,CSN_27214
,-23.972429,-67.288504,222.6062,3.7,,CSN,CSN_27215
,-24.022575,-67.333618,216.0391,3.1,,CSN,CSN_27216
,-24.107735,-67.382061,209.8734,3.3,,CSN,CSN_27217
,-24.005586,-67.176724,225.3556,4.0,,CSN,CSN_27218
,-24.086411,-67.200371,215.3475,4.1,,CSN,CSN_27219
,-24.331813,-67.456103,199.3346,3.9,,CSN,CSN_27220
,-24.163733,-67.369708,194.3586,4.7,,CSN,CSN_27221
,-23.908249,-67.082701,229.4562,3.5,,CSN,CSN_27222
,-23.892035,-67.13107,220.7961,3.6,,CSN,CSN_27223
,-23.983996,-67.14611,221.039,3.7,,CSN,CSN_27224
,-24.127297,-67.476127,205.4706,3.6,,CSN,CSN_27225
,-24.092081,-67.406458,204.133,5.0,,CSN,CSN_27226
,-24.109951,-67.265438,224.2533,3.8,,CSN,CSN_27227
,-24.069085,-67.422431,206.4538,4.3,,CSN,CSN_27228
,-24.011168,-67.182636,217.065,3.8,,CSN,CSN_27229
,-24.214944,-67.601068,219.262,3.3,,CSN,CSN_27230
,-24.062303,-67.163001,218.5537,3.4,,CSN,CSN_27231
,-24.150051,-67.338714,203.6063,4.0,,CSN,CSN_27232
,-23.927448,-67.35137,211.7554,3.4,,CSN,CSN_27233
,-23.881471,-67.156158,216.85,4.0,,CSN,CSN_27234
,-24.222638,-67.162776,193.9675,4.6,,CSN,CSN_27235
,-23.842775,-67.065448,232.8169,4.3,,CSN,CSN_27236
,-24.220146,-67.467085,187.165,4.5,,CSN,CSN_27237
,-23.864387,-67.119951,230.6492,3.8,,CSN,CSN_27238
,-23.828703,-67.149969,232.4839,4.0,,CSN,CSN_27239
,-24.092057,-67.223818,203.0349,3.9,,CSN,CSN_27240
,-23.912547,-67.1704,228.6322,3.8,,CSN,CSN_27241
,-24.17131,-67.336101,191.9849,4.3,,CSN,CSN_27242
,-23.991662,-67.213256,228.1432,3.3,,CSN,CSN_27243
,-24.264406,-67.432008,184.6137,3.7,,CSN,CSN_27244
,-23.967209,-67.149979,232.2317,3.5,,CSN,CSN_27245
,-24.128406,-67.391694,188.7939,3.4,,CSN,CSN_27246
,-23.912966,-67.242277,216.3813,4.7,,CSN,CSN_27247
,-24.03003,-67.107876,223.3554,4.5,,CSN,CSN_27248
,-24.159393,-67.278103,216.5286,3.1,,CSN,CSN_27249
,-23.898726,-67.047344,231.4211,3.6,,CSN,CSN_27250
,-24.124457,-67.413587,205.1964,3.0,,CSN,CSN_27251
,-24.138456,-67.37069,195.4068,3.5,,CSN,CSN_27252
,-23.993281,-67.122467,221.5468,3.7,,CSN,CSN_27253
,-24.073286,-67.235874,216.2277,3.2,,CSN,CSN_27254
,-24.158818,-67.521452,213.4237,3.2,,CSN,CSN_27255
,-24.115563,-67.352029,189.6518,4.7,,CSN,CSN_27256
,-23.908122,-67.322576,204.5985,4.2,,CSN,CSN_27257
,-24.085842,-67.335125,206.8894,4.5,,CSN,CSN_27258
,-23.941564,-67.179934,214.1605,4.1,,CSN,CSN_27259
,-24.081211,-67.352904,207.7791,3.1,,CSN,CSN_27260
,-24.136446,-67.242658,189.2802,3.5,,CSN,CSN_27261
,-23.964752,-67.084968,226.6264,3.6,,CSN,CSN_27262
,-23.855462,-67.316774,242.2701,4.3,,CSN,CSN_27265
,-24.135551,-67.35086,189.3194,3.5,,CSN,CSN_27266
,-24.126996,-67.312215,204.7208,3.7,,CSN,CSN_27267
,-24.113765,-67.247578,214.2016,3.5,,CSN,CSN_27268
,-24.016967,-67.036576,195.4881,3.5,,CSN,CSN_27269
,-24.206513,-67.262652,195.0501,3.5,,CSN,CSN_27270
,-23.976074,-67.103885,203.7745,4.4,,CSN,CSN_27271
,-24.031476,-67.343203,210.3289,3.4,,CSN,CSN_27272
,-24.159827,-67.329653,207.6216,3.5,,CSN,CSN_27273
,-23.917985,-67.130711,214.323,3.9,,CSN,CSN_27274
,-24.203776,-67.44316,203.5466,4.6,,CSN,CSN_27275
,-24.223071,-67.41162,200.8546,3.7,,CSN,CSN_27276
,-23.921657,-66.949799,186.9086,4.4,,CSN,CSN_27277
,-24.121143,-67.191336,186.0149,3.2,,CSN,CSN_27278
,-24.249521,-67.412672,193.4805,3.7,,CSN,CSN_27279
,-24.139079,-67.149292,191.6681,3.0,,CSN,CSN_27280
,-23.978396,-67.200775,213.8511,4.4,,CSN,CSN_27281
,-24.314912,-67.420612,195.2351,4.0,,CSN,CSN_27282
,-23.933795,-67.204951,216.309,3.6,,CSN,CSN_27285
,-24.056371,-67.332558,214.7939,3.2,,CSN,CSN_27286
,-24.092724,-67.331684,184.4429,3.3,,CSN,CSN_27287
,-24.233697,-67.364706,180.3563,4.6,,CSN,CSN_27288
,-24.019498,-67.46343,199.8186,3.4,,CSN,CSN_27289
,-24.164131,-67.40065,205.9132,3.8,,CSN,CSN_27290
,-23.912081,-67.191471,220.0328,3.6,,CSN,CSN_27291
,-24.181522,-67.330685,200.6061,3.2,,CSN,CSN_27292
,-23.974901,-66.894593,195.5664,3.0,,CSN,CSN_27293
,-24.226334,-67.391776,187.4867,3.6,,CSN,CSN_27294
,-24.199231,-67.388105,201.6415,3.9,,CSN,CSN_27295
,-24.120682,-67.203951,219.9015,3.6,,CSN,CSN_27297
,-24.214043,-67.319422,193.9762,3.2,,CSN,CSN_27298
,-24.052793,-67.065385,229.0063,3.9,,CSN,CSN_27299
,-24.327213,-67.438027,205.2121,3.0,,CSN,CSN_27300
,-23.925284,-67.145403,203.8018,3.5,,CSN,CSN_27301
,-24.15135,-67.455411,198.048,3.5,,CSN,CSN_27302
,-24.10197,-67.469907,206.2417,3.8,,CSN,CSN_27303
,-23.947279,-67.141197,237.1463,4.4,,CSN,CSN_27304
,-24.015312,-67.304328,201.2476,3.0,,CSN,CSN_27305
,-24.217536,-67.538449,213.2835,3.5,,CSN,CSN_27306
,-24.018673,-67.17382,219.5262,3.4,,CSN,CSN_27307
,-24.180517,-67.420381,194.4465,3.0,,CSN,CSN_27308
,-24.046016,-67.326743,204.4883,3.0,,CSN,CSN_27310
,-24.00644,-67.359246,203.3018,4.0,,CSN,CSN_27311
,-24.131623,-67.250669,207.7889,5.0,,CSN,CSN_27312
,-23.943765,-67.2134,221.6936,4.4,,CSN,CSN_27313
,-24.153483,-67.41012,191.8625,4.4,,CSN,CSN_27314
,-23.931187,-67.251667,181.2112,3.3,,CSN,CSN_27315
,-24.106767,-67.29148,212.9636,3.9,,CSN,CSN_27316
,-24.169489,-67.432614,196.9067,4.5,,CSN,CSN_27317
,-23.996572,-66.887856,201.2036,3.7,,CSN,CSN_27318
,-23.957491,-67.081333,196.6398,3.2,,CSN,CSN_27319
,-24.155856,-67.410262,201.0799,3.0,,CSN,CSN_27320
,-24.203828,-67.41402,205.4582,3.0,,CSN,CSN_27321
,-23.871031,-67.185973,234.9769,3.8,,CSN,CSN_27323
,-24.018012,-67.006551,218.5411,3.4,,CSN,CSN_27324
,-24.172915,-67.550846,217.2423,3.0,,CSN,CSN_27325
,-23.949241,-67.061669,220.8491,4.1,,CSN,CSN_27326
,-24.179032,-67.30293,198.6963,3.8,,CSN,CSN_27327
,-23.787801,-67.360814,206.9687,4.7,,CSN,CSN_27328
,-24.110449,-67.216688,203.0306,3.2,,CSN,CSN_27329
,-23.747084,-67.139341,231.2744,3.2,,CSN,CSN_27330
,-24.224081,-67.367859,198.806,4.1,,CSN,CSN_27331
,-23.789678,-67.092124,204.7412,3.0,,CSN,CSN_27332
,-24.09449,-67.272338,194.3179,3.4,,CSN,CSN_27333
,-24.090056,-67.123572,201.5573,3.6,,CSN,CSN_27334
,-24.086088,-67.157173,190.7036,4.0,,CSN,CSN_27335
,-24.070325,-67.29486,214.7072,3.2,,CSN,CSN_27336
,-24.222576,-67.496043,192.0436,4.0,,CSN,CSN_27337
,-23.841858,-67.037828,233.9908,3.5,,CSN,CSN_27338
,-24.074684,-67.218673,231.4802,4.0,,CSN,CSN_27340
,-24.054623,-67.412865,208.2539,4.0,,CSN,CSN_27341
,-23.83928,-67.269785,236.9123,3.6,,CSN,CSN_27342
,-24.199051,-67.468808,194.9596,3.6,,CSN,CSN_27343
,-24.319718,-67.367764,181.3823,4.5,,CSN,CSN_27344
,-24.194439,-67.433191,193.598,3.3,,CSN,CSN_27345
,-24.023191,-67.412679,205.8731,4.5,,CSN,CSN_27346
,-24.143374,-67.260637,205.0605,3.8,,CSN,CSN_27347
,-24.100981,-67.356109,198.2719,4.6,,CSN,CSN_27348
,-24.26239,-67.452026,200.987,3.2,,CSN,CSN_27349
,-23.945164,-67.349685,218.2857,3.4,,CSN,CSN_27350
,-23.970591,-66.883709,191.3901,4.0,,CSN,CSN_27351
,-24.036252,-67.143512,164.9711,3.3,,CSN,CSN_27352
,-24.195831,-67.236232,182.1204,3.5,,CSN,CSN_27353
,-24.186178,-67.128612,191.9894,4.3,,CSN,CSN_27354
,-24.178697,-67.218182,205.3108,3.4,,CSN,CSN_27355
,-24.137065,-67.298045,211.9143,4.3,,CSN,CSN_27356
,-24.342213,-67.525502,208.23,4.0,,CSN,CSN_27357
,-24.121303,-67.356756,202.6345,4.0,,CSN,CSN_27358
,-24.061509,-67.024524,176.8391,3.7,,CSN,CSN_27359
,-23.899126,-67.271225,232.992,3.4,,CSN,CSN_27361
,-24.134746,-67.205672,202.4766,3.7,,CSN,CSN_27362
,-23.818919,-66.872307,224.9465,4.6,,CSN,CSN_27363
,-24.100627,-67.617567,229.8124,3.2,,CSN,CSN_27364
,-24.053637,-67.041389,222.7407,3.8,,CSN,CSN_27365
,-24.11376,-67.253488,193.9052,4.0,,CSN,CSN_27366
,-23.846653,-67.102766,232.9654,3.3,,CSN,CSN_27368
,-24.103803,-67.419463,210.6028,3.2,,CSN,CSN_27369
,-24.207972,-67.551059,213.158,3.0,,CSN,CSN_27370
,-24.185211,-67.420889,181.8195,3.1,,CSN,CSN_27371
,-24.310999,-67.341123,185.5887,3.0,,CSN,CSN_27372
,-24.003927,-67.396845,205.3237,3.0,,CSN,CSN_27373
,-23.90733,-67.103521,223.3223,4.5,,CSN,CSN_27377
,-24.302265,-67.491444,199.6338,3.7,,CSN,CSN_27378
,-24.138843,-67.501306,188.0684,3.2,,CSN,CSN_27379
,-24.052306,-67.225663,219.5359,4.5,,CSN,CSN_27381
,-23.804584,-67.076438,250.0016,3.5,,CSN,CSN_27384
,-24.100508,-67.085442,200.7249,3.6,,CSN,CSN_27385
,-24.190583,-67.178082,196.0497,3.4,,CSN,CSN_27386
,-24.055117,-67.442616,225.3362,3.7,,CSN,CSN_27390
,-23.921122,-67.4009,232.4648,3.6,,CSN,CSN_27391
,-23.991087,-67.295238,195.8838,3.3,,CSN,CSN_27392
,-23.939474,-66.960359,219.1589,3.3,,CSN,CSN_27393
,-24.059204,-67.410087,204.0254,3.5,,CSN,CSN_27394
,-24.185121,-67.450759,199.4268,3.6,,CSN,CSN_27395
,-24.016214,-66.890362,198.6976,3.6,,CSN,CSN_27396
,-24.212262,-67.264937,190.894,3.0,,CSN,CSN_27397
,-23.912909,-67.076534,213.0635,3.7,,CSN,CSN_27398
,-24.000352,-67.115483,217.7575,4.3,,CSN,CSN_27399
,-24.086683,-67.306206,191.6384,3.3,,CSN,CSN_27400
,-24.050711,-67.524554,191.3773,4.0,,CSN,CSN_27401
,-23.888726,-67.136423,211.4807,3.9,,CSN,CSN_27402
,-24.003889,-67.214014,220.0159,4.0,,CSN,CSN_27403
,-23.917343,-67.362308,211.2823,3.6,,CSN,CSN_27406
,-24.017228,-67.300261,229.5366,3.0,,CSN,CSN_27409
,-24.140076,-67.306799,203.7074,3.3,,CSN,CSN_27411
,-24.11664,-67.329216,198.469,3.3,,CSN,CSN_27412
,-24.173731,-67.351125,191.9715,3.2,,CSN,CSN_27413
,-23.961919,-67.258944,230.5543,3.6,,CSN,CSN_27415
,-24.167413,-67.238117,193.8993,3.0,,CSN,CSN_27416
,-24.147779,-67.263452,209.996,3.2,,CSN,CSN_27417
,-23.929498,-67.181583,226.8442,4.1,,CSN,CSN_27418
,-23.844981,-66.998383,219.3122,3.4,,CSN,CSN_27419
,-23.939914,-67.266296,220.3472,3.1,,CSN,CSN_27420
,-24.056586,-67.278074,217.8422,3.1,,CSN,CSN_27423
,-23.891509,-67.214117,231.1691,3.1,,CSN,CSN_27424
,-24.17087,-67.39973,200.5803,3.9,,CSN,CSN_27425
,-24.097487,-67.465221,204.0265,3.1,,CSN,CSN_27426
,-24.263998,-67.397614,176.9636,3.0,,CSN,CSN_27427
,-23.691633,-67.016945,174.8519,3.0,,CSN,CSN_27428
,-23.95211,-67.199299,228.4042,3.4,,CSN,CSN_27429
,-24.159683,-67.393939,197.8949,4.3,,CSN,CSN_27430
,-24.241222,-67.394799,199.7984,3.0,,CSN,CSN_27431
,-23.886411,-67.357372,219.8293,4.4,,CSN,CSN_27432
,-24.150232,-67.538133,210.7285,3.1,,CSN,CSN_27433
,-24.130659,-67.424315,185.8672,3.3,,CSN,CSN_27434
,-24.074566,-67.250466,216.5697,3.0,,CSN,CSN_27435
,-23.993798,-67.264696,222.0555,3.8,,CSN,CSN_27436
,-23.900854,-67.268553,228.4016,3.0,,CSN,CSN_27437
,-24.245924,-67.354693,194.7335,5.0,,CSN,CSN_27438
,-24.170415,-67.393882,197.7111,4.8,,CSN,CSN_27439
,-24.137103,-67.410842,200.0047,3.9,,CSN,CSN_27440
,-24.151814,-67.413229,205.6155,3.5,,CSN,CSN_27441
,-24.221896,-67.458057,198.0386,3.9,,CSN,CSN_27442
,-24.078157,-67.476563,205.2511,3.5,,CSN,CSN_27443
,-24.180911,-67.5859,206.406,3.4,,CSN,CSN_27444
,-23.886866,-67.220604,206.5006,4.4,,CSN,CSN_27445
,-23.99243,-67.337623,213.1337,3.5,,CSN,CSN_27446
,-24.079925,-67.16472,184.2471,3.3,,CSN,CSN_27447
,-24.027865,-67.336738,195.1494,3.0,,CSN,CSN_27448
,-24.152106,-67.38759,217.2623,4.2,,CSN,CSN_27449
,-24.163649,-67.251911,206.9534,4.3,,CSN,CSN_27451
,-24.161648,-67.440396,202.4213,4.3,,CSN,CSN_27452
,-24.145769,-67.438863,224.4135,3.4,,CSN,CSN_27453
,-24.040361,-67.430696,187.5368,4.0,,CSN,CSN_27454
,-24.024515,-66.819219,182.7496,4.5,,CSN,CSN_27455
,-24.041175,-67.232643,169.3061,4.0,,CSN,CSN_27456
,-23.973874,-67.089461,206.1524,4.0,,CSN,CSN_27457
,-23.879015,-67.182268,230.1286,3.4,,CSN,CSN_27459
,-24.140287,-67.286272,208.0071,3.9,,CSN,CSN_27461
,-24.193931,-67.60289,204.8088,3.3,,CSN,CSN_27462
,-24.155235,-67.308962,184.7035,3.2,,CSN,CSN_27464
,-24.026997,-67.375303,207.0313,3.9,,CSN,CSN_27465
,-24.065115,-67.385465,221.1704,3.8,,CSN,CSN_27467
,-24.174844,-67.457095,204.7798,3.1,,CSN,CSN_27469
,-24.031045,-67.235272,198.0822,3.0,,CSN,CSN_27470
,-23.847754,-67.276587,244.0514,3.3,,CSN,CSN_27471
,-24.203738,-67.519864,195.2985,3.2,,CSN,CSN_27472
,-24.078371,-67.330786,205.5147,4.0,,CSN,CSN_27473
,-24.149588,-67.513827,203.3204,3.8,,CSN,CSN_27474
,-23.987713,-67.211785,222.6524,4.1,,CSN,CSN_27475
,-24.151601,-67.526183,207.5275,3.3,,CSN,CSN_27476
,-24.080899,-67.455081,196.6966,3.7,,CSN,CSN_27477
,-24.223944,-67.350896,168.4874,3.0,,CSN,CSN_27478
,-24.061651,-67.4256,196.0367,3.7,,CSN,CSN_27479
,-23.920879,-66.928628,203.7676,3.4,,CSN,CSN_27480
,-24.177819,-67.452539,189.4299,4.2,,CSN,CSN_27481
,-24.208629,-67.437124,197.7795,3.5,,CSN,CSN_27483
,-23.981878,-67.103835,228.6165,4.8,,CSN,CSN_27484
,-24.115274,-67.268092,203.7687,4.3,,CSN,CSN_27486
,-24.089433,-67.351199,209.9517,3.6,,CSN,CSN_27488
,-24.010184,-67.372889,209.3191,3.3,,CSN,CSN_27489
,-23.99025,-67.308463,219.4232,3.5,,CSN,CSN_27490
,-24.182763,-67.380328,195.6489,4.8,,CSN,CSN_27491
,-23.862542,-67.341304,207.6171,4.0,,CSN,CSN_27492
,-24.165725,-67.415938,199.2887,4.5,,CSN,CSN_27493
,-24.188369,-67.369418,193.617,5.1,,CSN,CSN_27494
,-24.094708,-67.261627,198.5002,3.7,,CSN,CSN_27495
,-23.900605,-67.217775,230.0651,3.5,,CSN,CSN_27496
,-23.951884,-67.143794,231.1352,4.0,,CSN,CSN_27497
,-23.997037,-67.353292,205.3537,3.8,,CSN,CSN_27498
,-24.146654,-67.242552,208.481,3.5,,CSN,CSN_27499
,-24.110031,-67.436662,155.5369,3.1,,CSN,CSN_27500
,-24.165929,-67.284042,202.6354,3.5,,CSN,CSN_27502
,-23.998819,-67.262411,179.9241,3.4,,CSN,CSN_27503
,-24.107903,-67.413168,202.3988,3.1,,CSN,CSN_27504
,-24.102857,-67.160508,177.0934,3.0,,CSN,CSN_27505
,-24.165474,-67.503012,204.2069,4.2,,CSN,CSN_27507
,-23.902082,-67.218707,220.2247,3.3,,CSN,CSN_27508
,-23.871301,-67.069284,213.9241,4.0,,CSN,CSN_27509
,-24.161236,-67.282197,208.331,3.6,,CSN,CSN_27510
,-24.186127,-67.315937,196.3779,3.9,,CSN,CSN_27511
,-23.989376,-66.955054,204.3062,3.5,,CSN,CSN_27512
,-24.002782,-67.268293,196.6696,3.8,,CSN,CSN_27513
,-24.125541,-67.305829,193.4275,3.4,,CSN,CSN_27514
,-24.02789,-67.344933,184.2478,3.9,,CSN,CSN_27515
,-24.081059,-67.238265,215.051,4.3,,CSN,CSN_27516
,-24.208798,-67.479264,200.2174,3.5,,CSN,CSN_27517
,-24.115258,-67.253743,222.1048,3.5,,CSN,CSN_27518
,-24.169266,-67.384157,197.8308,3.0,,CSN,CSN_27519
,-24.051113,-67.153528,196.7815,3.3,,CSN,CSN_27520
,-23.986701,-67.093255,205.9573,3.1,,CSN,CSN_27521
,-23.957172,-67.094394,213.7024,3.5,,CSN,CSN_27522
,-24.057514,-67.08565,206.3498,3.7,,CSN,CSN_27523
,-24.24876,-67.470801,199.0665,3.5,,CSN,CSN_27524
,-24.12083,-67.448512,195.3105,3.0,,CSN,CSN_27525
,-24.281713,-67.372518,200.7276,3.8,,CSN,CSN_27526
,-23.965016,-67.381419,249.1564,3.7,,CSN,CSN_27527
,-23.978852,-67.451264,206.9537,3.7,,CSN,CSN_27528
,-23.937698,-67.128679,229.2446,3.9,,CSN,CSN_27529
,-24.068391,-67.282281,210.6765,4.1,,CSN,CSN_27530
,-24.102245,-67.263267,187.9243,3.9,,CSN,CSN_27531
,-24.100109,-67.174624,211.0841,3.5,,CSN,CSN_27532
,-24.114888,-67.259899,194.1276,3.5,,CSN,CSN_27533
,-24.014653,-67.068194,216.7737,4.3,,CSN,CSN_27534
,-23.766274,-67.047013,222.2839,3.0,,CSN,CSN_27535
,-24.061031,-67.402567,202.6201,3.7,,CSN,CSN_27536
,-24.088738,-67.147405,219.6466,3.7,,CSN,CSN_27537
,-23.912037,-67.257799,190.2663,3.0,,CSN,CSN_27541
,-24.127319,-67.207753,157.5941,3.0,,CSN,CSN_27543
,-24.158891,-67.19995,192.9706,3.1,,CSN,CSN_27544
,-24.176116,-67.56457,203.293,3.5,,CSN,CSN_27545
,-24.151998,-67.467726,191.9385,3.5,,CSN,CSN_27546
,-24.079989,-67.090914,145.2328,3.5,,CSN,CSN_27547
,-24.169777,-67.215253,196.9401,3.3,,CSN,CSN_27548
,-24.013051,-67.180349,217.41,4.1,,CSN,CSN_27549
,-24.154879,-67.426012,183.3591,3.5,,CSN,CSN_27550
,-24.155769,-67.50292,209.4934,3.1,,CSN,CSN_27551
,-23.969751,-67.074589,230.7278,3.4,,CSN,CSN_27552
,-24.054283,-67.255235,227.7705,3.6,,CSN,CSN_27553
,-24.016896,-67.068726,210.1103,3.9,,CSN,CSN_27554
,-24.118123,-67.05313,203.3107,3.5,,CSN,CSN_27555
,-23.987853,-67.20951,230.2997,4.0,,CSN,CSN_27556
,-24.024974,-67.317638,196.1241,3.5,,CSN,CSN_27557
,-24.013335,-67.444879,203.3913,3.2,,CSN,CSN_27558
,-24.164006,-67.380534,205.2879,3.6,,CSN,CSN_27559
,-23.958378,-67.283278,201.8785,3.4,,CSN,CSN_27560
,-24.153458,-67.417809,198.6251,4.0,,CSN,CSN_27561
,-24.187839,-67.660884,211.0252,3.0,,CSN,CSN_27562
,-23.918235,-67.113706,222.6447,4.6,,CSN,CSN_27565
,-23.994134,-67.338648,241.6395,3.0,,CSN,CSN_27566
,-23.841561,-67.275215,237.2202,3.1,,CSN,CSN_27567
,-24.146606,-67.529996,209.247,3.6,,CSN,CSN_27570
,-23.915515,-67.145151,211.1588,3.7,,CSN,CSN_27571
,-24.101457,-67.340268,191.9381,3.2,,CSN,CSN_27572
,-24.208827,-67.406526,197.5618,3.6,,CSN,CSN_27573
,-23.998699,-67.233107,202.518,3.7,,CSN,CSN_27576
,-24.121733,-67.491968,198.0976,3.4,,CSN,CSN_27577
,-24.115801,-67.431046,211.9772,3.5,,CSN,CSN_27578
,-24.031397,-67.2864,196.1207,3.0,,CSN,CSN_27580
,-23.841165,-67.013189,232.6274,4.1,,CSN,CSN_27582
,-23.939367,-67.316883,224.0333,3.2,,CSN,CSN_27586
,-23.871604,-67.001954,218.0372,3.8,,CSN,CSN_27587
,-23.821122,-66.86176,214.3277,3.7,,CSN,CSN_27588
,-24.172511,-67.297349,203.6002,3.4,,CSN,CSN_27589
,-24.151526,-67.231643,193.9604,4.0,,CSN,CSN_27590
,-23.881702,-67.169493,229.1869,3.6,,CSN,CSN_27591
,-24.294613,-67.548203,200.757,4.0,,CSN,CSN_27592
,-24.181188,-67.350298,201.4036,4.1,,CSN,CSN_27593
,-24.154857,-67.335717,207.386,3.4,,CSN,CSN_27594
,-24.164518,-67.353673,198.6294,3.2,,CSN,CSN_27597
,-23.880496,-67.019891,215.2802,3.0,,CSN,CSN_27599
,-24.011338,-66.985527,202.3401,3.6,,CSN,CSN_27600
,-24.211935,-67.550281,196.5573,4.2,,CSN,CSN_27601
,-24.03318,-67.409426,187.0805,3.3,,CSN,CSN_27602
,-24.069401,-67.097922,226.7601,4.1,,CSN,CSN_27605
,-24.236345,-67.32568,188.006,3.7,,CSN,CSN_27606
,-24.042767,-67.510317,213.1921,3.4,,CSN,CSN_27607
,-24.011677,-67.27878,196.472,3.8,,CSN,CSN_27608
,-24.14524,-67.266991,200.8117,3.7,,CSN,CSN_27609
,-23.839784,-66.98195,243.0441,3.6,,CSN,CSN_27610
,-23.967207,-67.121184,214.1612,3.4,,CSN,CSN_27611
,-23.965054,-67.330105,209.0351,3.2,,CSN,CSN_27612
,-24.178472,-67.5791,217.8248,3.7,,CSN,CSN_27613
,-24.095919,-67.464441,203.7793,3.9,,CSN,CSN_27615
,-24.11376,-67.210968,160.9367,3.6,,CSN,CSN_27616
,-24.094202,-67.227086,190.7035,3.8,,CSN,CSN_27617
,-24.130193,-67.430878,203.8569,3.7,,CSN,CSN_27618
,-24.099763,-67.388438,192.6852,3.4,,CSN,CSN_27620
,-23.937974,-67.062887,231.1717,3.2,,CSN,CSN_27621
,-23.867031,-66.838404,194.9351,4.0,,CSN,CSN_27625
,-23.844679,-67.020623,239.3746,4.0,,CSN,CSN_27626
,-23.826658,-67.135681,230.4439,3.5,,CSN,CSN_27628
,-23.971412,-66.972469,224.6074,4.9,,CSN,CSN_27629
,-23.921062,-67.067905,232.3331,4.5,,CSN,CSN_27630
,-24.093527,-67.078461,200.4279,3.5,,CSN,CSN_27631
,-24.154468,-67.395753,193.9933,4.2,,CSN,CSN_27638
,-23.966545,-67.303145,227.047,3.9,,CSN,CSN_27639
,-24.210921,-67.357209,179.5581,3.3,,CSN,CSN_27640
,-24.241062,-67.215224,195.3767,4.4,,CSN,CSN_27641
,-24.126976,-67.117817,183.5424,3.4,,CSN,CSN_27643
,-23.689071,-67.033111,217.8902,4.1,,CSN,CSN_27644
,-24.092045,-67.416407,190.5489,4.2,,CSN,CSN_27646
,-24.109549,-67.294489,175.1958,3.1,,CSN,CSN_27647
,-24.23532,-67.385352,197.5478,3.6,,CSN,CSN_27648
,-23.928005,-67.166925,217.4531,3.7,,CSN,CSN_27649
,-24.098668,-67.39628,204.1232,3.2,,CSN,CSN_27650
,-23.939149,-66.980149,205.1077,4.7,,CSN,CSN_27651
,-24.016833,-67.259758,231.2376,3.8,,CSN,CSN_27653
,-23.960478,-67.372784,203.1572,3.4,,CSN,CSN_27655
,-23.9998,-67.142057,228.5992,4.0,,CSN,CSN_27656
,-24.111405,-67.274116,208.4573,3.9,,CSN,CSN_27657
,-24.066498,-67.363779,213.5168,3.6,,CSN,CSN_27658
,-24.1177,-67.333487,219.6374,3.2,,CSN,CSN_27659
,-23.979262,-67.252928,200.807,3.5,,CSN,CSN_27660
,-24.1033,-67.465749,201.9849,4.2,,CSN,CSN_27663
,-24.000587,-67.194714,227.612,3.1,,CSN,CSN_27664
,-23.821555,-67.055113,234.4389,3.0,,CSN,CSN_27665
,-23.954404,-67.245675,219.2842,3.7,,CSN,CSN_27667
,-24.23319,-67.472693,186.0715,3.5,,CSN,CSN_27668
,-24.205918,-67.321079,165.8925,3.1,,CSN,CSN_27675
,-24.080222,-67.360815,201.7008,3.1,,CSN,CSN_27677
,-24.099849,-67.179083,177.84,4.2,,CSN,CSN_27678
,-23.853302,-67.182059,174.1125,3.3,,CSN,CSN_27679
,-24.177064,-67.516237,207.3913,3.5,,CSN,CSN_27680
,-23.831687,-67.166638,227.7235,3.6,,CSN,CSN_27681
,-23.930444,-67.062495,205.582,3.2,,CSN,CSN_27682
,-23.757379,-66.948111,211.0084,3.6,,CSN,CSN_27685
,-23.972241,-67.213156,220.6876,3.8,,CSN,CSN_27686
,-23.956594,-67.238634,223.3721,4.2,,CSN,CSN_27687
,-24.191839,-67.173834,173.6975,3.0,,CSN,CSN_27688
,-24.071726,-67.1111,165.493,4.0,,CSN,CSN_27690
,-24.074937,-67.160867,206.5165,3.0,,CSN,CSN_27692
,-23.99948,-67.019847,206.9136,4.0,,CSN,CSN_27693
,-23.920954,-67.18602,218.8785,4.1,,CSN,CSN_27694
,-24.052205,-67.016705,169.3787,4.2,,CSN,CSN_27695
,-24.28307,-67.111509,142.9138,4.7,,CSN,CSN_27696
,-24.135135,-67.326443,187.6571,3.2,,CSN,CSN_27697
,-23.774986,-67.038028,225.2353,3.1,,CSN,CSN_27699
,-24.088867,-67.310173,214.4698,3.5,,CSN,CSN_27700
,-24.309532,-67.201616,183.8293,3.2,,CSN,CSN_27701
,-23.893828,-67.17399,233.7897,3.9,,CSN,CSN_27704
,-24.234365,-67.141099,176.8558,3.0,,CSN,CSN_27705
,-24.278052,-67.349089,208.1693,4.2,,CSN,CSN_27706
,-23.969072,-67.338875,220.1883,3.0,,CSN,CSN_27707
,-24.010329,-67.092877,224.8347,3.4,,CSN,CSN_27708
,-24.205819,-67.347655,202.7417,3.5,,CSN,CSN_27709
,-24.079153,-67.1032,211.8984,3.2,,CSN,CSN_27710
,-24.12954,-67.452999,211.328,3.1,,CSN,CSN_27711
,-23.983651,-67.524142,182.6102,3.0,,CSN,CSN_27713
,-24.058787,-66.95967,208.0464,3.2,,CSN,CSN_27714
,-24.175103,-67.452815,190.9759,3.1,,CSN,CSN_27718
,-24.205979,-67.376245,185.598,3.9,,CSN,CSN_27722
,-24.135066,-67.38287,194.6409,3.0,,CSN,CSN_27723
,-24.112835,-67.372485,218.7218,5.0,,CSN,CSN_27724
,-24.160275,-67.110371,184.0549,3.4,,CSN,CSN_27725
,-24.03102,-67.249794,221.9288,3.6,,CSN,CSN_27726
,-24.002053,-67.121241,185.773,3.6,,CSN,CSN_27727
,-23.883808,-67.064261,209.4194,3.5,,CSN,CSN_27728
,-24.084362,-67.231672,183.6857,3.3,,CSN,CSN_27729
,-24.142411,-67.311849,208.6078,3.5,,CSN,CSN_27730
,-23.937769,-67.508738,224.3664,3.7,,CSN,CSN_27731
,-24.080124,-66.929391,205.5482,4.0,,CSN,CSN_27732
,-24.066425,-67.199552,215.9669,3.0,,CSN,CSN_27733
,-24.092166,-67.232211,201.4219,3.1,,CSN,CSN_27734
,-24.019872,-67.470594,185.8305,4.2,,CSN,CSN_27735
,-24.213673,-67.38978,183.1033,3.3,,CSN,CSN_27737
,-24.008033,-67.241171,227.23,3.9,,CSN,CSN_27739
,-23.894597,-66.96338,203.0311,3.9,,CSN,CSN_27741
,-23.819548,-67.305179,244.467,3.4,,CSN,CSN_27742
,-23.982461,-67.306255,190.462,3.0,,CSN,CSN_27743
,-24.019061,-67.158054,203.1913,3.0,,CSN,CSN_27745
,-24.154187,-67.483469,198.8339,4.0,,CSN,CSN_27746
,-23.980931,-67.096619,209.4237,4.2,,CSN,CSN_27747
,-24.192377,-67.421378,197.0187,3.4,,CSN,CSN_27748
,-23.954817,-67.193743,220.6317,3.4,,CSN,CSN_27749
,-23.89474,-66.934995,213.7179,3.2,,CSN,CSN_27754
,-23.918449,-66.974309,201.0984,3.0,,CSN,CSN_27756
,-24.185708,-67.421402,195.2101,3.5,,CSN,CSN_27757
,-24.007492,-67.542898,170.6328,3.0,,CSN,CSN_27761
,-24.01217,-67.275793,213.5,3.3,,CSN,CSN_27762
,-24.02484,-67.131157,238.4914,4.1,,CSN,CSN_27763
,-24.035771,-67.605174,173.4508,3.3,,CSN,CSN_27764
,-23.764106,-66.978007,178.6187,3.7,,CSN,CSN_27765
,-24.127306,-67.118752,200.5292,3.6,,CSN,CSN_27766
,-24.01035,-67.177657,220.5291,3.8,,CSN,CSN_27767
,-24.086696,-67.112502,185.7228,4.4,,CSN,CSN_27768
,-24.163144,-67.415634,186.8595,3.6,,CSN,CSN_27769
,-24.174098,-67.392771,195.7338,3.0,,CSN,CSN_27770
,-23.977686,-67.113665,211.0049,4.4,,CSN,CSN_27771
,-24.109646,-67.278386,211.4878,3.5,,CSN,CSN_27776
,-24.111509,-67.037345,148.9354,4.0,,CSN,CSN_27777
,-24.227834,-67.348154,200.2669,3.5,,CSN,CSN_27778
,-24.05846,-67.440048,141.8033,3.0,,CSN,CSN_27779
,-24.118859,-67.307773,200.3657,4.2,,CSN,CSN_27782
,-24.128677,-67.381868,203.1499,3.4,,CSN,CSN_27784
,-24.216629,-67.332362,179.1607,3.8,,CSN,CSN_27785
,-23.99648,-67.509244,204.9226,3.3,,CSN,CSN_27786
,-24.233301,-67.196434,161.7707,3.0,,CSN,CSN_27787
,-24.101322,-67.235046,202.9412,3.2,,CSN,CSN_27788
,-23.819398,-66.921925,205.9993,5.0,,CSN,CSN_27790
,-24.072718,-67.521639,203.2494,3.4,,CSN,CSN_27793
,-23.892053,-66.9993,217.1861,3.1,,CSN,CSN_27795
,-24.043859,-66.95537,207.0904,3.6,,CSN,CSN_27796
,-24.252812,-67.361056,186.6341,5.8,,CSN,CSN_27797
,-24.003017,-67.289327,197.1009,3.5,,CSN,CSN_27798
,-24.096806,-67.350626,201.678,3.4,,CSN,CSN_27799
,-24.10494,-67.494329,213.7402,3.6,,CSN,CSN_27800
,-24.119389,-67.293691,199.5274,4.7,,CSN,CSN_27801
,-24.33883,-67.371424,168.1782,4.0,,CSN,CSN_27802
,-24.262118,-67.498999,179.3231,3.0,,CSN,CSN_27804
,-23.81687,-67.015851,226.933,3.6,,CSN,CSN_27805
,-24.180382,-67.374557,200.711,3.3,,CSN,CSN_27806
,-24.072789,-67.232146,208.9539,4.2,,CSN,CSN_27807
,-23.858535,-66.968685,219.1731,3.9,,CSN,CSN_27809
,-24.233292,-67.313997,210.1578,4.0,,CSN,CSN_27810
,-24.097575,-67.284637,175.057,3.8,,CSN,CSN_27811
,-24.075061,-67.436352,206.4901,3.5,,CSN,CSN_27812
,-24.224634,-67.385242,188.1403,4.2,,CSN,CSN_27813
,-23.883597,-67.009153,216.7669,3.7,,CSN,CSN_27814
,-24.236048,-67.388165,203.8153,4.1,,CSN,CSN_27815
,-24.225991,-67.373822,186.123,4.2,,CSN,CSN_27816
,-23.885884,-67.081692,230.7969,4.4,,CSN,CSN_27818
,-23.856419,-67.314674,175.5958,3.4,,CSN,CSN_27820
,-24.031521,-67.16868,217.6506,3.5,,CSN,CSN_27821
,-24.231089,-67.305773,179.3674,3.0,,CSN,CSN_27823
,-24.165711,-67.40723,196.515,3.1,,CSN,CSN_27825
,-24.066479,-67.504288,212.5304,3.8,,CSN,CSN_27826
,-24.17627,-67.250673,192.7015,3.2,,CSN,CSN_27827
,-23.906757,-66.873426,209.7741,3.4,,CSN,CSN_27828
,-23.95409,-67.033757,209.5762,3.8,,CSN,CSN_27829
,-24.075553,-67.240312,215.855,3.1,,CSN,CSN_27830
,-24.052873,-67.197189,212.2034,3.1,,CSN,CSN_27831
,-24.046382,-67.230849,142.645,3.3,,CSN,CSN_27832
,-23.903522,-67.024978,175.6197,3.2,,CSN,CSN_27834
,-24.174397,-67.339286,208.249,3.8,,CSN,CSN_27835
,-23.937147,-67.07173,210.3694,3.6,,CSN,CSN_27837
,-24.04011,-67.218963,178.724,3.4,,CSN,CSN_27838
,-24.265549,-67.219018,180.5881,3.6,,CSN,CSN_27839
,-24.242144,-67.360614,210.6962,3.7,,CSN,CSN_27840
,-24.194937,-67.247799,178.5241,3.2,,CSN,CSN_27841
,-23.985394,-67.303338,223.9395,3.3,,CSN,CSN_27842
,-24.13324,-66.995523,186.954,3.5,,CSN,CSN_27843
,-23.906841,-67.138275,222.6318,3.3,,CSN,CSN_27844
,-23.911186,-67.12455,235.2411,4.1,,CSN,CSN_27846
,-24.19789,-67.216551,197.4544,3.4,,CSN,CSN_27847
,-24.207384,-67.440985,190.3339,3.8,,CSN,CSN_27849
,-24.198146,-67.422616,187.5808,3.4,,CSN,CSN_27850
,-24.252987,-67.335862,194.4996,4.4,,CSN,CSN_27851
,-24.00892,-67.332017,186.4648,3.5,,CSN,CSN_27852
,-24.150108,-67.441454,205.1388,3.7,,CSN,CSN_27853
,-24.245605,-67.369119,200.0253,3.9,,CSN,CSN_27854
,-24.048719,-67.132215,217.571,3.8,,CSN,CSN_27855
,-24.138312,-67.423355,194.8129,3.2,,CSN,CSN_27856
,-24.010641,-67.107501,187.7913,4.0,,CSN,CSN_27857
,-24.17636,-67.666371,214.2094,3.1,,CSN,CSN_27858
,-24.132598,-67.371653,184.5851,3.2,,CSN,CSN_27859
,-24.087001,-67.194837,175.529,3.3,,CSN,CSN_27860
,-23.99713,-67.131342,213.5045,4.1,,CSN,CSN_27861
,-24.180561,-67.333148,173.4686,3.8,,CSN,CSN_27862
,-23.911084,-66.860785,194.6965,4.0,,CSN,CSN_27863
,-23.91673,-67.000913,210.2139,4.2,,CSN,CSN_27865
,-24.212491,-67.415918,193.7673,3.3,,CSN,CSN_27866
,-24.109896,-67.215623,163.267,3.4,,CSN,CSN_27867
,-24.178337,-67.44672,199.1635,3.2,,CSN,CSN_27868
,-23.872994,-67.213884,225.8357,3.8,,CSN,CSN_27869
,-24.166327,-67.438383,202.335,3.5,,CSN,CSN_27870
,-24.139394,-67.298291,219.153,3.3,,CSN,CSN_27871
,-24.16855,-67.096832,181.1514,3.5,,CSN,CSN_27873
,-24.168908,-67.037551,191.4079,4.5,,CSN,CSN_27874
,-23.691947,-67.194373,235.2453,3.5,,CSN,CSN_27876
,-24.040728,-67.412309,234.2856,3.2,,CSN,CSN_27877
,-23.892049,-67.513471,208.9521,3.5,,CSN,CSN_27878
,-24.224111,-67.353895,184.9896,3.7,,CSN,CSN_27879
,-24.072668,-67.333186,196.7275,3.3,,CSN,CSN_27880
,-24.195926,-67.223977,195.0071,3.7,,CSN,CSN_27881
,-24.112258,-67.416045,204.2067,3.0,,CSN,CSN_27882
,-24.033936,-66.896792,197.3626,3.0,,CSN,CSN_27883
,-24.16154,-67.27538,201.3455,3.4,,CSN,CSN_27884
,-23.984983,-67.436094,199.7493,3.5,,CSN,CSN_27885
,-24.088767,-67.304496,215.6875,3.9,,CSN,CSN_27886
,-24.344624,-67.473135,194.8893,3.4,,CSN,CSN_27887
,-23.893883,-67.200093,202.2246,3.9,,CSN,CSN_27888
,-23.932448,-67.139453,201.5617,3.3,,CSN,CSN_27889
,-24.008121,-67.119919,205.3816,4.1,,CSN,CSN_27890
,-24.148735,-67.330386,192.7862,4.2,,CSN,CSN_27891
,-24.209026,-67.409811,181.5665,3.4,,CSN,CSN_27892
,-23.841153,-67.1369,228.9915,3.7,,CSN,CSN_27893
,-23.991567,-67.128229,225.5809,4.2,,CSN,CSN_27894
,-23.843916,-66.966771,158.5364,3.4,,CSN,CSN_27896
,-24.116367,-67.143474,172.9617,3.5,,CSN,CSN_27897
,-24.030603,-67.445125,171.6218,3.6,,CSN,CSN_27898
,-24.105988,-67.063859,188.0436,3.3,,CSN,CSN_27899
,-23.888358,-67.073232,225.4386,4.1,,CSN,CSN_27900
,-24.089181,-67.418263,211.9471,3.8,,CSN,CSN_27901
,-24.161647,-67.356932,184.9085,4.6,,CSN,CSN_27902
,-24.194297,-67.11186,193.4594,3.7,,CSN,CSN_27903
,-24.090331,-67.442714,221.28,3.8,,CSN,CSN_27904
,-23.982354,-66.870518,199.5395,4.2,,CSN,CSN_27905
,-23.952828,-67.112139,223.533,4.2,,CSN,CSN_27906
,-24.095531,-67.054142,193.1007,3.9,,CSN,CSN_27907
,-24.119183,-67.17416,202.7782,3.9,,CSN,CSN_27908
,-24.238587,-67.270354,177.864,4.0,,CSN,CSN_27909
,-24.158646,-67.467752,198.7707,4.2,,CSN,CSN_27910
,-24.11273,-67.197099,184.4276,3.1,,CSN,CSN_27911
,-24.106,-67.260439,188.58,3.1,,CSN,CSN_27912
,-24.054426,-66.944985,211.2552,4.5,,CSN,CSN_27913
,-24.062815,-67.161878,212.8023,4.5,,CSN,CSN_27914
,-24.15331,-67.108194,195.8441,3.9,,CSN,CSN_27915
,-24.236925,-67.454174,187.5899,3.8,,CSN,CSN_27916
,-23.829034,-67.323294,206.1632,4.0,,CSN,CSN_27917
,-24.122365,-67.211075,211.6156,3.3,,CSN,CSN_27918
,-23.856328,-66.892417,187.7419,3.5,,CSN,CSN_27919
,-24.1742,-67.467595,195.0691,4.2,,CSN,CSN_27920
,-24.278034,-67.407213,189.0003,4.0,,CSN,CSN_27921
,-24.030207,-67.150062,227.6833,4.7,,CSN,CSN_27922
,-24.038127,-67.387482,200.0212,4.0,,CSN,CSN_27923
,-24.22921,-67.391897,202.4285,3.7,,CSN,CSN_27924
,-24.234011,-67.393336,192.5899,3.7,,CSN,CSN_27925
,-23.877477,-67.376106,227.5211,3.8,,CSN,CSN_27926
,-23.944638,-67.080686,212.3829,4.4,,CSN,CSN_27927
,-23.97738,-67.107679,213.4687,4.2,,CSN,CSN_27928
,-23.965404,-67.153311,202.8196,4.6,,CSN,CSN_27929
,-23.994157,-67.332777,188.4115,4.8,,CSN,CSN_27930
,-24.113372,-67.099203,193.8475,3.8,,CSN,CSN_27931
,-24.077942,-67.304055,207.0248,3.8,,CSN,CSN_27932
,-24.006495,-67.218806,167.4381,3.6,,CSN,CSN_27933
,-24.001648,-67.310703,181.2286,3.6,,CSN,CSN_27934
,-23.897239,-67.07165,226.4402,4.8,,CSN,CSN_27935
,-23.972194,-66.832299,204.5004,3.1,,CSN,CSN_27936
,-23.927308,-67.172,234.0141,3.5,,CSN,CSN_27937
,-24.188186,-67.440142,199.2519,3.7,,CSN,CSN_27938
,-24.059327,-67.371441,196.5061,3.2,,CSN,CSN_27939
,-23.993553,-67.324819,182.8631,3.2,,CSN,CSN_27940
,-23.928768,-66.992186,200.8302,3.1,,CSN,CSN_27941
,-24.201794,-67.314825,201.5169,3.8,,CSN,CSN_27942
,-24.254159,-67.425501,196.1072,3.3,,CSN,CSN_27943
,-24.099856,-67.17683,216.7984,3.2,,CSN,CSN_27944
,-24.172425,-67.316785,199.8135,3.7,,CSN,CSN_27945
,-24.152268,-67.378947,207.0006,3.3,,CSN,CSN_27946
,-24.181048,-67.456765,202.7908,4.2,,CSN,CSN_27947
,-23.864909,-67.030881,238.1005,3.7,,CSN,CSN_27948
,-24.028995,-67.295035,216.0648,4.4,,CSN,CSN_27949
,-24.22629,-67.407376,199.2863,4.4,,CSN,CSN_27950
,-23.852138,-67.010561,233.1414,4.2,,CSN,CSN_27951
,-23.741503,-66.999234,205.813,3.1,,CSN,CSN_27952
,-24.024724,-67.024701,187.0659,3.5,,CSN,CSN_27953
,-23.940935,-67.173546,225.3496,4.0,,CSN,CSN_27954
,-24.163272,-67.441933,173.4184,4.2,,CSN,CSN_27955
,-24.135881,-67.218332,177.6949,3.9,,CSN,CSN_27956
,-23.94828,-67.120359,219.4769,3.3,,CSN,CSN_27957
,-24.200365,-67.11637,190.9609,3.6,,CSN,CSN_27958
,-24.255382,-67.378577,189.5705,4.0,,CSN,CSN_27959
,-24.056079,-67.211742,188.8218,3.4,,CSN,CSN_27960
,-23.94459,-67.135606,226.629,3.8,,CSN,CSN_27961
,-24.047029,-67.210019,191.8385,3.3,,CSN,CSN_27962
,-24.186003,-67.222535,194.1492,3.8,,CSN,CSN_27963
,-24.038913,-67.411295,199.0334,3.6,,CSN,CSN_27964
,-24.219127,-67.207165,203.2858,3.9,,CSN,CSN_27965
,-24.160161,-67.487408,203.5033,3.9,,CSN,CSN_27966
,-24.052411,-67.327252,229.9245,3.3,,CSN,CSN_27967
,-24.050934,-67.314935,214.8059,3.2,,CSN,CSN_27968
,-24.15021,-67.053274,187.4557,4.0,,CSN,CSN_27969
,-23.982244,-67.356159,208.071,3.9,,CSN,CSN_27970
,-23.884868,-66.927312,196.8551,3.4,,CSN,CSN_27971
,-23.996945,-67.190284,175.767,3.4,,CSN,CSN_27972
,-24.075597,-67.126085,190.4171,4.1,,CSN,CSN_27973
,-24.14108,-67.074555,176.5398,3.4,,CSN,CSN_27974
,-24.14387,-67.161553,189.427,3.4,,CSN,CSN_27975
,-23.808928,-67.041453,183.1577,3.9,,CSN,CSN_27976
,-23.827208,-67.318893,210.0978,3.9,,CSN,CSN_27977
,-24.081914,-67.302476,181.0914,3.6,,CSN,CSN_27978
,-23.935018,-67.049964,184.8426,4.7,,CSN,CSN_27979
,-23.98505,-66.936685,187.2133,3.8,,CSN,CSN_27980
,-24.04677,-67.285991,187.6012,4.0,,CSN,CSN_27981
,-24.195138,-67.321246,194.1058,3.5,,CSN,CSN_27982
,-24.145375,-67.353612,212.5773,3.5,,CSN,CSN_27983
,-24.247024,-67.424395,185.0702,3.2,,CSN,CSN_27984
,-24.151631,-67.540227,206.0962,3.5,,CSN,CSN_27985
,-24.216542,-67.462805,201.2075,3.6,,CSN,CSN_27986
,-23.903778,-67.23094,241.2004,4.1,,CSN,CSN_27987
,-24.183933,-67.276122,202.9643,3.8,,CSN,CSN_27988
,-24.046525,-67.24662,206.3162,3.9,,CSN,CSN_27989
,-23.920062,-67.023114,198.2824,3.1,,CSN,CSN_27990
,-24.255022,-67.471899,197.6796,3.4,,CSN,CSN_27991
,-24.024448,-67.614927,215.2375,3.6,,CSN,CSN_27992
,-24.03076,-67.240071,219.5818,3.2,,CSN,CSN_27993
,-24.084381,-67.252451,149.9953,4.2,,CSN,CSN_27994
,-23.990275,-67.172794,217.1341,4.6,,CSN,CSN_27995
,-23.969744,-67.050998,203.8845,4.6,,CSN,CSN_27996
,-24.111711,-67.402078,202.227,3.3,,CSN,CSN_27997
,-23.883027,-66.844609,208.3592,4.5,,CSN,CSN_27998
,-24.225505,-67.368654,195.5675,3.9,,CSN,CSN_28001
,-23.981976,-67.168991,208.9877,3.1,,CSN,CSN_28002
,-24.340032,-67.243478,167.8859,3.4,,CSN,CSN_28003
,-24.346877,-67.227,157.3934,3.0,,CSN,CSN_28004
,-23.823259,-66.979506,213.6809,4.1,,CSN,CSN_28006
,-23.931284,-67.128388,198.2242,3.4,,CSN,CSN_28007
,-24.207594,-67.556108,215.6654,3.2,,CSN,CSN_28008
,-23.763214,-67.051945,224.8053,3.4,,CSN,CSN_28009
,-24.112045,-67.277737,191.9134,3.3,,CSN,CSN_28010
,-24.275424,-67.23672,178.6029,3.6,,CSN,CSN_28011
,-24.17615,-67.550247,220.718,3.1,,CSN,CSN_28012
,-24.110103,-67.216402,206.0127,4.7,,CSN,CSN_28014
,-23.993133,-66.994981,191.688,3.6,,CSN,CSN_28016
,-23.95529,-67.346532,222.6894,3.7,,CSN,CSN_28017
,-24.029489,-66.979224,188.4773,3.8,,CSN,CSN_28018
,-24.031589,-66.989144,186.2448,3.8,,CSN,CSN_28019
,-24.11284,-67.102701,144.2628,3.6,,CSN,CSN_28020
,-24.244831,-67.365279,191.8945,3.4,,CSN,CSN_28021
,-23.93917,-67.554582,219.7391,3.8,,CSN,CSN_28022
,-24.009181,-67.25505,203.8063,4.4,,CSN,CSN_28023
,-23.988299,-67.330746,198.2137,3.1,,CSN,CSN_28024
,-24.187476,-67.410752,191.5077,4.2,,CSN,CSN_28025
,-23.894404,-67.189543,216.2461,3.2,,CSN,CSN_28026
,-24.168577,-67.424853,214.7698,3.0,,CSN,CSN_28027
,-23.908297,-66.952191,218.2563,4.2,,CSN,CSN_28028
,-24.165661,-67.642059,210.0381,3.3,,CSN,CSN_28030
,-23.980803,-67.080567,208.1619,4.1,,CSN,CSN_28031
,-24.178231,-67.259904,178.8331,3.3,,CSN,CSN_28032
,-23.933777,-67.219148,233.7402,4.0,,CSN,CSN_28033
,-24.205226,-67.48954,202.6789,3.0,,CSN,CSN_28035
,-24.085876,-67.450164,207.4659,3.0,,CSN,CSN_28036
,-24.032581,-66.998771,185.9408,3.2,,CSN,CSN_28041
,-24.158205,-67.216106,196.754,3.3,,CSN,CSN_28042
,-24.101032,-67.515608,176.4302,4.0,,CSN,CSN_28043
,-24.032761,-67.022586,186.7093,3.5,,CSN,CSN_28044
,-24.176846,-67.57175,209.7903,3.3,,CSN,CSN_28045
,-24.159223,-67.215692,211.7942,3.2,,CSN,CSN_28046
,-24.018197,-67.227174,229.0904,3.8,,CSN,CSN_28047
,-24.139308,-67.268197,189.8374,3.5,,CSN,CSN_28048
,-23.97052,-67.412772,238.378,3.1,,CSN,CSN_28049
,-23.999121,-67.011034,190.3441,3.0,,CSN,CSN_28050
,-23.861284,-66.872499,198.7335,3.7,,CSN,CSN_28051
,-23.859148,-66.90938,200.8265,3.6,,CSN,CSN_28052
,-23.946965,-67.466093,207.3529,3.5,,CSN,CSN_28053
,-24.029934,-67.310411,172.256,3.5,,CSN,CSN_28054
,-23.772878,-67.26768,187.5717,3.2,,CSN,CSN_28055
,-24.113985,-67.178942,219.4343,3.9,,CSN,CSN_28056
,-24.08503,-67.402408,202.6416,3.3,,CSN,CSN_28057
,-24.018367,-67.329151,202.5457,3.5,,CSN,CSN_28058
,-24.171933,-67.144198,197.2779,3.5,,CSN,CSN_28059
,-24.088583,-67.252356,149.9343,4.1,,CSN,CSN_28060
,-24.243416,-67.617906,190.0142,3.4,,CSN,CSN_28061
,-23.890464,-67.261202,216.7054,3.0,,CSN,CSN_28062
,-23.98441,-66.900699,199.1791,3.7,,CSN,CSN_28063
,-24.125143,-67.417316,202.331,4.2,,CSN,CSN_28064
,-23.892729,-66.971203,213.8263,3.5,,CSN,CSN_28065
,-24.045539,-67.315467,218.3536,4.4,,CSN,CSN_28066
,-24.115043,-67.414894,201.3671,3.7,,CSN,CSN_28067
,-23.948122,-67.090723,205.786,3.7,,CSN,CSN_28068
,-24.089261,-67.355648,211.5081,3.2,,CSN,CSN_28069
,-24.093228,-67.384257,217.9715,3.8,,CSN,CSN_28070
,-24.235952,-67.355607,190.668,3.3,,CSN,CSN_28071
,-24.191964,-67.336681,203.8321,3.1,,CSN,CSN_28072
,-24.110604,-67.344751,184.5943,3.1,,CSN,CSN_28073
,-23.910383,-66.840974,201.2672,3.7,,CSN,CSN_28075
,-23.864529,-67.202046,192.9663,4.0,,CSN,CSN_28076
,-24.102987,-67.23458,182.1004,4.0,,CSN,CSN_28077
,-24.129748,-67.318214,181.4302,4.3,,CSN,CSN_28078
,-23.911919,-66.842295,202.7829,3.5,,CSN,CSN_28079
,-24.211385,-67.268092,180.4936,3.3,,CSN,CSN_28080
,-23.906112,-66.835683,203.645,4.6,,CSN,CSN_28081
,-24.018272,-66.837072,196.4099,4.5,,CSN,CSN_28082
,-23.919279,-66.820293,211.5565,3.0,,CSN,CSN_28083
,-23.878273,-67.06081,224.7311,3.6,,CSN,CSN_28084
,-24.122131,-67.042244,161.5299,3.1,,CSN,CSN_28085
,-23.926499,-67.101374,221.9993,3.1,,CSN,CSN_28086
,-24.137918,-67.147565,193.0765,4.3,,CSN,CSN_28087
,-23.915316,-66.843202,194.2554,3.6,,CSN,CSN_28088
,-24.248588,-67.322635,191.4948,4.4,,CSN,CSN_28089
,-24.113099,-67.481862,218.9309,3.3,,CSN,CSN_28090
,-23.952938,-66.895215,195.353,3.2,,CSN,CSN_28091
,-24.021436,-66.870638,196.4141,3.5,,CSN,CSN_28092
,-24.049648,-67.111616,221.3397,3.5,,CSN,CSN_28093
,-23.840233,-66.871452,197.4214,3.2,,CSN,CSN_28095
,-24.188702,-67.487853,204.2172,3.1,,CSN,CSN_28096
,-24.012265,-66.973023,195.0407,3.7,,CSN,CSN_28097
,-23.986722,-67.220076,218.2749,3.7,,CSN,CSN_28098
,-24.113452,-67.127628,185.7113,3.6,,CSN,CSN_28099
,-24.012429,-67.301362,199.9875,4.5,,CSN,CSN_28100
,-23.978351,-67.186281,220.1036,3.3,,CSN,CSN_28101
,-24.287404,-67.433299,152.1053,3.5,,CSN,CSN_28102
,-24.224056,-67.436558,143.5847,3.5,,CSN,CSN_28103
,-24.166256,-67.437407,193.5257,4.2,,CSN,CSN_28104
,-24.041384,-67.165486,184.8215,3.2,,CSN,CSN_28105
,-23.993235,-67.20809,188.1362,3.2,,CSN,CSN_28106
,-24.093781,-67.200275,174.9282,3.1,,CSN,CSN_28107
,-24.10725,-67.224102,162.3045,3.1,,CSN,CSN_28108
,-23.791235,-67.011096,172.349,3.9,,CSN,CSN_28109
,-24.152542,-67.352215,197.5132,3.5,,CSN,CSN_28110
,-24.087365,-67.257236,209.7592,4.0,,CSN,CSN_28111
,-24.160386,-67.044541,185.271,3.7,,CSN,CSN_28112
,-24.203946,-67.412874,194.6614,3.7,,CSN,CSN_28113
,-24.16467,-67.459418,194.9279,3.7,,CSN,CSN_28114
,-24.212213,-67.351739,197.9688,4.0,,CSN,CSN_28115
,-24.038737,-67.241528,204.3027,3.4,,CSN,CSN_28116
,-24.186575,-67.247313,205.3463,3.5,,CSN,CSN_28117
,-24.312711,-67.174086,182.4249,3.5,,CSN,CSN_28118
,-24.091619,-67.178942,177.4956,3.3,,CSN,CSN_28119
,-24.188116,-67.432422,191.2482,3.2,,CSN,CSN_28122
,-23.936049,-67.332227,202.4302,3.6,,CSN,CSN_28123
,-23.921341,-67.080135,221.0658,3.7,,CSN,CSN_28124
,-24.184576,-67.290307,207.6112,3.6,,CSN,CSN_28125
,-23.934579,-67.262711,232.9075,3.3,,CSN,CSN_28126
,-23.904316,-67.128589,220.5238,3.8,,CSN,CSN_28128
,-23.953586,-67.170359,233.8267,3.4,,CSN,CSN_28129
,-24.073923,-67.298489,214.5816,3.1,,CSN,CSN_28130
,-23.96344,-67.266241,224.0026,3.2,,CSN,CSN_28131
,-23.93061,-67.04981,169.6516,3.0,,CSN,CSN_28132
,-24.131557,-67.460786,222.8074,3.4,,CSN,CSN_28133
,-24.054187,-67.593601,223.7092,3.1,,CSN,CSN_28134
,-24.003123,-67.484047,196.4512,3.3,,CSN,CSN_28135
,-23.935778,-67.223301,229.7892,3.6,,CSN,CSN_28136
,-23.919883,-67.111642,209.7551,3.6,,CSN,CSN_28137
,-23.962211,-67.319016,223.5476,3.3,,CSN,CSN_28138
,-24.1344,-67.127338,190.3051,4.5,,CSN,CSN_28139
,-23.963595,-67.526932,187.4446,3.1,,CSN,CSN_28140
,-23.970973,-66.945231,191.3149,3.5,,CSN,CSN_28143
,-24.060539,-67.058277,165.5273,3.2,,CSN,CSN_28144
,-24.162976,-67.591508,208.7798,3.0,,CSN,CSN_28145
,-24.151655,-67.076575,182.3293,3.7,,CSN,CSN_28147
,-24.081054,-67.158691,203.9748,3.6,,CSN,CSN_28148
,-24.212605,-67.403565,195.6199,3.3,,CSN,CSN_28150
,-24.199257,-67.388662,179.4831,3.2,,CSN,CSN_28151
,-23.930893,-67.160626,216.363,3.5,,CSN,CSN_28152
,-24.109335,-67.455502,205.2566,4.1,,CSN,CSN_28153
,-23.872651,-67.246197,238.5697,3.3,,CSN,CSN_28154
,-24.18299,-67.413063,217.6567,3.7,,CSN,CSN_28156
,-24.217999,-67.442569,200.5565,3.3,,CSN,CSN_28157
,-24.084086,-67.228818,204.0456,4.5,,CSN,CSN_28158
,-24.132003,-67.542143,219.8398,3.0,,CSN,CSN_28159
,-24.015233,-67.340207,207.783,4.4,,CSN,CSN_28160
,-24.061063,-67.397907,211.8445,3.4,,CSN,CSN_28161
,-24.123231,-67.321561,183.3822,3.9,,CSN,CSN_28162
,-24.151482,-67.290114,208.2077,3.8,,CSN,CSN_28166
,-24.192725,-67.507407,205.0342,3.9,,CSN,CSN_28167
,-23.965769,-67.15021,234.0946,3.3,,CSN,CSN_28168
,-24.194319,-67.450982,200.6389,3.1,,CSN,CSN_28169
,-23.863044,-67.331915,231.9163,3.3,,CSN,CSN_28170
,-24.250623,-67.175893,176.222,3.3,,CSN,CSN_28171
,-24.213991,-67.488163,213.1964,3.3,,CSN,CSN_28172
,-23.863444,-67.139191,161.1797,3.3,,CSN,CSN_28173
,-23.948727,-67.171564,223.9031,3.6,,CSN,CSN_28174
,-24.050439,-67.228401,179.7548,3.5,,CSN,CSN_28177
,-24.03176,-67.443602,198.9902,3.5,,CSN,CSN_28178
,-24.130034,-66.958493,194.9097,4.2,,CSN,CSN_28179
,-24.08853,-67.221301,222.7628,4.2,,CSN,CSN_28180
,-24.077326,-67.171463,186.0828,3.3,,CSN,CSN_28181
,-24.068788,-67.355424,196.8586,3.2,,CSN,CSN_28182
,-24.011002,-67.135474,176.0079,4.1,,CSN,CSN_28183
,-24.287467,-67.231232,182.4051,5.0,,CSN,CSN_28185
,-23.954001,-66.937389,201.252,3.5,,CSN,CSN_28186
,-23.975962,-66.939331,192.2901,3.5,,CSN,CSN_28187
,-24.155008,-67.496796,213.0352,4.0,,CSN,CSN_28188
,-24.205967,-67.46189,186.5684,5.0,,CSN,CSN_28189
,-24.214939,-67.567871,197.7963,3.3,,CSN,CSN_28190
,-23.804049,-66.943472,216.7508,3.2,,CSN,CSN_28191
,-24.142478,-67.304835,184.4058,4.2,,CSN,CSN_28192
,-24.109196,-67.416548,196.3691,3.0,,CSN,CSN_28193
,-24.146814,-67.367833,196.6792,3.1,,CSN,CSN_28194
,-23.860844,-67.13202,231.0699,3.4,,CSN,CSN_28195
,-24.163513,-67.556162,195.9377,3.4,,CSN,CSN_28197
,-24.259739,-67.328583,178.0502,4.3,,CSN,CSN_28198
,-24.162675,-67.529994,205.3848,3.5,,CSN,CSN_28199
,-24.121234,-66.94512,190.8589,3.9,,CSN,CSN_28201
,-23.939068,-67.159472,225.9029,3.2,,CSN,CSN_28204
,-23.83278,-66.965437,218.9385,3.6,,CSN,CSN_28206
,-23.946792,-67.059509,225.322,3.4,,CSN,CSN_28207
,-24.154987,-67.298164,216.5812,4.7,,CSN,CSN_28208
,-24.136578,-67.30426,208.8414,3.1,,CSN,CSN_28211
,-24.249532,-67.342239,203.3819,3.3,,CSN,CSN_28212
,-23.89159,-67.123784,224.4783,3.8,,CSN,CSN_28215
,-24.091693,-67.392206,213.9173,3.8,,CSN,CSN_28216
,-23.820451,-67.113119,247.5972,3.2,,CSN,CSN_28217
,-23.925692,-66.867162,199.5334,4.0,,CSN,CSN_28219
,-23.837958,-67.038789,228.6178,3.6,,CSN,CSN_28221
,-24.039274,-67.16164,222.4731,4.5,,CSN,CSN_28222
,-23.981701,-67.155929,218.4384,3.9,,CSN,CSN_28223
,-23.746953,-67.070886,229.582,4.4,,CSN,CSN_28224
,-24.220841,-67.553276,204.6586,3.4,,CSN,CSN_28225
,-23.923464,-67.074487,224.5423,4.2,,CSN,CSN_28226
,-24.113502,-67.388064,217.5143,3.4,,CSN,CSN_28227
,-23.992043,-67.27556,226.4313,3.5,,CSN,CSN_28228
,-24.181564,-67.428918,217.3004,3.9,,CSN,CSN_28229
,-23.874501,-66.930919,199.9709,4.2,,CSN,CSN_28231
,-24.206323,-67.333692,187.19,4.7,,CSN,CSN_28232
,-23.966259,-67.139166,202.304,3.0,,CSN,CSN_28233
,-24.132445,-67.289512,217.0777,3.9,,CSN,CSN_28234
,-23.90417,-67.082523,225.6137,3.9,,CSN,CSN_28236
,-24.191384,-67.385596,191.0231,3.7,,CSN,CSN_28237
,-24.360033,-67.504618,187.7244,3.0,,CSN,CSN_28238
,-24.224908,-67.328151,174.8711,3.5,,CSN,CSN_28240
,-24.203015,-67.033783,189.3947,3.7,,CSN,CSN_28241
,-23.877366,-67.274409,218.6844,3.6,,CSN,CSN_28242
,-23.901561,-67.217974,214.1992,3.8,,CSN,CSN_28244
,-23.888525,-66.889002,203.4538,3.5,,CSN,CSN_28245
,-23.893542,-67.213473,225.6771,3.3,,CSN,CSN_28246
,-23.866196,-66.870417,193.368,3.3,,CSN,CSN_28247
,-23.86696,-66.899014,197.6502,3.3,,CSN,CSN_28248
,-24.037545,-67.166913,183.7773,4.0,,CSN,CSN_28249
,-24.021813,-67.294918,192.6751,4.0,,CSN,CSN_28250
,-23.904893,-67.182359,229.7725,3.5,,CSN,CSN_28251
,-24.063755,-67.029048,188.3398,3.4,,CSN,CSN_28252
,-24.16144,-67.250119,174.4801,4.1,,CSN,CSN_28253
,-24.108924,-67.238619,173.067,3.8,,CSN,CSN_28254
,-24.161062,-67.099028,182.8166,3.4,,CSN,CSN_28255
,-24.089021,-67.369295,216.8125,3.4,,CSN,CSN_28256
,-24.276885,-67.228341,181.2761,4.5,,CSN,CSN_28257
,-24.237286,-67.42068,196.7448,4.5,,CSN,CSN_28258
,-23.980832,-67.221662,212.6008,4.3,,CSN,CSN_28259
,-24.287958,-67.379651,202.553,3.3,,CSN,CSN_28260
,-24.209145,-67.270023,198.5338,4.0,,CSN,CSN_28261
,-24.103038,-67.44587,203.3437,3.2,,CSN,CSN_28262
,-23.967898,-67.408494,199.8089,3.2,,CSN,CSN_28264
,-24.01577,-67.06359,210.344,3.3,,CSN,CSN_28267
,-24.21312,-67.445011,213.1358,3.2,,CSN,CSN_28268
,-24.007316,-67.515888,218.4654,3.1,,CSN,CSN_28269
,-23.944017,-67.241161,227.2091,3.2,,CSN,CSN_28271
,-23.966091,-67.260684,224.7648,4.1,,CSN,CSN_28272
,-24.109426,-67.406261,206.2569,3.3,,CSN,CSN_28273
,-23.82273,-67.173543,230.3031,3.2,,CSN,CSN_28274
,-24.201953,-67.411707,196.3271,3.4,,CSN,CSN_28276
,-24.124031,-67.217939,212.2166,3.0,,CSN,CSN_28277
,-23.893075,-67.244098,225.6097,3.1,,CSN,CSN_28278
,-24.206559,-67.343079,206.8207,3.6,,CSN,CSN_28279
,-23.880106,-67.338045,184.7328,3.5,,CSN,CSN_28280
,-24.255961,-67.317594,189.4644,3.1,,CSN,CSN_28283
,-24.154344,-67.366618,204.7731,3.4,,CSN,CSN_28285
,-24.160657,-67.398763,207.6727,3.4,,CSN,CSN_28286
,-23.966343,-67.184434,221.8235,3.5,,CSN,CSN_28287
,-24.160007,-67.369867,198.1052,4.0,,CSN,CSN_28289
,-23.914398,-67.141314,206.9621,3.0,,CSN,CSN_28290
,-23.997069,-67.532775,161.6278,3.8,,CSN,CSN_28291
,-24.030096,-67.099708,203.1643,4.2,,CSN,CSN_28292
,-23.814518,-67.084555,225.6035,3.5,,CSN,CSN_28293
,-23.816552,-67.067426,227.4123,3.8,,CSN,CSN_28294
,-24.164047,-67.547315,204.7949,3.6,,CSN,CSN_28295
,-23.943396,-67.158386,222.4599,3.3,,CSN,CSN_28296
,-23.938204,-67.184782,223.4625,3.3,,CSN,CSN_28297
,-23.847145,-67.179036,233.9021,3.0,,CSN,CSN_28298
,-24.224925,-67.240508,182.3663,3.7,,CSN,CSN_28299
,-24.120655,-67.539024,201.889,3.6,,CSN,CSN_28300
,-24.039693,-66.897153,203.5942,5.2,,CSN,CSN_28301
,-24.201663,-67.579334,207.0398,3.7,,CSN,CSN_28302
,-23.973612,-67.22908,214.6926,3.1,,CSN,CSN_28303
,-24.164603,-67.261667,182.4806,3.8,,CSN,CSN_28304
,-23.901092,-66.891738,205.451,3.5,,CSN,CSN_28306
,-23.953079,-67.519585,235.4062,3.0,,CSN,CSN_28308
,-24.215077,-67.420245,210.6607,3.4,,CSN,CSN_28310
,-23.976976,-67.199324,220.2463,3.5,,CSN,CSN_28311
,-23.983439,-67.201948,176.264,3.3,,CSN,CSN_28312
,-23.881363,-67.287603,220.6497,3.6,,CSN,CSN_28313
,-24.160417,-67.361846,191.5846,3.0,,CSN,CSN_28314
,-24.134287,-67.173144,209.361,3.6,,CSN,CSN_28318
,-24.048302,-67.309951,231.5657,3.3,,CSN,CSN_28319
,-24.045262,-67.206681,229.9641,3.6,,CSN,CSN_28320
,-24.02846,-67.256946,231.2885,3.1,,CSN,CSN_28321
,-24.057088,-67.42135,219.6891,3.9,,CSN,CSN_28323
,-24.000678,-67.39692,205.4551,3.0,,CSN,CSN_28325
,-24.146635,-67.438883,198.1902,3.3,,CSN,CSN_28326
,-24.182641,-67.548919,210.0761,4.2,,CSN,CSN_28328
,-24.084384,-67.542229,212.4215,3.0,,CSN,CSN_28329
,-23.923039,-67.241895,244.0364,3.4,,CSN,CSN_28330
,-24.137654,-67.556666,204.9257,3.0,,CSN,CSN_28332
,-24.164967,-67.537755,189.1739,3.6,,CSN,CSN_28333
,-24.22419,-67.504768,190.5441,3.9,,CSN,CSN_28334
,-24.04614,-67.643259,175.0605,3.4,,CSN,CSN_28336
,-24.184664,-67.384459,197.0704,4.2,,CSN,CSN_28337
,-24.224955,-67.288237,171.4982,3.9,,CSN,CSN_28338
,-24.091589,-67.354297,197.1103,4.4,,CSN,CSN_28340
,-24.091147,-67.264517,226.7155,3.6,,CSN,CSN_28342
,-24.0739,-67.39012,218.7624,3.6,,CSN,CSN_28343
,-23.853875,-67.273517,233.7828,3.8,,CSN,CSN_28344
,-24.20038,-67.381914,207.1831,4.1,,CSN,CSN_28345
,-24.157455,-67.361265,189.1093,4.9,,CSN,CSN_28346
,-24.239206,-67.431759,199.9085,3.7,,CSN,CSN_28350
,-23.865732,-66.930932,180.039,3.7,,CSN,CSN_28351
,-24.040509,-67.432999,216.8672,3.8,,CSN,CSN_28354
,-24.172481,-67.450709,203.9894,4.3,,CSN,CSN_28356
,-23.954385,-67.360468,205.9371,3.2,,CSN,CSN_28359
,-23.9689,-67.29206,212.8748,3.1,,CSN,CSN_28360
,-24.020147,-67.212258,225.3076,3.7,,CSN,CSN_28361
,-24.109594,-67.330981,214.116,3.9,,CSN,CSN_28362
,-23.980503,-67.378889,208.915,3.2,,CSN,CSN_28363
,-24.116266,-67.431372,210.1129,4.0,,CSN,CSN_28367
,-24.090257,-67.172481,180.8184,4.9,,CSN,CSN_28368
,-24.028898,-67.558575,208.6446,3.1,,CSN,CSN_28369
,-24.161266,-67.435594,211.0469,3.5,,CSN,CSN_28370
,-23.991265,-67.305299,223.3834,3.2,,CSN,CSN_28371
,-24.053825,-67.193306,217.1425,4.0,,CSN,CSN_28373
,-24.214592,-67.183788,184.0914,4.2,,CSN,CSN_28374
,-23.969193,-67.330112,191.9859,3.1,,CSN,CSN_28375
,-24.204815,-67.438217,204.717,3.8,,CSN,CSN_28376
,-24.194383,-67.016776,188.5273,4.2,,CSN,CSN_28377
,-24.283804,-67.433455,191.6744,3.3,,CSN,CSN_28378
,-24.120923,-67.472914,221.7573,3.4,,CSN,CSN_28379
,-23.964391,-67.172737,224.7808,3.3,,CSN,CSN_28380
,-24.103877,-67.220222,174.101,3.6,,CSN,CSN_28381
,-23.803344,-67.161448,232.0505,3.1,,CSN,CSN_28383
,-24.163461,-67.18869,164.5738,3.0,,CSN,CSN_28384
,-24.193185,-67.510365,190.8652,3.8,,CSN,CSN_28385
,-23.992907,-67.230635,167.4162,3.6,,CSN,CSN_28387
,-24.163849,-67.443996,190.0693,3.2,,CSN,CSN_28388
,-24.376422,-67.358992,183.4356,3.2,,CSN,CSN_28389
,-24.193456,-67.558706,201.2218,3.1,,CSN,CSN_28390
,-24.164046,-67.425985,195.2966,3.6,,CSN,CSN_28391
,-24.17359,-67.024764,165.9128,3.5,,CSN,CSN_28392
,-24.244363,-67.415222,202.6677,3.9,,CSN,CSN_28393
,-24.205312,-67.501188,205.6591,3.6,,CSN,CSN_28394
,-23.88196,-67.182763,220.9382,3.3,,CSN,CSN_28395
,-24.078739,-67.044851,204.8973,3.4,,CSN,CSN_28396
,-24.004698,-67.183553,194.6455,3.0,,CSN,CSN_28397
,-24.090618,-67.572505,212.1582,3.1,,CSN,CSN_28399
,-24.079473,-67.420132,206.2401,3.2,,CSN,CSN_28400
,-24.14286,-67.326762,190.7893,3.4,,CSN,CSN_28401
,-23.858635,-66.990591,222.44,3.2,,CSN,CSN_28402
,-23.92485,-67.167013,232.0301,3.9,,CSN,CSN_28403
,-24.087106,-67.168018,203.6925,3.0,,CSN,CSN_28404
,-24.208116,-67.313359,194.5627,4.4,,CSN,CSN_28405
,-24.207578,-67.352779,208.0106,4.6,,CSN,CSN_28406
,-24.196599,-67.470999,194.8607,3.9,,CSN,CSN_28407
,-24.013301,-67.032469,214.9456,3.7,,CSN,CSN_28408
,-24.278992,-67.472362,198.6911,3.7,,CSN,CSN_28409
,-24.181948,-67.501826,212.5645,3.9,,CSN,CSN_28410
,-24.094815,-67.197324,170.5914,3.6,,CSN,CSN_28411
,-24.0837,-67.340129,205.1519,4.3,,CSN,CSN_28412
,-24.106437,-67.178632,177.8546,3.7,,CSN,CSN_28415
,-24.168707,-67.353458,188.4259,3.8,,CSN,CSN_28417
,-24.188182,-67.352031,205.1711,4.7,,CSN,CSN_28418
,-23.878633,-67.172571,235.6779,3.2,,CSN,CSN_28421
,-24.273917,-67.473658,198.3919,3.8,,CSN,CSN_28422
,-23.839509,-66.82003,206.9229,3.6,,CSN,CSN_28423
,-24.347941,-67.285813,172.9426,4.0,,CSN,CSN_28424
,-24.070268,-67.381291,211.1795,3.6,,CSN,CSN_28425
,-24.088867,-67.207847,206.1425,3.2,,CSN,CSN_28426
,-23.959801,-67.232871,219.6551,3.0,,CSN,CSN_28427
,-24.195901,-67.460971,209.8779,3.5,,CSN,CSN_28429
,-24.27317,-67.427904,199.4581,4.2,,CSN,CSN_28430
,-24.135193,-67.327685,182.8299,4.2,,CSN,CSN_28431
,-24.175189,-67.497084,200.1134,3.1,,CSN,CSN_28432
,-24.203173,-67.567556,210.8806,3.2,,CSN,CSN_28437
,-24.034433,-67.105072,187.359,4.3,,CSN,CSN_28439
,-23.820986,-66.859945,202.2364,3.2,,CSN,CSN_28441
,-23.95085,-67.204723,186.5546,3.1,,CSN,CSN_28445
,-24.032924,-67.381899,203.9098,3.8,,CSN,CSN_28446
,-24.147491,-67.443612,202.3689,3.0,,CSN,CSN_28447
,-23.755409,-67.095223,221.1553,3.4,,CSN,CSN_28448
,-23.928102,-67.252669,221.0094,3.1,,CSN,CSN_28449
,-24.043622,-67.483834,213.2022,3.2,,CSN,CSN_28451
,-23.962608,-67.067004,223.9651,3.3,,CSN,CSN_28452
,-24.086943,-66.935419,195.6425,3.7,,CSN,CSN_28455
,-23.770947,-67.168422,240.5385,3.2,,CSN,CSN_28456
,-23.730448,-67.297703,230.1317,3.1,,CSN,CSN_28458
,-24.187743,-67.437805,212.005,3.3,,CSN,CSN_28460
,-24.175127,-67.383146,209.0142,3.6,,CSN,CSN_28461
,-23.988753,-66.913114,185.1568,4.3,,CSN,CSN_28462
,-24.145065,-67.481109,205.3816,3.6,,CSN,CSN_28464
,-23.949187,-67.164605,232.7802,3.0,,CSN,CSN_28466
,-24.060526,-67.523276,224.4958,3.6,,CSN,CSN_28467
,-24.032705,-67.283183,221.8743,3.2,,CSN,CSN_28468
,-24.167847,-67.3843,201.8557,3.5,,CSN,CSN_28469
,-24.178027,-67.398352,201.0693,3.4,,CSN,CSN_28470
,-24.093604,-67.474196,207.6418,3.2,,CSN,CSN_28471
,-24.082779,-67.237234,220.8264,3.2,,CSN,CSN_28472
,-23.838061,-67.096504,233.1854,3.1,,CSN,CSN_28473
,-24.19396,-67.617937,189.7909,3.7,,CSN,CSN_28475
,-24.175759,-67.266041,175.1217,4.2,,CSN,CSN_28477
,-24.134455,-67.424854,195.0911,4.4,,CSN,CSN_28478
,-23.974014,-67.106364,200.7484,3.2,,CSN,CSN_28479
,-24.098658,-67.25547,230.6312,3.6,,CSN,CSN_28480
,-24.118001,-67.26003,222.653,4.3,,CSN,CSN_28481
,-24.02255,-67.366499,219.5783,3.1,,CSN,CSN_28482
,-24.145303,-67.369504,186.7357,3.5,,CSN,CSN_28484
,-24.035433,-67.414078,213.7625,3.0,,CSN,CSN_28485
,-24.142069,-66.98963,196.1134,4.2,,CSN,CSN_28487
,-24.075475,-67.287152,222.8364,3.0,,CSN,CSN_28488
,-24.210042,-67.266456,189.7286,4.2,,CSN,CSN_28489
,-24.060756,-67.143541,186.7885,4.5,,CSN,CSN_28490
,-24.182925,-67.479713,193.2214,3.4,,CSN,CSN_28492
,-24.112823,-67.172474,183.7956,3.6,,CSN,CSN_28493
,-24.184261,-67.326553,212.1279,3.7,,CSN,CSN_28494
,-24.175915,-67.242942,176.6741,4.7,,CSN,CSN_28495
,-23.934037,-67.372156,206.059,3.3,,CSN,CSN_28496
,-24.096854,-66.930381,195.3121,4.2,,CSN,CSN_28498
,-24.272311,-67.273087,184.6528,4.8,,CSN,CSN_28499
,-24.223697,-67.57957,206.6189,3.2,,CSN,CSN_28501
,-24.147333,-67.28129,177.7407,5.0,,CSN,CSN_28503
,-23.858166,-67.108854,224.4448,3.7,,CSN,CSN_28504
,-24.075113,-67.206602,185.7776,4.1,,CSN,CSN_28505
,-24.031877,-67.29884,221.5202,3.6,,CSN,CSN_28506
,-24.088968,-67.479366,199.4925,3.4,,CSN,CSN_28507
,-24.158545,-67.074482,175.6542,4.1,,CSN,CSN_28509
,-23.943823,-67.189669,219.0796,4.1,,CSN,CSN_28510
,-23.938747,-67.184336,222.6852,3.4,,CSN,CSN_28511
,-24.183299,-66.97914,196.3827,3.9,,CSN,CSN_28515
,-24.006192,-67.02957,185.097,3.1,,CSN,CSN_28517
,-24.198259,-67.414487,193.0676,3.6,,CSN,CSN_28520
,-24.162248,-67.469158,201.0282,3.5,,CSN,CSN_28521
,-23.936379,-67.222478,219.5196,3.5,,CSN,CSN_28523
,-24.042798,-67.044487,203.1683,3.6,,CSN,CSN_28525
,-24.099408,-67.455752,201.5939,3.2,,CSN,CSN_28526
,-24.188287,-67.271251,178.8195,3.3,,CSN,CSN_28528
,-24.048385,-67.111454,188.1234,3.4,,CSN,CSN_28529
,-24.32414,-67.427437,166.9938,3.1,,CSN,CSN_28530
,-24.18953,-67.271457,179.1535,3.1,,CSN,CSN_28531
,-24.074916,-67.152536,237.0038,3.4,,CSN,CSN_28532
,-24.152727,-67.251288,202.9025,3.0,,CSN,CSN_28533
,-23.939644,-66.991374,187.5668,4.3,,CSN,CSN_28534
,-23.868666,-67.267342,213.7609,3.5,,CSN,CSN_28535
,-24.263845,-67.511164,208.9453,3.7,,CSN,CSN_28536
,-24.194983,-67.454225,202.4051,3.6,,CSN,CSN_28537
,-23.913137,-67.274625,230.4522,3.4,,CSN,CSN_28538
,-23.833401,-67.128667,221.1878,3.6,,CSN,CSN_28539
,-24.027109,-67.223831,222.7614,3.5,,CSN,CSN_28540
,-23.894423,-66.979502,183.9132,4.0,,CSN,CSN_28541
,-24.202404,-67.280234,169.2428,4.5,,CSN,CSN_28542
,-24.131494,-67.239445,174.894,3.3,,CSN,CSN_28543
,-23.724609,-67.129949,232.1953,3.7,,CSN,CSN_28544
,-24.131891,-67.583302,207.7836,3.6,,CSN,CSN_28545
,-24.144993,-67.496409,206.2216,3.3,,CSN,CSN_28546
,-24.289433,-67.502649,197.1225,3.5,,CSN,CSN_28550
,-24.049253,-67.253218,210.358,3.3,,CSN,CSN_28551
,-24.130345,-67.101246,209.8922,3.6,,CSN,CSN_28552
,-23.964822,-67.205427,224.265,3.8,,CSN,CSN_28554
,-24.140838,-67.326225,216.3568,3.8,,CSN,CSN_28555
,-24.082333,-67.414847,197.975,4.2,,CSN,CSN_28556
,-23.909846,-67.116619,227.9465,3.6,,CSN,CSN_28557
,-24.093105,-67.378906,205.4276,3.1,,CSN,CSN_28558
,-23.821518,-67.107519,232.0564,3.3,,CSN,CSN_28559
,-24.037865,-67.214818,205.1069,3.5,,CSN,CSN_28560
,-24.227608,-67.078424,207.4805,4.6,,CSN,CSN_28561
,-23.990709,-67.168867,185.5786,4.0,,CSN,CSN_28563
,-24.055492,-67.076854,214.91,3.6,,CSN,CSN_28564
,-24.117145,-67.291117,186.1893,4.1,,CSN,CSN_28565
,-24.125876,-67.325666,209.5633,3.9,,CSN,CSN_28566
,-24.081281,-67.503832,209.5365,3.1,,CSN,CSN_28567
,-24.011223,-67.240923,195.4417,3.4,,CSN,CSN_28568
,-24.023321,-67.417726,200.4401,3.4,,CSN,CSN_28569
,-24.244322,-67.520031,202.331,3.4,,CSN,CSN_28570
,-24.046064,-67.157582,221.5072,3.3,,CSN,CSN_28571
,-24.031253,-67.385926,201.7576,3.5,,CSN,CSN_28572
,-24.008074,-67.409017,214.3862,3.1,,CSN,CSN_28573
,-23.876078,-67.315777,212.3188,3.1,,CSN,CSN_28574
,-23.838608,-67.260703,224.8302,3.5,,CSN,CSN_28575
,-24.02335,-67.152504,187.026,3.9,,CSN,CSN_28576
,-24.100467,-67.438644,211.2181,3.1,,CSN,CSN_28577
,-24.11475,-67.240134,223.95,3.3,,CSN,CSN_28578
,-24.114544,-67.485548,214.7157,3.2,,CSN,CSN_28579
,-23.772222,-67.074878,230.6118,3.8,,CSN,CSN_28580
,-23.848671,-67.256225,237.402,3.1,,CSN,CSN_28581
,-24.226658,-67.382368,187.5757,4.0,,CSN,CSN_28582
,-24.153222,-67.486625,209.7514,3.4,,CSN,CSN_28583
,-23.980605,-66.96585,196.6572,4.2,,CSN,CSN_28584
,-24.136256,-67.418511,191.7216,3.4,,CSN,CSN_28585
,-23.823035,-67.108698,230.2764,4.3,,CSN,CSN_28586
,-24.184086,-67.402742,193.9056,3.2,,CSN,CSN_28587
,-23.910408,-67.113382,191.2889,3.1,,CSN,CSN_28588
,-24.17859,-67.351804,205.6174,3.6,,CSN,CSN_28589
,-24.086076,-67.18909,185.9062,3.7,,CSN,CSN_28590
,-23.887674,-66.865276,205.9695,3.9,,CSN,CSN_28592
,-23.976491,-67.287982,218.2027,3.5,,CSN,CSN_28593
,-24.161417,-67.216851,193.1742,3.8,,CSN,CSN_28594
,-23.959797,-67.270822,212.8056,3.4,,CSN,CSN_28595
,-23.853813,-67.191225,230.5507,3.1,,CSN,CSN_28596
,-23.898543,-67.226511,226.4906,3.6,,CSN,CSN_28597
,-24.195748,-67.60827,206.5633,3.1,,CSN,CSN_28598
,-23.939307,-66.865151,206.4563,3.0,,CSN,CSN_28599
,-24.161933,-67.522343,215.4581,3.9,,CSN,CSN_28600
,-23.995465,-67.327031,218.5054,3.0,,CSN,CSN_28601
,-23.968804,-66.882135,199.4761,3.3,,CSN,CSN_28603
,-23.881223,-67.167437,232.8183,3.9,,CSN,CSN_28604
,-24.052424,-67.346354,227.1316,3.3,,CSN,CSN_28605
,-23.956397,-67.360622,224.1028,3.2,,CSN,CSN_28607
,-24.094744,-67.313328,208.3334,3.6,,CSN,CSN_28608
,-24.111518,-67.233428,224.0381,3.2,,CSN,CSN_28609
,-24.183916,-67.11325,182.3223,3.6,,CSN,CSN_28610
,-23.821168,-67.123693,217.0288,3.5,,CSN,CSN_28615
,-23.942479,-66.979464,193.2703,4.4,,CSN,CSN_28616
,-23.956873,-67.38782,221.0614,3.0,,CSN,CSN_28617
,-23.947949,-67.216555,218.0801,3.3,,CSN,CSN_28618
,-23.957855,-67.08979,223.1402,3.3,,CSN,CSN_28619
,-24.219829,-67.466719,192.3511,3.2,,CSN,CSN_28620
,-24.182414,-67.306627,180.1406,3.4,,CSN,CSN_28621
,-24.108626,-67.08451,193.8345,3.3,,CSN,CSN_28623
,-24.242062,-67.395853,180.045,3.5,,CSN,CSN_28624
,-24.016412,-67.193435,180.3548,3.4,,CSN,CSN_28626
,-24.138462,-66.923281,201.5434,3.6,,CSN,CSN_28627
,-24.119323,-67.146663,181.4355,3.8,,CSN,CSN_28628
,-24.237845,-67.334854,183.2196,4.5,,CSN,CSN_28629
,-24.200164,-67.440492,196.7954,3.8,,CSN,CSN_28630
,-23.720841,-67.22271,171.3078,3.8,,CSN,CSN_28633
,-24.030448,-67.091663,212.0475,3.1,,CSN,CSN_28635
,-23.817467,-66.84792,202.3729,4.5,,CSN,CSN_28637
,-23.91988,-67.361156,209.83,3.5,,CSN,CSN_28638
,-23.834274,-67.021056,209.5345,4.0,,CSN,CSN_28639
,-23.963508,-67.459058,189.2124,3.3,,CSN,CSN_28640
,-23.844928,-67.307976,169.3149,3.5,,CSN,CSN_28641
,-23.890505,-66.960792,212.2738,3.2,,CSN,CSN_28642
,-24.20552,-67.184075,185.5266,4.1,,CSN,CSN_28643
,-24.141691,-67.422441,192.4476,3.7,,CSN,CSN_28644
,-23.983831,-66.814314,198.0948,3.9,,CSN,CSN_28646
,-23.960195,-67.214158,235.9094,3.5,,CSN,CSN_28650
,-24.163469,-67.393114,162.8106,5.0,,CSN,CSN_28652
,-24.150349,-67.453307,199.0833,3.6,,CSN,CSN_28653
,-24.062144,-67.157053,185.7609,3.4,,CSN,CSN_28655
,-24.183531,-67.472958,192.9235,4.1,,CSN,CSN_28657
,-23.934167,-67.270952,214.4387,3.0,,CSN,CSN_28658
,-24.202792,-67.30626,198.5469,3.1,,CSN,CSN_28659
,-24.103564,-67.602449,213.388,3.6,,CSN,CSN_28660
,-24.171397,-67.19906,178.4143,3.0,,CSN,CSN_28661
,-23.884542,-67.039914,216.5283,4.3,,CSN,CSN_28663
,-24.197489,-67.309859,203.2097,3.6,,CSN,CSN_28664
,-24.006596,-67.169905,177.2169,4.8,,CSN,CSN_28665
,-23.922379,-67.005162,185.2598,3.1,,CSN,CSN_28668
,-24.139843,-67.496806,204.7376,3.0,,CSN,CSN_28670
,-24.051258,-67.192163,163.9253,3.5,,CSN,CSN_28672
,-23.976508,-66.966178,188.0361,3.0,,CSN,CSN_28673
,-23.94317,-67.102768,226.2461,3.7,,CSN,CSN_28674
,-24.179243,-67.454884,204.8517,3.4,,CSN,CSN_28675
,-24.111662,-67.321359,222.418,3.5,,CSN,CSN_28676
,-24.220956,-67.28479,159.9291,3.2,,CSN,CSN_28679
,-23.990387,-66.973086,196.7975,4.0,,CSN,CSN_28680
,-23.872461,-66.943707,194.3873,3.4,,CSN,CSN_28681
,-24.185333,-67.481076,206.1782,3.6,,CSN,CSN_28683
,-23.674114,-67.196114,223.7814,3.2,,CSN,CSN_28687
,-24.266593,-67.315277,182.7763,5.4,,CSN,CSN_28688
,-24.210795,-67.487455,194.833,3.5,,CSN,CSN_28689
,-24.208121,-67.493049,190.537,3.6,,CSN,CSN_28690
,-23.992673,-67.174315,184.819,5.4,,CSN,CSN_28691
,-23.919914,-67.158984,181.6616,5.4,,CSN,CSN_28692
,-23.97614,-67.324463,196.6985,4.8,,CSN,CSN_28693
,-23.990041,-67.149692,180.5468,4.0,,CSN,CSN_28694
,-24.265258,-67.297153,181.0853,4.0,,CSN,CSN_28695
,-23.822557,-66.93762,230.4538,3.2,,CSN,CSN_28697
,-24.15841,-67.384253,203.6466,3.1,,CSN,CSN_28698
,-23.928728,-66.965695,235.5277,3.2,,CSN,CSN_28699
,-24.193813,-67.40487,201.582,3.0,,CSN,CSN_28701
,-23.946818,-67.07592,188.4929,3.4,,CSN,CSN_28702
,-23.953681,-67.477086,221.6209,3.8,,CSN,CSN_28703
,-24.044309,-67.356688,218.0334,3.4,,CSN,CSN_28704
,-23.871675,-66.946351,214.6965,3.1,,CSN,CSN_28705
,-24.121338,-67.22154,181.3902,4.9,,CSN,CSN_28706
,-24.10436,-67.404967,198.8996,3.0,,CSN,CSN_28708
,-24.014682,-67.302153,218.8651,3.9,,CSN,CSN_28709
,-24.046919,-67.471678,219.9487,3.4,,CSN,CSN_28710
,-23.924258,-67.16071,220.9146,3.2,,CSN,CSN_28711
,-24.126219,-67.493176,214.0003,3.0,,CSN,CSN_28712
,-24.146604,-67.520809,203.7631,3.0,,CSN,CSN_28713
,-24.025156,-67.183671,188.6589,4.7,,CSN,CSN_28714
,-23.968764,-67.190264,194.9159,4.7,,CSN,CSN_28715
,-24.283952,-67.467366,194.5246,3.4,,CSN,CSN_28716
,-24.059245,-67.203619,177.4989,4.1,,CSN,CSN_28717
,-24.077806,-67.33686,194.0756,3.9,,CSN,CSN_28718
,-24.210991,-67.485639,217.4701,3.6,,CSN,CSN_28720
,-24.173025,-67.378261,210.5871,3.3,,CSN,CSN_28723
,-24.13753,-67.240395,191.0464,3.2,,CSN,CSN_28724
,-24.119937,-67.318736,178.5452,4.4,,CSN,CSN_28725
,-23.944927,-67.341671,217.4874,3.3,,CSN,CSN_28726
,-23.931737,-66.852081,209.0167,3.9,,CSN,CSN_28727
,-24.136883,-67.389082,207.8108,3.0,,CSN,CSN_28728
,-24.163706,-67.231313,179.7123,3.4,,CSN,CSN_28729
,-24.191201,-67.106646,185.1884,4.6,,CSN,CSN_28730
,-24.017596,-67.148455,220.2995,3.7,,CSN,CSN_28731
,-24.218589,-67.278791,198.3346,4.5,,CSN,CSN_28734
,-24.178558,-67.453721,203.7874,4.0,,CSN,CSN_28735
,-24.065598,-67.354668,211.8692,3.7,,CSN,CSN_28736
,-24.106854,-67.627997,220.853,3.2,,CSN,CSN_28737
,-23.906459,-66.931551,195.3351,3.1,,CSN,CSN_28738
,-24.070265,-67.093873,202.6507,3.7,,CSN,CSN_28740
,-24.20596,-67.456475,198.8108,3.3,,CSN,CSN_28741
,-23.788992,-66.896633,175.2364,3.7,,CSN,CSN_28742
,-23.925579,-67.236381,231.485,3.1,,CSN,CSN_28743
,-24.071584,-67.007091,179.5674,3.4,,CSN,CSN_28744
,-24.14637,-67.188031,179.9051,3.4,,CSN,CSN_28748
,-23.961833,-67.253617,208.543,3.4,,CSN,CSN_28749
,-23.926118,-67.036307,215.9081,4.1,,CSN,CSN_28752
,-23.979501,-67.056748,211.0033,3.6,,CSN,CSN_28754
,-24.14808,-67.303652,172.9764,4.5,,CSN,CSN_28756
,-24.180895,-67.359547,198.2421,3.6,,CSN,CSN_28758
,-24.112849,-67.34341,212.056,3.6,,CSN,CSN_28760
,-23.895957,-67.253459,222.3823,3.2,,CSN,CSN_28761
,-24.111734,-67.243002,211.3436,3.3,,CSN,CSN_28762
,-24.076968,-67.208371,201.9627,3.5,,CSN,CSN_28763
,-23.970992,-67.125179,204.7059,4.3,,CSN,CSN_28764
,-23.946086,-67.420713,219.8343,3.3,,CSN,CSN_28767
,-24.07456,-67.233655,220.6017,3.0,,CSN,CSN_28768
,-24.128918,-67.415052,202.4851,3.0,,CSN,CSN_28769
,-24.190012,-67.526141,195.5109,3.9,,CSN,CSN_28770
,-23.918027,-67.432969,205.0079,3.6,,CSN,CSN_28771
,-24.20203,-67.421954,190.2987,4.5,,CSN,CSN_28772
,-24.017791,-67.179978,215.394,4.1,,CSN,CSN_28774
,-24.066366,-67.49633,197.6776,3.9,,CSN,CSN_28776
,-24.179196,-67.52838,219.132,3.6,,CSN,CSN_28778
,-23.959076,-67.330863,212.041,3.2,,CSN,CSN_28779
,-23.902787,-67.311532,233.3627,3.2,,CSN,CSN_28782
,-24.135988,-67.669115,204.8113,3.9,,CSN,CSN_28783
,-24.030547,-67.237331,218.1285,3.2,,CSN,CSN_28784
,-24.123305,-67.511011,213.3298,3.1,,CSN,CSN_28786
,-23.975127,-67.079164,212.1572,3.9,,CSN,CSN_28787
,-24.164567,-67.135405,187.3467,3.8,,CSN,CSN_28788
,-24.072656,-67.311303,213.833,3.6,,CSN,CSN_28790
,-24.156096,-67.340019,209.0509,3.0,,CSN,CSN_28792
,-24.053422,-67.24692,211.1144,3.0,,CSN,CSN_28793
,-23.202813,-66.969606,237.8463,4.1,,CSN,CSN_28796
,-23.20463,-66.872693,262.0493,4.3,,CSN,CSN_28797
,-23.360052,-67.12821,229.6693,3.2,,CSN,CSN_28798
,-23.249792,-66.856624,198.2179,4.6,,CSN,CSN_28799
,-23.403374,-67.060026,217.8274,4.0,,CSN,CSN_28800
,-23.11804,-66.873292,222.0028,3.8,,CSN,CSN_28801
,-23.027402,-66.805523,252.4128,3.4,,CSN,CSN_28802
,-23.097336,-67.072967,239.2072,3.5,,CSN,CSN_28803
,-23.308618,-67.125113,231.0497,3.4,,CSN,CSN_28804
,-23.029747,-66.846915,228.7584,5.5,,CSN,CSN_28805
,-22.962111,-66.865136,251.891,3.5,,CSN,CSN_28806
,-23.220492,-66.900657,248.0236,4.2,,CSN,CSN_28807
,-23.089598,-66.966927,230.6461,3.7,,CSN,CSN_28808
,-23.485091,-67.00133,215.0098,3.5,,CSN,CSN_28809
,-23.046789,-66.725911,238.8173,3.6,,CSN,CSN_28810
,-22.977915,-66.936513,198.7998,4.5,,CSN,CSN_28811
,-23.373241,-67.092974,233.8493,4.4,,CSN,CSN_28812
,-23.02957,-66.839831,247.7457,4.2,,CSN,CSN_28813
,-23.36805,-67.052975,224.26,5.6,,CSN,CSN_28814
,-23.155443,-66.812342,194.7564,5.3,,CSN,CSN_28815
,-23.0899,-66.880333,219.4244,4.6,,CSN,CSN_28816
,-23.241509,-66.991943,250.5348,4.2,,CSN,CSN_28817
,-23.424469,-66.971816,205.1838,5.1,,CSN,CSN_28818
,-23.385131,-67.01192,211.5818,5.1,,CSN,CSN_28819
,-23.336584,-67.060345,227.6177,4.7,,CSN,CSN_28820
,-23.263143,-66.978113,226.5229,3.2,,CSN,CSN_28821
,-23.424283,-67.158023,241.8369,4.0,,CSN,CSN_28822
,-23.42639,-67.075525,247.1351,3.9,,CSN,CSN_28823
,-23.056573,-66.86821,244.9467,4.7,,CSN,CSN_28824
,-23.040395,-66.900329,237.2597,4.3,,CSN,CSN_28825
,-23.105649,-67.054775,230.9399,4.7,,CSN,CSN_28826
,-23.479219,-67.122762,235.7323,3.4,,CSN,CSN_28827
,-23.231415,-66.846635,204.0201,3.3,,CSN,CSN_28828
,-23.093308,-66.992012,231.2553,4.3,,CSN,CSN_28829
,-23.051729,-67.04502,239.6925,4.3,,CSN,CSN_28830
,-23.242307,-66.952398,245.9338,4.2,,CSN,CSN_28831
,-23.088817,-66.899548,219.4112,6.5,,CSN,CSN_28832
,-23.008096,-66.986368,222.0904,4.3,,CSN,CSN_28833
,-22.950356,-66.920953,209.4735,4.3,,CSN,CSN_28834
,-23.043554,-66.923356,249.7389,3.6,,CSN,CSN_28835
,-23.081576,-66.930043,260.7597,4.9,,CSN,CSN_28836
,-23.056758,-66.921191,242.0065,4.4,,CSN,CSN_28837
,-23.18362,-67.097748,234.2906,3.4,,CSN,CSN_28838
,-23.179262,-66.973239,200.2433,4.2,,CSN,CSN_28839
,-23.483036,-67.093783,222.7041,3.5,,CSN,CSN_28840
,-23.087625,-66.947886,250.0012,4.4,,CSN,CSN_28841
,-23.414373,-67.055776,232.4769,4.1,,CSN,CSN_28842
,-23.375468,-67.180151,234.0175,5.0,,CSN,CSN_28843
,-23.503443,-67.066897,216.6249,4.8,,CSN,CSN_28844
,-23.431995,-66.976515,228.9287,5.5,,CSN,CSN_28845
,-23.405743,-67.18359,242.9453,4.1,,CSN,CSN_28846
,-23.342767,-67.159856,232.2878,3.9,,CSN,CSN_28847
,-23.501179,-66.989482,212.0158,3.4,,CSN,CSN_28848
,-23.165599,-66.872391,224.2307,4.6,,CSN,CSN_28849
,-23.323376,-66.969666,246.875,4.5,,CSN,CSN_28850
,-23.118958,-66.850023,256.8895,3.9,,CSN,CSN_28851
,-23.110373,-66.92249,237.5628,5.2,,CSN,CSN_28852
,-23.308996,-67.018574,231.0227,4.4,,CSN,CSN_28853
,-23.07821,-66.776479,237.2627,4.9,,CSN,CSN_28854
,-23.371996,-67.08364,237.2196,4.4,,CSN,CSN_28855
,-23.130177,-66.976619,230.081,3.6,,CSN,CSN_28856
,-23.099661,-67.056682,240.9723,4.1,,CSN,CSN_28857
,-23.32756,-67.017859,246.5993,4.0,,CSN,CSN_28858
,-23.346009,-66.910691,202.7421,3.6,,CSN,CSN_28859
,-22.988866,-66.713594,254.8523,4.2,,CSN,CSN_28860
,-23.296205,-66.947174,180.2382,4.0,,CSN,CSN_28861
,-23.087262,-66.777487,222.5499,5.1,,CSN,CSN_28862
,-23.336769,-67.113333,230.9133,4.1,,CSN,CSN_28863
,-23.131362,-67.072304,228.6671,4.3,,CSN,CSN_28864
,-23.102631,-66.946152,217.2366,4.5,,CSN,CSN_28865
,-23.061638,-66.995917,246.6068,3.9,,CSN,CSN_28866
,-23.149118,-67.071123,223.9699,3.8,,CSN,CSN_28867
,-23.058861,-66.759043,254.1422,5.6,,CSN,CSN_28868
,-23.252081,-67.046972,224.3858,5.5,,CSN,CSN_28869
,-23.353406,-67.020549,228.5309,5.2,,CSN,CSN_28870
,-23.056663,-66.750103,209.0372,4.1,,CSN,CSN_28871
,-23.123383,-67.036728,236.467,4.3,,CSN,CSN_28872
,-23.449913,-67.111867,239.4332,4.4,,CSN,CSN_28873
,-23.423572,-67.172364,248.4249,4.9,,CSN,CSN_28874
,-23.309652,-66.987399,203.7469,3.9,,CSN,CSN_28875
,-23.504841,-67.036046,219.475,4.8,,CSN,CSN_28876
,-23.3961,-66.897261,212.4337,4.0,,CSN,CSN_28877
,-23.442388,-67.171344,225.3426,4.4,,CSN,CSN_28878
,-23.12227,-67.109075,230.9018,5.1,,CSN,CSN_28879
,-23.008049,-66.780214,263.8104,4.8,,CSN,CSN_28880
,-23.509173,-67.11468,223.0819,4.3,,CSN,CSN_28881
,-23.21915,-66.849927,212.6001,4.1,,CSN,CSN_28882
,-23.401609,-67.00927,233.2031,3.9,,CSN,CSN_28883
,-23.283933,-66.933121,207.9785,3.6,,CSN,CSN_28884
,-23.375393,-67.077298,208.2737,4.1,,CSN,CSN_28885
,-23.360052,-66.994619,218.073,4.2,,CSN,CSN_28886
,-23.230334,-67.073519,220.5725,4.6,,CSN,CSN_28887
,-23.150631,-67.081838,230.6721,4.4,,CSN,CSN_28888
,-23.12927,-67.042952,234.4014,3.8,,CSN,CSN_28889
,-23.201343,-66.82734,200.9605,3.4,,CSN,CSN_28890
,-23.459591,-67.131268,218.1123,4.3,,CSN,CSN_28891
,-23.365383,-67.035356,224.8602,3.4,,CSN,CSN_28892
,-23.093742,-66.996406,231.8992,4.0,,CSN,CSN_28893
,-23.220396,-67.039177,224.989,4.2,,CSN,CSN_28894
,-23.188376,-67.07786,230.2074,4.5,,CSN,CSN_28895
,-23.27847,-67.085485,238.1871,3.5,,CSN,CSN_28896
,-23.104701,-67.093906,223.5423,3.8,,CSN,CSN_28897
,-23.37051,-67.121111,208.2909,3.3,,CSN,CSN_28898
,-23.342109,-67.044867,218.0668,4.0,,CSN,CSN_28899
,-23.208372,-67.043293,237.6815,3.8,,CSN,CSN_28900
,-23.116715,-67.069245,227.7844,4.2,,CSN,CSN_28901
,-23.363697,-67.160485,235.7338,3.2,,CSN,CSN_28902
,-23.256818,-67.08199,223.4336,3.9,,CSN,CSN_28903
,-23.102255,-66.980647,236.1792,4.5,,CSN,CSN_28904
,-23.318765,-67.147488,239.0092,3.5,,CSN,CSN_28905
,-23.284404,-67.123268,229.1063,4.8,,CSN,CSN_28906
,-23.168921,-67.087842,232.3018,3.3,,CSN,CSN_28907
,-22.982186,-66.869547,211.8182,4.0,,CSN,CSN_28908
,-23.233592,-67.08227,229.5534,4.3,,CSN,CSN_28909
,-23.493096,-66.993741,238.5587,3.9,,CSN,CSN_28910
,-23.37003,-67.026018,198.3402,4.1,,CSN,CSN_28911
,-23.168203,-67.034656,232.0585,4.2,,CSN,CSN_28912
,-23.047779,-66.74187,257.6462,3.4,,CSN,CSN_28913
,-23.433718,-67.085996,220.5472,3.9,,CSN,CSN_28914
,-23.449994,-67.147083,221.9931,3.4,,CSN,CSN_28915
,-23.343809,-67.073236,223.9123,4.2,,CSN,CSN_28916
,-23.342377,-67.077201,224.039,3.5,,CSN,CSN_28917
,-22.978234,-66.904508,209.5902,3.3,,CSN,CSN_28918
,-23.25605,-66.911509,139.9001,4.1,,CSN,CSN_28919
,-23.406281,-67.071648,217.3773,3.4,,CSN,CSN_28920
,-23.1246,-66.743329,229.6363,3.7,,CSN,CSN_28921
,-22.975389,-66.731046,272.8421,4.7,,CSN,CSN_28922
,-23.497923,-67.024808,228.2914,3.8,,CSN,CSN_28923
,-23.333545,-66.943776,211.2952,4.8,,CSN,CSN_28924
,-23.303886,-66.970565,219.0178,3.2,,CSN,CSN_28925
,-23.046369,-66.987987,236.4496,3.6,,CSN,CSN_28926
,-23.343131,-67.050423,218.5688,3.6,,CSN,CSN_28927
,-23.064743,-67.00972,240.1878,3.7,,CSN,CSN_28928
,-23.121029,-66.914684,246.3908,4.1,,CSN,CSN_28929
,-23.122746,-66.926041,242.4947,4.8,,CSN,CSN_28930
,-23.1956,-67.087316,234.4491,3.3,,CSN,CSN_28931
,-23.431008,-66.95103,234.3074,3.7,,CSN,CSN_28932
,-23.455404,-67.114173,222.005,4.5,,CSN,CSN_28933
,-23.445544,-67.024295,227.6784,4.2,,CSN,CSN_28934
,-23.137797,-67.08849,235.4936,3.7,,CSN,CSN_28935
,-23.101849,-67.117717,252.1383,3.7,,CSN,CSN_28936
,-23.075593,-67.026002,234.7498,4.1,,CSN,CSN_28937
,-23.057214,-66.832621,250.3908,4.1,,CSN,CSN_28938
,-23.019719,-66.731589,251.6134,4.2,,CSN,CSN_28939
,-23.170725,-66.89352,211.1446,3.9,,CSN,CSN_28940
,-22.99477,-66.938851,242.0013,5.1,,CSN,CSN_28941
,-23.150516,-67.030849,222.2912,4.1,,CSN,CSN_28942
,-23.075444,-66.827174,242.6948,4.0,,CSN,CSN_28943
,-23.433293,-67.05621,221.3197,4.0,,CSN,CSN_28944
,-23.145062,-66.851249,188.9585,3.6,,CSN,CSN_28945
,-23.062944,-66.938831,253.1704,3.4,,CSN,CSN_28946
,-23.30544,-66.999488,220.0857,3.9,,CSN,CSN_28947
,-23.107957,-67.070202,230.6983,3.9,,CSN,CSN_28948
,-23.084174,-66.935853,228.1525,3.9,,CSN,CSN_28949
,-23.161939,-66.908531,217.4696,5.4,,CSN,CSN_28950
,-23.086226,-66.727889,211.2866,4.6,,CSN,CSN_28951
,-23.083371,-66.840919,244.4485,4.1,,CSN,CSN_28952
,-23.463967,-67.076269,218.4186,4.0,,CSN,CSN_28953
,-23.390374,-66.954759,218.7518,4.5,,CSN,CSN_28954
,-23.242992,-67.052096,226.4919,4.6,,CSN,CSN_28955
,-23.2494,-66.931781,214.9951,3.6,,CSN,CSN_28956
,-23.463244,-66.990652,229.6174,3.4,,CSN,CSN_28957
,-23.15509,-66.860035,211.2087,3.6,,CSN,CSN_28958
,-23.093781,-66.98322,226.8622,3.7,,CSN,CSN_28959
,-23.117388,-67.007336,228.8316,4.1,,CSN,CSN_28960
,-23.437922,-67.089635,228.1973,4.3,,CSN,CSN_28961
,-23.375571,-67.016471,242.1683,3.5,,CSN,CSN_28962
,-23.361341,-67.027015,222.0422,3.8,,CSN,CSN_28963
,-23.345044,-66.947977,211.9131,4.3,,CSN,CSN_28964
,-23.258049,-66.974547,229.5089,4.8,,CSN,CSN_28965
,-23.335715,-67.086723,205.8415,3.6,,CSN,CSN_28966
,-23.11146,-66.948738,228.1232,3.8,,CSN,CSN_28967
,-23.338028,-67.004969,216.8575,3.9,,CSN,CSN_28968
,-23.157721,-67.081271,225.0853,4.4,,CSN,CSN_28969
,-23.062261,-66.895977,251.7214,3.6,,CSN,CSN_28970
,-23.487887,-66.981967,212.141,3.6,,CSN,CSN_28971
,-23.32464,-66.972236,221.3636,3.8,,CSN,CSN_28972
,-23.017272,-66.990364,224.7048,3.1,,CSN,CSN_28973
,-23.101547,-66.886887,237.4844,3.6,,CSN,CSN_28974
,-23.135304,-67.053432,234.8496,4.1,,CSN,CSN_28975
,-23.142558,-66.865318,229.3435,6.6,,CSN,CSN_28976
,-23.092296,-66.961944,221.7623,4.2,,CSN,CSN_28977
,-23.130814,-67.034438,238.4587,4.0,,CSN,CSN_28978
,-23.168055,-67.035795,238.0079,3.6,,CSN,CSN_28979
,-23.135947,-67.017229,230.2582,4.4,,CSN,CSN_28980
,-23.13387,-66.820598,208.0544,3.5,,CSN,CSN_28981
,-23.160946,-67.021562,234.2134,3.7,,CSN,CSN_28982
,-23.137994,-67.100949,236.177,4.0,,CSN,CSN_28983
,-23.112396,-67.017542,226.1414,4.3,,CSN,CSN_28984
,-23.137281,-67.011269,210.3648,3.5,,CSN,CSN_28985
,-23.125864,-66.971372,223.6764,3.1,,CSN,CSN_28986
,-22.985235,-67.022218,229.8953,4.0,,CSN,CSN_28987
,-23.0918,-66.858558,244.0979,3.7,,CSN,CSN_28988
,-23.13397,-66.996539,223.1707,4.0,,CSN,CSN_28989
,-23.102507,-66.956284,229.4638,3.4,,CSN,CSN_28990
,-23.329626,-67.073809,220.9928,3.5,,CSN,CSN_28991
,-23.112193,-66.911522,226.4727,3.4,,CSN,CSN_28992
,-23.312935,-66.958924,224.1411,3.4,,CSN,CSN_28993
,-23.062493,-66.809936,226.7283,3.8,,CSN,CSN_28994
,-23.096253,-67.044113,221.7369,3.4,,CSN,CSN_28995
,-23.265863,-67.001936,229.5248,3.8,,CSN,CSN_28996
,-23.095333,-66.856574,210.8209,4.0,,CSN,CSN_28997
,-23.31494,-66.922564,224.8224,3.6,,CSN,CSN_28998
,-23.176333,-66.831998,206.884,3.4,,CSN,CSN_28999
,-23.248977,-67.077898,231.9333,3.4,,CSN,CSN_29000
,-23.34224,-67.147104,235.22,3.9,,CSN,CSN_29001
,-23.377941,-67.113754,227.8134,3.2,,CSN,CSN_29002
,-23.107226,-66.855804,220.7614,3.8,,CSN,CSN_29003
,-23.245815,-66.917427,243.6216,3.7,,CSN,CSN_29004
,-23.241401,-66.870962,195.0659,3.5,,CSN,CSN_29005
,-23.44204,-66.948855,226.0974,4.0,,CSN,CSN_29006
,-23.105443,-66.823188,228.1814,4.0,,CSN,CSN_29007
,-23.205337,-67.09714,198.5085,4.1,,CSN,CSN_29008
,-23.090763,-66.898805,227.1555,3.2,,CSN,CSN_29009
,-23.420976,-67.045039,217.5908,3.7,,CSN,CSN_29010
,-23.375207,-67.041927,194.131,3.6,,CSN,CSN_29011
,-23.32221,-67.01886,233.8265,4.4,,CSN,CSN_29012
,-23.406453,-66.941633,217.4077,3.2,,CSN,CSN_29013
,-23.138596,-66.862348,209.0547,5.1,,CSN,CSN_29014
,-23.136457,-67.005998,229.5477,3.7,,CSN,CSN_29015
,-23.129443,-66.998916,230.6848,3.6,,CSN,CSN_29016
,-23.171682,-66.864823,216.1933,5.3,,CSN,CSN_29017
,-23.424549,-66.99476,213.2574,4.8,,CSN,CSN_29018
,-23.257459,-66.940718,207.1334,3.5,,CSN,CSN_29019
,-23.136594,-66.948156,208.7373,3.7,,CSN,CSN_29020
,-23.217559,-67.075709,212.1785,4.1,,CSN,CSN_29021
,-23.416268,-67.016869,218.1263,4.4,,CSN,CSN_29022
,-23.245175,-67.146212,199.9684,4.5,,CSN,CSN_29023
,-23.046913,-67.032927,226.4085,4.1,,CSN,CSN_29024
,-23.344026,-67.062397,231.1867,3.6,,CSN,CSN_29025
,-23.315027,-66.986191,225.6613,4.6,,CSN,CSN_29026
,-22.97138,-66.931146,243.6464,3.9,,CSN,CSN_29027
,-23.50547,-66.988307,202.343,4.2,,CSN,CSN_29028
,-23.078423,-66.853627,233.4712,4.7,,CSN,CSN_29029
,-23.150251,-66.828637,198.9625,3.0,,CSN,CSN_29031
,-22.95873,-66.895283,247.7268,3.3,,CSN,CSN_29032
,-23.371658,-67.01531,234.9281,3.6,,CSN,CSN_29033
,-23.094594,-66.95412,237.6103,3.4,,CSN,CSN_29034
,-23.033808,-66.731266,237.0184,3.4,,CSN,CSN_29035
,-23.032231,-66.792161,233.2189,4.0,,CSN,CSN_29036
,-23.422308,-67.160133,225.0469,3.9,,CSN,CSN_29037
,-23.383883,-67.060591,230.2329,4.6,,CSN,CSN_29038
,-23.335399,-67.021016,227.5152,4.1,,CSN,CSN_29039
,-23.114016,-66.894369,239.0538,4.2,,CSN,CSN_29040
,-23.208049,-67.072281,187.4115,4.4,,CSN,CSN_29041
,-23.521872,-67.024501,239.4033,3.8,,CSN,CSN_29042
,-23.109433,-67.005406,211.569,3.8,,CSN,CSN_29043
,-23.060852,-66.92532,242.3162,3.3,,CSN,CSN_29044
,-22.964334,-66.805359,235.6592,3.2,,CSN,CSN_29045
,-23.006905,-66.805056,252.0744,3.3,,CSN,CSN_29046
,-23.133897,-66.898439,222.2313,4.5,,CSN,CSN_29047
,-23.127001,-67.112068,236.0655,3.2,,CSN,CSN_29048
,-23.10239,-66.974586,233.5119,4.6,,CSN,CSN_29049
,-23.018975,-66.828039,248.5215,4.9,,CSN,CSN_29050
,-23.105827,-66.91437,231.2245,4.8,,CSN,CSN_29051
,-23.059519,-66.935321,240.0157,3.4,,CSN,CSN_29052
,-23.117236,-66.789496,216.2985,3.0,,CSN,CSN_29053
,-23.162906,-67.048019,232.4389,3.8,,CSN,CSN_29054
,-23.380638,-67.053219,223.1626,4.6,,CSN,CSN_29055
,-23.357717,-66.960861,204.3528,3.7,,CSN,CSN_29056
,-23.031599,-66.989162,245.2112,3.9,,CSN,CSN_29057
,-23.383112,-66.913012,224.2152,3.3,,CSN,CSN_29058
,-23.216609,-66.897868,229.3877,5.1,,CSN,CSN_29059
,-23.443517,-67.013867,202.1461,4.0,,CSN,CSN_29060
,-23.394094,-66.911909,200.0896,3.7,,CSN,CSN_29061
,-23.138564,-66.910846,221.4332,3.0,,CSN,CSN_29062
,-23.095215,-66.987942,223.9687,3.8,,CSN,CSN_29063
,-23.334243,-67.055903,228.1541,3.6,,CSN,CSN_29064
,-23.143897,-67.032356,238.1949,3.4,,CSN,CSN_29065
,-22.994717,-66.794476,170.0743,3.3,,CSN,CSN_29066
,-23.106275,-66.905466,225.994,3.3,,CSN,CSN_29067
,-23.153082,-67.039797,223.7181,3.6,,CSN,CSN_29068
,-22.97817,-66.757665,256.3915,3.4,,CSN,CSN_29069
,-23.129153,-66.939586,216.3377,3.2,,CSN,CSN_29070
,-23.38278,-67.044978,221.1233,3.4,,CSN,CSN_29071
,-22.948519,-66.808986,236.0518,3.5,,CSN,CSN_29072
,-23.04459,-66.921484,243.9215,3.7,,CSN,CSN_29073
,-23.179723,-67.035787,216.5596,3.8,,CSN,CSN_29074
,-23.368249,-66.978339,206.7887,3.3,,CSN,CSN_29075
,-23.184033,-66.999463,228.2234,3.5,,CSN,CSN_29076
,-23.038475,-66.839251,242.0542,3.7,,CSN,CSN_29078
,-23.158266,-67.106171,240.0285,3.9,,CSN,CSN_29079
,-23.116094,-66.870154,247.5736,3.2,,CSN,CSN_29080
,-23.097067,-66.80394,215.995,4.0,,CSN,CSN_29081
,-23.335869,-66.986936,224.3558,4.6,,CSN,CSN_29082
,-23.315289,-67.013142,223.0002,3.5,,CSN,CSN_29083
,-23.056083,-66.969417,245.1243,3.1,,CSN,CSN_29084
,-23.150821,-67.027102,224.2206,3.5,,CSN,CSN_29085
,-23.303872,-66.881438,211.1267,3.9,,CSN,CSN_29086
,-23.150737,-66.946621,211.1531,3.5,,CSN,CSN_29087
,-23.311708,-67.011021,232.2482,3.4,,CSN,CSN_29088
,-23.269545,-66.934733,246.6077,3.8,,CSN,CSN_29089
,-23.047571,-66.703857,245.9259,3.0,,CSN,CSN_29090
,-23.152737,-67.022211,227.2479,3.8,,CSN,CSN_29091
,-23.016349,-66.867974,234.3794,4.0,,CSN,CSN_29092
,-23.000394,-66.92445,216.4745,3.7,,CSN,CSN_29093
,-23.057603,-66.956795,261.4733,3.8,,CSN,CSN_29094
,-23.053207,-66.837142,264.2248,4.5,,CSN,CSN_29095
,-23.427395,-66.976568,224.918,4.0,,CSN,CSN_29096
,-23.053276,-66.965084,232.9038,3.4,,CSN,CSN_29097
,-23.367141,-67.153809,208.4813,3.2,,CSN,CSN_29098
,-22.985607,-66.758965,254.9627,3.8,,CSN,CSN_29099
,-23.128714,-67.067868,225.9042,3.6,,CSN,CSN_29100
,-23.362478,-67.008094,224.0712,3.9,,CSN,CSN_29101
,-23.183341,-66.962967,219.844,4.0,,CSN,CSN_29102
,-23.114554,-66.869703,195.4922,3.5,,CSN,CSN_29103
,-23.012915,-66.831602,191.8429,4.2,,CSN,CSN_29104
,-23.29268,-66.898874,212.4524,4.3,,CSN,CSN_29105
,-23.338463,-66.908597,193.3649,3.4,,CSN,CSN_29106
,-23.185319,-66.819478,229.3584,3.5,,CSN,CSN_29108
,-23.104547,-66.874054,226.4171,4.3,,CSN,CSN_29109
,-23.153644,-67.050121,228.4668,3.2,,CSN,CSN_29110
,-23.311334,-66.935254,227.5771,4.4,,CSN,CSN_29111
,-23.026712,-66.89707,237.0001,3.6,,CSN,CSN_29112
,-23.1208,-66.965433,238.9175,3.7,,CSN,CSN_29113
,-23.160405,-67.113887,227.1218,4.2,,CSN,CSN_29114
,-23.373619,-67.016012,212.1827,3.6,,CSN,CSN_29115
,-23.159325,-67.10891,212.2727,4.2,,CSN,CSN_29116
,-23.18834,-67.061652,198.3523,3.5,,CSN,CSN_29117
,-23.088093,-66.974193,248.507,3.9,,CSN,CSN_29118
,-22.997153,-66.888785,235.6958,3.7,,CSN,CSN_29119
,-23.129013,-66.911595,267.9773,3.6,,CSN,CSN_29120
,-23.184983,-66.957877,249.3202,3.9,,CSN,CSN_29121
,-23.373802,-67.117418,230.3766,3.6,,CSN,CSN_29122
,-23.328912,-66.964112,223.0414,3.4,,CSN,CSN_29125
,-23.084857,-66.898218,238.0798,4.7,,CSN,CSN_29126
,-23.153542,-67.087018,235.3773,4.4,,CSN,CSN_29127
,-23.073315,-66.882444,244.4109,3.1,,CSN,CSN_29128
,-23.264675,-66.977078,215.3237,3.7,,CSN,CSN_29129
,-23.141054,-67.038387,220.346,3.8,,CSN,CSN_29130
,-23.370201,-66.987161,224.2908,3.8,,CSN,CSN_29131
,-23.138809,-67.011665,232.3221,4.0,,CSN,CSN_29132
,-22.949598,-66.820162,250.901,3.5,,CSN,CSN_29133
,-23.11888,-66.856869,237.1449,3.7,,CSN,CSN_29134
,-22.925361,-66.809969,233.2762,4.6,,CSN,CSN_29135
,-23.105211,-66.970885,236.6133,3.3,,CSN,CSN_29137
,-23.039346,-66.913095,249.6064,3.5,,CSN,CSN_29138
,-23.099171,-66.821628,202.4894,3.4,,CSN,CSN_29139
,-23.259638,-66.979418,241.6983,3.2,,CSN,CSN_29140
,-23.074941,-66.91828,192.213,3.6,,CSN,CSN_29141
,-22.978532,-66.794805,264.7117,3.4,,CSN,CSN_29142
,-23.004835,-66.893592,267.9575,3.6,,CSN,CSN_29143
,-22.979051,-66.945777,218.1736,4.2,,CSN,CSN_29145
,-23.012893,-66.826298,202.0409,3.5,,CSN,CSN_29146
,-23.382399,-67.115795,207.1099,3.8,,CSN,CSN_29147
,-23.186663,-67.150146,243.1253,3.6,,CSN,CSN_29148
,-23.107589,-67.080312,251.0362,3.6,,CSN,CSN_29149
,-23.099423,-66.881785,206.6241,4.0,,CSN,CSN_29150
,-23.327228,-66.993645,215.2867,3.9,,CSN,CSN_29151
,-23.201151,-67.142122,228.721,4.2,,CSN,CSN_29152
,-22.979503,-66.855575,227.928,4.2,,CSN,CSN_29155
,-23.33067,-66.977076,220.4378,3.4,,CSN,CSN_29156
,-23.36143,-67.076845,222.8613,3.3,,CSN,CSN_29157
,-23.504091,-67.03413,222.0051,4.3,,CSN,CSN_29158
,-23.101681,-66.846379,239.5021,3.0,,CSN,CSN_29159
,-22.966068,-66.803929,248.835,3.3,,CSN,CSN_29160
,-23.119672,-66.792003,185.845,3.5,,CSN,CSN_29161
,-23.408752,-67.010122,215.8044,3.8,,CSN,CSN_29162
,-23.178579,-66.931167,204.2306,3.0,,CSN,CSN_29165
,-23.362117,-67.102937,230.6576,3.1,,CSN,CSN_29166
,-23.366959,-67.081482,205.539,3.6,,CSN,CSN_29167
,-23.321653,-66.894746,211.5357,3.6,,CSN,CSN_29168
,-23.276389,-66.952879,245.4814,4.4,,CSN,CSN_29169
,-23.020432,-66.826551,247.799,3.5,,CSN,CSN_29170
,-23.165182,-67.033274,221.2133,3.0,,CSN,CSN_29171
,-23.145917,-66.988928,219.446,4.0,,CSN,CSN_29172
,-23.119161,-66.969891,224.0187,4.3,,CSN,CSN_29173
,-23.008379,-66.710334,219.9539,3.4,,CSN,CSN_29174
,-23.057057,-66.770889,222.8191,4.0,,CSN,CSN_29175
,-23.468281,-67.022549,213.6614,3.5,,CSN,CSN_29176
,-23.024956,-66.885511,228.9221,3.6,,CSN,CSN_29177
,-22.953568,-66.756166,242.4243,5.0,,CSN,CSN_29178
,-23.16241,-66.788214,196.8517,3.0,,CSN,CSN_29179
,-23.060922,-66.809743,187.3642,3.4,,CSN,CSN_29180
,-23.050834,-67.023258,220.7127,3.4,,CSN,CSN_29181
,-23.368218,-67.019489,229.3165,4.2,,CSN,CSN_29182
,-23.434376,-67.123136,233.1801,3.3,,CSN,CSN_29183
,-23.146369,-66.918807,225.4589,3.6,,CSN,CSN_29184
,-22.978216,-66.739536,208.9397,3.2,,CSN,CSN_29185
,-23.08622,-66.772805,217.8699,3.7,,CSN,CSN_29186
,-23.054652,-66.820339,190.7082,3.2,,CSN,CSN_29187
,-23.114698,-66.909543,206.0931,3.1,,CSN,CSN_29188
,-23.367423,-66.997279,196.2872,3.4,,CSN,CSN_29189
,-23.022926,-66.707472,217.1909,4.9,,CSN,CSN_29190
,-23.12576,-67.03774,245.088,3.7,,CSN,CSN_29191
,-23.144326,-66.798762,210.6036,3.2,,CSN,CSN_29192
,-23.082784,-66.857113,191.743,3.9,,CSN,CSN_29193
,-23.227345,-67.114969,224.0921,4.2,,CSN,CSN_29194
,-23.321638,-66.883088,191.459,3.0,,CSN,CSN_29195
,-23.150151,-66.815715,226.6215,4.5,,CSN,CSN_29196
,-23.060742,-66.794642,255.5391,3.4,,CSN,CSN_29197
,-23.125465,-66.823618,197.7017,3.3,,CSN,CSN_29198
,-23.402482,-67.110618,193.4451,3.6,,CSN,CSN_29200
,-23.175797,-66.842907,201.3795,4.9,,CSN,CSN_29201
,-23.1267,-66.865032,203.9825,4.9,,CSN,CSN_29202
,-23.143404,-66.785867,197.8604,3.6,,CSN,CSN_29204
,-23.166147,-66.87196,252.6606,3.2,,CSN,CSN_29205
,-23.328451,-66.893193,202.711,3.4,,CSN,CSN_29207
,-23.337497,-67.06303,228.9539,3.5,,CSN,CSN_29208
,-23.378795,-67.04783,230.1711,4.0,,CSN,CSN_29209
,-23.319204,-66.918632,217.4097,4.0,,CSN,CSN_29210
,-23.006262,-66.83931,209.6187,3.3,,CSN,CSN_29211
,-23.345711,-67.09674,214.4646,4.5,,CSN,CSN_29212
,-23.267566,-66.949635,190.7037,4.5,,CSN,CSN_29213
,-23.426224,-66.957143,180.6391,3.2,,CSN,CSN_29214
,-23.397604,-67.129109,244.8665,3.1,,CSN,CSN_29215
,-23.17756,-66.842094,200.2749,3.7,,CSN,CSN_29217
,-23.125657,-66.778862,214.3279,3.6,,CSN,CSN_29221
,-23.075144,-66.866165,228.336,3.6,,CSN,CSN_29222
,-23.330243,-67.121271,208.8381,3.6,,CSN,CSN_29223
,-23.378208,-67.051716,223.5794,3.3,,CSN,CSN_29224
,-23.016728,-67.073295,235.9058,4.0,,CSN,CSN_29227
,-23.108463,-66.838257,202.8406,3.0,,CSN,CSN_29228
,-23.065715,-66.912163,249.4338,3.0,,CSN,CSN_29229
,-23.045911,-66.808943,254.0916,3.3,,CSN,CSN_29230
,-23.110813,-67.031843,227.2052,3.8,,CSN,CSN_29231
,-23.435006,-67.036155,208.436,4.1,,CSN,CSN_29234
,-23.093594,-66.874274,231.0903,4.0,,CSN,CSN_29235
,-23.309702,-66.953789,217.0089,3.4,,CSN,CSN_29238
,-23.363957,-67.086449,194.9691,3.3,,CSN,CSN_29239
,-23.405435,-66.913345,209.2903,4.2,,CSN,CSN_29240
,-23.200595,-66.877165,201.4181,4.2,,CSN,CSN_29242
,-23.102014,-66.890388,240.2587,3.0,,CSN,CSN_29243
,-23.20507,-66.801932,207.6874,4.1,,CSN,CSN_29245
,-23.085007,-67.012859,240.9471,3.4,,CSN,CSN_29246
,-23.307214,-67.128961,231.5713,3.1,,CSN,CSN_29247
,-23.269238,-67.108027,203.395,3.8,,CSN,CSN_29248
,-23.134871,-67.020466,222.605,3.3,,CSN,CSN_29249
,-23.036747,-66.976269,196.9316,3.2,,CSN,CSN_29250
,-23.125903,-66.874151,194.1825,3.4,,CSN,CSN_29251
,-23.075186,-66.758849,215.2809,4.0,,CSN,CSN_29252
,-23.259885,-66.850831,203.9081,5.0,,CSN,CSN_29253
,-23.054585,-66.831988,198.1745,3.8,,CSN,CSN_29254
,-22.978801,-66.766135,250.5208,3.3,,CSN,CSN_29255
,-23.136869,-66.957841,207.7872,3.1,,CSN,CSN_29257
,-23.387869,-67.085541,232.574,3.6,,CSN,CSN_29260
,-22.978817,-66.765607,211.2162,4.4,,CSN,CSN_29261
,-22.975549,-66.911364,179.438,3.7,,CSN,CSN_29262
